kommune,citizenship,year,count
Aabenraa,Belgium,2020,3
Aabenraa,Brazil,2020,3
Aabenraa,Bulgaria,2020,8
Aabenraa,China,2020,9
Aabenraa,Croatia,2020,2
Aabenraa,Czech Republic,2020,1
Aabenraa,Denmark,2020,158
Aabenraa,Finland,2020,1
Aabenraa,Germany,2020,115
Aabenraa,Greece,2020,1
Aabenraa,Hungary,2020,4
Aabenraa,Iceland,2020,10
Aabenraa,India,2020,1
Aabenraa,Ireland,2020,3
Aabenraa,Italy,2020,6
Aabenraa,Japan,2020,11
Aabenraa,Kosovo,2020,1
Aabenraa,Latvia,2020,4
Aabenraa,Lithuania,2020,2
Aabenraa,Mexico,2020,1
Aabenraa,Netherlands,2020,3
Aabenraa,New Zealand,2020,1
Aabenraa,Nigeria,2020,1
Aabenraa,Norway,2020,5
Aabenraa,Philippines,2020,1
Aabenraa,Poland,2020,16
Aabenraa,Portugal,2020,1
Aabenraa,Republic of North Macedonia,2020,3
Aabenraa,Romania,2020,65
Aabenraa,Russia,2020,1
Aabenraa,Serbia,2020,3
Aabenraa,South Africa,2020,1
Aabenraa,Spain,2020,7
Aabenraa,Sri Lanka,2020,1
Aabenraa,Stateless,2020,1
Aabenraa,Sweden,2020,7
Aabenraa,Syria,2020,12
Aabenraa,Thailand,2020,2
Aabenraa,Turkey,2020,1
Aabenraa,USA,2020,1
Aabenraa,Ukraine,2020,13
Aabenraa,United Kingdom,2020,1
Aabenraa,Vietnam,2020,2
Aalborg,Afghanistan,2020,1
Aalborg,Africa not stated,2020,1
Aalborg,Albania,2020,1
Aalborg,Algeria,2020,4
Aalborg,Argentina,2020,17
Aalborg,Australia,2020,1
Aalborg,Austria,2020,5
Aalborg,Bangladesh,2020,10
Aalborg,Belarus,2020,1
Aalborg,Belgium,2020,8
Aalborg,Bosnia and Herzegovina,2020,2
Aalborg,Brazil,2020,7
Aalborg,Bulgaria,2020,74
Aalborg,Cameroon,2020,1
Aalborg,Canada,2020,14
Aalborg,Chile,2020,12
Aalborg,China,2020,151
Aalborg,Colombia,2020,5
Aalborg,Croatia,2020,26
Aalborg,Czech Republic,2020,39
Aalborg,Denmark,2020,603
Aalborg,Egypt,2020,5
Aalborg,Eritrea,2020,4
Aalborg,Estonia,2020,9
Aalborg,Ethiopia,2020,2
Aalborg,Finland,2020,17
Aalborg,France,2020,34
Aalborg,Georgia,2020,2
Aalborg,Germany,2020,80
Aalborg,Ghana,2020,6
Aalborg,Greece,2020,13
Aalborg,Hungary,2020,47
Aalborg,Iceland,2020,30
Aalborg,India,2020,59
Aalborg,Indonesia,2020,3
Aalborg,Iran,2020,35
Aalborg,Iraq,2020,7
Aalborg,Ireland,2020,1
Aalborg,Israel,2020,6
Aalborg,Italy,2020,38
Aalborg,Japan,2020,17
Aalborg,Jordan,2020,1
Aalborg,Kazakhstan,2020,2
Aalborg,Kenya,2020,1
Aalborg,Latvia,2020,26
Aalborg,Lebanon,2020,4
Aalborg,Lithuania,2020,71
Aalborg,Malaysia,2020,1
Aalborg,Malta,2020,1
Aalborg,Mexico,2020,3
Aalborg,Moldova,2020,1
Aalborg,Morocco,2020,2
Aalborg,Myanmar,2020,1
Aalborg,Nepal,2020,2
Aalborg,Netherlands,2020,19
Aalborg,New Zealand,2020,1
Aalborg,Nigeria,2020,2
Aalborg,Norway,2020,84
Aalborg,Not stated,2020,1
Aalborg,Pakistan,2020,10
Aalborg,Peru,2020,1
Aalborg,Philippines,2020,23
Aalborg,Poland,2020,118
Aalborg,Portugal,2020,29
Aalborg,Romania,2020,119
Aalborg,Russia,2020,4
Aalborg,Saudi Arabia,2020,3
Aalborg,Singapore,2020,1
Aalborg,Slovakia,2020,65
Aalborg,Slovenia,2020,1
Aalborg,Somalia,2020,11
Aalborg,South Korea,2020,6
Aalborg,Spain,2020,58
Aalborg,Sri Lanka,2020,3
Aalborg,Sweden,2020,32
Aalborg,Switzerland,2020,5
Aalborg,Syria,2020,8
Aalborg,Taiwan,2020,2
Aalborg,Tanzania,2020,2
Aalborg,Thailand,2020,2
Aalborg,Tunisia,2020,1
Aalborg,Turkey,2020,19
Aalborg,USA,2020,29
Aalborg,Uganda,2020,1
Aalborg,Ukraine,2020,30
Aalborg,United Kingdom,2020,25
Aalborg,Uzbekistan,2020,1
Aalborg,Venezuela,2020,2
Aalborg,Vietnam,2020,8
Aarhus,Afghanistan,2020,2
Aarhus,Albania,2020,1
Aarhus,Algeria,2020,1
Aarhus,Argentina,2020,149
Aarhus,Armenia,2020,2
Aarhus,Asia not stated,2020,1
Aarhus,Australia,2020,116
Aarhus,Austria,2020,44
Aarhus,Bangladesh,2020,7
Aarhus,Belarus,2020,2
Aarhus,Belgium,2020,111
Aarhus,Bolivia,2020,1
Aarhus,Bosnia and Herzegovina,2020,1
Aarhus,Brazil,2020,55
Aarhus,Bulgaria,2020,88
Aarhus,Cameroon,2020,4
Aarhus,Canada,2020,92
Aarhus,Chile,2020,71
Aarhus,China,2020,341
Aarhus,Colombia,2020,17
Aarhus,Costa Rica,2020,1
Aarhus,Croatia,2020,24
Aarhus,Cuba,2020,2
Aarhus,Cyprus,2020,7
Aarhus,Czech Republic,2020,73
Aarhus,Denmark,2020,1410
Aarhus,Ecuador,2020,1
Aarhus,Egypt,2020,14
Aarhus,El Salvador,2020,1
Aarhus,Eritrea,2020,4
Aarhus,Estonia,2020,27
Aarhus,Eswatini,2020,1
Aarhus,Ethiopia,2020,1
Aarhus,Finland,2020,63
Aarhus,France,2020,198
Aarhus,"Gambia, The",2020,1
Aarhus,Georgia,2020,3
Aarhus,Germany,2020,488
Aarhus,Ghana,2020,7
Aarhus,Greece,2020,33
Aarhus,Guatemala,2020,1
Aarhus,Hungary,2020,68
Aarhus,Iceland,2020,91
Aarhus,India,2020,225
Aarhus,Indonesia,2020,5
Aarhus,Iran,2020,29
Aarhus,Iraq,2020,7
Aarhus,Ireland,2020,42
Aarhus,Israel,2020,18
Aarhus,Italy,2020,211
Aarhus,Japan,2020,74
Aarhus,Jordan,2020,1
Aarhus,Kazakhstan,2020,5
Aarhus,Kenya,2020,4
Aarhus,Kuwait,2020,1
Aarhus,Latvia,2020,39
Aarhus,Lebanon,2020,14
Aarhus,Liberia,2020,1
Aarhus,Lithuania,2020,76
Aarhus,Malaysia,2020,4
Aarhus,Malta,2020,1
Aarhus,Mexico,2020,21
Aarhus,Moldova,2020,2
Aarhus,Morocco,2020,4
Aarhus,Myanmar,2020,1
Aarhus,Nepal,2020,14
Aarhus,Netherlands,2020,133
Aarhus,New Zealand,2020,21
Aarhus,Nigeria,2020,4
Aarhus,North Korea,2020,10
Aarhus,Norway,2020,260
Aarhus,Not stated,2020,3
Aarhus,Pakistan,2020,13
Aarhus,Panama,2020,2
Aarhus,Peru,2020,5
Aarhus,Philippines,2020,80
Aarhus,Poland,2020,218
Aarhus,Portugal,2020,71
Aarhus,Romania,2020,213
Aarhus,Russia,2020,37
Aarhus,Saudi Arabia,2020,4
Aarhus,Serbia,2020,4
Aarhus,Sierra Leone,2020,1
Aarhus,Singapore,2020,54
Aarhus,Slovakia,2020,50
Aarhus,Slovenia,2020,15
Aarhus,Somalia,2020,11
Aarhus,South Africa,2020,8
Aarhus,South Korea,2020,35
Aarhus,Spain,2020,266
Aarhus,Sri Lanka,2020,6
Aarhus,Stateless,2020,1
Aarhus,Sweden,2020,73
Aarhus,Switzerland,2020,39
Aarhus,Syria,2020,19
Aarhus,Taiwan,2020,27
Aarhus,Tanzania,2020,4
Aarhus,Thailand,2020,25
Aarhus,Turkey,2020,57
Aarhus,USA,2020,223
Aarhus,Uganda,2020,2
Aarhus,Ukraine,2020,26
Aarhus,United Arab Emirates,2020,1
Aarhus,United Kingdom,2020,157
Aarhus,Uruguay,2020,1
Aarhus,Uzbekistan,2020,2
Aarhus,Venezuela,2020,3
Aarhus,Vietnam,2020,15
Aarhus,Zambia,2020,1
Aarhus,Zimbabwe,2020,2
Albertslund,Afghanistan,2020,1
Albertslund,Argentina,2020,1
Albertslund,Bangladesh,2020,3
Albertslund,Belgium,2020,1
Albertslund,Bulgaria,2020,10
Albertslund,Cameroon,2020,2
Albertslund,Canada,2020,1
Albertslund,Chile,2020,1
Albertslund,China,2020,4
Albertslund,Croatia,2020,2
Albertslund,Czech Republic,2020,2
Albertslund,Denmark,2020,94
Albertslund,Estonia,2020,1
Albertslund,France,2020,1
Albertslund,Germany,2020,14
Albertslund,Greece,2020,2
Albertslund,Hungary,2020,1
Albertslund,Iceland,2020,1
Albertslund,India,2020,17
Albertslund,Iraq,2020,2
Albertslund,Italy,2020,5
Albertslund,Lithuania,2020,1
Albertslund,Nepal,2020,7
Albertslund,Netherlands,2020,1
Albertslund,Nigeria,2020,1
Albertslund,Norway,2020,2
Albertslund,Pakistan,2020,8
Albertslund,Poland,2020,11
Albertslund,Portugal,2020,6
Albertslund,Romania,2020,12
Albertslund,Russia,2020,1
Albertslund,Serbia,2020,1
Albertslund,Slovakia,2020,3
Albertslund,Slovenia,2020,1
Albertslund,Spain,2020,4
Albertslund,Sweden,2020,3
Albertslund,Turkey,2020,1
Albertslund,United Kingdom,2020,5
Albertslund,Uzbekistan,2020,1
Allerød,Canada,2020,1
Allerød,Denmark,2020,70
Allerød,Germany,2020,2
Allerød,Hungary,2020,1
Allerød,Iceland,2020,1
Allerød,Iran,2020,1
Allerød,Latvia,2020,1
Allerød,Lithuania,2020,8
Allerød,Netherlands,2020,1
Allerød,Norway,2020,1
Allerød,Philippines,2020,5
Allerød,Poland,2020,8
Allerød,Romania,2020,2
Allerød,Spain,2020,4
Allerød,USA,2020,4
Allerød,Ukraine,2020,1
Allerød,United Kingdom,2020,1
Assens,Argentina,2020,3
Assens,Bulgaria,2020,2
Assens,Chile,2020,2
Assens,Denmark,2020,77
Assens,Eritrea,2020,1
Assens,Germany,2020,1
Assens,Hungary,2020,3
Assens,Iceland,2020,2
Assens,Iraq,2020,1
Assens,Latvia,2020,4
Assens,Lithuania,2020,27
Assens,Nepal,2020,3
Assens,Norway,2020,2
Assens,Paraguay,2020,1
Assens,Poland,2020,19
Assens,Romania,2020,38
Assens,Slovakia,2020,4
Assens,Spain,2020,1
Assens,Sweden,2020,1
Assens,Syria,2020,3
Assens,Ukraine,2020,21
Assens,United Kingdom,2020,2
Assens,Vietnam,2020,1
Ballerup,Afghanistan,2020,1
Ballerup,Argentina,2020,2
Ballerup,Armenia,2020,1
Ballerup,Bangladesh,2020,3
Ballerup,Brazil,2020,1
Ballerup,Bulgaria,2020,7
Ballerup,Chile,2020,3
Ballerup,China,2020,4
Ballerup,Denmark,2020,76
Ballerup,Egypt,2020,1
Ballerup,Estonia,2020,1
Ballerup,Finland,2020,1
Ballerup,Germany,2020,13
Ballerup,Greece,2020,2
Ballerup,Hungary,2020,6
Ballerup,Iceland,2020,9
Ballerup,India,2020,37
Ballerup,Iran,2020,3
Ballerup,Iraq,2020,7
Ballerup,Italy,2020,2
Ballerup,Latvia,2020,1
Ballerup,Lithuania,2020,3
Ballerup,Morocco,2020,2
Ballerup,Nepal,2020,5
Ballerup,Norway,2020,3
Ballerup,Pakistan,2020,1
Ballerup,Philippines,2020,2
Ballerup,Poland,2020,9
Ballerup,Portugal,2020,2
Ballerup,Republic of North Macedonia,2020,2
Ballerup,Romania,2020,9
Ballerup,Slovenia,2020,1
Ballerup,Spain,2020,6
Ballerup,Sri Lanka,2020,4
Ballerup,Sweden,2020,3
Ballerup,Syria,2020,5
Ballerup,Taiwan,2020,1
Ballerup,Thailand,2020,1
Ballerup,Trinidad and Tobago,2020,1
Ballerup,Tunisia,2020,1
Ballerup,Turkey,2020,3
Ballerup,USA,2020,14
Ballerup,United Kingdom,2020,2
Billund,Australia,2020,3
Billund,Austria,2020,1
Billund,Belgium,2020,1
Billund,Bulgaria,2020,11
Billund,Canada,2020,2
Billund,China,2020,1
Billund,Croatia,2020,2
Billund,Czech Republic,2020,5
Billund,Denmark,2020,45
Billund,France,2020,5
Billund,Germany,2020,3
Billund,Greece,2020,1
Billund,Hungary,2020,3
Billund,India,2020,12
Billund,Ireland,2020,4
Billund,Italy,2020,6
Billund,Japan,2020,7
Billund,Latvia,2020,6
Billund,Lithuania,2020,2
Billund,Montenegro,2020,2
Billund,Morocco,2020,1
Billund,Netherlands,2020,1
Billund,Norway,2020,2
Billund,Philippines,2020,1
Billund,Poland,2020,13
Billund,Portugal,2020,4
Billund,Romania,2020,9
Billund,Russia,2020,1
Billund,Singapore,2020,1
Billund,Spain,2020,2
Billund,Syria,2020,3
Billund,Turkey,2020,3
Billund,USA,2020,6
Billund,Ukraine,2020,15
Billund,United Kingdom,2020,17
Bornholm,Argentina,2020,13
Bornholm,Australia,2020,1
Bornholm,Bosnia and Herzegovina,2020,1
Bornholm,Brazil,2020,1
Bornholm,Bulgaria,2020,1
Bornholm,Canada,2020,1
Bornholm,Chile,2020,5
Bornholm,Cuba,2020,1
Bornholm,Czech Republic,2020,2
Bornholm,Denmark,2020,57
Bornholm,Eritrea,2020,1
Bornholm,France,2020,1
Bornholm,Germany,2020,2
Bornholm,Iceland,2020,2
Bornholm,Ireland,2020,2
Bornholm,Italy,2020,2
Bornholm,Japan,2020,5
Bornholm,Lithuania,2020,2
Bornholm,Malaysia,2020,1
Bornholm,Norway,2020,3
Bornholm,Not stated,2020,1
Bornholm,Philippines,2020,1
Bornholm,Poland,2020,6
Bornholm,Romania,2020,4
Bornholm,Sweden,2020,10
Bornholm,Syria,2020,4
Bornholm,USA,2020,8
Bornholm,Ukraine,2020,8
Bornholm,United Kingdom,2020,2
Brøndby,Argentina,2020,4
Brøndby,Austria,2020,1
Brøndby,Azerbaijan,2020,1
Brøndby,Bulgaria,2020,7
Brøndby,Canada,2020,1
Brøndby,Chile,2020,3
Brøndby,China,2020,4
Brøndby,Croatia,2020,1
Brøndby,Denmark,2020,99
Brøndby,Finland,2020,1
Brøndby,France,2020,1
Brøndby,Germany,2020,2
Brøndby,Greece,2020,1
Brøndby,Iceland,2020,1
Brøndby,India,2020,3
Brøndby,Iraq,2020,1
Brøndby,Italy,2020,5
Brøndby,Jamaica,2020,1
Brøndby,Japan,2020,1
Brøndby,Lithuania,2020,9
Brøndby,Moldova,2020,1
Brøndby,Morocco,2020,1
Brøndby,Nepal,2020,5
Brøndby,Netherlands,2020,1
Brøndby,Pakistan,2020,4
Brøndby,Poland,2020,3
Brøndby,Republic of North Macedonia,2020,1
Brøndby,Romania,2020,9
Brøndby,Slovakia,2020,1
Brøndby,Spain,2020,3
Brøndby,Sweden,2020,7
Brøndby,Togo,2020,1
Brøndby,Turkey,2020,5
Brøndby,USA,2020,3
Brøndby,United Kingdom,2020,3
Brønderslev,Argentina,2020,5
Brønderslev,Belgium,2020,4
Brønderslev,Brazil,2020,1
Brønderslev,Bulgaria,2020,3
Brønderslev,Canada,2020,1
Brønderslev,Colombia,2020,2
Brønderslev,"Congo, Democratic Republic",2020,1
Brønderslev,Costa Rica,2020,1
Brønderslev,Croatia,2020,2
Brønderslev,Denmark,2020,53
Brønderslev,Dominican Republic,2020,1
Brønderslev,Eritrea,2020,2
Brønderslev,Finland,2020,7
Brønderslev,Germany,2020,3
Brønderslev,Greece,2020,1
Brønderslev,Hungary,2020,1
Brønderslev,Iceland,2020,2
Brønderslev,Iraq,2020,2
Brønderslev,Italy,2020,4
Brønderslev,Latvia,2020,1
Brønderslev,Mexico,2020,2
Brønderslev,New Zealand,2020,1
Brønderslev,Nigeria,2020,1
Brønderslev,Norway,2020,5
Brønderslev,Philippines,2020,2
Brønderslev,Poland,2020,9
Brønderslev,Romania,2020,21
Brønderslev,Somalia,2020,3
Brønderslev,Spain,2020,1
Brønderslev,Sweden,2020,1
Brønderslev,Switzerland,2020,1
Brønderslev,Syria,2020,7
Brønderslev,Thailand,2020,2
Brønderslev,Uganda,2020,3
Brønderslev,Ukraine,2020,15
Brønderslev,United Kingdom,2020,1
Brønderslev,Vietnam,2020,1
Copenhagen,Afghanistan,2020,5
Copenhagen,Albania,2020,3
Copenhagen,Algeria,2020,2
Copenhagen,Argentina,2020,909
Copenhagen,Armenia,2020,4
Copenhagen,Australia,2020,194
Copenhagen,Austria,2020,73
Copenhagen,Azerbaijan,2020,1
Copenhagen,Bangladesh,2020,74
Copenhagen,Barbados,2020,1
Copenhagen,Belarus,2020,9
Copenhagen,Belgium,2020,105
Copenhagen,Bolivia,2020,1
Copenhagen,Bosnia and Herzegovina,2020,18
Copenhagen,Brazil,2020,90
Copenhagen,Bulgaria,2020,102
Copenhagen,Burundi,2020,2
Copenhagen,Cambodia,2020,1
Copenhagen,Cameroon,2020,1
Copenhagen,Canada,2020,151
Copenhagen,Chile,2020,250
Copenhagen,China,2020,397
Copenhagen,Colombia,2020,32
Copenhagen,"Congo, Democratic Republic",2020,3
Copenhagen,Costa Rica,2020,6
Copenhagen,Croatia,2020,79
Copenhagen,Cuba,2020,3
Copenhagen,Cyprus,2020,11
Copenhagen,Czech Republic,2020,77
Copenhagen,Denmark,2020,3603
Copenhagen,Dominican Republic,2020,3
Copenhagen,Ecuador,2020,4
Copenhagen,Egypt,2020,26
Copenhagen,El Salvador,2020,1
Copenhagen,Eritrea,2020,1
Copenhagen,Estonia,2020,38
Copenhagen,Ethiopia,2020,16
Copenhagen,Finland,2020,153
Copenhagen,France,2020,402
Copenhagen,Georgia,2020,1
Copenhagen,Germany,2020,785
Copenhagen,Ghana,2020,6
Copenhagen,Greece,2020,129
Copenhagen,Guatemala,2020,2
Copenhagen,Guinea,2020,1
Copenhagen,Honduras,2020,1
Copenhagen,Hungary,2020,91
Copenhagen,Iceland,2020,229
Copenhagen,India,2020,489
Copenhagen,Indonesia,2020,18
Copenhagen,Iran,2020,55
Copenhagen,Iraq,2020,23
Copenhagen,Ireland,2020,55
Copenhagen,Israel,2020,12
Copenhagen,Italy,2020,664
Copenhagen,Ivory Coast,2020,1
Copenhagen,Japan,2020,96
Copenhagen,Jordan,2020,3
Copenhagen,Kazakhstan,2020,4
Copenhagen,Kenya,2020,6
Copenhagen,Kosovo,2020,3
Copenhagen,Kyrgyzstan,2020,1
Copenhagen,Laos,2020,1
Copenhagen,Latvia,2020,53
Copenhagen,Lebanon,2020,9
Copenhagen,Lithuania,2020,170
Copenhagen,Luxembourg,2020,5
Copenhagen,Malaysia,2020,7
Copenhagen,Malta,2020,4
Copenhagen,Mauritius,2020,1
Copenhagen,Mexico,2020,37
Copenhagen,Moldova,2020,1
Copenhagen,Montenegro,2020,1
Copenhagen,Morocco,2020,13
Copenhagen,Nepal,2020,203
Copenhagen,Netherlands,2020,247
Copenhagen,New Zealand,2020,25
Copenhagen,Nigeria,2020,10
Copenhagen,North Korea,2020,1
Copenhagen,Norway,2020,523
Copenhagen,Not stated,2020,3
Copenhagen,Oman,2020,1
Copenhagen,Pakistan,2020,79
Copenhagen,Peru,2020,7
Copenhagen,Philippines,2020,86
Copenhagen,Poland,2020,274
Copenhagen,Portugal,2020,183
Copenhagen,Qatar,2020,1
Copenhagen,Republic of North Macedonia,2020,4
Copenhagen,Romania,2020,202
Copenhagen,Russia,2020,56
Copenhagen,Saint Lucia,2020,1
Copenhagen,Saudi Arabia,2020,5
Copenhagen,Senegal,2020,1
Copenhagen,Serbia,2020,12
Copenhagen,Singapore,2020,48
Copenhagen,Slovakia,2020,88
Copenhagen,Slovenia,2020,19
Copenhagen,Somalia,2020,15
Copenhagen,South Africa,2020,12
Copenhagen,South Korea,2020,92
Copenhagen,Spain,2020,409
Copenhagen,Sri Lanka,2020,2
Copenhagen,Stateless,2020,3
Copenhagen,Sweden,2020,561
Copenhagen,Switzerland,2020,105
Copenhagen,Syria,2020,15
Copenhagen,Taiwan,2020,13
Copenhagen,Tajikistan,2020,1
Copenhagen,Tanzania,2020,4
Copenhagen,Thailand,2020,47
Copenhagen,Togo,2020,1
Copenhagen,Tunisia,2020,5
Copenhagen,Turkey,2020,58
Copenhagen,USA,2020,496
Copenhagen,Uganda,2020,1
Copenhagen,Ukraine,2020,36
Copenhagen,United Kingdom,2020,445
Copenhagen,Uruguay,2020,4
Copenhagen,Venezuela,2020,4
Copenhagen,Vietnam,2020,8
Copenhagen,Yugoslavia,2020,8
Copenhagen,Zimbabwe,2020,10
Dragør,Afghanistan,2020,2
Dragør,Argentina,2020,1
Dragør,Brazil,2020,2
Dragør,Croatia,2020,1
Dragør,Denmark,2020,42
Dragør,Germany,2020,1
Dragør,Hungary,2020,1
Dragør,India,2020,1
Dragør,Ireland,2020,1
Dragør,Italy,2020,1
Dragør,Netherlands,2020,1
Dragør,Norway,2020,2
Dragør,Paraguay,2020,1
Dragør,Philippines,2020,8
Dragør,Sweden,2020,11
Dragør,Thailand,2020,1
Dragør,USA,2020,3
Dragør,United Kingdom,2020,1
Egedal,Argentina,2020,2
Egedal,Bolivia,2020,1
Egedal,Brazil,2020,3
Egedal,Bulgaria,2020,10
Egedal,Chile,2020,2
Egedal,China,2020,4
Egedal,Denmark,2020,59
Egedal,Estonia,2020,1
Egedal,Finland,2020,1
Egedal,France,2020,1
Egedal,Germany,2020,9
Egedal,Ghana,2020,1
Egedal,Greece,2020,2
Egedal,Hungary,2020,1
Egedal,Iceland,2020,2
Egedal,India,2020,6
Egedal,Italy,2020,6
Egedal,Lithuania,2020,14
Egedal,Mexico,2020,2
Egedal,Norway,2020,4
Egedal,Pakistan,2020,7
Egedal,Philippines,2020,9
Egedal,Poland,2020,10
Egedal,Romania,2020,6
Egedal,Russia,2020,2
Egedal,Slovakia,2020,1
Egedal,Somalia,2020,1
Egedal,Spain,2020,4
Egedal,Sweden,2020,3
Egedal,Syria,2020,4
Egedal,Turkey,2020,1
Egedal,USA,2020,7
Egedal,Ukraine,2020,1
Egedal,United Kingdom,2020,3
Egedal,Venezuela,2020,1
Esbjerg,Australia,2020,3
Esbjerg,Austria,2020,2
Esbjerg,Bangladesh,2020,4
Esbjerg,Belgium,2020,3
Esbjerg,Bosnia and Herzegovina,2020,2
Esbjerg,Brazil,2020,3
Esbjerg,Bulgaria,2020,8
Esbjerg,Canada,2020,12
Esbjerg,Chile,2020,1
Esbjerg,China,2020,19
Esbjerg,Colombia,2020,2
Esbjerg,Costa Rica,2020,1
Esbjerg,Croatia,2020,4
Esbjerg,Czech Republic,2020,10
Esbjerg,Denmark,2020,222
Esbjerg,Eritrea,2020,1
Esbjerg,Finland,2020,11
Esbjerg,France,2020,24
Esbjerg,Germany,2020,50
Esbjerg,Ghana,2020,1
Esbjerg,Greece,2020,2
Esbjerg,Honduras,2020,1
Esbjerg,Hungary,2020,5
Esbjerg,Iceland,2020,11
Esbjerg,India,2020,16
Esbjerg,Indonesia,2020,1
Esbjerg,Iran,2020,12
Esbjerg,Ireland,2020,1
Esbjerg,Italy,2020,16
Esbjerg,Japan,2020,3
Esbjerg,Kenya,2020,1
Esbjerg,Kyrgyzstan,2020,1
Esbjerg,Latvia,2020,20
Esbjerg,Lithuania,2020,20
Esbjerg,Mauritius,2020,1
Esbjerg,Moldova,2020,1
Esbjerg,Nepal,2020,4
Esbjerg,Netherlands,2020,9
Esbjerg,Nigeria,2020,1
Esbjerg,North Korea,2020,1
Esbjerg,Norway,2020,21
Esbjerg,Pakistan,2020,1
Esbjerg,Paraguay,2020,2
Esbjerg,Peru,2020,1
Esbjerg,Philippines,2020,3
Esbjerg,Poland,2020,55
Esbjerg,Portugal,2020,5
Esbjerg,Romania,2020,69
Esbjerg,Russia,2020,1
Esbjerg,Slovakia,2020,11
Esbjerg,Slovenia,2020,1
Esbjerg,Somalia,2020,7
Esbjerg,South Korea,2020,1
Esbjerg,Spain,2020,15
Esbjerg,Sri Lanka,2020,4
Esbjerg,Stateless,2020,7
Esbjerg,Sweden,2020,7
Esbjerg,Syria,2020,21
Esbjerg,Thailand,2020,2
Esbjerg,Turkey,2020,5
Esbjerg,USA,2020,13
Esbjerg,Uganda,2020,1
Esbjerg,Ukraine,2020,28
Esbjerg,United Kingdom,2020,34
Esbjerg,Venezuela,2020,1
Esbjerg,Vietnam,2020,2
Faaborg-Midtfyn,Belgium,2020,1
Faaborg-Midtfyn,Bolivia,2020,1
Faaborg-Midtfyn,Bulgaria,2020,14
Faaborg-Midtfyn,Canada,2020,1
Faaborg-Midtfyn,Denmark,2020,63
Faaborg-Midtfyn,France,2020,2
Faaborg-Midtfyn,Germany,2020,5
Faaborg-Midtfyn,Hungary,2020,2
Faaborg-Midtfyn,Iceland,2020,2
Faaborg-Midtfyn,Ireland,2020,5
Faaborg-Midtfyn,Italy,2020,1
Faaborg-Midtfyn,Japan,2020,1
Faaborg-Midtfyn,Latvia,2020,6
Faaborg-Midtfyn,Lithuania,2020,24
Faaborg-Midtfyn,Netherlands,2020,2
Faaborg-Midtfyn,New Zealand,2020,1
Faaborg-Midtfyn,Norway,2020,2
Faaborg-Midtfyn,Poland,2020,17
Faaborg-Midtfyn,Romania,2020,32
Faaborg-Midtfyn,Somalia,2020,3
Faaborg-Midtfyn,USA,2020,1
Faaborg-Midtfyn,Ukraine,2020,38
Faaborg-Midtfyn,United Kingdom,2020,4
Faaborg-Midtfyn,Vietnam,2020,2
Faaborg-Midtfyn,Yugoslavia,2020,2
Fanø,Czech Republic,2020,1
Fanø,Denmark,2020,8
Fanø,Finland,2020,1
Fanø,Germany,2020,6
Fanø,Iran,2020,2
Fanø,Lithuania,2020,1
Favrskov,Albania,2020,1
Favrskov,Algeria,2020,1
Favrskov,Argentina,2020,2
Favrskov,Bulgaria,2020,2
Favrskov,Cameroon,2020,1
Favrskov,Canada,2020,1
Favrskov,Chile,2020,2
Favrskov,China,2020,2
Favrskov,Colombia,2020,1
Favrskov,Denmark,2020,69
Favrskov,Eritrea,2020,1
Favrskov,Finland,2020,2
Favrskov,"Gambia, The",2020,1
Favrskov,Germany,2020,1
Favrskov,Guinea,2020,1
Favrskov,Hungary,2020,6
Favrskov,Iceland,2020,7
Favrskov,India,2020,1
Favrskov,Italy,2020,1
Favrskov,Japan,2020,3
Favrskov,Latvia,2020,6
Favrskov,Lithuania,2020,19
Favrskov,Nigeria,2020,1
Favrskov,Norway,2020,2
Favrskov,Philippines,2020,3
Favrskov,Poland,2020,28
Favrskov,Portugal,2020,1
Favrskov,Romania,2020,42
Favrskov,Russia,2020,1
Favrskov,Spain,2020,3
Favrskov,Syria,2020,1
Favrskov,Thailand,2020,2
Favrskov,Turkey,2020,1
Favrskov,USA,2020,3
Favrskov,Ukraine,2020,12
Favrskov,United Kingdom,2020,1
Favrskov,Uruguay,2020,1
Favrskov,Venezuela,2020,1
Faxe,Australia,2020,1
Faxe,Brazil,2020,1
Faxe,Bulgaria,2020,12
Faxe,Czech Republic,2020,3
Faxe,Denmark,2020,66
Faxe,Eritrea,2020,1
Faxe,France,2020,1
Faxe,Germany,2020,2
Faxe,Hungary,2020,4
Faxe,Iraq,2020,2
Faxe,Israel,2020,1
Faxe,Italy,2020,2
Faxe,Latvia,2020,1
Faxe,Lithuania,2020,1
Faxe,Norway,2020,1
Faxe,Philippines,2020,3
Faxe,Poland,2020,66
Faxe,Romania,2020,11
Faxe,Spain,2020,2
Faxe,Sweden,2020,3
Faxe,Syria,2020,15
Faxe,USA,2020,2
Faxe,Ukraine,2020,4
Faxe,United Kingdom,2020,1
Faxe,Zambia,2020,1
Fredensborg,Afghanistan,2020,2
Fredensborg,Argentina,2020,5
Fredensborg,Australia,2020,2
Fredensborg,Bangladesh,2020,3
Fredensborg,Bulgaria,2020,17
Fredensborg,Canada,2020,1
Fredensborg,China,2020,12
Fredensborg,Czech Republic,2020,2
Fredensborg,Denmark,2020,131
Fredensborg,Egypt,2020,1
Fredensborg,Ethiopia,2020,1
Fredensborg,Finland,2020,1
Fredensborg,France,2020,1
Fredensborg,Germany,2020,7
Fredensborg,Ghana,2020,4
Fredensborg,Greece,2020,5
Fredensborg,Hungary,2020,2
Fredensborg,Iceland,2020,1
Fredensborg,India,2020,11
Fredensborg,Iran,2020,3
Fredensborg,Ireland,2020,3
Fredensborg,Italy,2020,11
Fredensborg,Ivory Coast,2020,2
Fredensborg,Japan,2020,10
Fredensborg,Kazakhstan,2020,1
Fredensborg,Latvia,2020,4
Fredensborg,Lithuania,2020,11
Fredensborg,Malta,2020,1
Fredensborg,Nepal,2020,2
Fredensborg,Netherlands,2020,2
Fredensborg,Nigeria,2020,1
Fredensborg,Norway,2020,5
Fredensborg,Pakistan,2020,2
Fredensborg,Philippines,2020,12
Fredensborg,Poland,2020,16
Fredensborg,Portugal,2020,1
Fredensborg,Romania,2020,11
Fredensborg,South Africa,2020,4
Fredensborg,South Korea,2020,1
Fredensborg,Spain,2020,6
Fredensborg,Sweden,2020,8
Fredensborg,Syria,2020,12
Fredensborg,Thailand,2020,1
Fredensborg,Turkey,2020,1
Fredensborg,USA,2020,11
Fredensborg,Uganda,2020,1
Fredensborg,Ukraine,2020,2
Fredensborg,United Kingdom,2020,7
Fredensborg,Vietnam,2020,1
Fredericia,Afghanistan,2020,1
Fredericia,Argentina,2020,4
Fredericia,Belarus,2020,1
Fredericia,Belgium,2020,3
Fredericia,Bulgaria,2020,9
Fredericia,Canada,2020,1
Fredericia,Colombia,2020,1
Fredericia,Denmark,2020,120
Fredericia,Egypt,2020,1
Fredericia,Finland,2020,1
Fredericia,France,2020,5
Fredericia,Georgia,2020,1
Fredericia,Germany,2020,6
Fredericia,Greece,2020,2
Fredericia,Hungary,2020,13
Fredericia,Iceland,2020,7
Fredericia,India,2020,1
Fredericia,Iran,2020,3
Fredericia,Ireland,2020,11
Fredericia,Italy,2020,3
Fredericia,Japan,2020,6
Fredericia,Latvia,2020,2
Fredericia,Lebanon,2020,1
Fredericia,Lithuania,2020,4
Fredericia,Mexico,2020,3
Fredericia,Montenegro,2020,1
Fredericia,Nepal,2020,3
Fredericia,Netherlands,2020,1
Fredericia,Norway,2020,9
Fredericia,Pakistan,2020,1
Fredericia,Philippines,2020,2
Fredericia,Poland,2020,17
Fredericia,Portugal,2020,4
Fredericia,Romania,2020,27
Fredericia,Russia,2020,1
Fredericia,Serbia,2020,1
Fredericia,Slovakia,2020,1
Fredericia,Slovenia,2020,1
Fredericia,South Korea,2020,1
Fredericia,Spain,2020,2
Fredericia,Stateless,2020,2
Fredericia,Sweden,2020,7
Fredericia,Syria,2020,1
Fredericia,Thailand,2020,3
Fredericia,Turkey,2020,2
Fredericia,USA,2020,11
Fredericia,Uganda,2020,1
Fredericia,Ukraine,2020,28
Fredericia,United Kingdom,2020,8
Fredericia,Uruguay,2020,1
Fredericia,Vietnam,2020,1
Frederiksberg,Albania,2020,2
Frederiksberg,Antigua and Barbuda,2020,1
Frederiksberg,Argentina,2020,89
Frederiksberg,Asia not stated,2020,1
Frederiksberg,Australia,2020,43
Frederiksberg,Austria,2020,23
Frederiksberg,Azerbaijan,2020,1
Frederiksberg,Bangladesh,2020,4
Frederiksberg,Belgium,2020,13
Frederiksberg,Bolivia,2020,1
Frederiksberg,Brazil,2020,17
Frederiksberg,Bulgaria,2020,9
Frederiksberg,Cameroon,2020,1
Frederiksberg,Canada,2020,43
Frederiksberg,Chile,2020,27
Frederiksberg,China,2020,135
Frederiksberg,Colombia,2020,13
Frederiksberg,Croatia,2020,9
Frederiksberg,Czech Republic,2020,6
Frederiksberg,Denmark,2020,503
Frederiksberg,Egypt,2020,1
Frederiksberg,Estonia,2020,5
Frederiksberg,Finland,2020,28
Frederiksberg,France,2020,165
Frederiksberg,Germany,2020,152
Frederiksberg,Ghana,2020,10
Frederiksberg,Greece,2020,18
Frederiksberg,Hungary,2020,10
Frederiksberg,Iceland,2020,30
Frederiksberg,India,2020,160
Frederiksberg,Indonesia,2020,5
Frederiksberg,Iran,2020,5
Frederiksberg,Iraq,2020,1
Frederiksberg,Ireland,2020,24
Frederiksberg,Israel,2020,6
Frederiksberg,Italy,2020,117
Frederiksberg,Japan,2020,28
Frederiksberg,Jordan,2020,2
Frederiksberg,Kazakhstan,2020,1
Frederiksberg,Kenya,2020,4
Frederiksberg,Kosovo,2020,1
Frederiksberg,Latvia,2020,10
Frederiksberg,Liechtenstein,2020,1
Frederiksberg,Lithuania,2020,12
Frederiksberg,Luxembourg,2020,1
Frederiksberg,Malaysia,2020,3
Frederiksberg,Mauritius,2020,1
Frederiksberg,Mexico,2020,7
Frederiksberg,Morocco,2020,2
Frederiksberg,Myanmar,2020,1
Frederiksberg,Nepal,2020,7
Frederiksberg,Netherlands,2020,37
Frederiksberg,New Zealand,2020,4
Frederiksberg,Norway,2020,181
Frederiksberg,Not stated,2020,1
Frederiksberg,Pakistan,2020,3
Frederiksberg,Peru,2020,2
Frederiksberg,Philippines,2020,61
Frederiksberg,Poland,2020,28
Frederiksberg,Portugal,2020,44
Frederiksberg,Romania,2020,15
Frederiksberg,Russia,2020,16
Frederiksberg,Saint Lucia,2020,1
Frederiksberg,Saudi Arabia,2020,5
Frederiksberg,Senegal,2020,1
Frederiksberg,Serbia,2020,2
Frederiksberg,Singapore,2020,9
Frederiksberg,Slovakia,2020,8
Frederiksberg,Slovenia,2020,1
Frederiksberg,Somalia,2020,4
Frederiksberg,South Africa,2020,3
Frederiksberg,South Korea,2020,12
Frederiksberg,Spain,2020,76
Frederiksberg,Stateless,2020,2
Frederiksberg,Sudan,2020,1
Frederiksberg,Sweden,2020,82
Frederiksberg,Switzerland,2020,34
Frederiksberg,Syria,2020,3
Frederiksberg,Taiwan,2020,9
Frederiksberg,Tanzania,2020,2
Frederiksberg,Thailand,2020,4
Frederiksberg,Turkey,2020,13
Frederiksberg,USA,2020,121
Frederiksberg,Uganda,2020,1
Frederiksberg,Ukraine,2020,6
Frederiksberg,United Kingdom,2020,88
Frederiksberg,Vietnam,2020,6
Frederiksberg,Yugoslavia,2020,1
Frederikshavn,Australia,2020,2
Frederikshavn,Austria,2020,1
Frederikshavn,Brazil,2020,2
Frederikshavn,Bulgaria,2020,1
Frederikshavn,Canada,2020,2
Frederikshavn,Colombia,2020,5
Frederikshavn,Czech Republic,2020,2
Frederikshavn,Denmark,2020,138
Frederikshavn,Ecuador,2020,1
Frederikshavn,Eritrea,2020,4
Frederikshavn,Estonia,2020,2
Frederikshavn,Finland,2020,2
Frederikshavn,France,2020,1
Frederikshavn,Germany,2020,3
Frederikshavn,Greece,2020,1
Frederikshavn,Hungary,2020,5
Frederikshavn,Iceland,2020,6
Frederikshavn,Iraq,2020,1
Frederikshavn,Italy,2020,3
Frederikshavn,Latvia,2020,8
Frederikshavn,Lithuania,2020,3
Frederikshavn,Netherlands,2020,2
Frederikshavn,Norway,2020,13
Frederikshavn,Philippines,2020,1
Frederikshavn,Poland,2020,47
Frederikshavn,Romania,2020,74
Frederikshavn,Russia,2020,3
Frederikshavn,Slovakia,2020,1
Frederikshavn,Somalia,2020,1
Frederikshavn,Sudan,2020,1
Frederikshavn,Sweden,2020,12
Frederikshavn,Switzerland,2020,1
Frederikshavn,Syria,2020,2
Frederikshavn,Thailand,2020,1
Frederikshavn,USA,2020,3
Frederikshavn,Uganda,2020,1
Frederikshavn,Ukraine,2020,10
Frederikshavn,United Kingdom,2020,2
Frederikssund,Australia,2020,2
Frederikssund,Brazil,2020,1
Frederikssund,Bulgaria,2020,5
Frederikssund,Canada,2020,1
Frederikssund,Chile,2020,1
Frederikssund,Croatia,2020,2
Frederikssund,Denmark,2020,63
Frederikssund,France,2020,1
Frederikssund,Germany,2020,1
Frederikssund,India,2020,1
Frederikssund,Italy,2020,1
Frederikssund,Japan,2020,1
Frederikssund,Latvia,2020,3
Frederikssund,Lithuania,2020,5
Frederikssund,Moldova,2020,1
Frederikssund,Netherlands,2020,2
Frederikssund,Norway,2020,1
Frederikssund,Philippines,2020,4
Frederikssund,Poland,2020,10
Frederikssund,Portugal,2020,1
Frederikssund,Romania,2020,8
Frederikssund,Russia,2020,1
Frederikssund,South Korea,2020,2
Frederikssund,Spain,2020,1
Frederikssund,Sweden,2020,4
Frederikssund,Syria,2020,2
Frederikssund,Turkey,2020,5
Frederikssund,USA,2020,6
Frederikssund,Ukraine,2020,2
Frederikssund,United Kingdom,2020,1
Furesø,Algeria,2020,1
Furesø,Argentina,2020,3
Furesø,Armenia,2020,1
Furesø,Australia,2020,1
Furesø,Bangladesh,2020,6
Furesø,Belarus,2020,1
Furesø,Brazil,2020,3
Furesø,Bulgaria,2020,6
Furesø,Cameroon,2020,5
Furesø,Canada,2020,2
Furesø,Chile,2020,3
Furesø,China,2020,6
Furesø,Colombia,2020,2
Furesø,Croatia,2020,1
Furesø,Cyprus,2020,2
Furesø,Denmark,2020,122
Furesø,Egypt,2020,1
Furesø,Estonia,2020,1
Furesø,Finland,2020,2
Furesø,France,2020,4
Furesø,Germany,2020,6
Furesø,Ghana,2020,3
Furesø,Greece,2020,1
Furesø,Hungary,2020,6
Furesø,Iceland,2020,2
Furesø,India,2020,20
Furesø,Indonesia,2020,2
Furesø,Iran,2020,11
Furesø,Iraq,2020,2
Furesø,Italy,2020,2
Furesø,Japan,2020,3
Furesø,Latvia,2020,1
Furesø,Lithuania,2020,7
Furesø,Mali,2020,1
Furesø,Moldova,2020,1
Furesø,Morocco,2020,1
Furesø,Nepal,2020,1
Furesø,Nigeria,2020,6
Furesø,Norway,2020,3
Furesø,Pakistan,2020,1
Furesø,Philippines,2020,27
Furesø,Poland,2020,21
Furesø,Portugal,2020,5
Furesø,Romania,2020,27
Furesø,Sierra Leone,2020,1
Furesø,Slovakia,2020,3
Furesø,Slovenia,2020,5
Furesø,Somalia,2020,12
Furesø,Spain,2020,4
Furesø,Sri Lanka,2020,1
Furesø,Sweden,2020,8
Furesø,Switzerland,2020,1
Furesø,Syria,2020,1
Furesø,Thailand,2020,1
Furesø,Turkey,2020,6
Furesø,USA,2020,19
Furesø,Ukraine,2020,1
Furesø,United Kingdom,2020,8
Furesø,Vietnam,2020,1
Gentofte,Albania,2020,1
Gentofte,Argentina,2020,33
Gentofte,Australia,2020,21
Gentofte,Austria,2020,5
Gentofte,Belgium,2020,3
Gentofte,Brazil,2020,9
Gentofte,Bulgaria,2020,2
Gentofte,Cambodia,2020,1
Gentofte,Cameroon,2020,1
Gentofte,Canada,2020,6
Gentofte,Chile,2020,9
Gentofte,China,2020,52
Gentofte,Colombia,2020,4
Gentofte,Croatia,2020,8
Gentofte,Czech Republic,2020,2
Gentofte,Denmark,2020,301
Gentofte,Ecuador,2020,2
Gentofte,Egypt,2020,1
Gentofte,Estonia,2020,2
Gentofte,Finland,2020,11
Gentofte,France,2020,25
Gentofte,Germany,2020,40
Gentofte,Ghana,2020,1
Gentofte,Greece,2020,5
Gentofte,Hungary,2020,3
Gentofte,Iceland,2020,8
Gentofte,India,2020,54
Gentofte,Indonesia,2020,2
Gentofte,Iran,2020,6
Gentofte,Ireland,2020,15
Gentofte,Italy,2020,28
Gentofte,Japan,2020,17
Gentofte,Kenya,2020,1
Gentofte,Latvia,2020,1
Gentofte,Lebanon,2020,1
Gentofte,Lithuania,2020,8
Gentofte,Malaysia,2020,1
Gentofte,Mexico,2020,4
Gentofte,Nepal,2020,16
Gentofte,Netherlands,2020,31
Gentofte,Norway,2020,21
Gentofte,Not stated,2020,3
Gentofte,Pakistan,2020,2
Gentofte,Peru,2020,1
Gentofte,Philippines,2020,199
Gentofte,Poland,2020,23
Gentofte,Portugal,2020,20
Gentofte,Romania,2020,15
Gentofte,Russia,2020,5
Gentofte,Singapore,2020,8
Gentofte,Slovakia,2020,4
Gentofte,Somalia,2020,1
Gentofte,South Africa,2020,3
Gentofte,South Korea,2020,3
Gentofte,Spain,2020,9
Gentofte,Sweden,2020,20
Gentofte,Switzerland,2020,6
Gentofte,Syria,2020,11
Gentofte,Taiwan,2020,1
Gentofte,Thailand,2020,5
Gentofte,Turkey,2020,4
Gentofte,USA,2020,36
Gentofte,Uganda,2020,1
Gentofte,Ukraine,2020,3
Gentofte,United Kingdom,2020,109
Gentofte,Venezuela,2020,1
Gentofte,Vietnam,2020,2
Gladsaxe,Algeria,2020,1
Gladsaxe,Argentina,2020,34
Gladsaxe,Australia,2020,6
Gladsaxe,Austria,2020,3
Gladsaxe,Bangladesh,2020,4
Gladsaxe,Belarus,2020,1
Gladsaxe,Belgium,2020,7
Gladsaxe,Brazil,2020,9
Gladsaxe,Bulgaria,2020,15
Gladsaxe,Canada,2020,6
Gladsaxe,Chile,2020,6
Gladsaxe,China,2020,45
Gladsaxe,Croatia,2020,10
Gladsaxe,Czech Republic,2020,2
Gladsaxe,Denmark,2020,246
Gladsaxe,Egypt,2020,2
Gladsaxe,Finland,2020,3
Gladsaxe,France,2020,14
Gladsaxe,Germany,2020,11
Gladsaxe,Ghana,2020,8
Gladsaxe,Greece,2020,19
Gladsaxe,Hungary,2020,12
Gladsaxe,Iceland,2020,31
Gladsaxe,India,2020,60
Gladsaxe,Indonesia,2020,2
Gladsaxe,Iran,2020,13
Gladsaxe,Iraq,2020,3
Gladsaxe,Ireland,2020,3
Gladsaxe,Italy,2020,22
Gladsaxe,Japan,2020,6
Gladsaxe,Latvia,2020,2
Gladsaxe,Lithuania,2020,4
Gladsaxe,Malaysia,2020,1
Gladsaxe,Montenegro,2020,1
Gladsaxe,Nepal,2020,28
Gladsaxe,Netherlands,2020,9
Gladsaxe,Norway,2020,7
Gladsaxe,Pakistan,2020,18
Gladsaxe,Peru,2020,1
Gladsaxe,Philippines,2020,18
Gladsaxe,Poland,2020,20
Gladsaxe,Portugal,2020,2
Gladsaxe,Republic of North Macedonia,2020,1
Gladsaxe,Romania,2020,19
Gladsaxe,Russia,2020,3
Gladsaxe,Serbia,2020,1
Gladsaxe,Singapore,2020,1
Gladsaxe,Slovakia,2020,5
Gladsaxe,Slovenia,2020,1
Gladsaxe,Somalia,2020,11
Gladsaxe,South Korea,2020,3
Gladsaxe,Spain,2020,26
Gladsaxe,Sweden,2020,13
Gladsaxe,Switzerland,2020,2
Gladsaxe,Syria,2020,7
Gladsaxe,Taiwan,2020,2
Gladsaxe,Thailand,2020,7
Gladsaxe,Turkey,2020,6
Gladsaxe,USA,2020,16
Gladsaxe,United Kingdom,2020,16
Gladsaxe,Venezuela,2020,1
Gladsaxe,Vietnam,2020,1
Gladsaxe,Yugoslavia,2020,1
Gladsaxe,Zambia,2020,1
Gladsaxe,Zimbabwe,2020,1
Glostrup,Argentina,2020,8
Glostrup,Australia,2020,3
Glostrup,Austria,2020,1
Glostrup,Bangladesh,2020,8
Glostrup,Bulgaria,2020,5
Glostrup,Chile,2020,3
Glostrup,China,2020,6
Glostrup,Denmark,2020,50
Glostrup,Estonia,2020,1
Glostrup,France,2020,1
Glostrup,Germany,2020,7
Glostrup,Greece,2020,1
Glostrup,Hungary,2020,5
Glostrup,Iceland,2020,1
Glostrup,India,2020,34
Glostrup,Indonesia,2020,1
Glostrup,Iran,2020,8
Glostrup,Iraq,2020,1
Glostrup,Israel,2020,2
Glostrup,Italy,2020,4
Glostrup,Japan,2020,1
Glostrup,Lithuania,2020,4
Glostrup,Nepal,2020,7
Glostrup,Netherlands,2020,2
Glostrup,Nigeria,2020,4
Glostrup,Norway,2020,4
Glostrup,Pakistan,2020,4
Glostrup,Philippines,2020,2
Glostrup,Poland,2020,8
Glostrup,Portugal,2020,5
Glostrup,Romania,2020,14
Glostrup,Slovakia,2020,2
Glostrup,South Korea,2020,1
Glostrup,Spain,2020,4
Glostrup,Sweden,2020,2
Glostrup,Turkey,2020,3
Glostrup,USA,2020,9
Glostrup,United Kingdom,2020,4
Glostrup,Vietnam,2020,1
Greve,Argentina,2020,9
Greve,Armenia,2020,1
Greve,Australia,2020,2
Greve,Austria,2020,1
Greve,Bangladesh,2020,2
Greve,Bosnia and Herzegovina,2020,1
Greve,Bulgaria,2020,12
Greve,Chile,2020,8
Greve,China,2020,4
Greve,Denmark,2020,81
Greve,Eritrea,2020,2
Greve,Finland,2020,1
Greve,Germany,2020,4
Greve,Hungary,2020,3
Greve,Iceland,2020,1
Greve,India,2020,2
Greve,Iraq,2020,1
Greve,Italy,2020,6
Greve,Jordan,2020,1
Greve,Latvia,2020,4
Greve,Lithuania,2020,8
Greve,Mexico,2020,1
Greve,Netherlands,2020,2
Greve,Norway,2020,1
Greve,Not stated,2020,1
Greve,Pakistan,2020,7
Greve,Philippines,2020,3
Greve,Poland,2020,24
Greve,Portugal,2020,1
Greve,Romania,2020,7
Greve,Slovakia,2020,1
Greve,Sweden,2020,3
Greve,Switzerland,2020,1
Greve,Syria,2020,2
Greve,Thailand,2020,2
Greve,Turkey,2020,4
Greve,USA,2020,14
Greve,Ukraine,2020,3
Greve,United Kingdom,2020,5
Greve,Vietnam,2020,1
Gribskov,Argentina,2020,3
Gribskov,Belarus,2020,1
Gribskov,Brazil,2020,1
Gribskov,Bulgaria,2020,13
Gribskov,Chile,2020,2
Gribskov,"Congo, Democratic Republic",2020,3
Gribskov,Denmark,2020,125
Gribskov,Germany,2020,4
Gribskov,Ghana,2020,1
Gribskov,Hungary,2020,1
Gribskov,Iceland,2020,5
Gribskov,India,2020,3
Gribskov,Ireland,2020,2
Gribskov,Italy,2020,6
Gribskov,Lithuania,2020,4
Gribskov,Netherlands,2020,4
Gribskov,New Zealand,2020,1
Gribskov,Norway,2020,1
Gribskov,Philippines,2020,4
Gribskov,Poland,2020,15
Gribskov,Romania,2020,22
Gribskov,Russia,2020,8
Gribskov,Slovakia,2020,3
Gribskov,Spain,2020,6
Gribskov,Sweden,2020,5
Gribskov,Syria,2020,5
Gribskov,Turkey,2020,1
Gribskov,USA,2020,2
Gribskov,Ukraine,2020,3
Gribskov,United Kingdom,2020,4
Guldborgsund,Argentina,2020,4
Guldborgsund,Australia,2020,5
Guldborgsund,Austria,2020,1
Guldborgsund,Belarus,2020,1
Guldborgsund,Bosnia and Herzegovina,2020,1
Guldborgsund,Brazil,2020,1
Guldborgsund,Bulgaria,2020,12
Guldborgsund,China,2020,4
Guldborgsund,Colombia,2020,2
Guldborgsund,Costa Rica,2020,1
Guldborgsund,Croatia,2020,1
Guldborgsund,Czech Republic,2020,3
Guldborgsund,Denmark,2020,122
Guldborgsund,Ecuador,2020,1
Guldborgsund,Eritrea,2020,4
Guldborgsund,Finland,2020,1
Guldborgsund,Germany,2020,13
Guldborgsund,Greece,2020,3
Guldborgsund,Hungary,2020,8
Guldborgsund,Iceland,2020,3
Guldborgsund,India,2020,2
Guldborgsund,Indonesia,2020,2
Guldborgsund,Iran,2020,3
Guldborgsund,Iraq,2020,1
Guldborgsund,Italy,2020,11
Guldborgsund,Japan,2020,2
Guldborgsund,Kuwait,2020,1
Guldborgsund,Latvia,2020,3
Guldborgsund,Lithuania,2020,9
Guldborgsund,Malaysia,2020,1
Guldborgsund,Mexico,2020,1
Guldborgsund,Nepal,2020,1
Guldborgsund,New Zealand,2020,1
Guldborgsund,Norway,2020,5
Guldborgsund,Not stated,2020,5
Guldborgsund,Pakistan,2020,1
Guldborgsund,Paraguay,2020,1
Guldborgsund,Philippines,2020,4
Guldborgsund,Poland,2020,29
Guldborgsund,Romania,2020,47
Guldborgsund,Russia,2020,1
Guldborgsund,Serbia,2020,4
Guldborgsund,Serbia and Montenegro,2020,1
Guldborgsund,Somalia,2020,6
Guldborgsund,Spain,2020,8
Guldborgsund,Sweden,2020,16
Guldborgsund,Syria,2020,8
Guldborgsund,Thailand,2020,7
Guldborgsund,USA,2020,3
Guldborgsund,Ukraine,2020,31
Guldborgsund,United Kingdom,2020,4
Guldborgsund,Vietnam,2020,1
Guldborgsund,Yugoslavia,2020,1
Guldborgsund,Zambia,2020,1
Haderslev,Argentina,2020,1
Haderslev,Austria,2020,6
Haderslev,Belgium,2020,9
Haderslev,Brazil,2020,6
Haderslev,Bulgaria,2020,12
Haderslev,Cameroon,2020,1
Haderslev,Canada,2020,6
Haderslev,Chile,2020,3
Haderslev,China,2020,7
Haderslev,Colombia,2020,3
Haderslev,Croatia,2020,1
Haderslev,Czech Republic,2020,1
Haderslev,Denmark,2020,117
Haderslev,Ecuador,2020,1
Haderslev,Estonia,2020,1
Haderslev,Ethiopia,2020,2
Haderslev,Finland,2020,4
Haderslev,France,2020,1
Haderslev,Germany,2020,28
Haderslev,Greece,2020,1
Haderslev,Hungary,2020,15
Haderslev,Iceland,2020,3
Haderslev,Iran,2020,1
Haderslev,Italy,2020,10
Haderslev,Japan,2020,4
Haderslev,Kenya,2020,2
Haderslev,Latvia,2020,10
Haderslev,Lithuania,2020,12
Haderslev,Moldova,2020,1
Haderslev,Montenegro,2020,1
Haderslev,Morocco,2020,7
Haderslev,Netherlands,2020,2
Haderslev,New Zealand,2020,1
Haderslev,Nigeria,2020,1
Haderslev,Norway,2020,3
Haderslev,Not stated,2020,1
Haderslev,Philippines,2020,6
Haderslev,Poland,2020,21
Haderslev,Portugal,2020,2
Haderslev,Romania,2020,93
Haderslev,Russia,2020,2
Haderslev,Serbia,2020,6
Haderslev,Slovakia,2020,5
Haderslev,Slovenia,2020,1
Haderslev,Spain,2020,5
Haderslev,Stateless,2020,1
Haderslev,Sweden,2020,4
Haderslev,Switzerland,2020,8
Haderslev,Syria,2020,20
Haderslev,Thailand,2020,2
Haderslev,Turkey,2020,1
Haderslev,USA,2020,5
Haderslev,Ukraine,2020,26
Haderslev,United Kingdom,2020,6
Haderslev,Vietnam,2020,2
Halsnæs,Albania,2020,1
Halsnæs,Austria,2020,1
Halsnæs,Bulgaria,2020,6
Halsnæs,Chile,2020,1
Halsnæs,China,2020,1
Halsnæs,Croatia,2020,1
Halsnæs,Denmark,2020,46
Halsnæs,Estonia,2020,2
Halsnæs,Finland,2020,1
Halsnæs,Germany,2020,2
Halsnæs,Greece,2020,1
Halsnæs,Iceland,2020,1
Halsnæs,Italy,2020,1
Halsnæs,Latvia,2020,1
Halsnæs,Lithuania,2020,12
Halsnæs,Moldova,2020,2
Halsnæs,Nepal,2020,1
Halsnæs,Not stated,2020,3
Halsnæs,Philippines,2020,3
Halsnæs,Poland,2020,26
Halsnæs,Romania,2020,44
Halsnæs,Russia,2020,1
Halsnæs,Serbia,2020,2
Halsnæs,Stateless,2020,1
Halsnæs,Sweden,2020,4
Halsnæs,Syria,2020,3
Halsnæs,USA,2020,1
Halsnæs,United Kingdom,2020,2
Halsnæs,Yugoslavia,2020,5
Halsnæs,Zimbabwe,2020,1
Hedensted,Afghanistan,2020,2
Hedensted,Argentina,2020,1
Hedensted,Belgium,2020,2
Hedensted,Bosnia and Herzegovina,2020,3
Hedensted,Brazil,2020,3
Hedensted,Bulgaria,2020,11
Hedensted,Denmark,2020,94
Hedensted,Eritrea,2020,1
Hedensted,Germany,2020,7
Hedensted,Greece,2020,1
Hedensted,Hungary,2020,2
Hedensted,Iceland,2020,3
Hedensted,Iran,2020,1
Hedensted,Italy,2020,2
Hedensted,Japan,2020,8
Hedensted,Kenya,2020,1
Hedensted,Latvia,2020,15
Hedensted,Lithuania,2020,13
Hedensted,Norway,2020,4
Hedensted,Panama,2020,1
Hedensted,Philippines,2020,4
Hedensted,Poland,2020,56
Hedensted,Portugal,2020,3
Hedensted,Romania,2020,38
Hedensted,Serbia,2020,1
Hedensted,Somalia,2020,5
Hedensted,Stateless,2020,1
Hedensted,Sweden,2020,1
Hedensted,Syria,2020,3
Hedensted,Togo,2020,1
Hedensted,Turkey,2020,1
Hedensted,USA,2020,1
Hedensted,Ukraine,2020,9
Hedensted,United Kingdom,2020,4
Hedensted,Vietnam,2020,3
Helsingør,Australia,2020,2
Helsingør,Belarus,2020,1
Helsingør,Belgium,2020,29
Helsingør,Brazil,2020,4
Helsingør,Bulgaria,2020,7
Helsingør,Canada,2020,4
Helsingør,Chile,2020,2
Helsingør,China,2020,4
Helsingør,Croatia,2020,5
Helsingør,Czech Republic,2020,2
Helsingør,Denmark,2020,155
Helsingør,Eritrea,2020,3
Helsingør,Estonia,2020,1
Helsingør,Finland,2020,1
Helsingør,France,2020,7
Helsingør,Germany,2020,12
Helsingør,Greece,2020,4
Helsingør,Hungary,2020,2
Helsingør,Iceland,2020,8
Helsingør,India,2020,4
Helsingør,Israel,2020,1
Helsingør,Italy,2020,10
Helsingør,Japan,2020,13
Helsingør,Latvia,2020,4
Helsingør,Lebanon,2020,1
Helsingør,Lithuania,2020,17
Helsingør,Luxembourg,2020,3
Helsingør,Mexico,2020,5
Helsingør,Morocco,2020,2
Helsingør,Netherlands,2020,6
Helsingør,Norway,2020,9
Helsingør,Pakistan,2020,1
Helsingør,Peru,2020,2
Helsingør,Philippines,2020,4
Helsingør,Poland,2020,16
Helsingør,Portugal,2020,1
Helsingør,Romania,2020,22
Helsingør,Russia,2020,1
Helsingør,Serbia,2020,2
Helsingør,South Korea,2020,9
Helsingør,Spain,2020,5
Helsingør,Stateless,2020,3
Helsingør,Sweden,2020,12
Helsingør,Switzerland,2020,1
Helsingør,Syria,2020,2
Helsingør,Taiwan,2020,1
Helsingør,Thailand,2020,1
Helsingør,Turkey,2020,5
Helsingør,USA,2020,11
Helsingør,United Kingdom,2020,6
Helsingør,Vietnam,2020,2
Helsingør,Yugoslavia,2020,1
Herlev,Argentina,2020,5
Herlev,Brazil,2020,1
Herlev,Bulgaria,2020,6
Herlev,Cameroon,2020,1
Herlev,Canada,2020,1
Herlev,China,2020,9
Herlev,"Congo, Democratic Republic",2020,1
Herlev,Czech Republic,2020,1
Herlev,Czechoslovakia,2020,1
Herlev,Denmark,2020,47
Herlev,Finland,2020,2
Herlev,France,2020,1
Herlev,Germany,2020,2
Herlev,Hungary,2020,4
Herlev,Iceland,2020,1
Herlev,India,2020,16
Herlev,Iran,2020,1
Herlev,Italy,2020,6
Herlev,Japan,2020,3
Herlev,Latvia,2020,2
Herlev,Lithuania,2020,1
Herlev,Nepal,2020,5
Herlev,Netherlands,2020,2
Herlev,North Korea,2020,1
Herlev,Norway,2020,2
Herlev,Pakistan,2020,5
Herlev,Peru,2020,4
Herlev,Philippines,2020,1
Herlev,Poland,2020,2
Herlev,Romania,2020,1
Herlev,Somalia,2020,3
Herlev,South Korea,2020,1
Herlev,Spain,2020,3
Herlev,Stateless,2020,1
Herlev,Sweden,2020,9
Herlev,Tunisia,2020,1
Herlev,Turkey,2020,3
Herlev,USA,2020,2
Herlev,United Kingdom,2020,1
Herlev,Vietnam,2020,2
Herning,Argentina,2020,1
Herning,Australia,2020,2
Herning,Austria,2020,5
Herning,Belarus,2020,3
Herning,Belgium,2020,2
Herning,Brazil,2020,1
Herning,Bulgaria,2020,23
Herning,Canada,2020,12
Herning,Chile,2020,3
Herning,China,2020,1
Herning,Croatia,2020,2
Herning,Czech Republic,2020,8
Herning,Denmark,2020,184
Herning,Estonia,2020,4
Herning,Finland,2020,13
Herning,France,2020,6
Herning,Germany,2020,25
Herning,Ghana,2020,1
Herning,Greece,2020,7
Herning,Hungary,2020,12
Herning,Iceland,2020,7
Herning,India,2020,1
Herning,Indonesia,2020,1
Herning,Iran,2020,1
Herning,Ireland,2020,1
Herning,Italy,2020,8
Herning,Japan,2020,2
Herning,Latvia,2020,21
Herning,Lebanon,2020,1
Herning,Lithuania,2020,17
Herning,Mexico,2020,1
Herning,Netherlands,2020,17
Herning,New Zealand,2020,1
Herning,Nigeria,2020,2
Herning,Norway,2020,1
Herning,Pakistan,2020,1
Herning,Philippines,2020,6
Herning,Poland,2020,63
Herning,Portugal,2020,6
Herning,Romania,2020,59
Herning,Russia,2020,4
Herning,Serbia,2020,1
Herning,Slovakia,2020,17
Herning,Somalia,2020,2
Herning,Spain,2020,10
Herning,Sri Lanka,2020,3
Herning,Sudan,2020,1
Herning,Sweden,2020,5
Herning,Syria,2020,27
Herning,Thailand,2020,4
Herning,Turkey,2020,1
Herning,USA,2020,7
Herning,Ukraine,2020,25
Herning,United Kingdom,2020,7
Herning,Vietnam,2020,2
Hillerød,Afghanistan,2020,1
Hillerød,Argentina,2020,3
Hillerød,Armenia,2020,1
Hillerød,Austria,2020,1
Hillerød,Belgium,2020,1
Hillerød,Brazil,2020,1
Hillerød,Bulgaria,2020,12
Hillerød,Chile,2020,2
Hillerød,China,2020,1
Hillerød,Croatia,2020,1
Hillerød,Czech Republic,2020,1
Hillerød,Denmark,2020,106
Hillerød,Germany,2020,4
Hillerød,Ghana,2020,1
Hillerød,Greece,2020,1
Hillerød,India,2020,1
Hillerød,Iran,2020,2
Hillerød,Ireland,2020,3
Hillerød,Italy,2020,6
Hillerød,Japan,2020,2
Hillerød,Kenya,2020,2
Hillerød,Kosovo,2020,1
Hillerød,Latvia,2020,6
Hillerød,Lebanon,2020,1
Hillerød,Libya,2020,1
Hillerød,Lithuania,2020,28
Hillerød,Mexico,2020,1
Hillerød,Morocco,2020,1
Hillerød,Nepal,2020,1
Hillerød,Netherlands,2020,1
Hillerød,Norway,2020,2
Hillerød,Philippines,2020,8
Hillerød,Poland,2020,20
Hillerød,Portugal,2020,2
Hillerød,Romania,2020,37
Hillerød,Russia,2020,1
Hillerød,Slovakia,2020,1
Hillerød,Somalia,2020,1
Hillerød,South Africa,2020,1
Hillerød,South Korea,2020,1
Hillerød,Spain,2020,3
Hillerød,Stateless,2020,1
Hillerød,Sweden,2020,6
Hillerød,Syria,2020,2
Hillerød,Taiwan,2020,3
Hillerød,Thailand,2020,1
Hillerød,Turkey,2020,3
Hillerød,USA,2020,21
Hillerød,Ukraine,2020,2
Hillerød,United Kingdom,2020,7
Hillerød,Yugoslavia,2020,1
Hjørring,Algeria,2020,1
Hjørring,Argentina,2020,1
Hjørring,Australia,2020,1
Hjørring,Bolivia,2020,1
Hjørring,Bosnia and Herzegovina,2020,1
Hjørring,Bulgaria,2020,2
Hjørring,China,2020,9
Hjørring,Colombia,2020,2
Hjørring,"Congo, Democratic Republic",2020,1
Hjørring,Costa Rica,2020,1
Hjørring,Croatia,2020,1
Hjørring,Denmark,2020,111
Hjørring,Egypt,2020,1
Hjørring,Eritrea,2020,2
Hjørring,Finland,2020,1
Hjørring,France,2020,1
Hjørring,Germany,2020,7
Hjørring,Ghana,2020,1
Hjørring,Greece,2020,3
Hjørring,Hungary,2020,1
Hjørring,Iceland,2020,9
Hjørring,Indonesia,2020,3
Hjørring,Ireland,2020,1
Hjørring,Italy,2020,2
Hjørring,Japan,2020,6
Hjørring,Kenya,2020,1
Hjørring,Kosovo,2020,4
Hjørring,Latvia,2020,5
Hjørring,Lithuania,2020,11
Hjørring,New Zealand,2020,2
Hjørring,Norway,2020,18
Hjørring,Philippines,2020,1
Hjørring,Poland,2020,39
Hjørring,Romania,2020,34
Hjørring,Slovakia,2020,3
Hjørring,South Africa,2020,1
Hjørring,Sweden,2020,5
Hjørring,Syria,2020,16
Hjørring,Taiwan,2020,1
Hjørring,Thailand,2020,1
Hjørring,USA,2020,3
Hjørring,Uganda,2020,1
Hjørring,Ukraine,2020,7
Hjørring,United Kingdom,2020,1
Holbæk,Afghanistan,2020,3
Holbæk,Argentina,2020,4
Holbæk,Armenia,2020,1
Holbæk,Australia,2020,2
Holbæk,Bahamas,2020,1
Holbæk,Bahrain,2020,1
Holbæk,Belgium,2020,1
Holbæk,Bolivia,2020,1
Holbæk,Brazil,2020,4
Holbæk,Bulgaria,2020,17
Holbæk,Canada,2020,1
Holbæk,Chile,2020,1
Holbæk,China,2020,6
Holbæk,Czech Republic,2020,3
Holbæk,Denmark,2020,118
Holbæk,Eritrea,2020,4
Holbæk,France,2020,1
Holbæk,Germany,2020,3
Holbæk,Hungary,2020,6
Holbæk,Iceland,2020,2
Holbæk,India,2020,1
Holbæk,Iran,2020,1
Holbæk,Ireland,2020,1
Holbæk,Italy,2020,6
Holbæk,Japan,2020,5
Holbæk,Kosovo,2020,1
Holbæk,Latvia,2020,4
Holbæk,Lithuania,2020,32
Holbæk,Moldova,2020,1
Holbæk,Morocco,2020,1
Holbæk,Nepal,2020,2
Holbæk,Norway,2020,2
Holbæk,Philippines,2020,6
Holbæk,Poland,2020,37
Holbæk,Portugal,2020,1
Holbæk,Romania,2020,16
Holbæk,Russia,2020,3
Holbæk,Slovakia,2020,3
Holbæk,Somalia,2020,4
Holbæk,South Africa,2020,1
Holbæk,Spain,2020,3
Holbæk,Sweden,2020,6
Holbæk,Syria,2020,5
Holbæk,Thailand,2020,1
Holbæk,Turkey,2020,1
Holbæk,USA,2020,4
Holbæk,Ukraine,2020,11
Holbæk,United Kingdom,2020,7
Holbæk,Vietnam,2020,1
Holbæk,"Yugoslavia, Federal Republic",2020,1
Holstebro,Australia,2020,1
Holstebro,Austria,2020,1
Holstebro,Brazil,2020,2
Holstebro,Bulgaria,2020,9
Holstebro,Canada,2020,1
Holstebro,Chile,2020,3
Holstebro,China,2020,5
Holstebro,Czech Republic,2020,3
Holstebro,Denmark,2020,91
Holstebro,Ecuador,2020,1
Holstebro,Egypt,2020,1
Holstebro,Eritrea,2020,1
Holstebro,Estonia,2020,5
Holstebro,Finland,2020,1
Holstebro,France,2020,3
Holstebro,Germany,2020,14
Holstebro,Greece,2020,1
Holstebro,Hungary,2020,7
Holstebro,Iceland,2020,8
Holstebro,Ireland,2020,2
Holstebro,Italy,2020,7
Holstebro,Japan,2020,1
Holstebro,Latvia,2020,8
Holstebro,Lebanon,2020,1
Holstebro,Lithuania,2020,17
Holstebro,Mexico,2020,2
Holstebro,Moldova,2020,2
Holstebro,Netherlands,2020,2
Holstebro,Norway,2020,24
Holstebro,Philippines,2020,2
Holstebro,Poland,2020,17
Holstebro,Portugal,2020,3
Holstebro,Romania,2020,45
Holstebro,Slovakia,2020,3
Holstebro,Somalia,2020,4
Holstebro,Spain,2020,4
Holstebro,Switzerland,2020,2
Holstebro,Syria,2020,1
Holstebro,Thailand,2020,6
Holstebro,USA,2020,3
Holstebro,Ukraine,2020,26
Holstebro,United Kingdom,2020,2
Horsens,Algeria,2020,1
Horsens,Argentina,2020,3
Horsens,Australia,2020,4
Horsens,Belarus,2020,1
Horsens,Belgium,2020,4
Horsens,Bosnia and Herzegovina,2020,4
Horsens,Brazil,2020,3
Horsens,Bulgaria,2020,35
Horsens,Burkina Faso,2020,1
Horsens,Cameroon,2020,4
Horsens,Canada,2020,2
Horsens,Chile,2020,1
Horsens,China,2020,49
Horsens,Croatia,2020,9
Horsens,Czech Republic,2020,26
Horsens,Denmark,2020,180
Horsens,Estonia,2020,7
Horsens,France,2020,79
Horsens,Germany,2020,46
Horsens,Greece,2020,1
Horsens,Hungary,2020,17
Horsens,Iceland,2020,19
Horsens,India,2020,11
Horsens,Iran,2020,2
Horsens,Iraq,2020,1
Horsens,Israel,2020,1
Horsens,Italy,2020,28
Horsens,Kenya,2020,3
Horsens,Kosovo,2020,2
Horsens,Latvia,2020,19
Horsens,Lithuania,2020,53
Horsens,Malaysia,2020,1
Horsens,Malta,2020,4
Horsens,Mexico,2020,1
Horsens,Morocco,2020,1
Horsens,Nepal,2020,2
Horsens,Netherlands,2020,6
Horsens,New Zealand,2020,2
Horsens,Norway,2020,9
Horsens,Philippines,2020,11
Horsens,Poland,2020,152
Horsens,Portugal,2020,5
Horsens,Romania,2020,87
Horsens,Slovakia,2020,38
Horsens,Slovenia,2020,3
Horsens,Spain,2020,49
Horsens,Stateless,2020,1
Horsens,Sweden,2020,3
Horsens,Switzerland,2020,2
Horsens,Syria,2020,20
Horsens,Taiwan,2020,1
Horsens,Tanzania,2020,1
Horsens,Thailand,2020,1
Horsens,Turkey,2020,4
Horsens,USA,2020,7
Horsens,Ukraine,2020,17
Horsens,United Kingdom,2020,4
Horsens,Uzbekistan,2020,1
Horsens,Vietnam,2020,2
Hvidovre,Afghanistan,2020,2
Hvidovre,Argentina,2020,13
Hvidovre,Bangladesh,2020,7
Hvidovre,Bulgaria,2020,27
Hvidovre,Canada,2020,3
Hvidovre,Chile,2020,6
Hvidovre,China,2020,30
Hvidovre,Croatia,2020,2
Hvidovre,Czech Republic,2020,1
Hvidovre,Denmark,2020,102
Hvidovre,Estonia,2020,1
Hvidovre,Finland,2020,1
Hvidovre,France,2020,3
Hvidovre,Germany,2020,9
Hvidovre,Greece,2020,7
Hvidovre,Hungary,2020,10
Hvidovre,Iceland,2020,1
Hvidovre,India,2020,17
Hvidovre,Iran,2020,4
Hvidovre,Iraq,2020,3
Hvidovre,Italy,2020,15
Hvidovre,Japan,2020,1
Hvidovre,Kenya,2020,1
Hvidovre,Latvia,2020,5
Hvidovre,Lithuania,2020,15
Hvidovre,Malta,2020,1
Hvidovre,Mexico,2020,1
Hvidovre,Morocco,2020,2
Hvidovre,Nepal,2020,13
Hvidovre,Netherlands,2020,7
Hvidovre,Norway,2020,5
Hvidovre,Pakistan,2020,7
Hvidovre,Philippines,2020,1
Hvidovre,Poland,2020,13
Hvidovre,Portugal,2020,8
Hvidovre,Republic of North Macedonia,2020,2
Hvidovre,Romania,2020,27
Hvidovre,Russia,2020,1
Hvidovre,Slovakia,2020,5
Hvidovre,South Korea,2020,1
Hvidovre,Spain,2020,10
Hvidovre,Sweden,2020,14
Hvidovre,Taiwan,2020,1
Hvidovre,Thailand,2020,3
Hvidovre,Turkey,2020,8
Hvidovre,USA,2020,11
Hvidovre,Ukraine,2020,1
Hvidovre,United Kingdom,2020,8
Hvidovre,Vietnam,2020,1
Høje-Taastrup,Argentina,2020,9
Høje-Taastrup,Azerbaijan,2020,1
Høje-Taastrup,Bangladesh,2020,5
Høje-Taastrup,Bulgaria,2020,43
Høje-Taastrup,Cambodia,2020,1
Høje-Taastrup,Canada,2020,1
Høje-Taastrup,Chile,2020,1
Høje-Taastrup,China,2020,10
Høje-Taastrup,Croatia,2020,6
Høje-Taastrup,Czech Republic,2020,3
Høje-Taastrup,Denmark,2020,109
Høje-Taastrup,Egypt,2020,2
Høje-Taastrup,Estonia,2020,1
Høje-Taastrup,Finland,2020,1
Høje-Taastrup,Germany,2020,6
Høje-Taastrup,Ghana,2020,6
Høje-Taastrup,Greece,2020,1
Høje-Taastrup,Hungary,2020,8
Høje-Taastrup,Iceland,2020,1
Høje-Taastrup,India,2020,51
Høje-Taastrup,Iran,2020,5
Høje-Taastrup,Iraq,2020,3
Høje-Taastrup,Italy,2020,13
Høje-Taastrup,Latvia,2020,2
Høje-Taastrup,Lithuania,2020,19
Høje-Taastrup,Mexico,2020,1
Høje-Taastrup,Nepal,2020,17
Høje-Taastrup,Netherlands,2020,3
Høje-Taastrup,Nigeria,2020,1
Høje-Taastrup,Norway,2020,1
Høje-Taastrup,Not stated,2020,1
Høje-Taastrup,Pakistan,2020,15
Høje-Taastrup,Philippines,2020,1
Høje-Taastrup,Poland,2020,57
Høje-Taastrup,Portugal,2020,2
Høje-Taastrup,Romania,2020,27
Høje-Taastrup,Russia,2020,3
Høje-Taastrup,Slovakia,2020,4
Høje-Taastrup,South Korea,2020,1
Høje-Taastrup,Spain,2020,9
Høje-Taastrup,Sweden,2020,18
Høje-Taastrup,Thailand,2020,2
Høje-Taastrup,Turkey,2020,13
Høje-Taastrup,USA,2020,14
Høje-Taastrup,Ukraine,2020,1
Høje-Taastrup,United Kingdom,2020,3
Høje-Taastrup,Vietnam,2020,3
Hørsholm,Argentina,2020,4
Hørsholm,Brazil,2020,1
Hørsholm,Bulgaria,2020,3
Hørsholm,Cambodia,2020,1
Hørsholm,Canada,2020,1
Hørsholm,China,2020,3
Hørsholm,"Congo, Democratic Republic",2020,1
Hørsholm,Denmark,2020,64
Hørsholm,Germany,2020,1
Hørsholm,Greece,2020,1
Hørsholm,Hungary,2020,4
Hørsholm,India,2020,5
Hørsholm,Italy,2020,1
Hørsholm,Latvia,2020,1
Hørsholm,Lithuania,2020,7
Hørsholm,Morocco,2020,1
Hørsholm,Norway,2020,3
Hørsholm,Philippines,2020,53
Hørsholm,Poland,2020,1
Hørsholm,Romania,2020,2
Hørsholm,Russia,2020,3
Hørsholm,Slovakia,2020,1
Hørsholm,South Korea,2020,1
Hørsholm,Sweden,2020,8
Hørsholm,USA,2020,14
Hørsholm,Ukraine,2020,1
Hørsholm,United Kingdom,2020,1
Ikast-Brande,Afghanistan,2020,1
Ikast-Brande,Australia,2020,1
Ikast-Brande,Bosnia and Herzegovina,2020,1
Ikast-Brande,Brazil,2020,3
Ikast-Brande,Bulgaria,2020,4
Ikast-Brande,Cameroon,2020,1
Ikast-Brande,Cape Verde,2020,1
Ikast-Brande,Chile,2020,3
Ikast-Brande,Colombia,2020,1
Ikast-Brande,Croatia,2020,1
Ikast-Brande,Czech Republic,2020,2
Ikast-Brande,Denmark,2020,66
Ikast-Brande,El Salvador,2020,1
Ikast-Brande,Finland,2020,1
Ikast-Brande,France,2020,3
Ikast-Brande,Germany,2020,10
Ikast-Brande,Iceland,2020,5
Ikast-Brande,India,2020,29
Ikast-Brande,Italy,2020,6
Ikast-Brande,Latvia,2020,2
Ikast-Brande,Lithuania,2020,32
Ikast-Brande,Mexico,2020,1
Ikast-Brande,Netherlands,2020,1
Ikast-Brande,Norway,2020,3
Ikast-Brande,Poland,2020,11
Ikast-Brande,Portugal,2020,1
Ikast-Brande,Romania,2020,32
Ikast-Brande,Spain,2020,15
Ikast-Brande,Sweden,2020,1
Ikast-Brande,Thailand,2020,1
Ikast-Brande,Tunisia,2020,1
Ikast-Brande,Turkey,2020,4
Ikast-Brande,USA,2020,1
Ikast-Brande,Ukraine,2020,18
Ikast-Brande,United Kingdom,2020,8
Ikast-Brande,Uzbekistan,2020,1
Ikast-Brande,Vietnam,2020,1
Ishøj,Argentina,2020,11
Ishøj,Australia,2020,2
Ishøj,Bangladesh,2020,3
Ishøj,Brazil,2020,1
Ishøj,Bulgaria,2020,15
Ishøj,Cameroon,2020,3
Ishøj,Canada,2020,3
Ishøj,Chile,2020,6
Ishøj,China,2020,1
Ishøj,Denmark,2020,66
Ishøj,Germany,2020,6
Ishøj,Ghana,2020,1
Ishøj,Greece,2020,1
Ishøj,Hungary,2020,2
Ishøj,India,2020,22
Ishøj,Latvia,2020,1
Ishøj,Lithuania,2020,2
Ishøj,Nepal,2020,13
Ishøj,Netherlands,2020,2
Ishøj,Norway,2020,1
Ishøj,Pakistan,2020,14
Ishøj,Poland,2020,12
Ishøj,Portugal,2020,2
Ishøj,Romania,2020,11
Ishøj,Russia,2020,1
Ishøj,Slovakia,2020,1
Ishøj,South Korea,2020,4
Ishøj,Spain,2020,1
Ishøj,Sweden,2020,4
Ishøj,Turkey,2020,7
Ishøj,USA,2020,5
Ishøj,United Kingdom,2020,5
Jammerbugt,Armenia,2020,1
Jammerbugt,Australia,2020,2
Jammerbugt,Brazil,2020,1
Jammerbugt,Bulgaria,2020,6
Jammerbugt,"Congo, Democratic Republic",2020,1
Jammerbugt,Croatia,2020,1
Jammerbugt,Denmark,2020,58
Jammerbugt,Eritrea,2020,4
Jammerbugt,Germany,2020,5
Jammerbugt,Italy,2020,2
Jammerbugt,Latvia,2020,7
Jammerbugt,Lithuania,2020,6
Jammerbugt,North Korea,2020,2
Jammerbugt,Norway,2020,3
Jammerbugt,Philippines,2020,1
Jammerbugt,Poland,2020,9
Jammerbugt,Romania,2020,15
Jammerbugt,Stateless,2020,2
Jammerbugt,Sweden,2020,2
Jammerbugt,Syria,2020,4
Jammerbugt,Turkey,2020,1
Jammerbugt,Ukraine,2020,13
Kalundborg,Argentina,2020,5
Kalundborg,Brazil,2020,1
Kalundborg,Bulgaria,2020,5
Kalundborg,Burundi,2020,1
Kalundborg,Canada,2020,1
Kalundborg,China,2020,1
Kalundborg,"Congo, Democratic Republic",2020,3
Kalundborg,Czech Republic,2020,2
Kalundborg,Denmark,2020,80
Kalundborg,Eritrea,2020,1
Kalundborg,Estonia,2020,2
Kalundborg,Finland,2020,3
Kalundborg,France,2020,2
Kalundborg,Greece,2020,2
Kalundborg,Hungary,2020,3
Kalundborg,India,2020,5
Kalundborg,Iran,2020,2
Kalundborg,Italy,2020,2
Kalundborg,Ivory Coast,2020,1
Kalundborg,Japan,2020,10
Kalundborg,Kenya,2020,1
Kalundborg,Latvia,2020,4
Kalundborg,Lithuania,2020,17
Kalundborg,Malta,2020,1
Kalundborg,Mexico,2020,2
Kalundborg,Morocco,2020,1
Kalundborg,Norway,2020,2
Kalundborg,Pakistan,2020,3
Kalundborg,Philippines,2020,2
Kalundborg,Poland,2020,17
Kalundborg,Romania,2020,22
Kalundborg,Russia,2020,1
Kalundborg,Serbia,2020,1
Kalundborg,Somalia,2020,3
Kalundborg,Spain,2020,1
Kalundborg,Sweden,2020,6
Kalundborg,Syria,2020,7
Kalundborg,Thailand,2020,8
Kalundborg,Turkey,2020,1
Kalundborg,USA,2020,5
Kalundborg,Ukraine,2020,10
Kalundborg,United Kingdom,2020,2
Kerteminde,Australia,2020,2
Kerteminde,Bulgaria,2020,5
Kerteminde,Denmark,2020,56
Kerteminde,Estonia,2020,1
Kerteminde,France,2020,1
Kerteminde,Germany,2020,3
Kerteminde,Honduras,2020,1
Kerteminde,Ireland,2020,3
Kerteminde,Italy,2020,1
Kerteminde,Lithuania,2020,10
Kerteminde,Norway,2020,1
Kerteminde,Poland,2020,6
Kerteminde,Romania,2020,15
Kerteminde,Slovakia,2020,2
Kerteminde,Spain,2020,1
Kerteminde,Sudan,2020,1
Kerteminde,Syria,2020,18
Kerteminde,Thailand,2020,1
Kerteminde,Trinidad and Tobago,2020,1
Kerteminde,Turkey,2020,1
Kerteminde,Ukraine,2020,25
Kerteminde,United Kingdom,2020,5
Kerteminde,Vietnam,2020,1
Kolding,Afghanistan,2020,3
Kolding,Argentina,2020,1
Kolding,Australia,2020,1
Kolding,Austria,2020,5
Kolding,Bangladesh,2020,6
Kolding,Belgium,2020,5
Kolding,Bolivia,2020,1
Kolding,Bosnia and Herzegovina,2020,6
Kolding,Brazil,2020,3
Kolding,Bulgaria,2020,14
Kolding,Cameroon,2020,1
Kolding,Canada,2020,3
Kolding,China,2020,28
Kolding,Costa Rica,2020,1
Kolding,Croatia,2020,5
Kolding,Czech Republic,2020,9
Kolding,Denmark,2020,248
Kolding,Estonia,2020,1
Kolding,Finland,2020,6
Kolding,France,2020,16
Kolding,Germany,2020,33
Kolding,Ghana,2020,1
Kolding,Greece,2020,2
Kolding,Hungary,2020,26
Kolding,Iceland,2020,21
Kolding,India,2020,24
Kolding,Indonesia,2020,2
Kolding,Iran,2020,1
Kolding,Iraq,2020,3
Kolding,Ireland,2020,8
Kolding,Israel,2020,1
Kolding,Italy,2020,15
Kolding,Kenya,2020,1
Kolding,Latvia,2020,9
Kolding,Lithuania,2020,23
Kolding,Malta,2020,2
Kolding,Mexico,2020,2
Kolding,Morocco,2020,1
Kolding,Nepal,2020,3
Kolding,Netherlands,2020,15
Kolding,New Zealand,2020,3
Kolding,Nigeria,2020,1
Kolding,North Korea,2020,1
Kolding,Norway,2020,10
Kolding,Not stated,2020,49
Kolding,Pakistan,2020,1
Kolding,Philippines,2020,9
Kolding,Poland,2020,48
Kolding,Portugal,2020,1
Kolding,Republic of North Macedonia,2020,1
Kolding,Romania,2020,42
Kolding,Russia,2020,2
Kolding,Serbia,2020,1
Kolding,Singapore,2020,1
Kolding,Slovakia,2020,25
Kolding,Slovenia,2020,1
Kolding,Somalia,2020,9
Kolding,South Korea,2020,3
Kolding,Spain,2020,13
Kolding,Sri Lanka,2020,1
Kolding,Stateless,2020,1
Kolding,Sweden,2020,10
Kolding,Switzerland,2020,3
Kolding,Syria,2020,13
Kolding,Taiwan,2020,2
Kolding,Tanzania,2020,2
Kolding,Thailand,2020,5
Kolding,Tunisia,2020,1
Kolding,Turkey,2020,5
Kolding,USA,2020,9
Kolding,Ukraine,2020,14
Kolding,United Kingdom,2020,13
Kolding,Uruguay,2020,1
Kolding,Venezuela,2020,1
Kolding,Vietnam,2020,4
Køge,Argentina,2020,1
Køge,Australia,2020,1
Køge,Austria,2020,2
Køge,Brazil,2020,1
Køge,Bulgaria,2020,8
Køge,Cameroon,2020,3
Køge,China,2020,2
Køge,Croatia,2020,1
Køge,Czech Republic,2020,5
Køge,Denmark,2020,118
Køge,Finland,2020,2
Køge,Germany,2020,8
Køge,Ghana,2020,2
Køge,Greece,2020,1
Køge,Hungary,2020,7
Køge,Iran,2020,1
Køge,Iraq,2020,1
Køge,Italy,2020,1
Køge,Latvia,2020,6
Køge,Lithuania,2020,7
Køge,Mexico,2020,1
Køge,Netherlands,2020,3
Køge,Norway,2020,3
Køge,Poland,2020,26
Køge,Portugal,2020,1
Køge,Romania,2020,16
Køge,Russia,2020,1
Køge,Slovakia,2020,4
Køge,South Korea,2020,1
Køge,Sweden,2020,6
Køge,Syria,2020,6
Køge,Thailand,2020,1
Køge,Turkey,2020,5
Køge,USA,2020,7
Køge,Ukraine,2020,3
Køge,United Kingdom,2020,1
Langeland,Argentina,2020,5
Langeland,Belgium,2020,1
Langeland,Chile,2020,1
Langeland,Croatia,2020,2
Langeland,Denmark,2020,25
Langeland,Germany,2020,3
Langeland,Hungary,2020,1
Langeland,Iceland,2020,1
Langeland,Lithuania,2020,4
Langeland,Myanmar,2020,1
Langeland,Norway,2020,3
Langeland,Philippines,2020,1
Langeland,Poland,2020,13
Langeland,Romania,2020,3
Langeland,Russia,2020,1
Langeland,Slovakia,2020,1
Langeland,Ukraine,2020,7
Langeland,United Kingdom,2020,2
Lejre,Argentina,2020,1
Lejre,Australia,2020,1
Lejre,Bulgaria,2020,2
Lejre,Chile,2020,1
Lejre,Croatia,2020,1
Lejre,Czech Republic,2020,1
Lejre,Denmark,2020,47
Lejre,Eritrea,2020,3
Lejre,Estonia,2020,1
Lejre,Finland,2020,1
Lejre,France,2020,1
Lejre,Honduras,2020,1
Lejre,Hungary,2020,2
Lejre,India,2020,5
Lejre,Iraq,2020,1
Lejre,Italy,2020,1
Lejre,Japan,2020,1
Lejre,Lithuania,2020,3
Lejre,Philippines,2020,1
Lejre,Poland,2020,4
Lejre,Romania,2020,9
Lejre,Singapore,2020,1
Lejre,Slovakia,2020,3
Lejre,Sweden,2020,4
Lejre,Syria,2020,1
Lejre,USA,2020,1
Lejre,Ukraine,2020,1
Lemvig,Austria,2020,1
Lemvig,Bulgaria,2020,1
Lemvig,Canada,2020,1
Lemvig,Denmark,2020,38
Lemvig,Germany,2020,2
Lemvig,Iceland,2020,1
Lemvig,Latvia,2020,4
Lemvig,Netherlands,2020,2
Lemvig,Poland,2020,9
Lemvig,Portugal,2020,10
Lemvig,Romania,2020,18
Lemvig,Sweden,2020,1
Lemvig,Syria,2020,1
Lemvig,Thailand,2020,1
Lemvig,USA,2020,3
Lemvig,Ukraine,2020,10
Lolland,Afghanistan,2020,1
Lolland,Argentina,2020,1
Lolland,Australia,2020,1
Lolland,Bulgaria,2020,7
Lolland,Canada,2020,1
Lolland,China,2020,2
Lolland,Denmark,2020,81
Lolland,Ecuador,2020,1
Lolland,Eritrea,2020,2
Lolland,Iceland,2020,1
Lolland,India,2020,1
Lolland,Italy,2020,1
Lolland,Lithuania,2020,3
Lolland,Netherlands,2020,1
Lolland,Norway,2020,3
Lolland,Philippines,2020,3
Lolland,Poland,2020,13
Lolland,Republic of North Macedonia,2020,1
Lolland,Romania,2020,12
Lolland,Russia,2020,1
Lolland,Sweden,2020,4
Lolland,Syria,2020,3
Lolland,Thailand,2020,4
Lolland,USA,2020,1
Lolland,Ukraine,2020,5
Lolland,United Kingdom,2020,1
Lolland,Vietnam,2020,2
Lolland,Yugoslavia,2020,1
Lyngby-Taarbæk,Afghanistan,2020,1
Lyngby-Taarbæk,Argentina,2020,7
Lyngby-Taarbæk,Australia,2020,23
Lyngby-Taarbæk,Austria,2020,9
Lyngby-Taarbæk,Bangladesh,2020,2
Lyngby-Taarbæk,Belgium,2020,11
Lyngby-Taarbæk,Bosnia and Herzegovina,2020,2
Lyngby-Taarbæk,Brazil,2020,10
Lyngby-Taarbæk,Bulgaria,2020,4
Lyngby-Taarbæk,Canada,2020,9
Lyngby-Taarbæk,Chile,2020,8
Lyngby-Taarbæk,China,2020,133
Lyngby-Taarbæk,Colombia,2020,2
Lyngby-Taarbæk,Croatia,2020,3
Lyngby-Taarbæk,Cyprus,2020,1
Lyngby-Taarbæk,Czech Republic,2020,4
Lyngby-Taarbæk,Denmark,2020,199
Lyngby-Taarbæk,Egypt,2020,2
Lyngby-Taarbæk,Finland,2020,8
Lyngby-Taarbæk,France,2020,53
Lyngby-Taarbæk,Germany,2020,48
Lyngby-Taarbæk,Greece,2020,10
Lyngby-Taarbæk,Honduras,2020,1
Lyngby-Taarbæk,Hungary,2020,5
Lyngby-Taarbæk,Iceland,2020,17
Lyngby-Taarbæk,India,2020,60
Lyngby-Taarbæk,Indonesia,2020,3
Lyngby-Taarbæk,Iran,2020,14
Lyngby-Taarbæk,Israel,2020,3
Lyngby-Taarbæk,Italy,2020,37
Lyngby-Taarbæk,Japan,2020,11
Lyngby-Taarbæk,Latvia,2020,1
Lyngby-Taarbæk,Libya,2020,6
Lyngby-Taarbæk,Lithuania,2020,9
Lyngby-Taarbæk,Malaysia,2020,1
Lyngby-Taarbæk,Mexico,2020,12
Lyngby-Taarbæk,Morocco,2020,2
Lyngby-Taarbæk,Nepal,2020,1
Lyngby-Taarbæk,Netherlands,2020,18
Lyngby-Taarbæk,New Zealand,2020,3
Lyngby-Taarbæk,Nigeria,2020,2
Lyngby-Taarbæk,North Korea,2020,4
Lyngby-Taarbæk,Norway,2020,11
Lyngby-Taarbæk,Pakistan,2020,4
Lyngby-Taarbæk,Philippines,2020,37
Lyngby-Taarbæk,Poland,2020,18
Lyngby-Taarbæk,Portugal,2020,8
Lyngby-Taarbæk,Republic of North Macedonia,2020,1
Lyngby-Taarbæk,Romania,2020,7
Lyngby-Taarbæk,Russia,2020,4
Lyngby-Taarbæk,Serbia,2020,1
Lyngby-Taarbæk,Singapore,2020,29
Lyngby-Taarbæk,Slovakia,2020,3
Lyngby-Taarbæk,Slovenia,2020,1
Lyngby-Taarbæk,South Africa,2020,1
Lyngby-Taarbæk,South Korea,2020,27
Lyngby-Taarbæk,Spain,2020,29
Lyngby-Taarbæk,Stateless,2020,3
Lyngby-Taarbæk,Sweden,2020,9
Lyngby-Taarbæk,Switzerland,2020,8
Lyngby-Taarbæk,Syria,2020,3
Lyngby-Taarbæk,Taiwan,2020,2
Lyngby-Taarbæk,Tanzania,2020,1
Lyngby-Taarbæk,Thailand,2020,4
Lyngby-Taarbæk,Tunisia,2020,2
Lyngby-Taarbæk,Turkey,2020,13
Lyngby-Taarbæk,USA,2020,70
Lyngby-Taarbæk,Ukraine,2020,3
Lyngby-Taarbæk,United Kingdom,2020,29
Lyngby-Taarbæk,Venezuela,2020,1
Lyngby-Taarbæk,Vietnam,2020,2
Lyngby-Taarbæk,Yugoslavia,2020,2
Læsø,Denmark,2020,2
Læsø,Nepal,2020,1
Læsø,Romania,2020,1
Læsø,Thailand,2020,1
Læsø,Ukraine,2020,1
Mariagerfjord,Austria,2020,1
Mariagerfjord,Belarus,2020,2
Mariagerfjord,Belgium,2020,1
Mariagerfjord,Bosnia and Herzegovina,2020,1
Mariagerfjord,Brazil,2020,5
Mariagerfjord,Bulgaria,2020,5
Mariagerfjord,"Congo, Democratic Republic",2020,1
Mariagerfjord,Costa Rica,2020,1
Mariagerfjord,Croatia,2020,6
Mariagerfjord,Czech Republic,2020,1
Mariagerfjord,Denmark,2020,75
Mariagerfjord,Estonia,2020,6
Mariagerfjord,Germany,2020,3
Mariagerfjord,Hungary,2020,1
Mariagerfjord,Iceland,2020,2
Mariagerfjord,Iran,2020,1
Mariagerfjord,Iraq,2020,1
Mariagerfjord,Italy,2020,2
Mariagerfjord,Latvia,2020,2
Mariagerfjord,Lithuania,2020,9
Mariagerfjord,Malaysia,2020,1
Mariagerfjord,Moldova,2020,2
Mariagerfjord,Norway,2020,5
Mariagerfjord,Poland,2020,23
Mariagerfjord,Romania,2020,53
Mariagerfjord,Russia,2020,2
Mariagerfjord,Slovakia,2020,4
Mariagerfjord,Sweden,2020,1
Mariagerfjord,Syria,2020,13
Mariagerfjord,USA,2020,3
Mariagerfjord,Ukraine,2020,18
Mariagerfjord,United Kingdom,2020,3
Middelfart,Argentina,2020,1
Middelfart,Belgium,2020,2
Middelfart,Brazil,2020,2
Middelfart,Bulgaria,2020,3
Middelfart,Canada,2020,1
Middelfart,China,2020,2
Middelfart,Denmark,2020,74
Middelfart,Finland,2020,1
Middelfart,France,2020,2
Middelfart,Georgia,2020,1
Middelfart,Germany,2020,7
Middelfart,Hungary,2020,15
Middelfart,Ireland,2020,4
Middelfart,Italy,2020,3
Middelfart,Japan,2020,4
Middelfart,Kenya,2020,1
Middelfart,Latvia,2020,4
Middelfart,Lithuania,2020,24
Middelfart,Mexico,2020,1
Middelfart,Nepal,2020,4
Middelfart,North Korea,2020,1
Middelfart,Poland,2020,2
Middelfart,Portugal,2020,1
Middelfart,Romania,2020,17
Middelfart,Russia,2020,1
Middelfart,Sweden,2020,1
Middelfart,Syria,2020,2
Middelfart,Thailand,2020,4
Middelfart,Turkey,2020,3
Middelfart,USA,2020,4
Middelfart,Ukraine,2020,4
Middelfart,United Kingdom,2020,4
Middelfart,Vietnam,2020,1
Morsø,Australia,2020,1
Morsø,Chile,2020,2
Morsø,Colombia,2020,2
Morsø,Denmark,2020,70
Morsø,Estonia,2020,1
Morsø,France,2020,2
Morsø,Kenya,2020,1
Morsø,Latvia,2020,4
Morsø,Lithuania,2020,1
Morsø,Netherlands,2020,1
Morsø,New Zealand,2020,1
Morsø,Norway,2020,1
Morsø,Poland,2020,12
Morsø,Romania,2020,18
Morsø,Sweden,2020,2
Morsø,Syria,2020,4
Morsø,Ukraine,2020,11
Morsø,United Kingdom,2020,2
Norddjurs,Austria,2020,1
Norddjurs,Bosnia and Herzegovina,2020,2
Norddjurs,China,2020,2
Norddjurs,Denmark,2020,60
Norddjurs,Eritrea,2020,1
Norddjurs,Estonia,2020,1
Norddjurs,Finland,2020,2
Norddjurs,Germany,2020,2
Norddjurs,Hungary,2020,1
Norddjurs,Iceland,2020,1
Norddjurs,Iraq,2020,4
Norddjurs,Italy,2020,3
Norddjurs,Japan,2020,1
Norddjurs,Laos,2020,1
Norddjurs,Latvia,2020,3
Norddjurs,Liechtenstein,2020,1
Norddjurs,Lithuania,2020,96
Norddjurs,Netherlands,2020,1
Norddjurs,Norway,2020,5
Norddjurs,Poland,2020,31
Norddjurs,Romania,2020,25
Norddjurs,San Marino,2020,1
Norddjurs,Slovakia,2020,2
Norddjurs,Sweden,2020,2
Norddjurs,Switzerland,2020,1
Norddjurs,Syria,2020,1
Norddjurs,Turkey,2020,2
Norddjurs,Ukraine,2020,17
Norddjurs,United Kingdom,2020,4
Nordfyns,Albania,2020,1
Nordfyns,Australia,2020,4
Nordfyns,Austria,2020,1
Nordfyns,Brazil,2020,1
Nordfyns,Bulgaria,2020,3
Nordfyns,Chile,2020,1
Nordfyns,Czech Republic,2020,1
Nordfyns,Denmark,2020,44
Nordfyns,Estonia,2020,1
Nordfyns,Germany,2020,2
Nordfyns,Ghana,2020,1
Nordfyns,Hungary,2020,4
Nordfyns,Iceland,2020,3
Nordfyns,Italy,2020,4
Nordfyns,Japan,2020,20
Nordfyns,Kenya,2020,1
Nordfyns,Latvia,2020,3
Nordfyns,Lithuania,2020,56
Nordfyns,Mexico,2020,1
Nordfyns,Moldova,2020,1
Nordfyns,Nepal,2020,3
Nordfyns,Netherlands,2020,2
Nordfyns,Norway,2020,1
Nordfyns,Not stated,2020,1
Nordfyns,Philippines,2020,2
Nordfyns,Poland,2020,16
Nordfyns,Portugal,2020,1
Nordfyns,Romania,2020,21
Nordfyns,South Korea,2020,1
Nordfyns,Spain,2020,2
Nordfyns,Syria,2020,5
Nordfyns,Ukraine,2020,33
Nordfyns,United Kingdom,2020,5
Nordfyns,Vietnam,2020,3
Nyborg,Belgium,2020,1
Nyborg,Bulgaria,2020,1
Nyborg,Canada,2020,11
Nyborg,Chile,2020,2
Nyborg,China,2020,1
Nyborg,Denmark,2020,59
Nyborg,Finland,2020,1
Nyborg,France,2020,2
Nyborg,Germany,2020,4
Nyborg,Greece,2020,1
Nyborg,Hungary,2020,3
Nyborg,Iceland,2020,6
Nyborg,Indonesia,2020,1
Nyborg,Ireland,2020,6
Nyborg,Italy,2020,1
Nyborg,Japan,2020,1
Nyborg,Latvia,2020,6
Nyborg,Lithuania,2020,18
Nyborg,Philippines,2020,1
Nyborg,Poland,2020,7
Nyborg,Romania,2020,14
Nyborg,Russia,2020,2
Nyborg,Serbia,2020,1
Nyborg,Slovakia,2020,4
Nyborg,South Africa,2020,1
Nyborg,Spain,2020,4
Nyborg,Sweden,2020,3
Nyborg,Syria,2020,11
Nyborg,Thailand,2020,1
Nyborg,Ukraine,2020,2
Nyborg,United Kingdom,2020,6
Nyborg,Vietnam,2020,1
Næstved,Australia,2020,4
Næstved,Austria,2020,2
Næstved,Azerbaijan,2020,2
Næstved,Belarus,2020,2
Næstved,Belgium,2020,7
Næstved,Brazil,2020,9
Næstved,Bulgaria,2020,24
Næstved,Canada,2020,3
Næstved,Cape Verde,2020,1
Næstved,Chile,2020,2
Næstved,China,2020,20
Næstved,Colombia,2020,1
Næstved,Croatia,2020,2
Næstved,Czech Republic,2020,5
Næstved,Denmark,2020,134
Næstved,Ecuador,2020,2
Næstved,Eritrea,2020,1
Næstved,Estonia,2020,3
Næstved,Finland,2020,1
Næstved,France,2020,4
Næstved,Gabon,2020,1
Næstved,Germany,2020,11
Næstved,Ghana,2020,1
Næstved,Greece,2020,1
Næstved,Hungary,2020,3
Næstved,Iceland,2020,2
Næstved,India,2020,11
Næstved,Indonesia,2020,3
Næstved,Iran,2020,8
Næstved,Iraq,2020,6
Næstved,Italy,2020,5
Næstved,Japan,2020,1
Næstved,Kenya,2020,1
Næstved,Latvia,2020,2
Næstved,Lithuania,2020,19
Næstved,Morocco,2020,2
Næstved,Nepal,2020,2
Næstved,Netherlands,2020,7
Næstved,New Zealand,2020,1
Næstved,Norway,2020,7
Næstved,Pakistan,2020,2
Næstved,Panama,2020,1
Næstved,Philippines,2020,14
Næstved,Poland,2020,49
Næstved,Portugal,2020,7
Næstved,Republic of North Macedonia,2020,3
Næstved,Romania,2020,40
Næstved,Russia,2020,4
Næstved,Serbia,2020,5
Næstved,Slovakia,2020,4
Næstved,Spain,2020,6
Næstved,Sri Lanka,2020,1
Næstved,Sweden,2020,3
Næstved,Syria,2020,11
Næstved,Tanzania,2020,1
Næstved,Thailand,2020,3
Næstved,Turkey,2020,3
Næstved,USA,2020,8
Næstved,Ukraine,2020,19
Næstved,United Kingdom,2020,5
Næstved,Vietnam,2020,3
Odder,Argentina,2020,1
Odder,Australia,2020,3
Odder,Bulgaria,2020,1
Odder,China,2020,2
Odder,Denmark,2020,47
Odder,Finland,2020,1
Odder,Germany,2020,10
Odder,Hungary,2020,1
Odder,Iceland,2020,1
Odder,Italy,2020,2
Odder,Japan,2020,7
Odder,Latvia,2020,1
Odder,Lithuania,2020,14
Odder,Nepal,2020,1
Odder,New Zealand,2020,1
Odder,Norway,2020,1
Odder,Poland,2020,3
Odder,Romania,2020,12
Odder,Slovakia,2020,3
Odder,Spain,2020,1
Odder,Syria,2020,2
Odder,Thailand,2020,1
Odder,Ukraine,2020,4
Odense,Afghanistan,2020,1
Odense,Albania,2020,1
Odense,Argentina,2020,8
Odense,Armenia,2020,4
Odense,Australia,2020,15
Odense,Austria,2020,16
Odense,Bangladesh,2020,12
Odense,Barbados,2020,2
Odense,Belarus,2020,2
Odense,Belgium,2020,19
Odense,Benin,2020,1
Odense,Bosnia and Herzegovina,2020,2
Odense,Brazil,2020,21
Odense,Bulgaria,2020,27
Odense,Burundi,2020,1
Odense,Canada,2020,37
Odense,Chile,2020,8
Odense,China,2020,82
Odense,Colombia,2020,1
Odense,Costa Rica,2020,1
Odense,Croatia,2020,9
Odense,Cuba,2020,1
Odense,Cyprus,2020,3
Odense,Czech Republic,2020,45
Odense,Denmark,2020,646
Odense,Egypt,2020,3
Odense,Eritrea,2020,1
Odense,Estonia,2020,12
Odense,Ethiopia,2020,1
Odense,Finland,2020,31
Odense,France,2020,144
Odense,"Gambia, The",2020,1
Odense,Georgia,2020,2
Odense,Germany,2020,236
Odense,Ghana,2020,1
Odense,Greece,2020,31
Odense,Hungary,2020,39
Odense,Iceland,2020,63
Odense,India,2020,37
Odense,Indonesia,2020,3
Odense,Iran,2020,18
Odense,Iraq,2020,2
Odense,Ireland,2020,64
Odense,Israel,2020,1
Odense,Italy,2020,77
Odense,Jamaica,2020,1
Odense,Japan,2020,18
Odense,Kazakhstan,2020,2
Odense,Kenya,2020,3
Odense,Kosovo,2020,11
Odense,Latvia,2020,28
Odense,Lebanon,2020,2
Odense,Liechtenstein,2020,1
Odense,Lithuania,2020,58
Odense,Luxembourg,2020,1
Odense,Malaysia,2020,4
Odense,Mauritius,2020,1
Odense,Mexico,2020,23
Odense,Moldova,2020,2
Odense,Morocco,2020,4
Odense,Namibia,2020,2
Odense,Nepal,2020,13
Odense,Netherlands,2020,60
Odense,New Zealand,2020,3
Odense,Nigeria,2020,5
Odense,North Korea,2020,6
Odense,Norway,2020,132
Odense,Not stated,2020,2
Odense,Pakistan,2020,6
Odense,Peru,2020,2
Odense,Philippines,2020,32
Odense,Poland,2020,141
Odense,Portugal,2020,31
Odense,Qatar,2020,1
Odense,Republic of North Macedonia,2020,2
Odense,Romania,2020,219
Odense,Russia,2020,13
Odense,Serbia,2020,4
Odense,Serbia and Montenegro,2020,1
Odense,Singapore,2020,9
Odense,Slovakia,2020,49
Odense,Slovenia,2020,10
Odense,Somalia,2020,8
Odense,South Africa,2020,45
Odense,South Korea,2020,26
Odense,Spain,2020,87
Odense,Sri Lanka,2020,2
Odense,Stateless,2020,1
Odense,Sweden,2020,31
Odense,Switzerland,2020,17
Odense,Syria,2020,20
Odense,Taiwan,2020,10
Odense,Tajikistan,2020,1
Odense,Tanzania,2020,9
Odense,Thailand,2020,10
Odense,Turkey,2020,25
Odense,USA,2020,66
Odense,Ukraine,2020,203
Odense,United Kingdom,2020,62
Odense,Venezuela,2020,1
Odense,Vietnam,2020,17
Odsherred,Argentina,2020,4
Odsherred,Bulgaria,2020,3
Odsherred,Chile,2020,2
Odsherred,Croatia,2020,2
Odsherred,Denmark,2020,50
Odsherred,Egypt,2020,1
Odsherred,Germany,2020,3
Odsherred,Hungary,2020,1
Odsherred,Iceland,2020,2
Odsherred,Italy,2020,1
Odsherred,Japan,2020,2
Odsherred,Latvia,2020,1
Odsherred,Lithuania,2020,2
Odsherred,Netherlands,2020,1
Odsherred,Norway,2020,2
Odsherred,Poland,2020,8
Odsherred,Portugal,2020,1
Odsherred,Romania,2020,12
Odsherred,Russia,2020,2
Odsherred,Spain,2020,3
Odsherred,Sri Lanka,2020,1
Odsherred,Sweden,2020,1
Odsherred,Syria,2020,1
Odsherred,Thailand,2020,2
Odsherred,Turkey,2020,1
Odsherred,Ukraine,2020,2
Odsherred,United Kingdom,2020,4
Randers,Argentina,2020,1
Randers,Australia,2020,1
Randers,Bosnia and Herzegovina,2020,1
Randers,Brazil,2020,1
Randers,Bulgaria,2020,1
Randers,Chile,2020,1
Randers,China,2020,3
Randers,Colombia,2020,1
Randers,"Congo, Democratic Republic",2020,1
Randers,Croatia,2020,1
Randers,Czech Republic,2020,3
Randers,Denmark,2020,170
Randers,Estonia,2020,1
Randers,Finland,2020,1
Randers,France,2020,1
Randers,Georgia,2020,1
Randers,Germany,2020,5
Randers,Hungary,2020,11
Randers,Iceland,2020,1
Randers,Italy,2020,6
Randers,Japan,2020,7
Randers,Latvia,2020,9
Randers,Lithuania,2020,13
Randers,Norway,2020,6
Randers,Philippines,2020,4
Randers,Poland,2020,22
Randers,Romania,2020,62
Randers,Russia,2020,6
Randers,Slovakia,2020,3
Randers,Slovenia,2020,1
Randers,South Korea,2020,1
Randers,Spain,2020,2
Randers,Stateless,2020,7
Randers,Sweden,2020,4
Randers,Switzerland,2020,1
Randers,Syria,2020,5
Randers,Thailand,2020,4
Randers,Turkey,2020,3
Randers,USA,2020,8
Randers,Ukraine,2020,13
Randers,United Kingdom,2020,1
Rebild,Argentina,2020,3
Rebild,Bulgaria,2020,4
Rebild,Colombia,2020,1
Rebild,Czech Republic,2020,3
Rebild,Denmark,2020,40
Rebild,Eritrea,2020,1
Rebild,Latvia,2020,6
Rebild,Philippines,2020,1
Rebild,Poland,2020,13
Rebild,Romania,2020,9
Rebild,Slovakia,2020,1
Rebild,Syria,2020,1
Rebild,Togo,2020,1
Rebild,Ukraine,2020,49
Rebild,Zambia,2020,1
Ringkøbing-Skjern,Afghanistan,2020,1
Ringkøbing-Skjern,Australia,2020,1
Ringkøbing-Skjern,Belarus,2020,1
Ringkøbing-Skjern,Belgium,2020,3
Ringkøbing-Skjern,Bosnia and Herzegovina,2020,1
Ringkøbing-Skjern,Brazil,2020,1
Ringkøbing-Skjern,Bulgaria,2020,5
Ringkøbing-Skjern,Chile,2020,1
Ringkøbing-Skjern,China,2020,5
Ringkøbing-Skjern,"Congo, Democratic Republic",2020,4
Ringkøbing-Skjern,Czech Republic,2020,2
Ringkøbing-Skjern,Denmark,2020,119
Ringkøbing-Skjern,Eritrea,2020,1
Ringkøbing-Skjern,France,2020,2
Ringkøbing-Skjern,Germany,2020,17
Ringkøbing-Skjern,Hungary,2020,2
Ringkøbing-Skjern,Iceland,2020,6
Ringkøbing-Skjern,India,2020,6
Ringkøbing-Skjern,Italy,2020,5
Ringkøbing-Skjern,Japan,2020,7
Ringkøbing-Skjern,Latvia,2020,3
Ringkøbing-Skjern,Lithuania,2020,23
Ringkøbing-Skjern,Mexico,2020,2
Ringkøbing-Skjern,Nepal,2020,2
Ringkøbing-Skjern,Norway,2020,3
Ringkøbing-Skjern,Pakistan,2020,2
Ringkøbing-Skjern,Philippines,2020,5
Ringkøbing-Skjern,Poland,2020,39
Ringkøbing-Skjern,Romania,2020,140
Ringkøbing-Skjern,Russia,2020,1
Ringkøbing-Skjern,Slovakia,2020,1
Ringkøbing-Skjern,Somalia,2020,1
Ringkøbing-Skjern,South Korea,2020,3
Ringkøbing-Skjern,Stateless,2020,2
Ringkøbing-Skjern,Sweden,2020,2
Ringkøbing-Skjern,Syria,2020,13
Ringkøbing-Skjern,Thailand,2020,1
Ringkøbing-Skjern,Ukraine,2020,48
Ringkøbing-Skjern,United Kingdom,2020,3
Ringkøbing-Skjern,Vietnam,2020,1
Ringsted,Argentina,2020,1
Ringsted,Bangladesh,2020,1
Ringsted,Brazil,2020,2
Ringsted,Bulgaria,2020,6
Ringsted,China,2020,3
Ringsted,Croatia,2020,3
Ringsted,Czech Republic,2020,1
Ringsted,Denmark,2020,64
Ringsted,France,2020,1
Ringsted,Germany,2020,1
Ringsted,Hungary,2020,4
Ringsted,India,2020,3
Ringsted,Iran,2020,1
Ringsted,Iraq,2020,7
Ringsted,Italy,2020,1
Ringsted,Japan,2020,1
Ringsted,Latvia,2020,5
Ringsted,Lithuania,2020,3
Ringsted,Malta,2020,2
Ringsted,Morocco,2020,4
Ringsted,Netherlands,2020,5
Ringsted,Norway,2020,1
Ringsted,Not stated,2020,2
Ringsted,Poland,2020,32
Ringsted,Portugal,2020,8
Ringsted,Romania,2020,21
Ringsted,Spain,2020,1
Ringsted,Syria,2020,1
Ringsted,Turkey,2020,3
Ringsted,Ukraine,2020,2
Ringsted,United Kingdom,2020,1
Roskilde,Argentina,2020,6
Roskilde,Australia,2020,7
Roskilde,Austria,2020,3
Roskilde,Belarus,2020,1
Roskilde,Belgium,2020,12
Roskilde,Bolivia,2020,1
Roskilde,Brazil,2020,14
Roskilde,Bulgaria,2020,15
Roskilde,Canada,2020,4
Roskilde,Cape Verde,2020,1
Roskilde,Chile,2020,2
Roskilde,China,2020,34
Roskilde,Colombia,2020,5
Roskilde,Costa Rica,2020,1
Roskilde,Croatia,2020,5
Roskilde,Cyprus,2020,1
Roskilde,Czech Republic,2020,5
Roskilde,Denmark,2020,201
Roskilde,Egypt,2020,3
Roskilde,Estonia,2020,5
Roskilde,Ethiopia,2020,1
Roskilde,Finland,2020,3
Roskilde,France,2020,20
Roskilde,Germany,2020,34
Roskilde,Greece,2020,2
Roskilde,Hungary,2020,1
Roskilde,Iceland,2020,14
Roskilde,India,2020,12
Roskilde,Indonesia,2020,4
Roskilde,Iran,2020,3
Roskilde,Iraq,2020,1
Roskilde,Ireland,2020,4
Roskilde,Italy,2020,20
Roskilde,Japan,2020,10
Roskilde,Kenya,2020,1
Roskilde,Latvia,2020,6
Roskilde,Lithuania,2020,17
Roskilde,Mexico,2020,2
Roskilde,Moldova,2020,2
Roskilde,Morocco,2020,2
Roskilde,Nepal,2020,1
Roskilde,Netherlands,2020,11
Roskilde,New Zealand,2020,1
Roskilde,Norway,2020,4
Roskilde,Not stated,2020,1
Roskilde,Pakistan,2020,3
Roskilde,Peru,2020,2
Roskilde,Philippines,2020,21
Roskilde,Poland,2020,28
Roskilde,Portugal,2020,3
Roskilde,Romania,2020,22
Roskilde,Russia,2020,5
Roskilde,Slovakia,2020,11
Roskilde,South Africa,2020,1
Roskilde,South Korea,2020,10
Roskilde,Spain,2020,20
Roskilde,Stateless,2020,1
Roskilde,Sweden,2020,7
Roskilde,Switzerland,2020,1
Roskilde,Syria,2020,6
Roskilde,Thailand,2020,2
Roskilde,Tunisia,2020,1
Roskilde,Turkey,2020,16
Roskilde,USA,2020,45
Roskilde,Ukraine,2020,4
Roskilde,United Kingdom,2020,12
Roskilde,Venezuela,2020,1
Roskilde,Vietnam,2020,6
Rudersdal,Afghanistan,2020,1
Rudersdal,Argentina,2020,5
Rudersdal,Australia,2020,13
Rudersdal,Austria,2020,3
Rudersdal,Belarus,2020,1
Rudersdal,Belgium,2020,4
Rudersdal,Brazil,2020,8
Rudersdal,Bulgaria,2020,4
Rudersdal,Canada,2020,5
Rudersdal,Chile,2020,2
Rudersdal,China,2020,57
Rudersdal,Colombia,2020,1
Rudersdal,Croatia,2020,3
Rudersdal,Cyprus,2020,2
Rudersdal,Czech Republic,2020,4
Rudersdal,Denmark,2020,247
Rudersdal,Ecuador,2020,1
Rudersdal,Estonia,2020,2
Rudersdal,Ethiopia,2020,1
Rudersdal,Finland,2020,6
Rudersdal,France,2020,31
Rudersdal,Germany,2020,20
Rudersdal,Ghana,2020,2
Rudersdal,Greece,2020,6
Rudersdal,Hungary,2020,4
Rudersdal,Iceland,2020,4
Rudersdal,India,2020,22
Rudersdal,Indonesia,2020,1
Rudersdal,Iran,2020,6
Rudersdal,Ireland,2020,5
Rudersdal,Italy,2020,19
Rudersdal,Japan,2020,1
Rudersdal,Kenya,2020,1
Rudersdal,Latvia,2020,1
Rudersdal,Lithuania,2020,7
Rudersdal,Malaysia,2020,1
Rudersdal,Mexico,2020,3
Rudersdal,Mozambique,2020,1
Rudersdal,Nepal,2020,2
Rudersdal,Netherlands,2020,14
Rudersdal,New Zealand,2020,1
Rudersdal,Norway,2020,5
Rudersdal,Philippines,2020,73
Rudersdal,Poland,2020,16
Rudersdal,Portugal,2020,8
Rudersdal,Romania,2020,19
Rudersdal,Russia,2020,2
Rudersdal,Saudi Arabia,2020,1
Rudersdal,Singapore,2020,2
Rudersdal,Slovenia,2020,2
Rudersdal,Somalia,2020,1
Rudersdal,South Africa,2020,4
Rudersdal,South Korea,2020,11
Rudersdal,Spain,2020,18
Rudersdal,Sweden,2020,7
Rudersdal,Switzerland,2020,9
Rudersdal,Syria,2020,7
Rudersdal,Thailand,2020,4
Rudersdal,Tunisia,2020,1
Rudersdal,Turkey,2020,2
Rudersdal,USA,2020,41
Rudersdal,Ukraine,2020,3
Rudersdal,United Kingdom,2020,18
Rudersdal,Zimbabwe,2020,1
Rødovre,Argentina,2020,52
Rødovre,Australia,2020,1
Rødovre,Bangladesh,2020,7
Rødovre,Belgium,2020,1
Rødovre,Bolivia,2020,1
Rødovre,Brazil,2020,3
Rødovre,Bulgaria,2020,11
Rødovre,Cambodia,2020,1
Rødovre,Chile,2020,26
Rødovre,China,2020,10
Rødovre,Croatia,2020,2
Rødovre,Denmark,2020,72
Rødovre,Ethiopia,2020,3
Rødovre,Finland,2020,6
Rødovre,France,2020,1
Rødovre,Germany,2020,4
Rødovre,Hungary,2020,6
Rødovre,Iceland,2020,9
Rødovre,India,2020,16
Rødovre,Indonesia,2020,1
Rødovre,Iraq,2020,1
Rødovre,Italy,2020,10
Rødovre,Japan,2020,1
Rødovre,Jordan,2020,1
Rødovre,Kenya,2020,1
Rødovre,Latvia,2020,6
Rødovre,Lithuania,2020,2
Rødovre,Morocco,2020,3
Rødovre,Nepal,2020,10
Rødovre,Norway,2020,4
Rødovre,Pakistan,2020,3
Rødovre,Poland,2020,11
Rødovre,Portugal,2020,10
Rødovre,Romania,2020,11
Rødovre,Singapore,2020,2
Rødovre,Slovakia,2020,5
Rødovre,Somalia,2020,2
Rødovre,South Korea,2020,4
Rødovre,Soviet Union,2020,1
Rødovre,Spain,2020,3
Rødovre,Sweden,2020,9
Rødovre,Syria,2020,2
Rødovre,Taiwan,2020,1
Rødovre,Thailand,2020,2
Rødovre,Turkey,2020,4
Rødovre,USA,2020,4
Rødovre,United Kingdom,2020,4
Rødovre,Vietnam,2020,3
Rødovre,Yugoslavia,2020,1
Samsø,Denmark,2020,11
Samsø,Poland,2020,6
Samsø,Sweden,2020,1
Samsø,Syria,2020,3
Samsø,Ukraine,2020,1
Silkeborg,Argentina,2020,2
Silkeborg,Australia,2020,2
Silkeborg,Austria,2020,2
Silkeborg,Belarus,2020,1
Silkeborg,Brazil,2020,3
Silkeborg,Bulgaria,2020,1
Silkeborg,China,2020,14
Silkeborg,Cyprus,2020,1
Silkeborg,Czech Republic,2020,2
Silkeborg,Denmark,2020,164
Silkeborg,Eritrea,2020,1
Silkeborg,Estonia,2020,2
Silkeborg,Finland,2020,1
Silkeborg,France,2020,3
Silkeborg,Germany,2020,7
Silkeborg,Hungary,2020,3
Silkeborg,Iceland,2020,9
Silkeborg,Indonesia,2020,1
Silkeborg,Iran,2020,1
Silkeborg,Iraq,2020,1
Silkeborg,Ireland,2020,1
Silkeborg,Italy,2020,1
Silkeborg,Kenya,2020,1
Silkeborg,Latvia,2020,4
Silkeborg,Lithuania,2020,13
Silkeborg,Mexico,2020,1
Silkeborg,Nepal,2020,4
Silkeborg,Netherlands,2020,2
Silkeborg,Norway,2020,12
Silkeborg,Pakistan,2020,1
Silkeborg,Philippines,2020,5
Silkeborg,Poland,2020,46
Silkeborg,Portugal,2020,2
Silkeborg,Romania,2020,76
Silkeborg,Slovakia,2020,1
Silkeborg,Slovenia,2020,1
Silkeborg,Spain,2020,2
Silkeborg,Sri Lanka,2020,1
Silkeborg,Stateless,2020,3
Silkeborg,Sweden,2020,9
Silkeborg,Syria,2020,7
Silkeborg,Taiwan,2020,1
Silkeborg,Thailand,2020,3
Silkeborg,Turkey,2020,3
Silkeborg,USA,2020,3
Silkeborg,Uganda,2020,1
Silkeborg,Ukraine,2020,22
Silkeborg,United Kingdom,2020,2
Silkeborg,Yugoslavia,2020,1
Silkeborg,"Yugoslavia, Federal Republic",2020,1
Skanderborg,Afghanistan,2020,2
Skanderborg,Argentina,2020,1
Skanderborg,Austria,2020,2
Skanderborg,Bosnia and Herzegovina,2020,1
Skanderborg,Chile,2020,6
Skanderborg,China,2020,7
Skanderborg,"Congo, Democratic Republic",2020,1
Skanderborg,Czech Republic,2020,1
Skanderborg,Denmark,2020,120
Skanderborg,Eritrea,2020,1
Skanderborg,Germany,2020,7
Skanderborg,Hungary,2020,3
Skanderborg,Iceland,2020,4
Skanderborg,Italy,2020,3
Skanderborg,Latvia,2020,1
Skanderborg,Lithuania,2020,2
Skanderborg,Malta,2020,1
Skanderborg,Netherlands,2020,1
Skanderborg,New Zealand,2020,1
Skanderborg,Norway,2020,1
Skanderborg,Philippines,2020,5
Skanderborg,Poland,2020,20
Skanderborg,Romania,2020,19
Skanderborg,Somalia,2020,3
Skanderborg,Spain,2020,1
Skanderborg,Syria,2020,9
Skanderborg,Thailand,2020,1
Skanderborg,Ukraine,2020,9
Skanderborg,United Kingdom,2020,3
Skanderborg,Vietnam,2020,1
Skanderborg,Zimbabwe,2020,1
Skive,Argentina,2020,1
Skive,Austria,2020,2
Skive,Belarus,2020,2
Skive,China,2020,2
Skive,"Congo, Democratic Republic",2020,1
Skive,Croatia,2020,2
Skive,Denmark,2020,92
Skive,Germany,2020,1
Skive,India,2020,3
Skive,Iran,2020,1
Skive,Japan,2020,5
Skive,Latvia,2020,3
Skive,Lithuania,2020,13
Skive,New Zealand,2020,1
Skive,Poland,2020,22
Skive,Romania,2020,30
Skive,Slovakia,2020,1
Skive,Spain,2020,1
Skive,Sweden,2020,1
Skive,Syria,2020,11
Skive,Thailand,2020,3
Skive,USA,2020,1
Skive,Ukraine,2020,13
Slagelse,Argentina,2020,3
Slagelse,Bosnia and Herzegovina,2020,2
Slagelse,Bulgaria,2020,38
Slagelse,Canada,2020,1
Slagelse,China,2020,7
Slagelse,Czech Republic,2020,4
Slagelse,Denmark,2020,151
Slagelse,Egypt,2020,4
Slagelse,Eritrea,2020,4
Slagelse,Finland,2020,1
Slagelse,Germany,2020,2
Slagelse,Hungary,2020,5
Slagelse,Iceland,2020,2
Slagelse,India,2020,21
Slagelse,Iran,2020,2
Slagelse,Italy,2020,5
Slagelse,Ivory Coast,2020,1
Slagelse,Japan,2020,1
Slagelse,Latvia,2020,3
Slagelse,Lithuania,2020,5
Slagelse,Malaysia,2020,1
Slagelse,Mexico,2020,1
Slagelse,Morocco,2020,1
Slagelse,Netherlands,2020,1
Slagelse,New Zealand,2020,1
Slagelse,Nigeria,2020,2
Slagelse,Norway,2020,9
Slagelse,Poland,2020,25
Slagelse,Romania,2020,33
Slagelse,Slovakia,2020,1
Slagelse,Somalia,2020,7
Slagelse,Spain,2020,3
Slagelse,Stateless,2020,1
Slagelse,Sweden,2020,19
Slagelse,Syria,2020,3
Slagelse,Thailand,2020,7
Slagelse,Turkey,2020,5
Slagelse,USA,2020,10
Slagelse,United Kingdom,2020,5
Solrød,Argentina,2020,5
Solrød,Bulgaria,2020,1
Solrød,Canada,2020,1
Solrød,China,2020,1
Solrød,Denmark,2020,39
Solrød,Germany,2020,2
Solrød,Greece,2020,4
Solrød,Ireland,2020,1
Solrød,Italy,2020,3
Solrød,Lithuania,2020,1
Solrød,Norway,2020,1
Solrød,Peru,2020,1
Solrød,Poland,2020,3
Solrød,Romania,2020,2
Solrød,Slovakia,2020,1
Solrød,Syria,2020,2
Solrød,Thailand,2020,1
Solrød,Turkey,2020,1
Solrød,USA,2020,5
Sorø,Argentina,2020,1
Sorø,Brazil,2020,2
Sorø,Bulgaria,2020,1
Sorø,China,2020,1
Sorø,Croatia,2020,1
Sorø,Denmark,2020,46
Sorø,Ethiopia,2020,1
Sorø,Finland,2020,2
Sorø,Germany,2020,2
Sorø,Hungary,2020,3
Sorø,Japan,2020,2
Sorø,Lithuania,2020,2
Sorø,Mexico,2020,1
Sorø,Netherlands,2020,1
Sorø,Philippines,2020,1
Sorø,Poland,2020,11
Sorø,Romania,2020,19
Sorø,Spain,2020,3
Sorø,Stateless,2020,1
Sorø,Sweden,2020,1
Sorø,Syria,2020,5
Sorø,Thailand,2020,1
Sorø,Ukraine,2020,1
Stevns,Afghanistan,2020,1
Stevns,Bulgaria,2020,3
Stevns,Canada,2020,1
Stevns,China,2020,1
Stevns,Croatia,2020,1
Stevns,Czech Republic,2020,1
Stevns,Denmark,2020,31
Stevns,Egypt,2020,1
Stevns,Germany,2020,1
Stevns,Hungary,2020,2
Stevns,India,2020,2
Stevns,Iraq,2020,1
Stevns,Italy,2020,5
Stevns,Kyrgyzstan,2020,2
Stevns,Lithuania,2020,13
Stevns,Philippines,2020,1
Stevns,Poland,2020,18
Stevns,Romania,2020,16
Stevns,Russia,2020,2
Stevns,Slovakia,2020,2
Stevns,Somalia,2020,8
Stevns,Stateless,2020,2
Stevns,Sweden,2020,2
Stevns,Syria,2020,1
Stevns,Thailand,2020,1
Stevns,USA,2020,1
Stevns,Ukraine,2020,8
Stevns,United Kingdom,2020,1
Struer,Belgium,2020,1
Struer,China,2020,2
Struer,Czech Republic,2020,1
Struer,Denmark,2020,38
Struer,France,2020,2
Struer,Germany,2020,2
Struer,India,2020,5
Struer,Indonesia,2020,1
Struer,Latvia,2020,6
Struer,Libya,2020,1
Struer,Lithuania,2020,2
Struer,Poland,2020,11
Struer,Romania,2020,34
Struer,Somalia,2020,1
Struer,Syria,2020,2
Struer,Ukraine,2020,9
Struer,United Kingdom,2020,2
Svendborg,Argentina,2020,3
Svendborg,Australia,2020,7
Svendborg,Brazil,2020,6
Svendborg,Bulgaria,2020,1
Svendborg,Canada,2020,2
Svendborg,Chile,2020,2
Svendborg,Costa Rica,2020,4
Svendborg,Cyprus,2020,1
Svendborg,Denmark,2020,143
Svendborg,Eritrea,2020,2
Svendborg,Estonia,2020,2
Svendborg,Ethiopia,2020,1
Svendborg,France,2020,1
Svendborg,Germany,2020,11
Svendborg,Iceland,2020,15
Svendborg,India,2020,1
Svendborg,Iran,2020,2
Svendborg,Ireland,2020,1
Svendborg,Italy,2020,5
Svendborg,Japan,2020,4
Svendborg,Lithuania,2020,1
Svendborg,Mexico,2020,4
Svendborg,Netherlands,2020,3
Svendborg,North Korea,2020,1
Svendborg,Norway,2020,3
Svendborg,Philippines,2020,1
Svendborg,Poland,2020,8
Svendborg,Portugal,2020,1
Svendborg,Romania,2020,1
Svendborg,Serbia,2020,4
Svendborg,Slovenia,2020,1
Svendborg,Somalia,2020,1
Svendborg,Spain,2020,1
Svendborg,Sri Lanka,2020,1
Svendborg,Sweden,2020,6
Svendborg,Turkey,2020,2
Svendborg,USA,2020,3
Svendborg,Ukraine,2020,6
Svendborg,United Kingdom,2020,3
Svendborg,Vietnam,2020,1
Svendborg,Yugoslavia,2020,3
Svendborg,"Yugoslavia, Federal Republic",2020,2
Syddjurs,Albania,2020,2
Syddjurs,Argentina,2020,1
Syddjurs,Australia,2020,2
Syddjurs,Austria,2020,1
Syddjurs,Belgium,2020,1
Syddjurs,Brazil,2020,4
Syddjurs,Bulgaria,2020,4
Syddjurs,Chile,2020,1
Syddjurs,Costa Rica,2020,1
Syddjurs,Croatia,2020,1
Syddjurs,Czech Republic,2020,1
Syddjurs,Denmark,2020,121
Syddjurs,Eritrea,2020,1
Syddjurs,Finland,2020,4
Syddjurs,France,2020,8
Syddjurs,Germany,2020,19
Syddjurs,Honduras,2020,1
Syddjurs,Hungary,2020,2
Syddjurs,Iceland,2020,7
Syddjurs,Iraq,2020,1
Syddjurs,Italy,2020,4
Syddjurs,Jamaica,2020,1
Syddjurs,Japan,2020,22
Syddjurs,Latvia,2020,3
Syddjurs,Lithuania,2020,16
Syddjurs,Mongolia,2020,1
Syddjurs,Nepal,2020,2
Syddjurs,Netherlands,2020,9
Syddjurs,Norway,2020,7
Syddjurs,Pakistan,2020,1
Syddjurs,Philippines,2020,7
Syddjurs,Poland,2020,26
Syddjurs,Portugal,2020,4
Syddjurs,Romania,2020,29
Syddjurs,Slovakia,2020,2
Syddjurs,Slovenia,2020,1
Syddjurs,South Africa,2020,1
Syddjurs,Spain,2020,5
Syddjurs,Sri Lanka,2020,2
Syddjurs,Stateless,2020,4
Syddjurs,Sweden,2020,7
Syddjurs,Switzerland,2020,1
Syddjurs,Syria,2020,1
Syddjurs,Taiwan,2020,2
Syddjurs,Thailand,2020,2
Syddjurs,USA,2020,8
Syddjurs,Ukraine,2020,10
Syddjurs,United Kingdom,2020,10
Syddjurs,Yemen,2020,1
Sønderborg,Afghanistan,2020,1
Sønderborg,Algeria,2020,2
Sønderborg,Argentina,2020,3
Sønderborg,Australia,2020,2
Sønderborg,Austria,2020,3
Sønderborg,Azerbaijan,2020,2
Sønderborg,Bangladesh,2020,1
Sønderborg,Belarus,2020,1
Sønderborg,Brazil,2020,11
Sønderborg,Bulgaria,2020,2
Sønderborg,Burundi,2020,1
Sønderborg,Canada,2020,1
Sønderborg,Chile,2020,1
Sønderborg,China,2020,12
Sønderborg,"Congo, Republic",2020,1
Sønderborg,Costa Rica,2020,1
Sønderborg,Croatia,2020,5
Sønderborg,Czech Republic,2020,5
Sønderborg,Denmark,2020,219
Sønderborg,Egypt,2020,1
Sønderborg,Estonia,2020,1
Sønderborg,Ethiopia,2020,1
Sønderborg,France,2020,4
Sønderborg,Germany,2020,86
Sønderborg,Greece,2020,4
Sønderborg,Hungary,2020,5
Sønderborg,Iceland,2020,32
Sønderborg,India,2020,19
Sønderborg,Iran,2020,4
Sønderborg,Ireland,2020,2
Sønderborg,Israel,2020,1
Sønderborg,Italy,2020,8
Sønderborg,Japan,2020,2
Sønderborg,Jordan,2020,1
Sønderborg,Kosovo,2020,1
Sønderborg,Latvia,2020,7
Sønderborg,Lithuania,2020,6
Sønderborg,Malaysia,2020,3
Sønderborg,Mexico,2020,5
Sønderborg,Moldova,2020,1
Sønderborg,Netherlands,2020,5
Sønderborg,Nigeria,2020,1
Sønderborg,Norway,2020,1
Sønderborg,Pakistan,2020,2
Sønderborg,Philippines,2020,7
Sønderborg,Poland,2020,9
Sønderborg,Portugal,2020,2
Sønderborg,Romania,2020,38
Sønderborg,Russia,2020,1
Sønderborg,Serbia,2020,2
Sønderborg,South Korea,2020,4
Sønderborg,Spain,2020,8
Sønderborg,Sri Lanka,2020,1
Sønderborg,Sweden,2020,1
Sønderborg,Switzerland,2020,3
Sønderborg,Syria,2020,12
Sønderborg,Thailand,2020,4
Sønderborg,Turkey,2020,7
Sønderborg,USA,2020,15
Sønderborg,Ukraine,2020,11
Sønderborg,United Kingdom,2020,8
Sønderborg,Zimbabwe,2020,1
Thisted,Australia,2020,2
Thisted,Bulgaria,2020,1
Thisted,Chile,2020,1
Thisted,China,2020,2
Thisted,"Congo, Democratic Republic",2020,1
Thisted,Denmark,2020,69
Thisted,Finland,2020,1
Thisted,Germany,2020,3
Thisted,Hungary,2020,1
Thisted,Iceland,2020,4
Thisted,Japan,2020,1
Thisted,Lithuania,2020,21
Thisted,Morocco,2020,1
Thisted,Netherlands,2020,1
Thisted,Norway,2020,4
Thisted,Philippines,2020,1
Thisted,Poland,2020,38
Thisted,Romania,2020,16
Thisted,Russia,2020,1
Thisted,Slovakia,2020,1
Thisted,Somalia,2020,1
Thisted,USA,2020,1
Thisted,Ukraine,2020,14
Thisted,United Kingdom,2020,2
Thisted,Zambia,2020,1
Tårnby,Albania,2020,1
Tårnby,Argentina,2020,22
Tårnby,Australia,2020,1
Tårnby,Austria,2020,1
Tårnby,Bangladesh,2020,2
Tårnby,Bosnia and Herzegovina,2020,2
Tårnby,Bulgaria,2020,6
Tårnby,Canada,2020,1
Tårnby,Chile,2020,9
Tårnby,China,2020,19
Tårnby,Colombia,2020,1
Tårnby,Croatia,2020,1
Tårnby,Czech Republic,2020,3
Tårnby,Denmark,2020,121
Tårnby,Estonia,2020,1
Tårnby,France,2020,2
Tårnby,Germany,2020,10
Tårnby,Ghana,2020,1
Tårnby,Greece,2020,1
Tårnby,Hungary,2020,5
Tårnby,Iceland,2020,4
Tårnby,India,2020,7
Tårnby,Ireland,2020,1
Tårnby,Italy,2020,11
Tårnby,Japan,2020,1
Tårnby,Latvia,2020,2
Tårnby,Lithuania,2020,8
Tårnby,Mexico,2020,2
Tårnby,Nepal,2020,4
Tårnby,Nigeria,2020,1
Tårnby,Norway,2020,2
Tårnby,Pakistan,2020,13
Tårnby,Philippines,2020,5
Tårnby,Poland,2020,38
Tårnby,Portugal,2020,6
Tårnby,Romania,2020,13
Tårnby,Serbia,2020,1
Tårnby,Somalia,2020,1
Tårnby,South Korea,2020,1
Tårnby,Spain,2020,9
Tårnby,Sweden,2020,7
Tårnby,Syria,2020,6
Tårnby,Thailand,2020,2
Tårnby,Turkey,2020,2
Tårnby,USA,2020,6
Tårnby,Uganda,2020,1
Tårnby,United Kingdom,2020,15
Tønder,Afghanistan,2020,2
Tønder,Argentina,2020,2
Tønder,Australia,2020,1
Tønder,Austria,2020,1
Tønder,Belgium,2020,2
Tønder,Bosnia and Herzegovina,2020,2
Tønder,Brazil,2020,8
Tønder,Canada,2020,1
Tønder,Chile,2020,1
Tønder,China,2020,1
Tønder,Denmark,2020,76
Tønder,France,2020,4
Tønder,Germany,2020,28
Tønder,Hungary,2020,10
Tønder,Iceland,2020,4
Tønder,Iran,2020,1
Tønder,Italy,2020,4
Tønder,Japan,2020,2
Tønder,Latvia,2020,1
Tønder,Lithuania,2020,4
Tønder,Morocco,2020,1
Tønder,Netherlands,2020,13
Tønder,Norway,2020,4
Tønder,Philippines,2020,3
Tønder,Poland,2020,10
Tønder,Romania,2020,46
Tønder,Russia,2020,4
Tønder,Somalia,2020,4
Tønder,South Korea,2020,3
Tønder,Stateless,2020,1
Tønder,Sweden,2020,2
Tønder,USA,2020,2
Tønder,Ukraine,2020,49
Tønder,United Kingdom,2020,5
Tønder,Yugoslavia,2020,2
Vallensbæk,Argentina,2020,1
Vallensbæk,Bangladesh,2020,1
Vallensbæk,Bulgaria,2020,3
Vallensbæk,Chile,2020,2
Vallensbæk,China,2020,4
Vallensbæk,Colombia,2020,1
Vallensbæk,Cyprus,2020,1
Vallensbæk,Denmark,2020,32
Vallensbæk,Germany,2020,2
Vallensbæk,Hungary,2020,3
Vallensbæk,Iceland,2020,1
Vallensbæk,India,2020,19
Vallensbæk,Iran,2020,2
Vallensbæk,Iraq,2020,2
Vallensbæk,Italy,2020,5
Vallensbæk,Lithuania,2020,4
Vallensbæk,Nepal,2020,3
Vallensbæk,Netherlands,2020,1
Vallensbæk,Norway,2020,1
Vallensbæk,Not stated,2020,7
Vallensbæk,Pakistan,2020,10
Vallensbæk,Philippines,2020,1
Vallensbæk,Poland,2020,15
Vallensbæk,Portugal,2020,2
Vallensbæk,Romania,2020,12
Vallensbæk,Spain,2020,3
Vallensbæk,Sri Lanka,2020,2
Vallensbæk,Sweden,2020,2
Vallensbæk,Trinidad and Tobago,2020,1
Vallensbæk,Turkey,2020,1
Vallensbæk,USA,2020,4
Vallensbæk,United Kingdom,2020,1
Varde,Australia,2020,3
Varde,Belarus,2020,1
Varde,Bosnia and Herzegovina,2020,1
Varde,Brazil,2020,1
Varde,Bulgaria,2020,7
Varde,Croatia,2020,1
Varde,Denmark,2020,86
Varde,Egypt,2020,1
Varde,Estonia,2020,1
Varde,France,2020,2
Varde,Germany,2020,9
Varde,Greece,2020,2
Varde,Hungary,2020,4
Varde,India,2020,2
Varde,Ireland,2020,1
Varde,Italy,2020,2
Varde,Kyrgyzstan,2020,1
Varde,Latvia,2020,7
Varde,Lithuania,2020,10
Varde,Moldova,2020,1
Varde,Morocco,2020,1
Varde,Netherlands,2020,3
Varde,Norway,2020,2
Varde,Philippines,2020,1
Varde,Poland,2020,13
Varde,Portugal,2020,2
Varde,Romania,2020,84
Varde,Slovakia,2020,1
Varde,Somalia,2020,1
Varde,Spain,2020,3
Varde,Sri Lanka,2020,1
Varde,Sweden,2020,1
Varde,Syria,2020,10
Varde,Thailand,2020,3
Varde,USA,2020,2
Varde,Ukraine,2020,46
Varde,United Kingdom,2020,2
Vejen,Argentina,2020,1
Vejen,Austria,2020,1
Vejen,Bulgaria,2020,2
Vejen,Croatia,2020,5
Vejen,Denmark,2020,48
Vejen,Estonia,2020,1
Vejen,Germany,2020,6
Vejen,Greece,2020,1
Vejen,Hungary,2020,4
Vejen,India,2020,3
Vejen,Iran,2020,3
Vejen,Ireland,2020,1
Vejen,Italy,2020,2
Vejen,Japan,2020,1
Vejen,Jordan,2020,1
Vejen,Latvia,2020,4
Vejen,Lithuania,2020,8
Vejen,Moldova,2020,1
Vejen,Norway,2020,2
Vejen,Philippines,2020,1
Vejen,Poland,2020,55
Vejen,Portugal,2020,1
Vejen,Romania,2020,92
Vejen,Serbia,2020,1
Vejen,Slovakia,2020,3
Vejen,South Korea,2020,1
Vejen,Spain,2020,1
Vejen,Sudan,2020,1
Vejen,Sweden,2020,1
Vejen,Syria,2020,5
Vejen,Thailand,2020,2
Vejen,USA,2020,3
Vejen,Ukraine,2020,14
Vejen,United Kingdom,2020,1
Vejen,Vietnam,2020,1
Vejle,Afghanistan,2020,3
Vejle,Argentina,2020,1
Vejle,Australia,2020,6
Vejle,Austria,2020,5
Vejle,Belgium,2020,2
Vejle,Bosnia and Herzegovina,2020,1
Vejle,Brazil,2020,5
Vejle,Bulgaria,2020,27
Vejle,Cameroon,2020,1
Vejle,Canada,2020,6
Vejle,Chile,2020,2
Vejle,China,2020,9
Vejle,Colombia,2020,3
Vejle,Czech Republic,2020,12
Vejle,Denmark,2020,270
Vejle,Ethiopia,2020,2
Vejle,Finland,2020,2
Vejle,France,2020,16
Vejle,Germany,2020,39
Vejle,Ghana,2020,2
Vejle,Greece,2020,5
Vejle,Hungary,2020,12
Vejle,Iceland,2020,16
Vejle,India,2020,5
Vejle,Indonesia,2020,3
Vejle,Iran,2020,6
Vejle,Iraq,2020,1
Vejle,Ireland,2020,13
Vejle,Israel,2020,1
Vejle,Italy,2020,20
Vejle,Ivory Coast,2020,1
Vejle,Japan,2020,27
Vejle,Kenya,2020,1
Vejle,Latvia,2020,17
Vejle,Lithuania,2020,52
Vejle,Mauritius,2020,1
Vejle,Mexico,2020,2
Vejle,Moldova,2020,4
Vejle,Nepal,2020,1
Vejle,Netherlands,2020,8
Vejle,New Zealand,2020,1
Vejle,Nigeria,2020,2
Vejle,Norway,2020,8
Vejle,Philippines,2020,18
Vejle,Poland,2020,127
Vejle,Portugal,2020,12
Vejle,Romania,2020,84
Vejle,Russia,2020,3
Vejle,Serbia,2020,2
Vejle,Slovakia,2020,10
Vejle,Slovenia,2020,1
Vejle,Spain,2020,18
Vejle,Stateless,2020,1
Vejle,Sudan,2020,1
Vejle,Sweden,2020,8
Vejle,Switzerland,2020,1
Vejle,Syria,2020,9
Vejle,Taiwan,2020,1
Vejle,Tanzania,2020,2
Vejle,Thailand,2020,4
Vejle,Turkey,2020,10
Vejle,USA,2020,19
Vejle,Ukraine,2020,49
Vejle,United Kingdom,2020,37
Vejle,Vietnam,2020,1
Vejle,Yugoslavia,2020,1
Vesthimmerlands,Australia,2020,1
Vesthimmerlands,Austria,2020,1
Vesthimmerlands,Bosnia and Herzegovina,2020,1
Vesthimmerlands,Bulgaria,2020,3
Vesthimmerlands,China,2020,2
Vesthimmerlands,Colombia,2020,1
Vesthimmerlands,"Congo, Republic",2020,1
Vesthimmerlands,Denmark,2020,62
Vesthimmerlands,Eritrea,2020,4
Vesthimmerlands,Germany,2020,10
Vesthimmerlands,Greece,2020,1
Vesthimmerlands,Hungary,2020,2
Vesthimmerlands,Iceland,2020,1
Vesthimmerlands,Iran,2020,1
Vesthimmerlands,Iraq,2020,2
Vesthimmerlands,Italy,2020,1
Vesthimmerlands,Latvia,2020,3
Vesthimmerlands,Lebanon,2020,1
Vesthimmerlands,Lithuania,2020,25
Vesthimmerlands,Mexico,2020,3
Vesthimmerlands,Netherlands,2020,1
Vesthimmerlands,Norway,2020,1
Vesthimmerlands,Poland,2020,33
Vesthimmerlands,Romania,2020,39
Vesthimmerlands,Russia,2020,2
Vesthimmerlands,Somalia,2020,1
Vesthimmerlands,Spain,2020,2
Vesthimmerlands,Syria,2020,6
Vesthimmerlands,Thailand,2020,26
Vesthimmerlands,Turkey,2020,2
Vesthimmerlands,USA,2020,1
Vesthimmerlands,Ukraine,2020,35
Vesthimmerlands,United Kingdom,2020,4
Vesthimmerlands,Vietnam,2020,1
Viborg,Afghanistan,2020,1
Viborg,Australia,2020,4
Viborg,Bangladesh,2020,1
Viborg,Belgium,2020,2
Viborg,Bosnia and Herzegovina,2020,1
Viborg,Brazil,2020,3
Viborg,Bulgaria,2020,9
Viborg,Canada,2020,1
Viborg,China,2020,32
Viborg,Croatia,2020,2
Viborg,Czech Republic,2020,9
Viborg,Denmark,2020,184
Viborg,Eritrea,2020,2
Viborg,Estonia,2020,2
Viborg,Ethiopia,2020,5
Viborg,Finland,2020,4
Viborg,France,2020,8
Viborg,Georgia,2020,1
Viborg,Germany,2020,15
Viborg,Ghana,2020,2
Viborg,Greece,2020,2
Viborg,Hungary,2020,11
Viborg,Iceland,2020,4
Viborg,India,2020,34
Viborg,Iran,2020,9
Viborg,Iraq,2020,1
Viborg,Ireland,2020,26
Viborg,Italy,2020,12
Viborg,Japan,2020,21
Viborg,Kazakhstan,2020,1
Viborg,Kenya,2020,2
Viborg,Latvia,2020,10
Viborg,Lithuania,2020,52
Viborg,Mexico,2020,2
Viborg,Moldova,2020,2
Viborg,Nepal,2020,4
Viborg,Netherlands,2020,9
Viborg,Norway,2020,5
Viborg,Pakistan,2020,1
Viborg,Philippines,2020,8
Viborg,Poland,2020,59
Viborg,Portugal,2020,3
Viborg,Romania,2020,77
Viborg,Russia,2020,1
Viborg,Slovakia,2020,3
Viborg,Slovenia,2020,2
Viborg,Somalia,2020,7
Viborg,Spain,2020,7
Viborg,Sweden,2020,13
Viborg,Switzerland,2020,2
Viborg,Syria,2020,17
Viborg,Taiwan,2020,1
Viborg,Thailand,2020,1
Viborg,Turkey,2020,2
Viborg,USA,2020,4
Viborg,Ukraine,2020,49
Viborg,United Kingdom,2020,20
Viborg,Uzbekistan,2020,1
Viborg,Vietnam,2020,8
Vordingborg,Argentina,2020,5
Vordingborg,Australia,2020,4
Vordingborg,Austria,2020,1
Vordingborg,Belgium,2020,2
Vordingborg,Bosnia and Herzegovina,2020,2
Vordingborg,Brazil,2020,1
Vordingborg,Bulgaria,2020,6
Vordingborg,Cameroon,2020,1
Vordingborg,Chile,2020,1
Vordingborg,Colombia,2020,1
Vordingborg,Costa Rica,2020,1
Vordingborg,Croatia,2020,8
Vordingborg,Czech Republic,2020,4
Vordingborg,Denmark,2020,77
Vordingborg,Estonia,2020,1
Vordingborg,Finland,2020,1
Vordingborg,France,2020,1
Vordingborg,Germany,2020,11
Vordingborg,Hungary,2020,1
Vordingborg,Iran,2020,1
Vordingborg,Italy,2020,18
Vordingborg,Japan,2020,5
Vordingborg,Latvia,2020,4
Vordingborg,Lithuania,2020,6
Vordingborg,Mexico,2020,1
Vordingborg,Morocco,2020,1
Vordingborg,Netherlands,2020,7
Vordingborg,Norway,2020,6
Vordingborg,Pakistan,2020,2
Vordingborg,Peru,2020,1
Vordingborg,Philippines,2020,8
Vordingborg,Poland,2020,37
Vordingborg,Portugal,2020,1
Vordingborg,Romania,2020,61
Vordingborg,South Korea,2020,1
Vordingborg,Spain,2020,7
Vordingborg,Stateless,2020,1
Vordingborg,Sweden,2020,1
Vordingborg,Syria,2020,11
Vordingborg,Thailand,2020,2
Vordingborg,Turkey,2020,4
Vordingborg,USA,2020,2
Vordingborg,Ukraine,2020,18
Vordingborg,United Kingdom,2020,3
Vordingborg,Vietnam,2020,2
Ærø,Denmark,2020,15
Ærø,Germany,2020,3
Ærø,Italy,2020,2
Ærø,Netherlands,2020,1
Ærø,Poland,2020,4
Ærø,Singapore,2020,1
Ærø,Ukraine,2020,2
Aabenraa,Afghanistan,2021,1
Aabenraa,Australia,2021,1
Aabenraa,Austria,2021,1
Aabenraa,Bosnia and Herzegovina,2021,1
Aabenraa,Brazil,2021,9
Aabenraa,Bulgaria,2021,1
Aabenraa,China,2021,4
Aabenraa,Croatia,2021,1
Aabenraa,Czech Republic,2021,1
Aabenraa,Denmark,2021,110
Aabenraa,France,2021,1
Aabenraa,Germany,2021,103
Aabenraa,Hungary,2021,2
Aabenraa,Iceland,2021,3
Aabenraa,Iraq,2021,1
Aabenraa,Ireland,2021,2
Aabenraa,Italy,2021,1
Aabenraa,Japan,2021,5
Aabenraa,Latvia,2021,3
Aabenraa,Lithuania,2021,3
Aabenraa,Netherlands,2021,2
Aabenraa,North Korea,2021,1
Aabenraa,Norway,2021,5
Aabenraa,Philippines,2021,1
Aabenraa,Poland,2021,15
Aabenraa,Romania,2021,50
Aabenraa,Russia,2021,1
Aabenraa,Serbia and Montenegro,2021,2
Aabenraa,Slovakia,2021,1
Aabenraa,Spain,2021,4
Aabenraa,Sri Lanka,2021,2
Aabenraa,Sweden,2021,7
Aabenraa,Syria,2021,13
Aabenraa,Thailand,2021,2
Aabenraa,Turkey,2021,3
Aabenraa,USA,2021,2
Aabenraa,Ukraine,2021,15
Aabenraa,United Kingdom,2021,3
Aabenraa,Vietnam,2021,5
Aalborg,Afghanistan,2021,2
Aalborg,Albania,2021,1
Aalborg,Argentina,2021,37
Aalborg,Australia,2021,5
Aalborg,Austria,2021,8
Aalborg,Bahamas,2021,1
Aalborg,Bangladesh,2021,4
Aalborg,Belgium,2021,5
Aalborg,Brazil,2021,8
Aalborg,Bulgaria,2021,43
Aalborg,Cameroon,2021,6
Aalborg,Canada,2021,10
Aalborg,Chile,2021,1
Aalborg,China,2021,120
Aalborg,Colombia,2021,2
Aalborg,Croatia,2021,19
Aalborg,Czech Republic,2021,15
Aalborg,Denmark,2021,738
Aalborg,Ecuador,2021,1
Aalborg,Egypt,2021,2
Aalborg,Eritrea,2021,8
Aalborg,Estonia,2021,11
Aalborg,Ethiopia,2021,1
Aalborg,Finland,2021,12
Aalborg,France,2021,38
Aalborg,Germany,2021,71
Aalborg,Ghana,2021,13
Aalborg,Greece,2021,5
Aalborg,Hungary,2021,37
Aalborg,Iceland,2021,22
Aalborg,India,2021,42
Aalborg,Indonesia,2021,4
Aalborg,Iran,2021,46
Aalborg,Iraq,2021,5
Aalborg,Ireland,2021,3
Aalborg,Italy,2021,62
Aalborg,Japan,2021,19
Aalborg,Kenya,2021,3
Aalborg,Laos,2021,1
Aalborg,Latvia,2021,13
Aalborg,Lebanon,2021,2
Aalborg,Liberia,2021,1
Aalborg,Lithuania,2021,47
Aalborg,Luxembourg,2021,1
Aalborg,Mexico,2021,7
Aalborg,Nepal,2021,2
Aalborg,Netherlands,2021,18
Aalborg,Nigeria,2021,1
Aalborg,North Korea,2021,1
Aalborg,Norway,2021,59
Aalborg,Not stated,2021,62
Aalborg,Pakistan,2021,18
Aalborg,Peru,2021,1
Aalborg,Philippines,2021,14
Aalborg,Poland,2021,106
Aalborg,Portugal,2021,15
Aalborg,Republic of North Macedonia,2021,1
Aalborg,Romania,2021,85
Aalborg,Russia,2021,6
Aalborg,Serbia,2021,4
Aalborg,Serbia and Montenegro,2021,1
Aalborg,Sierra Leone,2021,1
Aalborg,Singapore,2021,2
Aalborg,Slovakia,2021,53
Aalborg,Slovenia,2021,6
Aalborg,Somalia,2021,134
Aalborg,South Africa,2021,3
Aalborg,South Korea,2021,9
Aalborg,Spain,2021,54
Aalborg,Sri Lanka,2021,7
Aalborg,Stateless,2021,7
Aalborg,Sudan,2021,5
Aalborg,Sweden,2021,36
Aalborg,Switzerland,2021,4
Aalborg,Syria,2021,30
Aalborg,Taiwan,2021,4
Aalborg,Thailand,2021,5
Aalborg,Turkey,2021,8
Aalborg,USA,2021,30
Aalborg,Uganda,2021,7
Aalborg,Ukraine,2021,14
Aalborg,United Kingdom,2021,41
Aalborg,Vietnam,2021,7
Aalborg,Yugoslavia,2021,1
Aalborg,Zimbabwe,2021,3
Aarhus,Afghanistan,2021,1
Aarhus,Albania,2021,2
Aarhus,Algeria,2021,1
Aarhus,Argentina,2021,60
Aarhus,Australia,2021,16
Aarhus,Austria,2021,20
Aarhus,Belarus,2021,1
Aarhus,Belgium,2021,46
Aarhus,Bosnia and Herzegovina,2021,1
Aarhus,Brazil,2021,12
Aarhus,Bulgaria,2021,65
Aarhus,Burkina Faso,2021,1
Aarhus,Cameroon,2021,2
Aarhus,Canada,2021,18
Aarhus,Chile,2021,29
Aarhus,China,2021,102
Aarhus,Colombia,2021,6
Aarhus,Costa Rica,2021,2
Aarhus,Croatia,2021,13
Aarhus,Cuba,2021,1
Aarhus,Cyprus,2021,2
Aarhus,Czech Republic,2021,40
Aarhus,Denmark,2021,1523
Aarhus,Dominica,2021,1
Aarhus,Dominican Republic,2021,2
Aarhus,Ecuador,2021,3
Aarhus,Egypt,2021,6
Aarhus,Eritrea,2021,1
Aarhus,Estonia,2021,19
Aarhus,Ethiopia,2021,1
Aarhus,Finland,2021,39
Aarhus,France,2021,67
Aarhus,Georgia,2021,1
Aarhus,Germany,2021,243
Aarhus,Ghana,2021,2
Aarhus,Greece,2021,27
Aarhus,Hungary,2021,54
Aarhus,Iceland,2021,82
Aarhus,India,2021,123
Aarhus,Indonesia,2021,3
Aarhus,Iran,2021,23
Aarhus,Iraq,2021,7
Aarhus,Ireland,2021,17
Aarhus,Israel,2021,8
Aarhus,Italy,2021,113
Aarhus,Japan,2021,64
Aarhus,Jordan,2021,2
Aarhus,Kazakhstan,2021,3
Aarhus,Kenya,2021,1
Aarhus,Kosovo,2021,1
Aarhus,Latvia,2021,39
Aarhus,Lebanon,2021,2
Aarhus,Lithuania,2021,53
Aarhus,Luxembourg,2021,2
Aarhus,Malaysia,2021,1
Aarhus,Mexico,2021,17
Aarhus,Moldova,2021,1
Aarhus,Morocco,2021,3
Aarhus,Nepal,2021,2
Aarhus,Netherlands,2021,45
Aarhus,New Zealand,2021,7
Aarhus,Nigeria,2021,3
Aarhus,North Korea,2021,1
Aarhus,Norway,2021,220
Aarhus,Not stated,2021,3
Aarhus,Pakistan,2021,7
Aarhus,Peru,2021,2
Aarhus,Philippines,2021,21
Aarhus,Poland,2021,132
Aarhus,Portugal,2021,18
Aarhus,Republic of North Macedonia,2021,1
Aarhus,Romania,2021,123
Aarhus,Russia,2021,18
Aarhus,Samoa,2021,1
Aarhus,Saudi Arabia,2021,1
Aarhus,Singapore,2021,6
Aarhus,Slovakia,2021,39
Aarhus,Slovenia,2021,9
Aarhus,Somalia,2021,11
Aarhus,South Africa,2021,1
Aarhus,South Korea,2021,11
Aarhus,Spain,2021,105
Aarhus,Stateless,2021,2
Aarhus,Sudan,2021,3
Aarhus,Sweden,2021,57
Aarhus,Switzerland,2021,18
Aarhus,Syria,2021,28
Aarhus,Taiwan,2021,6
Aarhus,Thailand,2021,6
Aarhus,Tunisia,2021,1
Aarhus,Turkey,2021,29
Aarhus,USA,2021,56
Aarhus,Ukraine,2021,24
Aarhus,United Kingdom,2021,80
Aarhus,Uruguay,2021,1
Aarhus,Venezuela,2021,2
Aarhus,Vietnam,2021,10
Aarhus,Zambia,2021,3
Albertslund,Afghanistan,2021,1
Albertslund,Argentina,2021,1
Albertslund,Bangladesh,2021,1
Albertslund,Bulgaria,2021,9
Albertslund,Chile,2021,1
Albertslund,China,2021,5
Albertslund,Colombia,2021,1
Albertslund,Czech Republic,2021,3
Albertslund,Denmark,2021,64
Albertslund,Egypt,2021,1
Albertslund,Estonia,2021,1
Albertslund,France,2021,2
Albertslund,Germany,2021,5
Albertslund,Greece,2021,2
Albertslund,Hungary,2021,2
Albertslund,India,2021,18
Albertslund,Iran,2021,2
Albertslund,Italy,2021,4
Albertslund,Kazakhstan,2021,1
Albertslund,Kenya,2021,1
Albertslund,Latvia,2021,6
Albertslund,Lithuania,2021,5
Albertslund,Mexico,2021,1
Albertslund,Montenegro,2021,1
Albertslund,Nepal,2021,9
Albertslund,Netherlands,2021,1
Albertslund,Norway,2021,2
Albertslund,Not stated,2021,1
Albertslund,Pakistan,2021,14
Albertslund,Peru,2021,1
Albertslund,Philippines,2021,1
Albertslund,Poland,2021,8
Albertslund,Portugal,2021,1
Albertslund,Romania,2021,12
Albertslund,Serbia,2021,1
Albertslund,Slovakia,2021,1
Albertslund,Slovenia,2021,1
Albertslund,Spain,2021,2
Albertslund,Sri Lanka,2021,1
Albertslund,Sweden,2021,6
Albertslund,Turkey,2021,9
Albertslund,USA,2021,9
Albertslund,United Kingdom,2021,4
Albertslund,Vietnam,2021,3
Allerød,China,2021,2
Allerød,Denmark,2021,51
Allerød,Ethiopia,2021,1
Allerød,Finland,2021,1
Allerød,France,2021,2
Allerød,Germany,2021,1
Allerød,India,2021,1
Allerød,Indonesia,2021,1
Allerød,Iran,2021,1
Allerød,Kenya,2021,1
Allerød,Latvia,2021,3
Allerød,Lithuania,2021,2
Allerød,Malaysia,2021,1
Allerød,Not stated,2021,4
Allerød,Philippines,2021,5
Allerød,Poland,2021,10
Allerød,Romania,2021,1
Allerød,Singapore,2021,1
Allerød,Somalia,2021,1
Allerød,Sweden,2021,3
Allerød,USA,2021,6
Allerød,Ukraine,2021,2
Assens,Australia,2021,1
Assens,Bosnia and Herzegovina,2021,1
Assens,Brazil,2021,2
Assens,Bulgaria,2021,2
Assens,"Congo, Democratic Republic",2021,1
Assens,Czech Republic,2021,1
Assens,Denmark,2021,52
Assens,France,2021,1
Assens,Germany,2021,5
Assens,Iceland,2021,4
Assens,India,2021,1
Assens,Italy,2021,3
Assens,Japan,2021,2
Assens,Lithuania,2021,40
Assens,Netherlands,2021,2
Assens,Poland,2021,19
Assens,Portugal,2021,1
Assens,Romania,2021,29
Assens,Slovakia,2021,15
Assens,Spain,2021,4
Assens,Sweden,2021,1
Assens,Syria,2021,2
Assens,USA,2021,1
Assens,Ukraine,2021,12
Assens,United Kingdom,2021,4
Assens,Vietnam,2021,4
Ballerup,Afghanistan,2021,1
Ballerup,Argentina,2021,1
Ballerup,Australia,2021,1
Ballerup,Brazil,2021,2
Ballerup,Bulgaria,2021,17
Ballerup,Cameroon,2021,1
Ballerup,Chile,2021,1
Ballerup,China,2021,5
Ballerup,Colombia,2021,1
Ballerup,Costa Rica,2021,1
Ballerup,Croatia,2021,2
Ballerup,Cyprus,2021,1
Ballerup,Czech Republic,2021,1
Ballerup,Denmark,2021,96
Ballerup,France,2021,2
Ballerup,Germany,2021,4
Ballerup,India,2021,21
Ballerup,Indonesia,2021,4
Ballerup,Iran,2021,3
Ballerup,Italy,2021,8
Ballerup,Japan,2021,1
Ballerup,Kazakhstan,2021,1
Ballerup,Lithuania,2021,7
Ballerup,Mongolia,2021,2
Ballerup,Morocco,2021,1
Ballerup,Nepal,2021,3
Ballerup,Norway,2021,1
Ballerup,Not stated,2021,1
Ballerup,Pakistan,2021,1
Ballerup,Philippines,2021,4
Ballerup,Poland,2021,14
Ballerup,Romania,2021,5
Ballerup,South Korea,2021,1
Ballerup,Spain,2021,6
Ballerup,Sweden,2021,3
Ballerup,Thailand,2021,5
Ballerup,Turkey,2021,1
Ballerup,USA,2021,9
Ballerup,United Kingdom,2021,2
Ballerup,Yugoslavia,2021,1
Billund,Australia,2021,2
Billund,Austria,2021,1
Billund,Belgium,2021,1
Billund,Brazil,2021,1
Billund,Bulgaria,2021,2
Billund,Canada,2021,2
Billund,China,2021,2
Billund,Colombia,2021,2
Billund,Croatia,2021,1
Billund,Denmark,2021,37
Billund,Finland,2021,1
Billund,France,2021,8
Billund,Germany,2021,8
Billund,Iceland,2021,11
Billund,India,2021,5
Billund,Indonesia,2021,1
Billund,Ireland,2021,1
Billund,Italy,2021,3
Billund,Japan,2021,1
Billund,Latvia,2021,4
Billund,Lithuania,2021,14
Billund,Moldova,2021,1
Billund,Netherlands,2021,2
Billund,Philippines,2021,1
Billund,Poland,2021,12
Billund,Romania,2021,33
Billund,Russia,2021,1
Billund,Slovakia,2021,1
Billund,Spain,2021,1
Billund,Sweden,2021,3
Billund,Syria,2021,25
Billund,Thailand,2021,2
Billund,USA,2021,8
Billund,Ukraine,2021,3
Billund,United Kingdom,2021,4
Billund,Venezuela,2021,1
Billund,Vietnam,2021,1
Bornholm,Argentina,2021,5
Bornholm,Australia,2021,2
Bornholm,Bulgaria,2021,3
Bornholm,Chile,2021,3
Bornholm,Croatia,2021,1
Bornholm,Denmark,2021,72
Bornholm,Estonia,2021,1
Bornholm,France,2021,4
Bornholm,Germany,2021,14
Bornholm,Hungary,2021,2
Bornholm,Italy,2021,16
Bornholm,Japan,2021,6
Bornholm,Jordan,2021,1
Bornholm,Netherlands,2021,1
Bornholm,Norway,2021,5
Bornholm,Poland,2021,19
Bornholm,Romania,2021,12
Bornholm,Slovakia,2021,1
Bornholm,South Korea,2021,1
Bornholm,Spain,2021,3
Bornholm,Sweden,2021,13
Bornholm,Switzerland,2021,1
Bornholm,Syria,2021,3
Bornholm,Thailand,2021,2
Bornholm,USA,2021,4
Bornholm,Ukraine,2021,3
Bornholm,United Kingdom,2021,5
Brøndby,Argentina,2021,3
Brøndby,Austria,2021,1
Brøndby,Bangladesh,2021,1
Brøndby,Belgium,2021,1
Brøndby,Bulgaria,2021,14
Brøndby,Chile,2021,2
Brøndby,China,2021,4
Brøndby,Denmark,2021,89
Brøndby,France,2021,1
Brøndby,Germany,2021,1
Brøndby,Hungary,2021,3
Brøndby,Iceland,2021,2
Brøndby,India,2021,11
Brøndby,Iran,2021,1
Brøndby,Iraq,2021,2
Brøndby,Ireland,2021,1
Brøndby,Italy,2021,4
Brøndby,Japan,2021,1
Brøndby,Latvia,2021,2
Brøndby,Lithuania,2021,7
Brøndby,Morocco,2021,3
Brøndby,Nepal,2021,4
Brøndby,Netherlands,2021,2
Brøndby,Norway,2021,2
Brøndby,Pakistan,2021,12
Brøndby,Philippines,2021,3
Brøndby,Poland,2021,29
Brøndby,Portugal,2021,2
Brøndby,Republic of North Macedonia,2021,2
Brøndby,Romania,2021,31
Brøndby,Russia,2021,1
Brøndby,Serbia,2021,1
Brøndby,Somalia,2021,1
Brøndby,Spain,2021,2
Brøndby,Sri Lanka,2021,2
Brøndby,Sweden,2021,4
Brøndby,Switzerland,2021,2
Brøndby,Syria,2021,1
Brøndby,Turkey,2021,4
Brøndby,United Kingdom,2021,6
Brøndby,Yemen,2021,1
Brøndby,Yugoslavia,2021,1
Brønderslev,Angola,2021,1
Brønderslev,Argentina,2021,1
Brønderslev,Belgium,2021,1
Brønderslev,Brazil,2021,1
Brønderslev,Bulgaria,2021,3
Brønderslev,China,2021,5
Brønderslev,Colombia,2021,6
Brønderslev,"Congo, Democratic Republic",2021,1
Brønderslev,Denmark,2021,34
Brønderslev,Eritrea,2021,1
Brønderslev,Finland,2021,3
Brønderslev,Germany,2021,4
Brønderslev,Hungary,2021,2
Brønderslev,Iceland,2021,2
Brønderslev,Indonesia,2021,1
Brønderslev,Italy,2021,2
Brønderslev,Japan,2021,1
Brønderslev,Latvia,2021,5
Brønderslev,Lithuania,2021,6
Brønderslev,Netherlands,2021,1
Brønderslev,New Zealand,2021,1
Brønderslev,Nigeria,2021,1
Brønderslev,Norway,2021,6
Brønderslev,Not stated,2021,1
Brønderslev,Philippines,2021,2
Brønderslev,Poland,2021,13
Brønderslev,Portugal,2021,1
Brønderslev,Romania,2021,34
Brønderslev,Russia,2021,2
Brønderslev,Slovakia,2021,1
Brønderslev,Somalia,2021,1
Brønderslev,Sweden,2021,1
Brønderslev,Switzerland,2021,1
Brønderslev,Syria,2021,7
Brønderslev,Thailand,2021,1
Brønderslev,USA,2021,3
Brønderslev,Uganda,2021,1
Brønderslev,Ukraine,2021,18
Brønderslev,United Kingdom,2021,1
Brønderslev,Vietnam,2021,5
Copenhagen,Afghanistan,2021,4
Copenhagen,Albania,2021,4
Copenhagen,Algeria,2021,2
Copenhagen,Argentina,2021,642
Copenhagen,Armenia,2021,3
Copenhagen,Australia,2021,90
Copenhagen,Austria,2021,58
Copenhagen,Azerbaijan,2021,4
Copenhagen,Bangladesh,2021,58
Copenhagen,Belarus,2021,4
Copenhagen,Belgium,2021,62
Copenhagen,Bolivia,2021,1
Copenhagen,Brazil,2021,69
Copenhagen,Bulgaria,2021,87
Copenhagen,Cameroon,2021,5
Copenhagen,Canada,2021,74
Copenhagen,Chad,2021,1
Copenhagen,Chile,2021,115
Copenhagen,China,2021,314
Copenhagen,Colombia,2021,20
Copenhagen,Costa Rica,2021,4
Copenhagen,Croatia,2021,53
Copenhagen,Cuba,2021,3
Copenhagen,Cyprus,2021,6
Copenhagen,Czech Republic,2021,60
Copenhagen,Denmark,2021,3796
Copenhagen,Dominican Republic,2021,1
Copenhagen,Ecuador,2021,2
Copenhagen,Egypt,2021,14
Copenhagen,Estonia,2021,38
Copenhagen,Ethiopia,2021,4
Copenhagen,Finland,2021,147
Copenhagen,France,2021,406
Copenhagen,Germany,2021,685
Copenhagen,Ghana,2021,14
Copenhagen,Greece,2021,152
Copenhagen,Guatemala,2021,2
Copenhagen,Hungary,2021,76
Copenhagen,Iceland,2021,203
Copenhagen,India,2021,353
Copenhagen,Indonesia,2021,16
Copenhagen,Iran,2021,30
Copenhagen,Iraq,2021,17
Copenhagen,Ireland,2021,74
Copenhagen,Israel,2021,7
Copenhagen,Italy,2021,628
Copenhagen,Japan,2021,41
Copenhagen,Kazakhstan,2021,3
Copenhagen,Kenya,2021,3
Copenhagen,Kosovo,2021,2
Copenhagen,Kyrgyzstan,2021,1
Copenhagen,Latvia,2021,44
Copenhagen,Lebanon,2021,7
Copenhagen,Lithuania,2021,162
Copenhagen,Luxembourg,2021,4
Copenhagen,Malaysia,2021,9
Copenhagen,Malta,2021,1
Copenhagen,Mauritius,2021,2
Copenhagen,Mexico,2021,29
Copenhagen,Moldova,2021,3
Copenhagen,Montenegro,2021,2
Copenhagen,Morocco,2021,6
Copenhagen,Myanmar,2021,1
Copenhagen,Namibia,2021,1
Copenhagen,Nepal,2021,170
Copenhagen,Netherlands,2021,177
Copenhagen,New Zealand,2021,12
Copenhagen,Nigeria,2021,18
Copenhagen,Norway,2021,612
Copenhagen,Not stated,2021,5
Copenhagen,Pakistan,2021,94
Copenhagen,Panama,2021,2
Copenhagen,Peru,2021,7
Copenhagen,Philippines,2021,51
Copenhagen,Poland,2021,306
Copenhagen,Portugal,2021,170
Copenhagen,Republic of North Macedonia,2021,3
Copenhagen,Romania,2021,157
Copenhagen,Russia,2021,46
Copenhagen,Saudi Arabia,2021,3
Copenhagen,Senegal,2021,3
Copenhagen,Serbia,2021,13
Copenhagen,Serbia and Montenegro,2021,1
Copenhagen,Sierra Leone,2021,1
Copenhagen,Singapore,2021,21
Copenhagen,Slovakia,2021,84
Copenhagen,Slovenia,2021,14
Copenhagen,Somalia,2021,8
Copenhagen,South Africa,2021,12
Copenhagen,South Korea,2021,46
Copenhagen,Spain,2021,473
Copenhagen,Sri Lanka,2021,6
Copenhagen,Stateless,2021,2
Copenhagen,Sudan,2021,7
Copenhagen,Sweden,2021,468
Copenhagen,Switzerland,2021,75
Copenhagen,Syria,2021,9
Copenhagen,Taiwan,2021,11
Copenhagen,Tajikistan,2021,1
Copenhagen,Tanzania,2021,2
Copenhagen,Thailand,2021,23
Copenhagen,Tunisia,2021,8
Copenhagen,Turkey,2021,70
Copenhagen,USA,2021,367
Copenhagen,Uganda,2021,3
Copenhagen,Ukraine,2021,35
Copenhagen,United Kingdom,2021,359
Copenhagen,Uruguay,2021,5
Copenhagen,Uzbekistan,2021,1
Copenhagen,Venezuela,2021,3
Copenhagen,Vietnam,2021,14
Copenhagen,Yugoslavia,2021,7
Copenhagen,Zambia,2021,1
Copenhagen,Zimbabwe,2021,1
Dragør,China,2021,1
Dragør,Denmark,2021,36
Dragør,Finland,2021,1
Dragør,Germany,2021,3
Dragør,Iran,2021,1
Dragør,Nepal,2021,1
Dragør,Netherlands,2021,1
Dragør,Norway,2021,3
Dragør,Philippines,2021,4
Dragør,Poland,2021,2
Dragør,Portugal,2021,1
Dragør,Somalia,2021,1
Dragør,Spain,2021,1
Dragør,Sweden,2021,6
Dragør,USA,2021,3
Dragør,United Kingdom,2021,1
Egedal,Argentina,2021,1
Egedal,Brazil,2021,1
Egedal,Bulgaria,2021,8
Egedal,China,2021,4
Egedal,Croatia,2021,2
Egedal,Denmark,2021,69
Egedal,Ethiopia,2021,1
Egedal,Finland,2021,3
Egedal,Germany,2021,3
Egedal,Hungary,2021,1
Egedal,India,2021,5
Egedal,Iran,2021,2
Egedal,Italy,2021,1
Egedal,Lithuania,2021,8
Egedal,Netherlands,2021,1
Egedal,Norway,2021,2
Egedal,Not stated,2021,2
Egedal,Philippines,2021,2
Egedal,Poland,2021,4
Egedal,Romania,2021,6
Egedal,Russia,2021,1
Egedal,Slovenia,2021,1
Egedal,Somalia,2021,2
Egedal,Spain,2021,3
Egedal,Sweden,2021,5
Egedal,Syria,2021,4
Egedal,Thailand,2021,2
Egedal,Turkey,2021,2
Egedal,USA,2021,4
Egedal,United Kingdom,2021,4
Esbjerg,Afghanistan,2021,5
Esbjerg,Argentina,2021,2
Esbjerg,Austria,2021,2
Esbjerg,Belgium,2021,6
Esbjerg,Bosnia and Herzegovina,2021,2
Esbjerg,Bulgaria,2021,15
Esbjerg,Cambodia,2021,1
Esbjerg,Cameroon,2021,3
Esbjerg,Canada,2021,5
Esbjerg,China,2021,12
Esbjerg,Colombia,2021,1
Esbjerg,"Congo, Republic",2021,1
Esbjerg,Costa Rica,2021,1
Esbjerg,Croatia,2021,4
Esbjerg,Czech Republic,2021,6
Esbjerg,Denmark,2021,216
Esbjerg,Finland,2021,5
Esbjerg,France,2021,7
Esbjerg,Germany,2021,35
Esbjerg,Greece,2021,2
Esbjerg,Hungary,2021,3
Esbjerg,Iceland,2021,14
Esbjerg,India,2021,12
Esbjerg,Indonesia,2021,4
Esbjerg,Iran,2021,11
Esbjerg,Ireland,2021,3
Esbjerg,Italy,2021,7
Esbjerg,Jamaica,2021,1
Esbjerg,Japan,2021,1
Esbjerg,Kenya,2021,2
Esbjerg,Kosovo,2021,1
Esbjerg,Kyrgyzstan,2021,1
Esbjerg,Latvia,2021,11
Esbjerg,Lithuania,2021,14
Esbjerg,Myanmar,2021,1
Esbjerg,Nepal,2021,3
Esbjerg,Netherlands,2021,12
Esbjerg,Nigeria,2021,2
Esbjerg,Norway,2021,20
Esbjerg,Paraguay,2021,1
Esbjerg,Philippines,2021,4
Esbjerg,Poland,2021,31
Esbjerg,Portugal,2021,4
Esbjerg,Romania,2021,60
Esbjerg,Serbia,2021,1
Esbjerg,Slovakia,2021,11
Esbjerg,Slovenia,2021,2
Esbjerg,South Africa,2021,4
Esbjerg,South Korea,2021,1
Esbjerg,Spain,2021,21
Esbjerg,Sri Lanka,2021,1
Esbjerg,Stateless,2021,2
Esbjerg,Sweden,2021,2
Esbjerg,Switzerland,2021,1
Esbjerg,Syria,2021,55
Esbjerg,Thailand,2021,5
Esbjerg,Turkey,2021,7
Esbjerg,USA,2021,10
Esbjerg,Ukraine,2021,32
Esbjerg,United Kingdom,2021,22
Esbjerg,Uzbekistan,2021,4
Esbjerg,Venezuela,2021,4
Esbjerg,Vietnam,2021,2
Faaborg-Midtfyn,Australia,2021,5
Faaborg-Midtfyn,Belgium,2021,1
Faaborg-Midtfyn,Bulgaria,2021,7
Faaborg-Midtfyn,Colombia,2021,1
Faaborg-Midtfyn,Denmark,2021,87
Faaborg-Midtfyn,Germany,2021,5
Faaborg-Midtfyn,Ghana,2021,1
Faaborg-Midtfyn,Hungary,2021,1
Faaborg-Midtfyn,Iceland,2021,6
Faaborg-Midtfyn,Italy,2021,9
Faaborg-Midtfyn,Kosovo,2021,1
Faaborg-Midtfyn,Latvia,2021,1
Faaborg-Midtfyn,Lithuania,2021,13
Faaborg-Midtfyn,Poland,2021,12
Faaborg-Midtfyn,Portugal,2021,8
Faaborg-Midtfyn,Romania,2021,18
Faaborg-Midtfyn,South Korea,2021,1
Faaborg-Midtfyn,Switzerland,2021,1
Faaborg-Midtfyn,Syria,2021,2
Faaborg-Midtfyn,Ukraine,2021,34
Faaborg-Midtfyn,United Kingdom,2021,1
Faaborg-Midtfyn,Vietnam,2021,3
Fanø,Canada,2021,2
Fanø,Denmark,2021,9
Fanø,Germany,2021,1
Fanø,Norway,2021,1
Fanø,Syria,2021,3
Fanø,United Kingdom,2021,1
Favrskov,Afghanistan,2021,1
Favrskov,Argentina,2021,1
Favrskov,Bulgaria,2021,1
Favrskov,Croatia,2021,1
Favrskov,Denmark,2021,77
Favrskov,France,2021,3
Favrskov,Germany,2021,4
Favrskov,Hungary,2021,6
Favrskov,India,2021,3
Favrskov,Iran,2021,1
Favrskov,Italy,2021,1
Favrskov,Kenya,2021,1
Favrskov,Latvia,2021,6
Favrskov,Lithuania,2021,9
Favrskov,Moldova,2021,2
Favrskov,Norway,2021,1
Favrskov,Philippines,2021,2
Favrskov,Poland,2021,18
Favrskov,Romania,2021,30
Favrskov,Sweden,2021,1
Favrskov,Syria,2021,16
Favrskov,Thailand,2021,3
Favrskov,USA,2021,1
Favrskov,Ukraine,2021,11
Favrskov,United Kingdom,2021,2
Favrskov,Vietnam,2021,1
Faxe,Afghanistan,2021,5
Faxe,Argentina,2021,2
Faxe,Bulgaria,2021,7
Faxe,Canada,2021,1
Faxe,Chile,2021,1
Faxe,China,2021,2
Faxe,Croatia,2021,5
Faxe,Czech Republic,2021,2
Faxe,Denmark,2021,65
Faxe,Egypt,2021,1
Faxe,Eritrea,2021,1
Faxe,Estonia,2021,1
Faxe,Greece,2021,1
Faxe,Hungary,2021,1
Faxe,Italy,2021,4
Faxe,Jordan,2021,1
Faxe,Latvia,2021,1
Faxe,Lithuania,2021,4
Faxe,Mexico,2021,1
Faxe,Norway,2021,1
Faxe,Philippines,2021,5
Faxe,Poland,2021,85
Faxe,Republic of North Macedonia,2021,1
Faxe,Romania,2021,19
Faxe,Slovakia,2021,2
Faxe,Spain,2021,1
Faxe,Sweden,2021,3
Faxe,Syria,2021,23
Faxe,Thailand,2021,30
Faxe,USA,2021,2
Faxe,Ukraine,2021,2
Faxe,Vietnam,2021,2
Fredensborg,Australia,2021,1
Fredensborg,Brazil,2021,1
Fredensborg,Bulgaria,2021,4
Fredensborg,China,2021,7
Fredensborg,Colombia,2021,1
Fredensborg,Czech Republic,2021,1
Fredensborg,Denmark,2021,94
Fredensborg,Egypt,2021,3
Fredensborg,Finland,2021,3
Fredensborg,France,2021,1
Fredensborg,Greece,2021,5
Fredensborg,Hungary,2021,5
Fredensborg,Iceland,2021,1
Fredensborg,India,2021,9
Fredensborg,Indonesia,2021,1
Fredensborg,Iran,2021,4
Fredensborg,Iraq,2021,1
Fredensborg,Italy,2021,4
Fredensborg,Latvia,2021,1
Fredensborg,Lithuania,2021,9
Fredensborg,Netherlands,2021,1
Fredensborg,Norway,2021,1
Fredensborg,Pakistan,2021,1
Fredensborg,Peru,2021,1
Fredensborg,Philippines,2021,13
Fredensborg,Poland,2021,12
Fredensborg,Portugal,2021,1
Fredensborg,Romania,2021,17
Fredensborg,Slovakia,2021,2
Fredensborg,Spain,2021,4
Fredensborg,Sweden,2021,8
Fredensborg,Thailand,2021,1
Fredensborg,Turkey,2021,7
Fredensborg,USA,2021,5
Fredensborg,Ukraine,2021,1
Fredensborg,United Kingdom,2021,3
Fredericia,Australia,2021,2
Fredericia,Austria,2021,1
Fredericia,Belarus,2021,1
Fredericia,Belgium,2021,8
Fredericia,Bosnia and Herzegovina,2021,1
Fredericia,Bulgaria,2021,1
Fredericia,Canada,2021,3
Fredericia,Costa Rica,2021,1
Fredericia,Denmark,2021,111
Fredericia,Egypt,2021,1
Fredericia,France,2021,2
Fredericia,Georgia,2021,1
Fredericia,Germany,2021,8
Fredericia,Ghana,2021,2
Fredericia,Greece,2021,1
Fredericia,Hungary,2021,5
Fredericia,Iran,2021,2
Fredericia,Ireland,2021,14
Fredericia,Japan,2021,2
Fredericia,Kosovo,2021,1
Fredericia,Latvia,2021,1
Fredericia,Lithuania,2021,5
Fredericia,Montenegro,2021,1
Fredericia,Netherlands,2021,1
Fredericia,Norway,2021,18
Fredericia,Philippines,2021,2
Fredericia,Poland,2021,10
Fredericia,Portugal,2021,2
Fredericia,Romania,2021,35
Fredericia,Russia,2021,3
Fredericia,Singapore,2021,1
Fredericia,South Korea,2021,1
Fredericia,Spain,2021,3
Fredericia,Sri Lanka,2021,1
Fredericia,Sweden,2021,3
Fredericia,Syria,2021,1
Fredericia,Turkey,2021,1
Fredericia,USA,2021,4
Fredericia,Ukraine,2021,15
Fredericia,United Kingdom,2021,8
Fredericia,Vietnam,2021,1
Frederiksberg,Afghanistan,2021,1
Frederiksberg,Albania,2021,1
Frederiksberg,Algeria,2021,1
Frederiksberg,Argentina,2021,65
Frederiksberg,Australia,2021,11
Frederiksberg,Austria,2021,22
Frederiksberg,Bangladesh,2021,3
Frederiksberg,Belarus,2021,1
Frederiksberg,Belgium,2021,24
Frederiksberg,Bosnia and Herzegovina,2021,3
Frederiksberg,Brazil,2021,13
Frederiksberg,Bulgaria,2021,5
Frederiksberg,Cameroon,2021,1
Frederiksberg,Canada,2021,31
Frederiksberg,Chile,2021,4
Frederiksberg,China,2021,62
Frederiksberg,Colombia,2021,6
Frederiksberg,Croatia,2021,7
Frederiksberg,Cyprus,2021,1
Frederiksberg,Czech Republic,2021,5
Frederiksberg,Denmark,2021,554
Frederiksberg,Ecuador,2021,3
Frederiksberg,Egypt,2021,2
Frederiksberg,Eritrea,2021,1
Frederiksberg,Ethiopia,2021,1
Frederiksberg,Finland,2021,28
Frederiksberg,France,2021,166
Frederiksberg,Germany,2021,186
Frederiksberg,Ghana,2021,3
Frederiksberg,Greece,2021,18
Frederiksberg,Hungary,2021,10
Frederiksberg,Iceland,2021,32
Frederiksberg,India,2021,88
Frederiksberg,Indonesia,2021,5
Frederiksberg,Iran,2021,5
Frederiksberg,Iraq,2021,2
Frederiksberg,Ireland,2021,15
Frederiksberg,Israel,2021,3
Frederiksberg,Italy,2021,112
Frederiksberg,Jamaica,2021,1
Frederiksberg,Japan,2021,8
Frederiksberg,Kazakhstan,2021,1
Frederiksberg,Kenya,2021,1
Frederiksberg,Latvia,2021,5
Frederiksberg,Lebanon,2021,1
Frederiksberg,Lithuania,2021,9
Frederiksberg,Malaysia,2021,1
Frederiksberg,Mauritius,2021,1
Frederiksberg,Mexico,2021,1
Frederiksberg,Morocco,2021,2
Frederiksberg,Nepal,2021,3
Frederiksberg,Netherlands,2021,28
Frederiksberg,New Zealand,2021,1
Frederiksberg,Nigeria,2021,1
Frederiksberg,Norway,2021,137
Frederiksberg,Pakistan,2021,2
Frederiksberg,Peru,2021,1
Frederiksberg,Philippines,2021,41
Frederiksberg,Poland,2021,31
Frederiksberg,Portugal,2021,22
Frederiksberg,Republic of North Macedonia,2021,1
Frederiksberg,Romania,2021,9
Frederiksberg,Russia,2021,12
Frederiksberg,Serbia,2021,6
Frederiksberg,Sierra Leone,2021,1
Frederiksberg,Singapore,2021,4
Frederiksberg,Slovakia,2021,6
Frederiksberg,Slovenia,2021,2
Frederiksberg,South Africa,2021,1
Frederiksberg,South Korea,2021,7
Frederiksberg,Spain,2021,62
Frederiksberg,Stateless,2021,4
Frederiksberg,Sudan,2021,1
Frederiksberg,Sweden,2021,93
Frederiksberg,Switzerland,2021,31
Frederiksberg,Syria,2021,5
Frederiksberg,Taiwan,2021,4
Frederiksberg,Tanzania,2021,4
Frederiksberg,Thailand,2021,4
Frederiksberg,Trinidad and Tobago,2021,1
Frederiksberg,Tunisia,2021,1
Frederiksberg,Turkey,2021,7
Frederiksberg,USA,2021,143
Frederiksberg,Uganda,2021,2
Frederiksberg,Ukraine,2021,2
Frederiksberg,United Kingdom,2021,58
Frederiksberg,Uzbekistan,2021,1
Frederiksberg,Venezuela,2021,1
Frederiksberg,Vietnam,2021,2
Frederiksberg,Yemen,2021,1
Frederiksberg,Zambia,2021,1
Frederikshavn,Australia,2021,1
Frederikshavn,Belgium,2021,1
Frederikshavn,Bosnia and Herzegovina,2021,1
Frederikshavn,Brazil,2021,1
Frederikshavn,Bulgaria,2021,2
Frederikshavn,Canada,2021,5
Frederikshavn,China,2021,2
Frederikshavn,Costa Rica,2021,1
Frederikshavn,Denmark,2021,90
Frederikshavn,Eritrea,2021,1
Frederikshavn,Finland,2021,1
Frederikshavn,Germany,2021,3
Frederikshavn,Hungary,2021,1
Frederikshavn,India,2021,1
Frederikshavn,Latvia,2021,3
Frederikshavn,Lithuania,2021,2
Frederikshavn,Netherlands,2021,1
Frederikshavn,Norway,2021,4
Frederikshavn,Philippines,2021,1
Frederikshavn,Poland,2021,32
Frederikshavn,Portugal,2021,1
Frederikshavn,Romania,2021,48
Frederikshavn,Sweden,2021,17
Frederikshavn,Syria,2021,26
Frederikshavn,Tanzania,2021,1
Frederikshavn,Turkey,2021,3
Frederikshavn,USA,2021,3
Frederikshavn,Ukraine,2021,1
Frederikshavn,United Kingdom,2021,1
Frederikssund,Australia,2021,1
Frederikssund,Bangladesh,2021,2
Frederikssund,Brazil,2021,1
Frederikssund,Bulgaria,2021,5
Frederikssund,Denmark,2021,74
Frederikssund,France,2021,1
Frederikssund,Germany,2021,3
Frederikssund,Greece,2021,2
Frederikssund,Hungary,2021,3
Frederikssund,India,2021,1
Frederikssund,Italy,2021,2
Frederikssund,Latvia,2021,4
Frederikssund,Lithuania,2021,1
Frederikssund,Norway,2021,3
Frederikssund,Not stated,2021,1
Frederikssund,Pakistan,2021,1
Frederikssund,Philippines,2021,2
Frederikssund,Poland,2021,7
Frederikssund,Romania,2021,20
Frederikssund,Russia,2021,1
Frederikssund,Somalia,2021,1
Frederikssund,Spain,2021,1
Frederikssund,Stateless,2021,1
Frederikssund,Sweden,2021,4
Frederikssund,Syria,2021,7
Frederikssund,Turkey,2021,1
Frederikssund,Ukraine,2021,1
Frederikssund,United Kingdom,2021,2
Frederikssund,Vietnam,2021,1
Furesø,Afghanistan,2021,2
Furesø,Bangladesh,2021,1
Furesø,Belgium,2021,1
Furesø,Bulgaria,2021,18
Furesø,Cameroon,2021,1
Furesø,Canada,2021,1
Furesø,China,2021,3
Furesø,Cyprus,2021,2
Furesø,Denmark,2021,133
Furesø,Finland,2021,2
Furesø,France,2021,1
Furesø,Germany,2021,1
Furesø,Ghana,2021,8
Furesø,Hungary,2021,1
Furesø,Iceland,2021,6
Furesø,India,2021,8
Furesø,Iran,2021,2
Furesø,Italy,2021,6
Furesø,Lithuania,2021,6
Furesø,Nepal,2021,1
Furesø,Netherlands,2021,1
Furesø,Nigeria,2021,2
Furesø,Norway,2021,4
Furesø,Pakistan,2021,13
Furesø,Philippines,2021,10
Furesø,Poland,2021,24
Furesø,Romania,2021,25
Furesø,Russia,2021,1
Furesø,Sierra Leone,2021,2
Furesø,South Sudan,2021,1
Furesø,Spain,2021,6
Furesø,Sweden,2021,12
Furesø,Syria,2021,6
Furesø,Turkey,2021,1
Furesø,USA,2021,3
Furesø,United Kingdom,2021,1
Gentofte,Afghanistan,2021,2
Gentofte,Albania,2021,3
Gentofte,Algeria,2021,3
Gentofte,Argentina,2021,15
Gentofte,Australia,2021,18
Gentofte,Austria,2021,1
Gentofte,Bangladesh,2021,1
Gentofte,Belarus,2021,2
Gentofte,Belgium,2021,1
Gentofte,Brazil,2021,8
Gentofte,Bulgaria,2021,7
Gentofte,Canada,2021,2
Gentofte,Chile,2021,6
Gentofte,China,2021,33
Gentofte,Colombia,2021,2
Gentofte,Croatia,2021,3
Gentofte,Cyprus,2021,1
Gentofte,Czech Republic,2021,5
Gentofte,Denmark,2021,344
Gentofte,Egypt,2021,6
Gentofte,El Salvador,2021,1
Gentofte,Eritrea,2021,4
Gentofte,Fiji,2021,1
Gentofte,Finland,2021,11
Gentofte,France,2021,25
Gentofte,Germany,2021,23
Gentofte,Ghana,2021,1
Gentofte,Greece,2021,1
Gentofte,Hungary,2021,9
Gentofte,Iceland,2021,12
Gentofte,India,2021,19
Gentofte,Indonesia,2021,2
Gentofte,Iran,2021,2
Gentofte,Ireland,2021,10
Gentofte,Italy,2021,28
Gentofte,Ivory Coast,2021,1
Gentofte,Japan,2021,3
Gentofte,Kazakhstan,2021,6
Gentofte,Kenya,2021,1
Gentofte,Kosovo,2021,4
Gentofte,Lithuania,2021,12
Gentofte,Malaysia,2021,1
Gentofte,Mexico,2021,4
Gentofte,Morocco,2021,2
Gentofte,Nepal,2021,11
Gentofte,Netherlands,2021,19
Gentofte,Norway,2021,21
Gentofte,Not stated,2021,1
Gentofte,Pakistan,2021,2
Gentofte,Philippines,2021,245
Gentofte,Poland,2021,17
Gentofte,Portugal,2021,10
Gentofte,Romania,2021,19
Gentofte,Russia,2021,6
Gentofte,Singapore,2021,3
Gentofte,Slovakia,2021,2
Gentofte,Somalia,2021,1
Gentofte,South Africa,2021,6
Gentofte,South Korea,2021,8
Gentofte,Spain,2021,11
Gentofte,Sri Lanka,2021,1
Gentofte,Stateless,2021,1
Gentofte,Sweden,2021,22
Gentofte,Switzerland,2021,2
Gentofte,Syria,2021,14
Gentofte,Taiwan,2021,4
Gentofte,Thailand,2021,3
Gentofte,Turkey,2021,3
Gentofte,USA,2021,49
Gentofte,Ukraine,2021,2
Gentofte,United Kingdom,2021,57
Gentofte,Vietnam,2021,7
Gladsaxe,Afghanistan,2021,1
Gladsaxe,Algeria,2021,1
Gladsaxe,Argentina,2021,20
Gladsaxe,Australia,2021,1
Gladsaxe,Austria,2021,1
Gladsaxe,Belgium,2021,4
Gladsaxe,Bosnia and Herzegovina,2021,1
Gladsaxe,Brazil,2021,1
Gladsaxe,Bulgaria,2021,17
Gladsaxe,Burkina Faso,2021,1
Gladsaxe,Canada,2021,1
Gladsaxe,Chile,2021,3
Gladsaxe,China,2021,26
Gladsaxe,Colombia,2021,1
Gladsaxe,Croatia,2021,2
Gladsaxe,Czech Republic,2021,1
Gladsaxe,Denmark,2021,254
Gladsaxe,Egypt,2021,3
Gladsaxe,Eritrea,2021,1
Gladsaxe,Estonia,2021,1
Gladsaxe,Finland,2021,11
Gladsaxe,France,2021,6
Gladsaxe,Germany,2021,19
Gladsaxe,Greece,2021,9
Gladsaxe,Iceland,2021,30
Gladsaxe,India,2021,48
Gladsaxe,Indonesia,2021,2
Gladsaxe,Iran,2021,6
Gladsaxe,Iraq,2021,1
Gladsaxe,Italy,2021,31
Gladsaxe,Jordan,2021,1
Gladsaxe,Latvia,2021,3
Gladsaxe,Lithuania,2021,9
Gladsaxe,Malaysia,2021,6
Gladsaxe,Malta,2021,1
Gladsaxe,Mexico,2021,1
Gladsaxe,Morocco,2021,2
Gladsaxe,Nepal,2021,19
Gladsaxe,Netherlands,2021,7
Gladsaxe,Nigeria,2021,6
Gladsaxe,Norway,2021,8
Gladsaxe,Not stated,2021,1
Gladsaxe,Pakistan,2021,9
Gladsaxe,Philippines,2021,2
Gladsaxe,Poland,2021,17
Gladsaxe,Portugal,2021,1
Gladsaxe,Republic of North Macedonia,2021,1
Gladsaxe,Romania,2021,20
Gladsaxe,Russia,2021,5
Gladsaxe,Slovakia,2021,3
Gladsaxe,Somalia,2021,2
Gladsaxe,South Korea,2021,5
Gladsaxe,Spain,2021,14
Gladsaxe,Stateless,2021,1
Gladsaxe,Sweden,2021,6
Gladsaxe,Switzerland,2021,1
Gladsaxe,Syria,2021,2
Gladsaxe,Taiwan,2021,1
Gladsaxe,Thailand,2021,5
Gladsaxe,Turkey,2021,1
Gladsaxe,USA,2021,8
Gladsaxe,Ukraine,2021,1
Gladsaxe,United Kingdom,2021,17
Gladsaxe,Vietnam,2021,1
Glostrup,Afghanistan,2021,1
Glostrup,Argentina,2021,1
Glostrup,Armenia,2021,1
Glostrup,Australia,2021,1
Glostrup,Austria,2021,1
Glostrup,Bangladesh,2021,3
Glostrup,Bulgaria,2021,6
Glostrup,Canada,2021,1
Glostrup,China,2021,11
Glostrup,Denmark,2021,50
Glostrup,Fiji,2021,1
Glostrup,France,2021,1
Glostrup,Germany,2021,5
Glostrup,Greece,2021,2
Glostrup,Hungary,2021,1
Glostrup,Iceland,2021,7
Glostrup,India,2021,25
Glostrup,Iran,2021,1
Glostrup,Iraq,2021,1
Glostrup,Ireland,2021,3
Glostrup,Italy,2021,5
Glostrup,Latvia,2021,2
Glostrup,Libya,2021,1
Glostrup,Lithuania,2021,3
Glostrup,Morocco,2021,2
Glostrup,Nepal,2021,2
Glostrup,Norway,2021,1
Glostrup,Pakistan,2021,20
Glostrup,Poland,2021,9
Glostrup,Portugal,2021,2
Glostrup,Romania,2021,13
Glostrup,Saudi Arabia,2021,2
Glostrup,Spain,2021,2
Glostrup,Sri Lanka,2021,1
Glostrup,Sweden,2021,2
Glostrup,Thailand,2021,1
Glostrup,Tunisia,2021,1
Glostrup,Turkey,2021,4
Glostrup,USA,2021,1
Glostrup,United Kingdom,2021,1
Greve,Argentina,2021,2
Greve,Bangladesh,2021,4
Greve,Bulgaria,2021,17
Greve,Canada,2021,1
Greve,Chile,2021,2
Greve,China,2021,14
Greve,Croatia,2021,2
Greve,Czech Republic,2021,1
Greve,Denmark,2021,94
Greve,Egypt,2021,1
Greve,Eritrea,2021,1
Greve,Estonia,2021,1
Greve,France,2021,3
Greve,Germany,2021,6
Greve,Ghana,2021,1
Greve,Greece,2021,2
Greve,Hungary,2021,3
Greve,India,2021,2
Greve,Iran,2021,3
Greve,Italy,2021,11
Greve,Japan,2021,3
Greve,Lithuania,2021,16
Greve,Montenegro,2021,1
Greve,Nepal,2021,2
Greve,Netherlands,2021,1
Greve,Norway,2021,1
Greve,Not stated,2021,2
Greve,Pakistan,2021,2
Greve,Philippines,2021,5
Greve,Poland,2021,20
Greve,Portugal,2021,2
Greve,Romania,2021,31
Greve,Russia,2021,1
Greve,South Africa,2021,1
Greve,South Korea,2021,1
Greve,Sri Lanka,2021,3
Greve,Sweden,2021,2
Greve,Switzerland,2021,1
Greve,Syria,2021,6
Greve,Thailand,2021,1
Greve,Turkey,2021,1
Greve,USA,2021,13
Greve,Ukraine,2021,2
Greve,United Kingdom,2021,8
Greve,Vietnam,2021,2
Gribskov,Afghanistan,2021,1
Gribskov,Argentina,2021,1
Gribskov,Bulgaria,2021,4
Gribskov,Canada,2021,2
Gribskov,Denmark,2021,110
Gribskov,Estonia,2021,2
Gribskov,France,2021,2
Gribskov,Germany,2021,5
Gribskov,Iceland,2021,5
Gribskov,Ireland,2021,1
Gribskov,Italy,2021,4
Gribskov,Japan,2021,1
Gribskov,Lithuania,2021,7
Gribskov,Netherlands,2021,2
Gribskov,New Zealand,2021,1
Gribskov,Nigeria,2021,1
Gribskov,Norway,2021,2
Gribskov,Philippines,2021,8
Gribskov,Poland,2021,17
Gribskov,Romania,2021,32
Gribskov,Russia,2021,3
Gribskov,Slovakia,2021,3
Gribskov,Spain,2021,2
Gribskov,Sweden,2021,5
Gribskov,Syria,2021,4
Gribskov,Turkey,2021,3
Gribskov,USA,2021,2
Gribskov,Ukraine,2021,3
Gribskov,United Kingdom,2021,3
Guldborgsund,Argentina,2021,2
Guldborgsund,Belgium,2021,1
Guldborgsund,Bosnia and Herzegovina,2021,1
Guldborgsund,Bulgaria,2021,4
Guldborgsund,Canada,2021,1
Guldborgsund,Chile,2021,1
Guldborgsund,China,2021,4
Guldborgsund,Croatia,2021,1
Guldborgsund,Czech Republic,2021,1
Guldborgsund,Denmark,2021,97
Guldborgsund,France,2021,3
Guldborgsund,Germany,2021,9
Guldborgsund,Greece,2021,1
Guldborgsund,Hungary,2021,5
Guldborgsund,Iceland,2021,2
Guldborgsund,India,2021,1
Guldborgsund,Iran,2021,1
Guldborgsund,Iraq,2021,4
Guldborgsund,Italy,2021,8
Guldborgsund,Japan,2021,1
Guldborgsund,Lithuania,2021,3
Guldborgsund,Middle East not stated,2021,1
Guldborgsund,Netherlands,2021,1
Guldborgsund,Norway,2021,2
Guldborgsund,Not stated,2021,20
Guldborgsund,Philippines,2021,3
Guldborgsund,Poland,2021,21
Guldborgsund,Romania,2021,12
Guldborgsund,Serbia,2021,1
Guldborgsund,Sierra Leone,2021,1
Guldborgsund,Somalia,2021,15
Guldborgsund,Spain,2021,2
Guldborgsund,Sri Lanka,2021,1
Guldborgsund,Stateless,2021,3
Guldborgsund,Sweden,2021,4
Guldborgsund,Syria,2021,4
Guldborgsund,Thailand,2021,1
Guldborgsund,Turkey,2021,3
Guldborgsund,USA,2021,6
Guldborgsund,Ukraine,2021,9
Guldborgsund,United Kingdom,2021,7
Haderslev,Austria,2021,1
Haderslev,Brazil,2021,2
Haderslev,Burkina Faso,2021,1
Haderslev,Canada,2021,2
Haderslev,China,2021,3
Haderslev,"Congo, Democratic Republic",2021,2
Haderslev,Croatia,2021,5
Haderslev,Denmark,2021,98
Haderslev,Egypt,2021,2
Haderslev,Germany,2021,22
Haderslev,Ghana,2021,1
Haderslev,Greece,2021,3
Haderslev,Hungary,2021,8
Haderslev,Italy,2021,7
Haderslev,Latvia,2021,11
Haderslev,Lithuania,2021,4
Haderslev,Mexico,2021,1
Haderslev,Nigeria,2021,2
Haderslev,Norway,2021,4
Haderslev,Philippines,2021,1
Haderslev,Poland,2021,31
Haderslev,Portugal,2021,3
Haderslev,Romania,2021,47
Haderslev,Slovakia,2021,2
Haderslev,Spain,2021,6
Haderslev,Sweden,2021,8
Haderslev,Switzerland,2021,1
Haderslev,Syria,2021,12
Haderslev,USA,2021,8
Haderslev,Ukraine,2021,6
Haderslev,Vietnam,2021,3
Halsnæs,Australia,2021,1
Halsnæs,Austria,2021,1
Halsnæs,Bangladesh,2021,1
Halsnæs,Belgium,2021,3
Halsnæs,Bulgaria,2021,4
Halsnæs,Chile,2021,1
Halsnæs,China,2021,1
Halsnæs,Croatia,2021,2
Halsnæs,Denmark,2021,49
Halsnæs,Estonia,2021,1
Halsnæs,France,2021,1
Halsnæs,Greece,2021,1
Halsnæs,Hungary,2021,1
Halsnæs,Iraq,2021,1
Halsnæs,Lithuania,2021,8
Halsnæs,Moldova,2021,1
Halsnæs,Norway,2021,3
Halsnæs,Pakistan,2021,1
Halsnæs,Philippines,2021,1
Halsnæs,Poland,2021,10
Halsnæs,Portugal,2021,2
Halsnæs,Romania,2021,40
Halsnæs,Russia,2021,2
Halsnæs,Serbia,2021,4
Halsnæs,Slovakia,2021,4
Halsnæs,Sweden,2021,2
Halsnæs,Syria,2021,9
Halsnæs,Thailand,2021,1
Halsnæs,USA,2021,1
Halsnæs,Ukraine,2021,1
Halsnæs,United Kingdom,2021,1
Halsnæs,Vietnam,2021,2
Halsnæs,Yugoslavia,2021,4
Hedensted,Albania,2021,1
Hedensted,Australia,2021,1
Hedensted,Brazil,2021,5
Hedensted,Bulgaria,2021,3
Hedensted,Denmark,2021,77
Hedensted,Finland,2021,3
Hedensted,France,2021,1
Hedensted,Germany,2021,10
Hedensted,Greece,2021,1
Hedensted,Iceland,2021,5
Hedensted,Iran,2021,4
Hedensted,Ireland,2021,1
Hedensted,Italy,2021,1
Hedensted,Jordan,2021,1
Hedensted,Latvia,2021,18
Hedensted,Lithuania,2021,15
Hedensted,Netherlands,2021,1
Hedensted,New Zealand,2021,1
Hedensted,Norway,2021,2
Hedensted,Poland,2021,45
Hedensted,Romania,2021,20
Hedensted,Serbia,2021,2
Hedensted,Slovakia,2021,1
Hedensted,Spain,2021,1
Hedensted,Sweden,2021,4
Hedensted,Syria,2021,7
Hedensted,Tunisia,2021,1
Hedensted,Turkey,2021,1
Hedensted,USA,2021,2
Hedensted,Ukraine,2021,5
Hedensted,United Kingdom,2021,1
Hedensted,Vietnam,2021,1
Helsingør,Argentina,2021,2
Helsingør,Australia,2021,2
Helsingør,Austria,2021,1
Helsingør,Bangladesh,2021,2
Helsingør,Belgium,2021,10
Helsingør,Bulgaria,2021,6
Helsingør,Cameroon,2021,1
Helsingør,Chile,2021,2
Helsingør,Denmark,2021,167
Helsingør,Eritrea,2021,2
Helsingør,Finland,2021,2
Helsingør,France,2021,7
Helsingør,Germany,2021,17
Helsingør,Greece,2021,2
Helsingør,Hungary,2021,1
Helsingør,Iceland,2021,2
Helsingør,India,2021,12
Helsingør,Ireland,2021,3
Helsingør,Italy,2021,5
Helsingør,Japan,2021,18
Helsingør,Kenya,2021,1
Helsingør,Lithuania,2021,8
Helsingør,Mauritius,2021,1
Helsingør,Mexico,2021,8
Helsingør,Netherlands,2021,8
Helsingør,Nicaragua,2021,1
Helsingør,North Korea,2021,1
Helsingør,Norway,2021,6
Helsingør,Philippines,2021,11
Helsingør,Poland,2021,17
Helsingør,Portugal,2021,1
Helsingør,Romania,2021,16
Helsingør,Russia,2021,2
Helsingør,Senegal,2021,1
Helsingør,Somalia,2021,6
Helsingør,South Korea,2021,1
Helsingør,Spain,2021,8
Helsingør,Sweden,2021,11
Helsingør,Syria,2021,12
Helsingør,Thailand,2021,2
Helsingør,Turkey,2021,6
Helsingør,USA,2021,10
Helsingør,Uganda,2021,1
Helsingør,Ukraine,2021,2
Helsingør,United Kingdom,2021,1
Helsingør,Vietnam,2021,3
Herlev,Argentina,2021,1
Herlev,Austria,2021,1
Herlev,Belgium,2021,2
Herlev,Bulgaria,2021,3
Herlev,Cameroon,2021,2
Herlev,Chile,2021,1
Herlev,China,2021,7
Herlev,Denmark,2021,50
Herlev,Finland,2021,2
Herlev,Georgia,2021,3
Herlev,Ghana,2021,5
Herlev,Greece,2021,1
Herlev,Hungary,2021,1
Herlev,Iceland,2021,3
Herlev,India,2021,12
Herlev,Italy,2021,6
Herlev,Latvia,2021,1
Herlev,Lithuania,2021,2
Herlev,Morocco,2021,2
Herlev,Nepal,2021,3
Herlev,Netherlands,2021,1
Herlev,Not stated,2021,1
Herlev,Pakistan,2021,1
Herlev,Poland,2021,1
Herlev,Portugal,2021,4
Herlev,Romania,2021,4
Herlev,Slovakia,2021,1
Herlev,Spain,2021,5
Herlev,Sweden,2021,11
Herlev,Syria,2021,3
Herlev,Turkey,2021,2
Herlev,USA,2021,3
Herlev,Ukraine,2021,4
Herlev,United Kingdom,2021,1
Herning,Austria,2021,5
Herning,Belgium,2021,2
Herning,Bosnia and Herzegovina,2021,3
Herning,Brazil,2021,6
Herning,Bulgaria,2021,29
Herning,Canada,2021,15
Herning,China,2021,3
Herning,"Congo, Republic",2021,1
Herning,Croatia,2021,3
Herning,Czech Republic,2021,1
Herning,Denmark,2021,184
Herning,Ecuador,2021,1
Herning,Eritrea,2021,1
Herning,Estonia,2021,2
Herning,Finland,2021,5
Herning,France,2021,3
Herning,Germany,2021,11
Herning,Greece,2021,6
Herning,Hungary,2021,13
Herning,Iceland,2021,2
Herning,India,2021,2
Herning,Iran,2021,1
Herning,Italy,2021,11
Herning,Latvia,2021,25
Herning,Lebanon,2021,1
Herning,Lithuania,2021,22
Herning,Netherlands,2021,2
Herning,Nigeria,2021,1
Herning,Norway,2021,14
Herning,Pakistan,2021,6
Herning,Philippines,2021,2
Herning,Poland,2021,55
Herning,Portugal,2021,4
Herning,Romania,2021,56
Herning,Russia,2021,10
Herning,Slovakia,2021,4
Herning,Somalia,2021,2
Herning,South Korea,2021,2
Herning,Spain,2021,9
Herning,Sri Lanka,2021,1
Herning,Sweden,2021,6
Herning,Syria,2021,39
Herning,Thailand,2021,6
Herning,Tunisia,2021,1
Herning,Turkey,2021,4
Herning,USA,2021,4
Herning,Ukraine,2021,26
Herning,United Kingdom,2021,9
Herning,Uzbekistan,2021,1
Herning,Vietnam,2021,4
Hillerød,Argentina,2021,2
Hillerød,Australia,2021,2
Hillerød,Bosnia and Herzegovina,2021,1
Hillerød,Brazil,2021,8
Hillerød,Bulgaria,2021,1
Hillerød,Canada,2021,3
Hillerød,China,2021,4
Hillerød,"Congo, Democratic Republic",2021,1
Hillerød,Denmark,2021,120
Hillerød,Estonia,2021,2
Hillerød,Finland,2021,1
Hillerød,France,2021,2
Hillerød,Germany,2021,6
Hillerød,Hungary,2021,4
Hillerød,India,2021,1
Hillerød,Iran,2021,2
Hillerød,Iraq,2021,1
Hillerød,Italy,2021,6
Hillerød,Japan,2021,4
Hillerød,Latvia,2021,3
Hillerød,Lithuania,2021,10
Hillerød,Morocco,2021,1
Hillerød,Netherlands,2021,5
Hillerød,Norway,2021,6
Hillerød,Philippines,2021,2
Hillerød,Poland,2021,15
Hillerød,Romania,2021,19
Hillerød,Serbia,2021,4
Hillerød,Slovakia,2021,5
Hillerød,Spain,2021,2
Hillerød,Stateless,2021,2
Hillerød,Sweden,2021,2
Hillerød,Syria,2021,2
Hillerød,Turkey,2021,3
Hillerød,USA,2021,2
Hillerød,Yugoslavia,2021,1
Hjørring,Australia,2021,1
Hjørring,Austria,2021,1
Hjørring,Bulgaria,2021,6
Hjørring,Chile,2021,1
Hjørring,China,2021,1
Hjørring,Croatia,2021,1
Hjørring,Czech Republic,2021,2
Hjørring,Denmark,2021,145
Hjørring,Egypt,2021,1
Hjørring,Eritrea,2021,2
Hjørring,France,2021,2
Hjørring,Germany,2021,3
Hjørring,Hungary,2021,2
Hjørring,Iceland,2021,4
Hjørring,Indonesia,2021,4
Hjørring,Iran,2021,1
Hjørring,Italy,2021,6
Hjørring,Japan,2021,16
Hjørring,Jordan,2021,1
Hjørring,Kenya,2021,2
Hjørring,Latvia,2021,1
Hjørring,Lithuania,2021,12
Hjørring,Mexico,2021,1
Hjørring,Netherlands,2021,1
Hjørring,Norway,2021,19
Hjørring,Pakistan,2021,1
Hjørring,Poland,2021,30
Hjørring,Portugal,2021,1
Hjørring,Romania,2021,32
Hjørring,Russia,2021,4
Hjørring,Slovakia,2021,2
Hjørring,Spain,2021,2
Hjørring,Sri Lanka,2021,2
Hjørring,Sweden,2021,9
Hjørring,Syria,2021,29
Hjørring,Togo,2021,1
Hjørring,USA,2021,4
Hjørring,Ukraine,2021,17
Hjørring,United Kingdom,2021,4
Holbæk,Afghanistan,2021,3
Holbæk,Australia,2021,1
Holbæk,Bosnia and Herzegovina,2021,1
Holbæk,Bulgaria,2021,11
Holbæk,China,2021,5
Holbæk,Czech Republic,2021,2
Holbæk,Czechoslovakia,2021,1
Holbæk,Denmark,2021,130
Holbæk,Eritrea,2021,1
Holbæk,Finland,2021,1
Holbæk,France,2021,1
Holbæk,Germany,2021,1
Holbæk,Hungary,2021,1
Holbæk,Iceland,2021,5
Holbæk,Ireland,2021,1
Holbæk,Italy,2021,1
Holbæk,Japan,2021,3
Holbæk,Latvia,2021,2
Holbæk,Lithuania,2021,21
Holbæk,Netherlands,2021,1
Holbæk,Nicaragua,2021,1
Holbæk,Philippines,2021,2
Holbæk,Poland,2021,16
Holbæk,Romania,2021,9
Holbæk,Russia,2021,5
Holbæk,Somalia,2021,3
Holbæk,Spain,2021,1
Holbæk,Sweden,2021,6
Holbæk,Syria,2021,11
Holbæk,Thailand,2021,1
Holbæk,Turkey,2021,1
Holbæk,USA,2021,2
Holbæk,Ukraine,2021,5
Holbæk,United Kingdom,2021,2
Holbæk,Vietnam,2021,4
Holstebro,Australia,2021,1
Holstebro,Bulgaria,2021,12
Holstebro,China,2021,2
Holstebro,Croatia,2021,2
Holstebro,Czech Republic,2021,1
Holstebro,Denmark,2021,121
Holstebro,Egypt,2021,1
Holstebro,France,2021,1
Holstebro,Germany,2021,6
Holstebro,Iceland,2021,5
Holstebro,Italy,2021,3
Holstebro,Latvia,2021,3
Holstebro,Lithuania,2021,11
Holstebro,Netherlands,2021,1
Holstebro,New Zealand,2021,1
Holstebro,Norway,2021,11
Holstebro,Poland,2021,13
Holstebro,Romania,2021,15
Holstebro,Russia,2021,1
Holstebro,Slovakia,2021,5
Holstebro,Somalia,2021,2
Holstebro,Spain,2021,2
Holstebro,Stateless,2021,1
Holstebro,Sweden,2021,9
Holstebro,Syria,2021,7
Holstebro,Thailand,2021,4
Holstebro,USA,2021,1
Holstebro,Ukraine,2021,17
Holstebro,Vietnam,2021,5
Horsens,Argentina,2021,1
Horsens,Australia,2021,1
Horsens,Austria,2021,2
Horsens,Bosnia and Herzegovina,2021,1
Horsens,Bulgaria,2021,25
Horsens,Canada,2021,1
Horsens,China,2021,7
Horsens,Croatia,2021,6
Horsens,Czech Republic,2021,11
Horsens,Denmark,2021,170
Horsens,Estonia,2021,3
Horsens,Finland,2021,1
Horsens,France,2021,13
Horsens,Germany,2021,28
Horsens,Hungary,2021,5
Horsens,Iceland,2021,23
Horsens,India,2021,3
Horsens,Iran,2021,4
Horsens,Iraq,2021,3
Horsens,Ireland,2021,1
Horsens,Italy,2021,9
Horsens,Latvia,2021,18
Horsens,Lithuania,2021,34
Horsens,Netherlands,2021,3
Horsens,New Zealand,2021,2
Horsens,Norway,2021,3
Horsens,Philippines,2021,2
Horsens,Poland,2021,93
Horsens,Portugal,2021,3
Horsens,Romania,2021,50
Horsens,Serbia,2021,2
Horsens,Slovakia,2021,14
Horsens,Slovenia,2021,1
Horsens,South Korea,2021,1
Horsens,Spain,2021,17
Horsens,Sri Lanka,2021,2
Horsens,Sweden,2021,5
Horsens,Syria,2021,16
Horsens,Trinidad and Tobago,2021,1
Horsens,USA,2021,8
Horsens,Ukraine,2021,11
Horsens,United Kingdom,2021,3
Horsens,Vietnam,2021,5
Hvidovre,Argentina,2021,4
Hvidovre,Austria,2021,1
Hvidovre,Bangladesh,2021,1
Hvidovre,Belgium,2021,1
Hvidovre,Bosnia and Herzegovina,2021,1
Hvidovre,Bulgaria,2021,15
Hvidovre,Cameroon,2021,1
Hvidovre,Canada,2021,1
Hvidovre,Chile,2021,3
Hvidovre,China,2021,17
Hvidovre,Cyprus,2021,1
Hvidovre,Denmark,2021,111
Hvidovre,Ethiopia,2021,1
Hvidovre,France,2021,3
Hvidovre,Germany,2021,9
Hvidovre,Ghana,2021,1
Hvidovre,Greece,2021,5
Hvidovre,Hungary,2021,2
Hvidovre,Iceland,2021,4
Hvidovre,India,2021,10
Hvidovre,Iran,2021,4
Hvidovre,Iraq,2021,1
Hvidovre,Ireland,2021,1
Hvidovre,Italy,2021,4
Hvidovre,Latvia,2021,3
Hvidovre,Lithuania,2021,8
Hvidovre,Malaysia,2021,1
Hvidovre,Morocco,2021,1
Hvidovre,Nepal,2021,10
Hvidovre,Netherlands,2021,3
Hvidovre,Nigeria,2021,2
Hvidovre,Norway,2021,9
Hvidovre,Not stated,2021,1
Hvidovre,Pakistan,2021,1
Hvidovre,Peru,2021,1
Hvidovre,Philippines,2021,2
Hvidovre,Poland,2021,16
Hvidovre,Portugal,2021,3
Hvidovre,Republic of North Macedonia,2021,1
Hvidovre,Romania,2021,19
Hvidovre,Slovakia,2021,3
Hvidovre,Slovenia,2021,1
Hvidovre,South Korea,2021,1
Hvidovre,Spain,2021,6
Hvidovre,Stateless,2021,1
Hvidovre,Sweden,2021,10
Hvidovre,Switzerland,2021,1
Hvidovre,Syria,2021,1
Hvidovre,Thailand,2021,2
Hvidovre,Turkey,2021,1
Hvidovre,USA,2021,6
Hvidovre,United Kingdom,2021,4
Hvidovre,Vietnam,2021,2
Hvidovre,Zambia,2021,3
Høje-Taastrup,Argentina,2021,2
Høje-Taastrup,Bangladesh,2021,3
Høje-Taastrup,Bosnia and Herzegovina,2021,2
Høje-Taastrup,Brazil,2021,1
Høje-Taastrup,Bulgaria,2021,60
Høje-Taastrup,Cameroon,2021,6
Høje-Taastrup,Chile,2021,1
Høje-Taastrup,China,2021,7
Høje-Taastrup,Croatia,2021,3
Høje-Taastrup,Czech Republic,2021,1
Høje-Taastrup,Denmark,2021,91
Høje-Taastrup,Egypt,2021,5
Høje-Taastrup,Estonia,2021,1
Høje-Taastrup,Finland,2021,1
Høje-Taastrup,France,2021,1
Høje-Taastrup,Germany,2021,8
Høje-Taastrup,Greece,2021,5
Høje-Taastrup,Hungary,2021,1
Høje-Taastrup,Iceland,2021,2
Høje-Taastrup,India,2021,29
Høje-Taastrup,Iran,2021,5
Høje-Taastrup,Iraq,2021,4
Høje-Taastrup,Ireland,2021,7
Høje-Taastrup,Italy,2021,4
Høje-Taastrup,Japan,2021,1
Høje-Taastrup,Latvia,2021,2
Høje-Taastrup,Lebanon,2021,2
Høje-Taastrup,Lithuania,2021,23
Høje-Taastrup,Morocco,2021,1
Høje-Taastrup,Nepal,2021,17
Høje-Taastrup,Netherlands,2021,2
Høje-Taastrup,Nigeria,2021,3
Høje-Taastrup,Norway,2021,1
Høje-Taastrup,Pakistan,2021,11
Høje-Taastrup,Philippines,2021,1
Høje-Taastrup,Poland,2021,36
Høje-Taastrup,Portugal,2021,4
Høje-Taastrup,Romania,2021,47
Høje-Taastrup,Russia,2021,1
Høje-Taastrup,Spain,2021,8
Høje-Taastrup,Sweden,2021,12
Høje-Taastrup,Syria,2021,3
Høje-Taastrup,Turkey,2021,11
Høje-Taastrup,USA,2021,4
Høje-Taastrup,Ukraine,2021,2
Høje-Taastrup,United Kingdom,2021,2
Hørsholm,Argentina,2021,5
Hørsholm,Belgium,2021,3
Hørsholm,Bulgaria,2021,2
Hørsholm,Canada,2021,3
Hørsholm,China,2021,9
Hørsholm,Croatia,2021,1
Hørsholm,Denmark,2021,68
Hørsholm,Germany,2021,7
Hørsholm,Greece,2021,1
Hørsholm,Italy,2021,7
Hørsholm,Kenya,2021,1
Hørsholm,Lithuania,2021,6
Hørsholm,Netherlands,2021,9
Hørsholm,Norway,2021,2
Hørsholm,Philippines,2021,22
Hørsholm,Poland,2021,5
Hørsholm,Romania,2021,5
Hørsholm,Russia,2021,2
Hørsholm,Singapore,2021,1
Hørsholm,South Africa,2021,1
Hørsholm,Sweden,2021,7
Hørsholm,Thailand,2021,1
Hørsholm,USA,2021,3
Hørsholm,United Kingdom,2021,3
Hørsholm,Vietnam,2021,1
Ikast-Brande,Argentina,2021,1
Ikast-Brande,Belgium,2021,2
Ikast-Brande,Brazil,2021,1
Ikast-Brande,Bulgaria,2021,6
Ikast-Brande,Canada,2021,2
Ikast-Brande,Chile,2021,1
Ikast-Brande,China,2021,1
Ikast-Brande,Cyprus,2021,1
Ikast-Brande,Czech Republic,2021,1
Ikast-Brande,Denmark,2021,82
Ikast-Brande,France,2021,1
Ikast-Brande,Germany,2021,7
Ikast-Brande,Greece,2021,1
Ikast-Brande,Hungary,2021,5
Ikast-Brande,Iceland,2021,2
Ikast-Brande,India,2021,38
Ikast-Brande,Iran,2021,1
Ikast-Brande,Ireland,2021,1
Ikast-Brande,Italy,2021,4
Ikast-Brande,Kazakhstan,2021,1
Ikast-Brande,Latvia,2021,1
Ikast-Brande,Lithuania,2021,125
Ikast-Brande,Nigeria,2021,2
Ikast-Brande,Norway,2021,11
Ikast-Brande,Pakistan,2021,1
Ikast-Brande,Poland,2021,21
Ikast-Brande,Portugal,2021,1
Ikast-Brande,Romania,2021,109
Ikast-Brande,Serbia,2021,6
Ikast-Brande,Singapore,2021,2
Ikast-Brande,Slovakia,2021,1
Ikast-Brande,Spain,2021,11
Ikast-Brande,Sweden,2021,1
Ikast-Brande,Syria,2021,3
Ikast-Brande,Thailand,2021,1
Ikast-Brande,Turkey,2021,9
Ikast-Brande,USA,2021,4
Ikast-Brande,Ukraine,2021,18
Ikast-Brande,United Kingdom,2021,4
Ikast-Brande,Yugoslavia,2021,1
Ishøj,Argentina,2021,5
Ishøj,Bangladesh,2021,7
Ishøj,Belgium,2021,2
Ishøj,Bulgaria,2021,21
Ishøj,Cameroon,2021,1
Ishøj,Chile,2021,2
Ishøj,China,2021,8
Ishøj,Croatia,2021,1
Ishøj,Denmark,2021,54
Ishøj,Germany,2021,2
Ishøj,Hungary,2021,2
Ishøj,Iceland,2021,2
Ishøj,India,2021,20
Ishøj,Ireland,2021,2
Ishøj,Italy,2021,3
Ishøj,Lithuania,2021,9
Ishøj,Nepal,2021,11
Ishøj,Netherlands,2021,4
Ishøj,Norway,2021,2
Ishøj,Pakistan,2021,17
Ishøj,Poland,2021,32
Ishøj,Portugal,2021,6
Ishøj,Romania,2021,10
Ishøj,Slovakia,2021,2
Ishøj,Spain,2021,1
Ishøj,Sweden,2021,7
Ishøj,Turkey,2021,6
Ishøj,USA,2021,1
Ishøj,United Kingdom,2021,2
Ishøj,Yugoslavia,2021,1
Jammerbugt,Argentina,2021,1
Jammerbugt,Bulgaria,2021,3
Jammerbugt,"Congo, Democratic Republic",2021,1
Jammerbugt,Denmark,2021,49
Jammerbugt,Germany,2021,5
Jammerbugt,Hungary,2021,2
Jammerbugt,Iceland,2021,3
Jammerbugt,Italy,2021,1
Jammerbugt,Latvia,2021,1
Jammerbugt,Lithuania,2021,1
Jammerbugt,Norway,2021,7
Jammerbugt,Poland,2021,7
Jammerbugt,Romania,2021,4
Jammerbugt,Serbia,2021,1
Jammerbugt,Spain,2021,1
Jammerbugt,Sweden,2021,1
Jammerbugt,Syria,2021,1
Jammerbugt,USA,2021,2
Jammerbugt,Ukraine,2021,8
Jammerbugt,United Kingdom,2021,2
Jammerbugt,Venezuela,2021,1
Jammerbugt,Vietnam,2021,2
Kalundborg,Argentina,2021,1
Kalundborg,Brazil,2021,4
Kalundborg,Bulgaria,2021,4
Kalundborg,Chile,2021,2
Kalundborg,China,2021,1
Kalundborg,Croatia,2021,1
Kalundborg,Czech Republic,2021,2
Kalundborg,Denmark,2021,79
Kalundborg,Eritrea,2021,2
Kalundborg,France,2021,1
Kalundborg,Germany,2021,1
Kalundborg,Hungary,2021,3
Kalundborg,India,2021,16
Kalundborg,Ivory Coast,2021,1
Kalundborg,Latvia,2021,1
Kalundborg,Netherlands,2021,1
Kalundborg,Norway,2021,7
Kalundborg,Poland,2021,9
Kalundborg,Romania,2021,9
Kalundborg,South Africa,2021,1
Kalundborg,Spain,2021,6
Kalundborg,Sweden,2021,5
Kalundborg,Syria,2021,2
Kalundborg,Ukraine,2021,2
Kalundborg,United Kingdom,2021,6
Kalundborg,Vietnam,2021,1
Kalundborg,Yugoslavia,2021,1
Kerteminde,Austria,2021,1
Kerteminde,Bulgaria,2021,1
Kerteminde,Denmark,2021,38
Kerteminde,"Gambia, The",2021,1
Kerteminde,India,2021,3
Kerteminde,Ireland,2021,2
Kerteminde,Italy,2021,4
Kerteminde,Lithuania,2021,4
Kerteminde,Norway,2021,2
Kerteminde,Not stated,2021,1
Kerteminde,Philippines,2021,1
Kerteminde,Poland,2021,5
Kerteminde,Portugal,2021,9
Kerteminde,Romania,2021,17
Kerteminde,Spain,2021,2
Kerteminde,Syria,2021,6
Kerteminde,USA,2021,3
Kerteminde,Ukraine,2021,25
Kerteminde,United Kingdom,2021,1
Kolding,Afghanistan,2021,1
Kolding,Armenia,2021,6
Kolding,Australia,2021,1
Kolding,Austria,2021,1
Kolding,Bangladesh,2021,8
Kolding,Belarus,2021,4
Kolding,Belgium,2021,3
Kolding,Bosnia and Herzegovina,2021,1
Kolding,Brazil,2021,1
Kolding,Bulgaria,2021,17
Kolding,Canada,2021,1
Kolding,China,2021,17
Kolding,Colombia,2021,1
Kolding,"Congo, Democratic Republic",2021,1
Kolding,Croatia,2021,9
Kolding,Czech Republic,2021,8
Kolding,Denmark,2021,235
Kolding,Ethiopia,2021,1
Kolding,Finland,2021,2
Kolding,France,2021,11
Kolding,Germany,2021,25
Kolding,Ghana,2021,1
Kolding,Guatemala,2021,1
Kolding,Hungary,2021,13
Kolding,Iceland,2021,6
Kolding,India,2021,46
Kolding,Indonesia,2021,1
Kolding,Iran,2021,2
Kolding,Ireland,2021,5
Kolding,Italy,2021,16
Kolding,Kazakhstan,2021,1
Kolding,Kosovo,2021,1
Kolding,Kyrgyzstan,2021,1
Kolding,Latvia,2021,6
Kolding,Lithuania,2021,17
Kolding,Mexico,2021,1
Kolding,Moldova,2021,2
Kolding,Netherlands,2021,13
Kolding,Norway,2021,4
Kolding,Pakistan,2021,2
Kolding,Philippines,2021,6
Kolding,Poland,2021,57
Kolding,Romania,2021,47
Kolding,Russia,2021,3
Kolding,Slovakia,2021,16
Kolding,Somalia,2021,1
Kolding,South Africa,2021,2
Kolding,South Korea,2021,1
Kolding,Spain,2021,13
Kolding,Stateless,2021,5
Kolding,Switzerland,2021,1
Kolding,Syria,2021,11
Kolding,Taiwan,2021,3
Kolding,Thailand,2021,1
Kolding,USA,2021,4
Kolding,Ukraine,2021,11
Kolding,United Kingdom,2021,9
Kolding,Vietnam,2021,5
Kolding,Zambia,2021,1
Kolding,Zimbabwe,2021,1
Køge,Africa not stated,2021,1
Køge,Australia,2021,2
Køge,Austria,2021,1
Køge,Brazil,2021,4
Køge,Bulgaria,2021,9
Køge,China,2021,2
Køge,Croatia,2021,1
Køge,Czech Republic,2021,8
Køge,Denmark,2021,109
Køge,Estonia,2021,4
Køge,Finland,2021,1
Køge,Germany,2021,3
Køge,Iceland,2021,1
Køge,India,2021,6
Køge,Indonesia,2021,1
Køge,Iran,2021,1
Køge,Iraq,2021,3
Køge,Italy,2021,9
Køge,Japan,2021,1
Køge,Latvia,2021,1
Køge,Lithuania,2021,8
Køge,Norway,2021,2
Køge,Pakistan,2021,1
Køge,Philippines,2021,5
Køge,Poland,2021,19
Køge,Romania,2021,19
Køge,Serbia,2021,1
Køge,Slovakia,2021,3
Køge,Spain,2021,2
Køge,Sweden,2021,2
Køge,Syria,2021,16
Køge,Thailand,2021,2
Køge,Turkey,2021,2
Køge,USA,2021,2
Køge,Ukraine,2021,3
Køge,United Kingdom,2021,3
Langeland,Argentina,2021,3
Langeland,Denmark,2021,23
Langeland,France,2021,2
Langeland,Germany,2021,3
Langeland,Poland,2021,4
Langeland,Russia,2021,1
Langeland,Sweden,2021,2
Langeland,Ukraine,2021,1
Lejre,Australia,2021,1
Lejre,Bulgaria,2021,1
Lejre,Croatia,2021,4
Lejre,Czech Republic,2021,1
Lejre,Denmark,2021,81
Lejre,France,2021,1
Lejre,Germany,2021,1
Lejre,Hungary,2021,4
Lejre,Latvia,2021,2
Lejre,Lithuania,2021,8
Lejre,Netherlands,2021,1
Lejre,Poland,2021,8
Lejre,Romania,2021,9
Lejre,Stateless,2021,1
Lejre,Sweden,2021,1
Lejre,Syria,2021,8
Lejre,USA,2021,1
Lejre,Ukraine,2021,5
Lemvig,China,2021,1
Lemvig,Denmark,2021,32
Lemvig,Germany,2021,1
Lemvig,Kyrgyzstan,2021,1
Lemvig,Latvia,2021,2
Lemvig,Lithuania,2021,2
Lemvig,Philippines,2021,1
Lemvig,Poland,2021,3
Lemvig,Portugal,2021,1
Lemvig,Romania,2021,22
Lemvig,Switzerland,2021,1
Lemvig,Syria,2021,5
Lemvig,Thailand,2021,2
Lemvig,USA,2021,1
Lemvig,Ukraine,2021,8
Lemvig,United Kingdom,2021,2
Lemvig,Uruguay,2021,1
Lemvig,Vietnam,2021,1
Lolland,Argentina,2021,2
Lolland,Bulgaria,2021,5
Lolland,Chile,2021,1
Lolland,China,2021,2
Lolland,Croatia,2021,2
Lolland,Denmark,2021,72
Lolland,France,2021,1
Lolland,Germany,2021,2
Lolland,Ghana,2021,1
Lolland,Hungary,2021,1
Lolland,Iceland,2021,1
Lolland,India,2021,3
Lolland,Lithuania,2021,9
Lolland,Mexico,2021,1
Lolland,Nepal,2021,1
Lolland,Norway,2021,4
Lolland,Philippines,2021,4
Lolland,Poland,2021,11
Lolland,Romania,2021,5
Lolland,Russia,2021,1
Lolland,Serbia,2021,1
Lolland,Slovakia,2021,2
Lolland,Sweden,2021,3
Lolland,Syria,2021,7
Lolland,Turkey,2021,2
Lolland,USA,2021,1
Lolland,United Kingdom,2021,5
Lolland,Vietnam,2021,1
Lolland,Yugoslavia,2021,1
Lyngby-Taarbæk,Argentina,2021,5
Lyngby-Taarbæk,Australia,2021,1
Lyngby-Taarbæk,Austria,2021,5
Lyngby-Taarbæk,Bangladesh,2021,1
Lyngby-Taarbæk,Belarus,2021,1
Lyngby-Taarbæk,Belgium,2021,8
Lyngby-Taarbæk,Bosnia and Herzegovina,2021,2
Lyngby-Taarbæk,Brazil,2021,3
Lyngby-Taarbæk,Bulgaria,2021,5
Lyngby-Taarbæk,Cameroon,2021,1
Lyngby-Taarbæk,Canada,2021,2
Lyngby-Taarbæk,Chile,2021,1
Lyngby-Taarbæk,China,2021,99
Lyngby-Taarbæk,Croatia,2021,3
Lyngby-Taarbæk,Czech Republic,2021,2
Lyngby-Taarbæk,Denmark,2021,243
Lyngby-Taarbæk,Egypt,2021,3
Lyngby-Taarbæk,Estonia,2021,3
Lyngby-Taarbæk,Fiji,2021,1
Lyngby-Taarbæk,Finland,2021,7
Lyngby-Taarbæk,France,2021,32
Lyngby-Taarbæk,Germany,2021,35
Lyngby-Taarbæk,Greece,2021,10
Lyngby-Taarbæk,Hungary,2021,7
Lyngby-Taarbæk,Iceland,2021,8
Lyngby-Taarbæk,India,2021,24
Lyngby-Taarbæk,Iran,2021,24
Lyngby-Taarbæk,Ireland,2021,7
Lyngby-Taarbæk,Israel,2021,2
Lyngby-Taarbæk,Italy,2021,37
Lyngby-Taarbæk,Japan,2021,3
Lyngby-Taarbæk,Latvia,2021,1
Lyngby-Taarbæk,Lebanon,2021,1
Lyngby-Taarbæk,Lithuania,2021,4
Lyngby-Taarbæk,Mauritania,2021,1
Lyngby-Taarbæk,Mexico,2021,24
Lyngby-Taarbæk,Morocco,2021,2
Lyngby-Taarbæk,Netherlands,2021,16
Lyngby-Taarbæk,Nigeria,2021,1
Lyngby-Taarbæk,Norway,2021,10
Lyngby-Taarbæk,Pakistan,2021,1
Lyngby-Taarbæk,Philippines,2021,14
Lyngby-Taarbæk,Poland,2021,17
Lyngby-Taarbæk,Portugal,2021,9
Lyngby-Taarbæk,Republic of North Macedonia,2021,1
Lyngby-Taarbæk,Romania,2021,6
Lyngby-Taarbæk,Russia,2021,3
Lyngby-Taarbæk,Serbia,2021,2
Lyngby-Taarbæk,Singapore,2021,1
Lyngby-Taarbæk,Slovakia,2021,8
Lyngby-Taarbæk,Slovenia,2021,3
Lyngby-Taarbæk,Somalia,2021,1
Lyngby-Taarbæk,South Korea,2021,6
Lyngby-Taarbæk,Spain,2021,41
Lyngby-Taarbæk,Sweden,2021,6
Lyngby-Taarbæk,Switzerland,2021,5
Lyngby-Taarbæk,Thailand,2021,3
Lyngby-Taarbæk,Turkey,2021,12
Lyngby-Taarbæk,USA,2021,27
Lyngby-Taarbæk,Ukraine,2021,3
Lyngby-Taarbæk,United Kingdom,2021,16
Lyngby-Taarbæk,Uruguay,2021,1
Lyngby-Taarbæk,Vietnam,2021,2
Lyngby-Taarbæk,Yugoslavia,2021,1
Læsø,Denmark,2021,1
Læsø,Germany,2021,1
Læsø,Sweden,2021,1
Mariagerfjord,Brazil,2021,1
Mariagerfjord,Bulgaria,2021,1
Mariagerfjord,Croatia,2021,1
Mariagerfjord,Denmark,2021,82
Mariagerfjord,Estonia,2021,2
Mariagerfjord,Germany,2021,3
Mariagerfjord,Hungary,2021,1
Mariagerfjord,Iceland,2021,1
Mariagerfjord,India,2021,3
Mariagerfjord,Iran,2021,2
Mariagerfjord,Italy,2021,5
Mariagerfjord,Latvia,2021,2
Mariagerfjord,Lithuania,2021,15
Mariagerfjord,Moldova,2021,1
Mariagerfjord,Nigeria,2021,1
Mariagerfjord,Norway,2021,4
Mariagerfjord,Philippines,2021,1
Mariagerfjord,Poland,2021,18
Mariagerfjord,Romania,2021,25
Mariagerfjord,Serbia and Montenegro,2021,1
Mariagerfjord,Slovakia,2021,2
Mariagerfjord,Sweden,2021,4
Mariagerfjord,Syria,2021,17
Mariagerfjord,Thailand,2021,1
Mariagerfjord,Tunisia,2021,1
Mariagerfjord,Turkey,2021,1
Mariagerfjord,USA,2021,2
Mariagerfjord,Ukraine,2021,24
Mariagerfjord,Vietnam,2021,4
Middelfart,Argentina,2021,1
Middelfart,Australia,2021,1
Middelfart,Belgium,2021,5
Middelfart,Canada,2021,2
Middelfart,Chile,2021,1
Middelfart,Colombia,2021,1
Middelfart,Costa Rica,2021,3
Middelfart,Czech Republic,2021,1
Middelfart,Denmark,2021,73
Middelfart,France,2021,2
Middelfart,Germany,2021,8
Middelfart,Ghana,2021,1
Middelfart,Greece,2021,1
Middelfart,Iceland,2021,6
Middelfart,Italy,2021,2
Middelfart,Japan,2021,10
Middelfart,Latvia,2021,1
Middelfart,Lithuania,2021,11
Middelfart,Netherlands,2021,2
Middelfart,Norway,2021,7
Middelfart,Philippines,2021,3
Middelfart,Poland,2021,2
Middelfart,Romania,2021,11
Middelfart,Russia,2021,1
Middelfart,Serbia,2021,1
Middelfart,Syria,2021,6
Middelfart,Thailand,2021,2
Middelfart,Turkey,2021,1
Middelfart,USA,2021,2
Middelfart,Ukraine,2021,4
Middelfart,United Kingdom,2021,5
Middelfart,Vietnam,2021,1
Middelfart,Yugoslavia,2021,1
Morsø,Austria,2021,1
Morsø,Denmark,2021,58
Morsø,France,2021,1
Morsø,Germany,2021,1
Morsø,Italy,2021,1
Morsø,Norway,2021,1
Morsø,Poland,2021,2
Morsø,Romania,2021,13
Morsø,Slovakia,2021,1
Morsø,Sweden,2021,1
Morsø,Ukraine,2021,16
Norddjurs,Bosnia and Herzegovina,2021,1
Norddjurs,Bulgaria,2021,2
Norddjurs,Canada,2021,1
Norddjurs,Denmark,2021,52
Norddjurs,Eritrea,2021,1
Norddjurs,Germany,2021,2
Norddjurs,Greece,2021,1
Norddjurs,Hungary,2021,1
Norddjurs,Iceland,2021,1
Norddjurs,India,2021,1
Norddjurs,Iran,2021,2
Norddjurs,Italy,2021,4
Norddjurs,Kyrgyzstan,2021,1
Norddjurs,Latvia,2021,8
Norddjurs,Lithuania,2021,74
Norddjurs,Mexico,2021,1
Norddjurs,Netherlands,2021,2
Norddjurs,Poland,2021,15
Norddjurs,Romania,2021,26
Norddjurs,Spain,2021,6
Norddjurs,Sweden,2021,2
Norddjurs,Syria,2021,1
Norddjurs,Turkey,2021,1
Norddjurs,Ukraine,2021,19
Norddjurs,Vietnam,2021,2
Norddjurs,Yugoslavia,2021,1
Nordfyns,Albania,2021,1
Nordfyns,Australia,2021,1
Nordfyns,Bangladesh,2021,1
Nordfyns,Bulgaria,2021,2
Nordfyns,Denmark,2021,52
Nordfyns,France,2021,1
Nordfyns,Germany,2021,3
Nordfyns,Ghana,2021,1
Nordfyns,Iceland,2021,2
Nordfyns,Ireland,2021,4
Nordfyns,Italy,2021,6
Nordfyns,Japan,2021,19
Nordfyns,Latvia,2021,6
Nordfyns,Lithuania,2021,23
Nordfyns,Moldova,2021,1
Nordfyns,Norway,2021,2
Nordfyns,Poland,2021,23
Nordfyns,Portugal,2021,2
Nordfyns,Romania,2021,19
Nordfyns,Slovakia,2021,1
Nordfyns,Syria,2021,5
Nordfyns,Tanzania,2021,1
Nordfyns,Thailand,2021,1
Nordfyns,USA,2021,1
Nordfyns,Ukraine,2021,18
Nordfyns,Vietnam,2021,3
Nyborg,Bosnia and Herzegovina,2021,2
Nyborg,Canada,2021,2
Nyborg,Chile,2021,2
Nyborg,Croatia,2021,1
Nyborg,Denmark,2021,71
Nyborg,Estonia,2021,2
Nyborg,France,2021,1
Nyborg,Germany,2021,9
Nyborg,Hungary,2021,3
Nyborg,Iceland,2021,4
Nyborg,Italy,2021,3
Nyborg,Latvia,2021,4
Nyborg,Lithuania,2021,16
Nyborg,Morocco,2021,1
Nyborg,Norway,2021,3
Nyborg,Poland,2021,5
Nyborg,Romania,2021,7
Nyborg,Serbia,2021,1
Nyborg,Somalia,2021,1
Nyborg,Spain,2021,4
Nyborg,Sri Lanka,2021,1
Nyborg,Sweden,2021,1
Nyborg,Syria,2021,15
Nyborg,Tanzania,2021,1
Nyborg,Thailand,2021,1
Nyborg,Turkey,2021,3
Nyborg,Ukraine,2021,3
Nyborg,United Kingdom,2021,2
Nyborg,Vietnam,2021,1
Næstved,Argentina,2021,1
Næstved,Bangladesh,2021,1
Næstved,Bosnia and Herzegovina,2021,1
Næstved,Brazil,2021,3
Næstved,Bulgaria,2021,6
Næstved,Canada,2021,2
Næstved,China,2021,2
Næstved,Croatia,2021,1
Næstved,Czech Republic,2021,2
Næstved,Denmark,2021,144
Næstved,France,2021,3
Næstved,Germany,2021,6
Næstved,Ghana,2021,5
Næstved,Iceland,2021,1
Næstved,India,2021,2
Næstved,Ireland,2021,1
Næstved,Italy,2021,3
Næstved,Jordan,2021,1
Næstved,Latvia,2021,1
Næstved,Lithuania,2021,6
Næstved,Montenegro,2021,1
Næstved,Morocco,2021,1
Næstved,Philippines,2021,2
Næstved,Poland,2021,15
Næstved,Portugal,2021,3
Næstved,Romania,2021,28
Næstved,Russia,2021,3
Næstved,Serbia,2021,1
Næstved,Slovakia,2021,1
Næstved,Somalia,2021,8
Næstved,Spain,2021,2
Næstved,Stateless,2021,8
Næstved,Sweden,2021,2
Næstved,Syria,2021,16
Næstved,USA,2021,5
Næstved,Ukraine,2021,1
Næstved,United Kingdom,2021,2
Næstved,Vietnam,2021,2
Næstved,Yugoslavia,2021,1
Odder,Argentina,2021,1
Odder,Australia,2021,2
Odder,Belgium,2021,3
Odder,Bulgaria,2021,3
Odder,China,2021,2
Odder,Denmark,2021,50
Odder,France,2021,1
Odder,Germany,2021,7
Odder,Jamaica,2021,1
Odder,Japan,2021,11
Odder,Kenya,2021,1
Odder,Lithuania,2021,3
Odder,Mexico,2021,1
Odder,Norway,2021,2
Odder,Poland,2021,7
Odder,Portugal,2021,1
Odder,Romania,2021,9
Odder,South Korea,2021,3
Odder,Spain,2021,1
Odder,Syria,2021,3
Odder,USA,2021,1
Odder,Ukraine,2021,3
Odder,United Kingdom,2021,1
Odense,Afghanistan,2021,2
Odense,Albania,2021,1
Odense,Australia,2021,3
Odense,Austria,2021,15
Odense,Azerbaijan,2021,1
Odense,Bangladesh,2021,6
Odense,Belgium,2021,7
Odense,Bosnia and Herzegovina,2021,5
Odense,Brazil,2021,16
Odense,Bulgaria,2021,24
Odense,Cameroon,2021,1
Odense,Canada,2021,4
Odense,China,2021,19
Odense,Croatia,2021,6
Odense,Cuba,2021,1
Odense,Czech Republic,2021,24
Odense,Denmark,2021,681
Odense,Egypt,2021,7
Odense,Eritrea,2021,2
Odense,Estonia,2021,3
Odense,Ethiopia,2021,1
Odense,Finland,2021,13
Odense,France,2021,32
Odense,Germany,2021,179
Odense,Ghana,2021,2
Odense,Greece,2021,10
Odense,Hungary,2021,17
Odense,Iceland,2021,78
Odense,India,2021,18
Odense,Indonesia,2021,5
Odense,Iran,2021,26
Odense,Iraq,2021,8
Odense,Ireland,2021,27
Odense,Israel,2021,2
Odense,Italy,2021,69
Odense,Japan,2021,7
Odense,Kenya,2021,2
Odense,Kyrgyzstan,2021,1
Odense,Latvia,2021,7
Odense,Lebanon,2021,1
Odense,Lithuania,2021,60
Odense,Malta,2021,1
Odense,Mexico,2021,5
Odense,Montenegro,2021,1
Odense,Morocco,2021,2
Odense,Nepal,2021,17
Odense,Netherlands,2021,11
Odense,Nigeria,2021,2
Odense,North Korea,2021,5
Odense,Norway,2021,78
Odense,Not stated,2021,4
Odense,Pakistan,2021,3
Odense,Philippines,2021,6
Odense,Poland,2021,60
Odense,Portugal,2021,22
Odense,Romania,2021,111
Odense,Russia,2021,12
Odense,Serbia,2021,3
Odense,Slovakia,2021,22
Odense,Slovenia,2021,2
Odense,Somalia,2021,8
Odense,South Africa,2021,2
Odense,South Korea,2021,8
Odense,Spain,2021,45
Odense,Sri Lanka,2021,1
Odense,Stateless,2021,4
Odense,Sudan,2021,1
Odense,Sweden,2021,26
Odense,Switzerland,2021,8
Odense,Syria,2021,6
Odense,Taiwan,2021,1
Odense,Thailand,2021,2
Odense,Tunisia,2021,1
Odense,Turkey,2021,12
Odense,USA,2021,7
Odense,Ukraine,2021,73
Odense,United Kingdom,2021,31
Odense,Uruguay,2021,1
Odense,Vietnam,2021,8
Odense,Yugoslavia,2021,1
Odsherred,Argentina,2021,1
Odsherred,Austria,2021,1
Odsherred,Bulgaria,2021,1
Odsherred,Chile,2021,3
Odsherred,China,2021,2
Odsherred,Denmark,2021,55
Odsherred,Finland,2021,2
Odsherred,France,2021,2
Odsherred,Germany,2021,2
Odsherred,Hungary,2021,2
Odsherred,Iceland,2021,5
Odsherred,Ireland,2021,1
Odsherred,Italy,2021,5
Odsherred,Latvia,2021,2
Odsherred,Lithuania,2021,2
Odsherred,Norway,2021,3
Odsherred,Poland,2021,6
Odsherred,Romania,2021,7
Odsherred,Russia,2021,2
Odsherred,Spain,2021,1
Odsherred,Sweden,2021,2
Odsherred,Switzerland,2021,1
Odsherred,Syria,2021,9
Odsherred,Thailand,2021,1
Odsherred,Turkey,2021,2
Odsherred,Ukraine,2021,1
Odsherred,United Kingdom,2021,1
Randers,Afghanistan,2021,1
Randers,Albania,2021,2
Randers,Argentina,2021,1
Randers,Austria,2021,1
Randers,Bosnia and Herzegovina,2021,3
Randers,Bulgaria,2021,3
Randers,Croatia,2021,1
Randers,Czech Republic,2021,1
Randers,Denmark,2021,183
Randers,Germany,2021,3
Randers,Hungary,2021,4
Randers,Iceland,2021,1
Randers,India,2021,3
Randers,Iran,2021,1
Randers,Italy,2021,2
Randers,Japan,2021,1
Randers,Latvia,2021,6
Randers,Lithuania,2021,8
Randers,Nepal,2021,3
Randers,Netherlands,2021,8
Randers,New Zealand,2021,1
Randers,Norway,2021,5
Randers,Pakistan,2021,1
Randers,Philippines,2021,1
Randers,Poland,2021,35
Randers,Romania,2021,51
Randers,Russia,2021,6
Randers,Slovakia,2021,3
Randers,Stateless,2021,6
Randers,Sweden,2021,6
Randers,Switzerland,2021,1
Randers,Syria,2021,28
Randers,Turkey,2021,1
Randers,USA,2021,3
Randers,Ukraine,2021,10
Randers,United Kingdom,2021,1
Randers,Vietnam,2021,2
Rebild,Australia,2021,1
Rebild,Bulgaria,2021,4
Rebild,Czech Republic,2021,2
Rebild,Denmark,2021,55
Rebild,France,2021,1
Rebild,Germany,2021,1
Rebild,Italy,2021,1
Rebild,Kyrgyzstan,2021,2
Rebild,Latvia,2021,2
Rebild,Lithuania,2021,1
Rebild,Poland,2021,3
Rebild,Romania,2021,14
Rebild,Slovakia,2021,1
Rebild,Sweden,2021,1
Rebild,Syria,2021,4
Rebild,Thailand,2021,3
Rebild,Ukraine,2021,36
Rebild,United Kingdom,2021,1
Rebild,Uzbekistan,2021,1
Rebild,Vietnam,2021,1
Ringkøbing-Skjern,Azerbaijan,2021,1
Ringkøbing-Skjern,Brazil,2021,3
Ringkøbing-Skjern,Bulgaria,2021,7
Ringkøbing-Skjern,Canada,2021,1
Ringkøbing-Skjern,China,2021,1
Ringkøbing-Skjern,Czech Republic,2021,1
Ringkøbing-Skjern,Denmark,2021,89
Ringkøbing-Skjern,Estonia,2021,1
Ringkøbing-Skjern,France,2021,1
Ringkøbing-Skjern,Germany,2021,15
Ringkøbing-Skjern,Greece,2021,1
Ringkøbing-Skjern,Hungary,2021,1
Ringkøbing-Skjern,Iceland,2021,6
Ringkøbing-Skjern,India,2021,3
Ringkøbing-Skjern,Iran,2021,4
Ringkøbing-Skjern,Iraq,2021,5
Ringkøbing-Skjern,Italy,2021,5
Ringkøbing-Skjern,Japan,2021,1
Ringkøbing-Skjern,Kazakhstan,2021,1
Ringkøbing-Skjern,Latvia,2021,2
Ringkøbing-Skjern,Lithuania,2021,24
Ringkøbing-Skjern,Mexico,2021,1
Ringkøbing-Skjern,Netherlands,2021,7
Ringkøbing-Skjern,Norway,2021,10
Ringkøbing-Skjern,Not stated,2021,12
Ringkøbing-Skjern,Philippines,2021,1
Ringkøbing-Skjern,Poland,2021,26
Ringkøbing-Skjern,Portugal,2021,2
Ringkøbing-Skjern,Romania,2021,85
Ringkøbing-Skjern,Russia,2021,2
Ringkøbing-Skjern,Slovakia,2021,1
Ringkøbing-Skjern,Slovenia,2021,1
Ringkøbing-Skjern,Somalia,2021,32
Ringkøbing-Skjern,Spain,2021,6
Ringkøbing-Skjern,Sri Lanka,2021,10
Ringkøbing-Skjern,Stateless,2021,1
Ringkøbing-Skjern,Sudan,2021,1
Ringkøbing-Skjern,Sweden,2021,6
Ringkøbing-Skjern,Syria,2021,12
Ringkøbing-Skjern,Thailand,2021,1
Ringkøbing-Skjern,Togo,2021,1
Ringkøbing-Skjern,Turkey,2021,4
Ringkøbing-Skjern,USA,2021,2
Ringkøbing-Skjern,Ukraine,2021,33
Ringkøbing-Skjern,United Kingdom,2021,4
Ringkøbing-Skjern,Vietnam,2021,2
Ringsted,Afghanistan,2021,3
Ringsted,Argentina,2021,2
Ringsted,Australia,2021,2
Ringsted,Austria,2021,1
Ringsted,Brazil,2021,1
Ringsted,Bulgaria,2021,11
Ringsted,China,2021,5
Ringsted,Colombia,2021,1
Ringsted,Croatia,2021,1
Ringsted,Denmark,2021,56
Ringsted,Egypt,2021,1
Ringsted,Finland,2021,1
Ringsted,France,2021,1
Ringsted,Germany,2021,1
Ringsted,Ghana,2021,1
Ringsted,Hungary,2021,1
Ringsted,Iceland,2021,14
Ringsted,Iran,2021,1
Ringsted,Iraq,2021,10
Ringsted,Lebanon,2021,1
Ringsted,Lithuania,2021,11
Ringsted,Mexico,2021,1
Ringsted,Morocco,2021,1
Ringsted,Norway,2021,1
Ringsted,Philippines,2021,5
Ringsted,Poland,2021,43
Ringsted,Portugal,2021,4
Ringsted,Romania,2021,27
Ringsted,Russia,2021,1
Ringsted,Spain,2021,9
Ringsted,Stateless,2021,1
Ringsted,Sudan,2021,1
Ringsted,Switzerland,2021,2
Ringsted,Syria,2021,4
Ringsted,Thailand,2021,1
Ringsted,Turkey,2021,6
Ringsted,Ukraine,2021,2
Ringsted,Vietnam,2021,1
Roskilde,Argentina,2021,2
Roskilde,Australia,2021,1
Roskilde,Austria,2021,1
Roskilde,Belarus,2021,3
Roskilde,Belgium,2021,4
Roskilde,Brazil,2021,1
Roskilde,Bulgaria,2021,28
Roskilde,Canada,2021,1
Roskilde,China,2021,16
Roskilde,Colombia,2021,3
Roskilde,Croatia,2021,1
Roskilde,Czech Republic,2021,7
Roskilde,Denmark,2021,209
Roskilde,Ecuador,2021,1
Roskilde,Egypt,2021,1
Roskilde,Estonia,2021,1
Roskilde,Finland,2021,2
Roskilde,France,2021,9
Roskilde,Germany,2021,37
Roskilde,Greece,2021,5
Roskilde,Hungary,2021,4
Roskilde,Iceland,2021,3
Roskilde,India,2021,11
Roskilde,Indonesia,2021,6
Roskilde,Iran,2021,4
Roskilde,Ireland,2021,4
Roskilde,Italy,2021,21
Roskilde,Ivory Coast,2021,1
Roskilde,Latvia,2021,6
Roskilde,Liberia,2021,1
Roskilde,Lithuania,2021,11
Roskilde,Malaysia,2021,1
Roskilde,Moldova,2021,1
Roskilde,Mongolia,2021,1
Roskilde,Morocco,2021,1
Roskilde,Nepal,2021,2
Roskilde,Netherlands,2021,13
Roskilde,Norway,2021,2
Roskilde,Peru,2021,1
Roskilde,Philippines,2021,9
Roskilde,Poland,2021,44
Roskilde,Portugal,2021,8
Roskilde,Romania,2021,20
Roskilde,Russia,2021,3
Roskilde,Slovakia,2021,8
Roskilde,Somalia,2021,3
Roskilde,South Africa,2021,2
Roskilde,South Korea,2021,1
Roskilde,Spain,2021,16
Roskilde,Sri Lanka,2021,6
Roskilde,Stateless,2021,3
Roskilde,Sweden,2021,7
Roskilde,Syria,2021,21
Roskilde,Thailand,2021,1
Roskilde,Tunisia,2021,1
Roskilde,Turkey,2021,10
Roskilde,USA,2021,8
Roskilde,Uganda,2021,1
Roskilde,Ukraine,2021,5
Roskilde,United Kingdom,2021,4
Roskilde,Vietnam,2021,1
Roskilde,Zambia,2021,1
Roskilde,Zimbabwe,2021,1
Rudersdal,Australia,2021,3
Rudersdal,Austria,2021,4
Rudersdal,Bangladesh,2021,1
Rudersdal,Belgium,2021,4
Rudersdal,Bosnia and Herzegovina,2021,2
Rudersdal,Brazil,2021,11
Rudersdal,Bulgaria,2021,8
Rudersdal,Cameroon,2021,4
Rudersdal,Canada,2021,3
Rudersdal,China,2021,33
Rudersdal,Croatia,2021,1
Rudersdal,Czech Republic,2021,3
Rudersdal,Denmark,2021,268
Rudersdal,Ecuador,2021,1
Rudersdal,Egypt,2021,4
Rudersdal,Eritrea,2021,1
Rudersdal,Estonia,2021,1
Rudersdal,Finland,2021,8
Rudersdal,France,2021,23
Rudersdal,Germany,2021,30
Rudersdal,Greece,2021,12
Rudersdal,Hungary,2021,6
Rudersdal,Iceland,2021,3
Rudersdal,India,2021,17
Rudersdal,Indonesia,2021,2
Rudersdal,Iran,2021,7
Rudersdal,Iraq,2021,2
Rudersdal,Ireland,2021,4
Rudersdal,Israel,2021,1
Rudersdal,Italy,2021,21
Rudersdal,Japan,2021,1
Rudersdal,Kenya,2021,1
Rudersdal,Latvia,2021,1
Rudersdal,Lebanon,2021,1
Rudersdal,Lithuania,2021,7
Rudersdal,Malaysia,2021,1
Rudersdal,Mexico,2021,3
Rudersdal,Moldova,2021,1
Rudersdal,Morocco,2021,1
Rudersdal,Nepal,2021,1
Rudersdal,Netherlands,2021,13
Rudersdal,New Zealand,2021,5
Rudersdal,Norway,2021,7
Rudersdal,Pakistan,2021,1
Rudersdal,Peru,2021,1
Rudersdal,Philippines,2021,86
Rudersdal,Poland,2021,26
Rudersdal,Portugal,2021,12
Rudersdal,Republic of North Macedonia,2021,1
Rudersdal,Romania,2021,16
Rudersdal,Russia,2021,3
Rudersdal,Singapore,2021,2
Rudersdal,Slovakia,2021,2
Rudersdal,Slovenia,2021,1
Rudersdal,Somalia,2021,3
Rudersdal,South Africa,2021,2
Rudersdal,South Korea,2021,2
Rudersdal,Spain,2021,24
Rudersdal,Sweden,2021,6
Rudersdal,Switzerland,2021,2
Rudersdal,Syria,2021,4
Rudersdal,Taiwan,2021,1
Rudersdal,Thailand,2021,1
Rudersdal,Turkey,2021,3
Rudersdal,USA,2021,21
Rudersdal,Ukraine,2021,1
Rudersdal,United Kingdom,2021,15
Rudersdal,Yugoslavia,2021,1
Rudersdal,Zimbabwe,2021,1
Rødovre,Afghanistan,2021,2
Rødovre,Argentina,2021,29
Rødovre,Austria,2021,1
Rødovre,Bangladesh,2021,2
Rødovre,Belgium,2021,1
Rødovre,Bosnia and Herzegovina,2021,1
Rødovre,Brazil,2021,2
Rødovre,Bulgaria,2021,16
Rødovre,Burundi,2021,1
Rødovre,Cameroon,2021,2
Rødovre,Canada,2021,3
Rødovre,Chile,2021,3
Rødovre,China,2021,9
Rødovre,Croatia,2021,1
Rødovre,Czech Republic,2021,1
Rødovre,Denmark,2021,81
Rødovre,Estonia,2021,1
Rødovre,Finland,2021,2
Rødovre,France,2021,8
Rødovre,Germany,2021,4
Rødovre,Ghana,2021,1
Rødovre,Greece,2021,1
Rødovre,Iceland,2021,4
Rødovre,India,2021,32
Rødovre,Iran,2021,7
Rødovre,Iraq,2021,4
Rødovre,Italy,2021,17
Rødovre,Latvia,2021,1
Rødovre,Lithuania,2021,3
Rødovre,Morocco,2021,1
Rødovre,Nepal,2021,7
Rødovre,Nigeria,2021,1
Rødovre,Norway,2021,2
Rødovre,Pakistan,2021,2
Rødovre,Philippines,2021,1
Rødovre,Poland,2021,9
Rødovre,Portugal,2021,4
Rødovre,Republic of North Macedonia,2021,1
Rødovre,Romania,2021,15
Rødovre,Rwanda,2021,1
Rødovre,Serbia,2021,1
Rødovre,Somalia,2021,2
Rødovre,Spain,2021,3
Rødovre,Sweden,2021,8
Rødovre,Syria,2021,1
Rødovre,Taiwan,2021,2
Rødovre,Thailand,2021,1
Rødovre,Turkey,2021,6
Rødovre,USA,2021,6
Rødovre,Uganda,2021,1
Rødovre,United Kingdom,2021,2
Rødovre,Vietnam,2021,1
Samsø,Bulgaria,2021,1
Samsø,Denmark,2021,7
Samsø,France,2021,1
Samsø,Germany,2021,2
Samsø,Greece,2021,2
Samsø,Lithuania,2021,4
Samsø,Philippines,2021,1
Samsø,Poland,2021,3
Samsø,Romania,2021,1
Samsø,Ukraine,2021,4
Silkeborg,Belarus,2021,1
Silkeborg,Belgium,2021,3
Silkeborg,Brazil,2021,1
Silkeborg,Bulgaria,2021,1
Silkeborg,Canada,2021,1
Silkeborg,Chile,2021,1
Silkeborg,China,2021,1
Silkeborg,Czech Republic,2021,1
Silkeborg,Denmark,2021,203
Silkeborg,Eritrea,2021,2
Silkeborg,Finland,2021,1
Silkeborg,France,2021,6
Silkeborg,Germany,2021,6
Silkeborg,Iceland,2021,9
Silkeborg,India,2021,1
Silkeborg,Indonesia,2021,1
Silkeborg,Iran,2021,1
Silkeborg,Ireland,2021,2
Silkeborg,Italy,2021,8
Silkeborg,Ivory Coast,2021,2
Silkeborg,Japan,2021,2
Silkeborg,Kenya,2021,1
Silkeborg,Latvia,2021,1
Silkeborg,Lithuania,2021,12
Silkeborg,Netherlands,2021,1
Silkeborg,Norway,2021,10
Silkeborg,Philippines,2021,3
Silkeborg,Poland,2021,32
Silkeborg,Portugal,2021,1
Silkeborg,Romania,2021,26
Silkeborg,Russia,2021,1
Silkeborg,Slovakia,2021,1
Silkeborg,Slovenia,2021,4
Silkeborg,South Africa,2021,1
Silkeborg,Spain,2021,2
Silkeborg,Sweden,2021,7
Silkeborg,Syria,2021,29
Silkeborg,Thailand,2021,1
Silkeborg,Turkey,2021,3
Silkeborg,USA,2021,5
Silkeborg,Ukraine,2021,12
Silkeborg,United Kingdom,2021,6
Silkeborg,Venezuela,2021,3
Silkeborg,Yugoslavia,2021,3
Silkeborg,Zambia,2021,1
Skanderborg,Argentina,2021,1
Skanderborg,Australia,2021,2
Skanderborg,Austria,2021,3
Skanderborg,Brazil,2021,2
Skanderborg,Bulgaria,2021,2
Skanderborg,Chile,2021,2
Skanderborg,China,2021,2
Skanderborg,Croatia,2021,5
Skanderborg,Denmark,2021,113
Skanderborg,Germany,2021,7
Skanderborg,Hungary,2021,4
Skanderborg,Iceland,2021,10
Skanderborg,India,2021,5
Skanderborg,Iraq,2021,1
Skanderborg,Italy,2021,4
Skanderborg,Kenya,2021,2
Skanderborg,Latvia,2021,1
Skanderborg,Lithuania,2021,6
Skanderborg,Netherlands,2021,2
Skanderborg,New Zealand,2021,1
Skanderborg,Norway,2021,4
Skanderborg,Philippines,2021,1
Skanderborg,Poland,2021,14
Skanderborg,Romania,2021,6
Skanderborg,Russia,2021,3
Skanderborg,Somalia,2021,5
Skanderborg,Spain,2021,4
Skanderborg,Switzerland,2021,1
Skanderborg,Syria,2021,16
Skanderborg,Turkey,2021,2
Skanderborg,USA,2021,2
Skanderborg,Uganda,2021,1
Skanderborg,Ukraine,2021,3
Skanderborg,United Kingdom,2021,2
Skive,Afghanistan,2021,1
Skive,Bosnia and Herzegovina,2021,1
Skive,Bulgaria,2021,2
Skive,Denmark,2021,67
Skive,Eritrea,2021,1
Skive,Estonia,2021,1
Skive,France,2021,1
Skive,Germany,2021,3
Skive,Iceland,2021,5
Skive,Indonesia,2021,1
Skive,Italy,2021,1
Skive,Japan,2021,4
Skive,Latvia,2021,2
Skive,Lithuania,2021,8
Skive,Malaysia,2021,1
Skive,Philippines,2021,1
Skive,Poland,2021,13
Skive,Romania,2021,31
Skive,Russia,2021,4
Skive,Slovakia,2021,1
Skive,Somalia,2021,3
Skive,Stateless,2021,1
Skive,Sweden,2021,1
Skive,Syria,2021,30
Skive,Turkey,2021,2
Skive,Ukraine,2021,20
Skive,United Kingdom,2021,2
Skive,Uzbekistan,2021,1
Skive,Vietnam,2021,2
Slagelse,Argentina,2021,1
Slagelse,Bangladesh,2021,1
Slagelse,Bosnia and Herzegovina,2021,1
Slagelse,Bulgaria,2021,20
Slagelse,Canada,2021,1
Slagelse,China,2021,6
Slagelse,Colombia,2021,2
Slagelse,Croatia,2021,3
Slagelse,Czech Republic,2021,1
Slagelse,Denmark,2021,123
Slagelse,Ecuador,2021,1
Slagelse,Eritrea,2021,3
Slagelse,Finland,2021,1
Slagelse,France,2021,3
Slagelse,Germany,2021,3
Slagelse,Ghana,2021,5
Slagelse,Greece,2021,3
Slagelse,Hungary,2021,5
Slagelse,Iceland,2021,3
Slagelse,India,2021,6
Slagelse,Iran,2021,1
Slagelse,Iraq,2021,1
Slagelse,Italy,2021,2
Slagelse,Latvia,2021,2
Slagelse,Lithuania,2021,3
Slagelse,Netherlands,2021,2
Slagelse,Nigeria,2021,1
Slagelse,Norway,2021,4
Slagelse,Pakistan,2021,6
Slagelse,Peru,2021,1
Slagelse,Philippines,2021,4
Slagelse,Poland,2021,12
Slagelse,Republic of North Macedonia,2021,1
Slagelse,Romania,2021,16
Slagelse,Serbia,2021,1
Slagelse,Somalia,2021,6
Slagelse,Sri Lanka,2021,1
Slagelse,Sweden,2021,13
Slagelse,Syria,2021,21
Slagelse,Thailand,2021,1
Slagelse,Trinidad and Tobago,2021,1
Slagelse,Turkey,2021,1
Slagelse,USA,2021,8
Slagelse,Uganda,2021,1
Slagelse,Ukraine,2021,3
Slagelse,United Kingdom,2021,3
Slagelse,"Yugoslavia, Federal Republic",2021,1
Solrød,Argentina,2021,1
Solrød,Bulgaria,2021,1
Solrød,China,2021,1
Solrød,Denmark,2021,34
Solrød,Germany,2021,8
Solrød,Greece,2021,1
Solrød,Lithuania,2021,9
Solrød,Norway,2021,1
Solrød,Philippines,2021,3
Solrød,Poland,2021,17
Solrød,Romania,2021,2
Solrød,Russia,2021,1
Solrød,Stateless,2021,1
Solrød,Sweden,2021,1
Solrød,Syria,2021,2
Sorø,Argentina,2021,1
Sorø,Brazil,2021,1
Sorø,Bulgaria,2021,4
Sorø,Czech Republic,2021,1
Sorø,Denmark,2021,55
Sorø,France,2021,1
Sorø,Germany,2021,1
Sorø,Hungary,2021,2
Sorø,Iceland,2021,1
Sorø,Italy,2021,2
Sorø,Lithuania,2021,9
Sorø,Norway,2021,1
Sorø,Pakistan,2021,1
Sorø,Philippines,2021,2
Sorø,Poland,2021,13
Sorø,Portugal,2021,1
Sorø,Romania,2021,18
Sorø,Russia,2021,1
Sorø,Spain,2021,4
Sorø,Sweden,2021,1
Sorø,Ukraine,2021,2
Stevns,Bulgaria,2021,5
Stevns,Croatia,2021,2
Stevns,Czech Republic,2021,2
Stevns,Denmark,2021,35
Stevns,Eritrea,2021,1
Stevns,Finland,2021,1
Stevns,France,2021,1
Stevns,Germany,2021,4
Stevns,Hungary,2021,4
Stevns,Iceland,2021,1
Stevns,Iran,2021,1
Stevns,Italy,2021,1
Stevns,Latvia,2021,4
Stevns,Lithuania,2021,17
Stevns,Norway,2021,2
Stevns,Philippines,2021,1
Stevns,Poland,2021,9
Stevns,Romania,2021,1
Stevns,Sweden,2021,3
Stevns,Syria,2021,4
Stevns,Thailand,2021,1
Stevns,Ukraine,2021,1
Struer,Brazil,2021,1
Struer,Bulgaria,2021,2
Struer,"Congo, Democratic Republic",2021,4
Struer,Czech Republic,2021,3
Struer,Denmark,2021,28
Struer,Egypt,2021,1
Struer,Estonia,2021,2
Struer,France,2021,1
Struer,Germany,2021,4
Struer,India,2021,3
Struer,Italy,2021,1
Struer,Latvia,2021,4
Struer,Lithuania,2021,2
Struer,Moldova,2021,1
Struer,Netherlands,2021,1
Struer,Norway,2021,1
Struer,Poland,2021,6
Struer,Romania,2021,12
Struer,Spain,2021,3
Struer,Syria,2021,2
Struer,Ukraine,2021,3
Struer,United Kingdom,2021,1
Svendborg,Argentina,2021,1
Svendborg,Australia,2021,2
Svendborg,Austria,2021,1
Svendborg,Bosnia and Herzegovina,2021,2
Svendborg,Brazil,2021,5
Svendborg,Bulgaria,2021,11
Svendborg,China,2021,1
Svendborg,Costa Rica,2021,2
Svendborg,Czech Republic,2021,1
Svendborg,Denmark,2021,126
Svendborg,Estonia,2021,3
Svendborg,Ethiopia,2021,1
Svendborg,France,2021,1
Svendborg,Germany,2021,6
Svendborg,Hungary,2021,1
Svendborg,Iceland,2021,4
Svendborg,Ireland,2021,2
Svendborg,Italy,2021,3
Svendborg,Japan,2021,4
Svendborg,Jordan,2021,1
Svendborg,Latvia,2021,2
Svendborg,Lithuania,2021,3
Svendborg,Mexico,2021,2
Svendborg,Netherlands,2021,1
Svendborg,New Zealand,2021,2
Svendborg,Norway,2021,10
Svendborg,Philippines,2021,1
Svendborg,Poland,2021,9
Svendborg,Portugal,2021,2
Svendborg,Romania,2021,9
Svendborg,Serbia,2021,5
Svendborg,Somalia,2021,1
Svendborg,South Africa,2021,1
Svendborg,South Korea,2021,2
Svendborg,Spain,2021,1
Svendborg,Stateless,2021,1
Svendborg,Sudan,2021,1
Svendborg,Sweden,2021,3
Svendborg,Syria,2021,4
Svendborg,Thailand,2021,1
Svendborg,Turkey,2021,1
Svendborg,USA,2021,2
Svendborg,Uganda,2021,1
Svendborg,Ukraine,2021,9
Svendborg,United Kingdom,2021,1
Svendborg,"Yugoslavia, Federal Republic",2021,1
Syddjurs,Austria,2021,1
Syddjurs,Bulgaria,2021,2
Syddjurs,Canada,2021,1
Syddjurs,Chile,2021,1
Syddjurs,Croatia,2021,1
Syddjurs,Denmark,2021,110
Syddjurs,Eritrea,2021,4
Syddjurs,Finland,2021,1
Syddjurs,France,2021,5
Syddjurs,Germany,2021,11
Syddjurs,Hungary,2021,2
Syddjurs,Iceland,2021,2
Syddjurs,Israel,2021,1
Syddjurs,Italy,2021,4
Syddjurs,Japan,2021,14
Syddjurs,Kosovo,2021,1
Syddjurs,Lithuania,2021,7
Syddjurs,Luxembourg,2021,2
Syddjurs,Netherlands,2021,10
Syddjurs,Norway,2021,7
Syddjurs,Pakistan,2021,3
Syddjurs,Peru,2021,2
Syddjurs,Philippines,2021,2
Syddjurs,Poland,2021,6
Syddjurs,Portugal,2021,2
Syddjurs,Romania,2021,9
Syddjurs,Slovakia,2021,1
Syddjurs,Spain,2021,1
Syddjurs,Sri Lanka,2021,1
Syddjurs,Sweden,2021,2
Syddjurs,Switzerland,2021,1
Syddjurs,Syria,2021,19
Syddjurs,USA,2021,3
Syddjurs,Ukraine,2021,6
Syddjurs,United Kingdom,2021,4
Sønderborg,Albania,2021,1
Sønderborg,Austria,2021,3
Sønderborg,Azerbaijan,2021,1
Sønderborg,Bangladesh,2021,4
Sønderborg,Bosnia and Herzegovina,2021,3
Sønderborg,Brazil,2021,5
Sønderborg,Bulgaria,2021,15
Sønderborg,Burundi,2021,1
Sønderborg,Cameroon,2021,1
Sønderborg,Canada,2021,2
Sønderborg,China,2021,7
Sønderborg,Croatia,2021,2
Sønderborg,Denmark,2021,184
Sønderborg,Egypt,2021,1
Sønderborg,Finland,2021,4
Sønderborg,France,2021,3
Sønderborg,Germany,2021,67
Sønderborg,Hungary,2021,5
Sønderborg,Iceland,2021,24
Sønderborg,India,2021,14
Sønderborg,Iran,2021,2
Sønderborg,Ireland,2021,2
Sønderborg,Italy,2021,9
Sønderborg,Japan,2021,1
Sønderborg,Jordan,2021,6
Sønderborg,Kazakhstan,2021,1
Sønderborg,Kosovo,2021,1
Sønderborg,Latvia,2021,6
Sønderborg,Lebanon,2021,1
Sønderborg,Lithuania,2021,4
Sønderborg,Malaysia,2021,1
Sønderborg,Mexico,2021,1
Sønderborg,Morocco,2021,2
Sønderborg,Nepal,2021,1
Sønderborg,Norway,2021,6
Sønderborg,Pakistan,2021,1
Sønderborg,Philippines,2021,5
Sønderborg,Poland,2021,27
Sønderborg,Portugal,2021,2
Sønderborg,Romania,2021,26
Sønderborg,Russia,2021,3
Sønderborg,Slovakia,2021,2
Sønderborg,Spain,2021,9
Sønderborg,Sri Lanka,2021,1
Sønderborg,Stateless,2021,1
Sønderborg,Sweden,2021,1
Sønderborg,Switzerland,2021,4
Sønderborg,Syria,2021,30
Sønderborg,Thailand,2021,2
Sønderborg,Tunisia,2021,1
Sønderborg,Turkey,2021,1
Sønderborg,USA,2021,8
Sønderborg,Ukraine,2021,6
Sønderborg,United Kingdom,2021,1
Sønderborg,Vietnam,2021,2
Sønderborg,Yugoslavia,2021,1
Sønderborg,"Yugoslavia, Federal Republic",2021,1
Thisted,Canada,2021,1
Thisted,Colombia,2021,1
Thisted,Denmark,2021,52
Thisted,Finland,2021,1
Thisted,Germany,2021,1
Thisted,Netherlands,2021,4
Thisted,Norway,2021,6
Thisted,Philippines,2021,1
Thisted,Poland,2021,28
Thisted,Romania,2021,15
Thisted,Slovakia,2021,2
Thisted,Sweden,2021,2
Thisted,Syria,2021,1
Thisted,Turkey,2021,1
Thisted,Ukraine,2021,15
Thisted,Vietnam,2021,2
Tårnby,Argentina,2021,7
Tårnby,Bangladesh,2021,2
Tårnby,Brazil,2021,1
Tårnby,Bulgaria,2021,6
Tårnby,Canada,2021,2
Tårnby,Chile,2021,3
Tårnby,China,2021,10
Tårnby,Czech Republic,2021,2
Tårnby,Denmark,2021,105
Tårnby,Egypt,2021,1
Tårnby,France,2021,2
Tårnby,Ghana,2021,1
Tårnby,Greece,2021,1
Tårnby,Iceland,2021,4
Tårnby,India,2021,8
Tårnby,Iran,2021,1
Tårnby,Iraq,2021,5
Tårnby,Italy,2021,4
Tårnby,Latvia,2021,2
Tårnby,Lithuania,2021,3
Tårnby,Nepal,2021,3
Tårnby,Netherlands,2021,2
Tårnby,Norway,2021,4
Tårnby,Pakistan,2021,4
Tårnby,Philippines,2021,4
Tårnby,Poland,2021,9
Tårnby,Portugal,2021,2
Tårnby,Romania,2021,3
Tårnby,Slovakia,2021,1
Tårnby,Spain,2021,2
Tårnby,Sri Lanka,2021,1
Tårnby,Sweden,2021,2
Tårnby,Syria,2021,9
Tårnby,Turkey,2021,1
Tårnby,USA,2021,1
Tårnby,United Kingdom,2021,2
Tønder,Argentina,2021,1
Tønder,Australia,2021,1
Tønder,Austria,2021,1
Tønder,Bulgaria,2021,1
Tønder,China,2021,6
Tønder,Croatia,2021,1
Tønder,Denmark,2021,59
Tønder,Germany,2021,54
Tønder,Greece,2021,2
Tønder,Hungary,2021,5
Tønder,Iceland,2021,1
Tønder,India,2021,1
Tønder,Israel,2021,1
Tønder,Italy,2021,6
Tønder,Kenya,2021,1
Tønder,Latvia,2021,2
Tønder,Lithuania,2021,4
Tønder,Morocco,2021,2
Tønder,Netherlands,2021,7
Tønder,Norway,2021,3
Tønder,Philippines,2021,1
Tønder,Poland,2021,17
Tønder,Portugal,2021,1
Tønder,Romania,2021,61
Tønder,Singapore,2021,1
Tønder,Spain,2021,1
Tønder,Sweden,2021,2
Tønder,Switzerland,2021,1
Tønder,Syria,2021,15
Tønder,Thailand,2021,2
Tønder,Turkey,2021,2
Tønder,USA,2021,5
Tønder,Ukraine,2021,28
Tønder,United Kingdom,2021,1
Tønder,Vietnam,2021,2
Tønder,Zimbabwe,2021,1
Vallensbæk,Argentina,2021,1
Vallensbæk,Austria,2021,1
Vallensbæk,Bangladesh,2021,3
Vallensbæk,Bulgaria,2021,7
Vallensbæk,Chile,2021,1
Vallensbæk,China,2021,9
Vallensbæk,Croatia,2021,1
Vallensbæk,Denmark,2021,41
Vallensbæk,Estonia,2021,1
Vallensbæk,France,2021,1
Vallensbæk,Germany,2021,2
Vallensbæk,Greece,2021,1
Vallensbæk,Hungary,2021,5
Vallensbæk,India,2021,5
Vallensbæk,Iraq,2021,2
Vallensbæk,Ireland,2021,1
Vallensbæk,Italy,2021,2
Vallensbæk,Latvia,2021,1
Vallensbæk,Lithuania,2021,4
Vallensbæk,Nepal,2021,6
Vallensbæk,Netherlands,2021,2
Vallensbæk,Pakistan,2021,2
Vallensbæk,Philippines,2021,2
Vallensbæk,Poland,2021,6
Vallensbæk,Portugal,2021,1
Vallensbæk,Romania,2021,10
Vallensbæk,Slovakia,2021,4
Vallensbæk,Spain,2021,2
Vallensbæk,Sweden,2021,5
Vallensbæk,Syria,2021,7
Vallensbæk,Thailand,2021,1
Vallensbæk,Turkey,2021,3
Vallensbæk,USA,2021,3
Vallensbæk,Uganda,2021,2
Vallensbæk,United Kingdom,2021,1
Varde,Australia,2021,1
Varde,Bosnia and Herzegovina,2021,4
Varde,Brazil,2021,1
Varde,Bulgaria,2021,7
Varde,Canada,2021,3
Varde,China,2021,2
Varde,"Congo, Democratic Republic",2021,6
Varde,Denmark,2021,62
Varde,Eritrea,2021,1
Varde,France,2021,2
Varde,Germany,2021,6
Varde,Greece,2021,1
Varde,Hungary,2021,5
Varde,Iceland,2021,1
Varde,Italy,2021,2
Varde,Latvia,2021,9
Varde,Lebanon,2021,1
Varde,Lithuania,2021,1
Varde,Moldova,2021,1
Varde,Netherlands,2021,7
Varde,Norway,2021,1
Varde,Poland,2021,15
Varde,Romania,2021,71
Varde,Somalia,2021,5
Varde,Spain,2021,4
Varde,Sweden,2021,1
Varde,Syria,2021,9
Varde,Thailand,2021,1
Varde,USA,2021,1
Varde,Ukraine,2021,22
Vejen,Argentina,2021,2
Vejen,Australia,2021,3
Vejen,Bolivia,2021,1
Vejen,Brazil,2021,3
Vejen,Bulgaria,2021,4
Vejen,Chile,2021,1
Vejen,Croatia,2021,3
Vejen,Czech Republic,2021,1
Vejen,Denmark,2021,52
Vejen,Ecuador,2021,1
Vejen,Estonia,2021,1
Vejen,Germany,2021,14
Vejen,Hungary,2021,4
Vejen,Iceland,2021,1
Vejen,India,2021,8
Vejen,Italy,2021,2
Vejen,Japan,2021,3
Vejen,Kenya,2021,2
Vejen,Kyrgyzstan,2021,2
Vejen,Latvia,2021,3
Vejen,Lithuania,2021,17
Vejen,Mexico,2021,1
Vejen,Nepal,2021,4
Vejen,Netherlands,2021,2
Vejen,New Zealand,2021,1
Vejen,Philippines,2021,3
Vejen,Poland,2021,45
Vejen,Portugal,2021,1
Vejen,Romania,2021,116
Vejen,Russia,2021,7
Vejen,Serbia,2021,1
Vejen,Spain,2021,2
Vejen,Sweden,2021,1
Vejen,Syria,2021,31
Vejen,Taiwan,2021,1
Vejen,Thailand,2021,1
Vejen,USA,2021,2
Vejen,Ukraine,2021,36
Vejen,United Kingdom,2021,5
Vejen,Vietnam,2021,2
Vejen,Zambia,2021,1
Vejle,Afghanistan,2021,2
Vejle,Albania,2021,2
Vejle,Argentina,2021,1
Vejle,Armenia,2021,1
Vejle,Belgium,2021,3
Vejle,Bosnia and Herzegovina,2021,3
Vejle,Brazil,2021,5
Vejle,Bulgaria,2021,5
Vejle,Canada,2021,2
Vejle,China,2021,5
Vejle,Colombia,2021,1
Vejle,Croatia,2021,1
Vejle,Denmark,2021,301
Vejle,Eritrea,2021,1
Vejle,France,2021,4
Vejle,"Gambia, The",2021,2
Vejle,Germany,2021,20
Vejle,Ghana,2021,6
Vejle,Greece,2021,6
Vejle,Hungary,2021,15
Vejle,Iceland,2021,11
Vejle,India,2021,5
Vejle,Iraq,2021,9
Vejle,Ireland,2021,12
Vejle,Italy,2021,9
Vejle,Japan,2021,2
Vejle,Kenya,2021,2
Vejle,Latvia,2021,13
Vejle,Lithuania,2021,42
Vejle,Mexico,2021,1
Vejle,Netherlands,2021,8
Vejle,Nigeria,2021,4
Vejle,Norway,2021,4
Vejle,Not stated,2021,42
Vejle,Pakistan,2021,2
Vejle,Philippines,2021,15
Vejle,Poland,2021,109
Vejle,Portugal,2021,2
Vejle,Romania,2021,45
Vejle,Russia,2021,5
Vejle,Serbia,2021,1
Vejle,Slovakia,2021,4
Vejle,Somalia,2021,8
Vejle,Spain,2021,12
Vejle,Sri Lanka,2021,1
Vejle,Sweden,2021,19
Vejle,Switzerland,2021,1
Vejle,Syria,2021,7
Vejle,Thailand,2021,5
Vejle,Turkey,2021,2
Vejle,USA,2021,12
Vejle,Ukraine,2021,9
Vejle,United Kingdom,2021,16
Vejle,Vietnam,2021,4
Vejle,Zimbabwe,2021,1
Vesthimmerlands,Austria,2021,1
Vesthimmerlands,Belarus,2021,1
Vesthimmerlands,Brazil,2021,1
Vesthimmerlands,Bulgaria,2021,2
Vesthimmerlands,Colombia,2021,1
Vesthimmerlands,Denmark,2021,65
Vesthimmerlands,Ecuador,2021,1
Vesthimmerlands,France,2021,4
Vesthimmerlands,Germany,2021,7
Vesthimmerlands,Hungary,2021,2
Vesthimmerlands,India,2021,1
Vesthimmerlands,Italy,2021,3
Vesthimmerlands,Latvia,2021,5
Vesthimmerlands,Lithuania,2021,7
Vesthimmerlands,Luxembourg,2021,2
Vesthimmerlands,Mexico,2021,7
Vesthimmerlands,Moldova,2021,1
Vesthimmerlands,Netherlands,2021,2
Vesthimmerlands,Norway,2021,7
Vesthimmerlands,Poland,2021,25
Vesthimmerlands,Portugal,2021,1
Vesthimmerlands,Romania,2021,35
Vesthimmerlands,Somalia,2021,3
Vesthimmerlands,Spain,2021,2
Vesthimmerlands,Sri Lanka,2021,1
Vesthimmerlands,Syria,2021,5
Vesthimmerlands,Turkey,2021,1
Vesthimmerlands,Ukraine,2021,34
Vesthimmerlands,Vietnam,2021,1
Vesthimmerlands,Zimbabwe,2021,1
Viborg,Afghanistan,2021,1
Viborg,Australia,2021,1
Viborg,Bangladesh,2021,1
Viborg,Belarus,2021,1
Viborg,Bosnia and Herzegovina,2021,3
Viborg,Bulgaria,2021,6
Viborg,China,2021,21
Viborg,Croatia,2021,2
Viborg,Czech Republic,2021,3
Viborg,Denmark,2021,187
Viborg,Eritrea,2021,3
Viborg,Estonia,2021,7
Viborg,Ethiopia,2021,3
Viborg,Finland,2021,3
Viborg,France,2021,6
Viborg,Germany,2021,14
Viborg,Greece,2021,2
Viborg,Haiti,2021,1
Viborg,Hungary,2021,9
Viborg,Iceland,2021,5
Viborg,India,2021,5
Viborg,Iran,2021,5
Viborg,Iraq,2021,1
Viborg,Ireland,2021,4
Viborg,Israel,2021,1
Viborg,Italy,2021,12
Viborg,Japan,2021,5
Viborg,Kyrgyzstan,2021,3
Viborg,Latvia,2021,2
Viborg,Lithuania,2021,29
Viborg,Netherlands,2021,4
Viborg,New Zealand,2021,1
Viborg,Norway,2021,7
Viborg,Pakistan,2021,1
Viborg,Philippines,2021,5
Viborg,Poland,2021,45
Viborg,Portugal,2021,2
Viborg,Romania,2021,103
Viborg,Serbia,2021,2
Viborg,Sierra Leone,2021,1
Viborg,Slovakia,2021,1
Viborg,Somalia,2021,3
Viborg,South Africa,2021,1
Viborg,Spain,2021,11
Viborg,Sri Lanka,2021,4
Viborg,Sweden,2021,9
Viborg,Switzerland,2021,1
Viborg,Syria,2021,7
Viborg,Thailand,2021,3
Viborg,Tunisia,2021,1
Viborg,Turkey,2021,1
Viborg,USA,2021,4
Viborg,Ukraine,2021,31
Viborg,United Kingdom,2021,5
Viborg,Venezuela,2021,1
Viborg,Vietnam,2021,8
Viborg,Yugoslavia,2021,2
Vordingborg,Argentina,2021,1
Vordingborg,Australia,2021,2
Vordingborg,Bangladesh,2021,3
Vordingborg,Belgium,2021,1
Vordingborg,Brazil,2021,1
Vordingborg,Bulgaria,2021,4
Vordingborg,Czech Republic,2021,1
Vordingborg,Denmark,2021,72
Vordingborg,Germany,2021,1
Vordingborg,Greece,2021,2
Vordingborg,Iran,2021,2
Vordingborg,Italy,2021,19
Vordingborg,Japan,2021,3
Vordingborg,Lithuania,2021,14
Vordingborg,Netherlands,2021,1
Vordingborg,Norway,2021,2
Vordingborg,Philippines,2021,1
Vordingborg,Poland,2021,11
Vordingborg,Portugal,2021,3
Vordingborg,Romania,2021,61
Vordingborg,Somalia,2021,1
Vordingborg,Spain,2021,2
Vordingborg,Sweden,2021,1
Vordingborg,Syria,2021,27
Vordingborg,Thailand,2021,1
Vordingborg,USA,2021,1
Vordingborg,Ukraine,2021,2
Vordingborg,Vietnam,2021,1
Vordingborg,"Yugoslavia, Federal Republic",2021,1
Ærø,Denmark,2021,22
Ærø,Ecuador,2021,1
Ærø,Germany,2021,4
Ærø,Greece,2021,1
Ærø,Norway,2021,1
Ærø,Portugal,2021,2
Ærø,Spain,2021,5
Ærø,Sweden,2021,1
Aabenraa,Afghanistan,2022,8
Aabenraa,Algeria,2022,1
Aabenraa,Australia,2022,3
Aabenraa,Austria,2022,3
Aabenraa,Belgium,2022,2
Aabenraa,Brazil,2022,11
Aabenraa,Bulgaria,2022,1
Aabenraa,China,2022,4
Aabenraa,Croatia,2022,1
Aabenraa,Denmark,2022,135
Aabenraa,Finland,2022,1
Aabenraa,Georgia,2022,1
Aabenraa,Germany,2022,136
Aabenraa,Hungary,2022,5
Aabenraa,Iceland,2022,2
Aabenraa,India,2022,2
Aabenraa,Iran,2022,3
Aabenraa,Ireland,2022,3
Aabenraa,Italy,2022,4
Aabenraa,Japan,2022,3
Aabenraa,Latvia,2022,1
Aabenraa,Lithuania,2022,3
Aabenraa,Morocco,2022,1
Aabenraa,Netherlands,2022,8
Aabenraa,Norway,2022,9
Aabenraa,Paraguay,2022,1
Aabenraa,Poland,2022,21
Aabenraa,Portugal,2022,1
Aabenraa,Romania,2022,33
Aabenraa,Russia,2022,2
Aabenraa,Serbia,2022,1
Aabenraa,Spain,2022,9
Aabenraa,Sri Lanka,2022,1
Aabenraa,Stateless,2022,3
Aabenraa,Sweden,2022,6
Aabenraa,Switzerland,2022,1
Aabenraa,Syria,2022,4
Aabenraa,Thailand,2022,2
Aabenraa,Turkey,2022,1
Aabenraa,Ukraine,2022,58
Aabenraa,United Kingdom,2022,3
Aabenraa,Vietnam,2022,3
Aalborg,Afghanistan,2022,4
Aalborg,Algeria,2022,1
Aalborg,Argentina,2022,4
Aalborg,Australia,2022,4
Aalborg,Austria,2022,7
Aalborg,Bangladesh,2022,18
Aalborg,Belarus,2022,1
Aalborg,Belgium,2022,9
Aalborg,Bosnia and Herzegovina,2022,4
Aalborg,Brazil,2022,17
Aalborg,Bulgaria,2022,62
Aalborg,Burundi,2022,1
Aalborg,Cambodia,2022,1
Aalborg,Cameroon,2022,4
Aalborg,Canada,2022,13
Aalborg,Chile,2022,3
Aalborg,China,2022,169
Aalborg,Colombia,2022,5
Aalborg,Costa Rica,2022,1
Aalborg,Croatia,2022,25
Aalborg,Cyprus,2022,1
Aalborg,Czech Republic,2022,29
Aalborg,Denmark,2022,831
Aalborg,Dominica,2022,2
Aalborg,Dominican Republic,2022,1
Aalborg,Ecuador,2022,1
Aalborg,Egypt,2022,5
Aalborg,El Salvador,2022,1
Aalborg,Eritrea,2022,3
Aalborg,Estonia,2022,8
Aalborg,Ethiopia,2022,4
Aalborg,Finland,2022,8
Aalborg,France,2022,52
Aalborg,Georgia,2022,2
Aalborg,Germany,2022,78
Aalborg,Ghana,2022,13
Aalborg,Greece,2022,17
Aalborg,Hungary,2022,39
Aalborg,Iceland,2022,23
Aalborg,India,2022,54
Aalborg,Indonesia,2022,4
Aalborg,Iran,2022,49
Aalborg,Iraq,2022,3
Aalborg,Ireland,2022,4
Aalborg,Israel,2022,1
Aalborg,Italy,2022,64
Aalborg,Ivory Coast,2022,1
Aalborg,Japan,2022,12
Aalborg,Kazakhstan,2022,1
Aalborg,Kenya,2022,2
Aalborg,Kosovo,2022,3
Aalborg,Latvia,2022,32
Aalborg,Lebanon,2022,5
Aalborg,Lithuania,2022,63
Aalborg,Malawi,2022,1
Aalborg,Malaysia,2022,1
Aalborg,Malta,2022,3
Aalborg,Mexico,2022,7
Aalborg,Mongolia,2022,1
Aalborg,Morocco,2022,1
Aalborg,Nepal,2022,4
Aalborg,Netherlands,2022,26
Aalborg,New Zealand,2022,1
Aalborg,North Korea,2022,2
Aalborg,Norway,2022,136
Aalborg,Pakistan,2022,15
Aalborg,Peru,2022,3
Aalborg,Philippines,2022,20
Aalborg,Poland,2022,96
Aalborg,Portugal,2022,27
Aalborg,Republic of North Macedonia,2022,1
Aalborg,Romania,2022,148
Aalborg,Russia,2022,6
Aalborg,Rwanda,2022,1
Aalborg,Serbia,2022,4
Aalborg,Singapore,2022,4
Aalborg,Slovakia,2022,78
Aalborg,Slovenia,2022,5
Aalborg,Somalia,2022,74
Aalborg,South Africa,2022,4
Aalborg,South Korea,2022,7
Aalborg,Spain,2022,76
Aalborg,Stateless,2022,9
Aalborg,Sudan,2022,1
Aalborg,Sweden,2022,41
Aalborg,Switzerland,2022,5
Aalborg,Syria,2022,50
Aalborg,Taiwan,2022,1
Aalborg,Thailand,2022,12
Aalborg,Togo,2022,1
Aalborg,Tunisia,2022,2
Aalborg,Turkey,2022,14
Aalborg,USA,2022,37
Aalborg,Uganda,2022,6
Aalborg,Ukraine,2022,251
Aalborg,United Kingdom,2022,34
Aalborg,Uruguay,2022,2
Aalborg,Uzbekistan,2022,1
Aalborg,Vietnam,2022,13
Aarhus,Afghanistan,2022,3
Aarhus,Albania,2022,3
Aarhus,Argentina,2022,14
Aarhus,Australia,2022,17
Aarhus,Austria,2022,41
Aarhus,Bangladesh,2022,2
Aarhus,Belarus,2022,2
Aarhus,Belgium,2022,66
Aarhus,Brazil,2022,26
Aarhus,Bulgaria,2022,49
Aarhus,Cambodia,2022,1
Aarhus,Cameroon,2022,2
Aarhus,Canada,2022,37
Aarhus,Central African Republic,2022,1
Aarhus,Chile,2022,13
Aarhus,China,2022,121
Aarhus,Colombia,2022,5
Aarhus,"Congo, Democratic Republic",2022,2
Aarhus,Croatia,2022,14
Aarhus,Cuba,2022,1
Aarhus,Cyprus,2022,2
Aarhus,Czech Republic,2022,56
Aarhus,Denmark,2022,1697
Aarhus,Ecuador,2022,1
Aarhus,Egypt,2022,7
Aarhus,Eritrea,2022,1
Aarhus,Estonia,2022,9
Aarhus,Ethiopia,2022,3
Aarhus,Finland,2022,33
Aarhus,France,2022,132
Aarhus,Georgia,2022,2
Aarhus,Germany,2022,351
Aarhus,Greece,2022,23
Aarhus,Hungary,2022,69
Aarhus,Iceland,2022,69
Aarhus,India,2022,155
Aarhus,Indonesia,2022,1
Aarhus,Iran,2022,41
Aarhus,Iraq,2022,5
Aarhus,Ireland,2022,42
Aarhus,Israel,2022,7
Aarhus,Italy,2022,206
Aarhus,Japan,2022,31
Aarhus,Kazakhstan,2022,6
Aarhus,Kenya,2022,3
Aarhus,Latvia,2022,20
Aarhus,Lebanon,2022,9
Aarhus,Liberia,2022,1
Aarhus,Lithuania,2022,58
Aarhus,Luxembourg,2022,2
Aarhus,Malaysia,2022,2
Aarhus,Mexico,2022,7
Aarhus,Morocco,2022,3
Aarhus,Namibia,2022,1
Aarhus,Nepal,2022,5
Aarhus,Netherlands,2022,91
Aarhus,Nigeria,2022,4
Aarhus,North Korea,2022,1
Aarhus,Norway,2022,333
Aarhus,Not stated,2022,3
Aarhus,Pakistan,2022,22
Aarhus,Peru,2022,3
Aarhus,Philippines,2022,10
Aarhus,Poland,2022,132
Aarhus,Portugal,2022,35
Aarhus,Romania,2022,151
Aarhus,Russia,2022,21
Aarhus,Serbia,2022,2
Aarhus,Sierra Leone,2022,1
Aarhus,Singapore,2022,11
Aarhus,Slovakia,2022,45
Aarhus,Slovenia,2022,14
Aarhus,Somalia,2022,7
Aarhus,South Africa,2022,8
Aarhus,South Korea,2022,8
Aarhus,Spain,2022,194
Aarhus,Sri Lanka,2022,1
Aarhus,Stateless,2022,5
Aarhus,Sudan,2022,1
Aarhus,Sweden,2022,71
Aarhus,Switzerland,2022,28
Aarhus,Syria,2022,26
Aarhus,Taiwan,2022,9
Aarhus,Thailand,2022,15
Aarhus,Turkey,2022,25
Aarhus,USA,2022,103
Aarhus,Uganda,2022,2
Aarhus,Ukraine,2022,148
Aarhus,United Kingdom,2022,107
Aarhus,Uruguay,2022,1
Aarhus,Venezuela,2022,2
Aarhus,Vietnam,2022,8
Aarhus,Zambia,2022,2
Aarhus,Zimbabwe,2022,1
Albertslund,Bangladesh,2022,4
Albertslund,Brazil,2022,1
Albertslund,Bulgaria,2022,12
Albertslund,China,2022,3
Albertslund,Czech Republic,2022,1
Albertslund,Denmark,2022,70
Albertslund,Finland,2022,1
Albertslund,France,2022,4
Albertslund,"Gambia, The",2022,1
Albertslund,Germany,2022,2
Albertslund,Greece,2022,3
Albertslund,Hungary,2022,5
Albertslund,Iceland,2022,9
Albertslund,India,2022,9
Albertslund,Indonesia,2022,1
Albertslund,Iran,2022,5
Albertslund,Iraq,2022,1
Albertslund,Italy,2022,4
Albertslund,Latvia,2022,5
Albertslund,Lithuania,2022,3
Albertslund,Nepal,2022,8
Albertslund,Netherlands,2022,1
Albertslund,Norway,2022,3
Albertslund,Pakistan,2022,6
Albertslund,Poland,2022,10
Albertslund,Portugal,2022,3
Albertslund,Republic of North Macedonia,2022,4
Albertslund,Romania,2022,8
Albertslund,Slovakia,2022,2
Albertslund,Spain,2022,6
Albertslund,Sweden,2022,2
Albertslund,Syria,2022,1
Albertslund,Taiwan,2022,1
Albertslund,Turkey,2022,1
Albertslund,USA,2022,10
Albertslund,Ukraine,2022,4
Albertslund,United Kingdom,2022,3
Allerød,Bangladesh,2022,2
Allerød,Bulgaria,2022,3
Allerød,Denmark,2022,86
Allerød,Ethiopia,2022,8
Allerød,Finland,2022,4
Allerød,Germany,2022,1
Allerød,Iceland,2022,1
Allerød,Italy,2022,3
Allerød,Latvia,2022,1
Allerød,Mexico,2022,1
Allerød,Nepal,2022,1
Allerød,Norway,2022,1
Allerød,Poland,2022,4
Allerød,Romania,2022,3
Allerød,Spain,2022,1
Allerød,Syria,2022,1
Allerød,USA,2022,2
Allerød,Ukraine,2022,11
Allerød,Zimbabwe,2022,1
Assens,Afghanistan,2022,9
Assens,Albania,2022,1
Assens,Bulgaria,2022,6
Assens,Denmark,2022,68
Assens,France,2022,4
Assens,Germany,2022,4
Assens,Hungary,2022,6
Assens,Iceland,2022,1
Assens,Italy,2022,1
Assens,Japan,2022,1
Assens,Latvia,2022,2
Assens,Lithuania,2022,29
Assens,Morocco,2022,1
Assens,Philippines,2022,1
Assens,Poland,2022,13
Assens,Romania,2022,45
Assens,Russia,2022,1
Assens,Slovakia,2022,2
Assens,Spain,2022,1
Assens,Stateless,2022,2
Assens,Sweden,2022,4
Assens,Syria,2022,8
Assens,Thailand,2022,2
Assens,Ukraine,2022,60
Assens,Yugoslavia,2022,2
Ballerup,Afghanistan,2022,1
Ballerup,Argentina,2022,1
Ballerup,Belgium,2022,1
Ballerup,Bosnia and Herzegovina,2022,2
Ballerup,Brazil,2022,4
Ballerup,Bulgaria,2022,6
Ballerup,Burundi,2022,1
Ballerup,Canada,2022,6
Ballerup,China,2022,15
Ballerup,Croatia,2022,1
Ballerup,Denmark,2022,110
Ballerup,France,2022,2
Ballerup,Germany,2022,10
Ballerup,Greece,2022,2
Ballerup,Hungary,2022,1
Ballerup,Iceland,2022,6
Ballerup,India,2022,37
Ballerup,Indonesia,2022,2
Ballerup,Iran,2022,2
Ballerup,Ireland,2022,4
Ballerup,Italy,2022,9
Ballerup,Japan,2022,1
Ballerup,Kosovo,2022,1
Ballerup,Latvia,2022,1
Ballerup,Lithuania,2022,11
Ballerup,Mexico,2022,9
Ballerup,Nepal,2022,8
Ballerup,Netherlands,2022,1
Ballerup,Norway,2022,5
Ballerup,Pakistan,2022,10
Ballerup,Philippines,2022,3
Ballerup,Poland,2022,7
Ballerup,Portugal,2022,6
Ballerup,Republic of North Macedonia,2022,1
Ballerup,Romania,2022,16
Ballerup,Russia,2022,1
Ballerup,Serbia,2022,7
Ballerup,Spain,2022,6
Ballerup,Sweden,2022,6
Ballerup,Thailand,2022,3
Ballerup,Turkey,2022,12
Ballerup,USA,2022,24
Ballerup,Ukraine,2022,8
Ballerup,United Kingdom,2022,6
Ballerup,Zimbabwe,2022,1
Billund,Australia,2022,4
Billund,Brazil,2022,2
Billund,Bulgaria,2022,3
Billund,China,2022,1
Billund,Denmark,2022,56
Billund,Finland,2022,1
Billund,France,2022,6
Billund,Germany,2022,6
Billund,Hungary,2022,5
Billund,Iceland,2022,5
Billund,India,2022,11
Billund,Ireland,2022,3
Billund,Italy,2022,9
Billund,Latvia,2022,2
Billund,Lithuania,2022,9
Billund,Mexico,2022,5
Billund,Moldova,2022,4
Billund,Netherlands,2022,4
Billund,Norway,2022,3
Billund,Philippines,2022,1
Billund,Poland,2022,12
Billund,Portugal,2022,1
Billund,Romania,2022,23
Billund,Spain,2022,10
Billund,Stateless,2022,1
Billund,Sweden,2022,3
Billund,Switzerland,2022,3
Billund,Syria,2022,18
Billund,Thailand,2022,1
Billund,Turkey,2022,1
Billund,USA,2022,5
Billund,Ukraine,2022,47
Billund,United Kingdom,2022,5
Billund,Vietnam,2022,2
Bornholm,Argentina,2022,4
Bornholm,Austria,2022,1
Bornholm,Bulgaria,2022,2
Bornholm,Croatia,2022,1
Bornholm,Denmark,2022,78
Bornholm,Finland,2022,2
Bornholm,France,2022,6
Bornholm,Germany,2022,12
Bornholm,Hungary,2022,2
Bornholm,Israel,2022,3
Bornholm,Italy,2022,37
Bornholm,Japan,2022,5
Bornholm,Latvia,2022,2
Bornholm,Netherlands,2022,7
Bornholm,Norway,2022,4
Bornholm,Poland,2022,20
Bornholm,Portugal,2022,1
Bornholm,Romania,2022,19
Bornholm,Russia,2022,1
Bornholm,Serbia,2022,1
Bornholm,Spain,2022,4
Bornholm,Sweden,2022,11
Bornholm,Switzerland,2022,1
Bornholm,Syria,2022,1
Bornholm,USA,2022,3
Bornholm,Ukraine,2022,38
Bornholm,United Kingdom,2022,4
Brøndby,Afghanistan,2022,4
Brøndby,Argentina,2022,2
Brøndby,Austria,2022,1
Brøndby,Bangladesh,2022,3
Brøndby,Belgium,2022,4
Brøndby,Bosnia and Herzegovina,2022,3
Brøndby,Bulgaria,2022,15
Brøndby,China,2022,3
Brøndby,Colombia,2022,1
Brøndby,Croatia,2022,2
Brøndby,Denmark,2022,89
Brøndby,Egypt,2022,2
Brøndby,Estonia,2022,1
Brøndby,Finland,2022,1
Brøndby,Georgia,2022,1
Brøndby,Germany,2022,4
Brøndby,Ghana,2022,2
Brøndby,Greece,2022,2
Brøndby,Hungary,2022,3
Brøndby,Iceland,2022,3
Brøndby,India,2022,13
Brøndby,Iran,2022,1
Brøndby,Iraq,2022,2
Brøndby,Italy,2022,13
Brøndby,Japan,2022,1
Brøndby,Latvia,2022,1
Brøndby,Lithuania,2022,4
Brøndby,Nepal,2022,22
Brøndby,Netherlands,2022,4
Brøndby,Norway,2022,4
Brøndby,Pakistan,2022,14
Brøndby,Poland,2022,15
Brøndby,Portugal,2022,3
Brøndby,Romania,2022,29
Brøndby,Russia,2022,3
Brøndby,Serbia,2022,1
Brøndby,Slovakia,2022,2
Brøndby,Spain,2022,5
Brøndby,Sri Lanka,2022,3
Brøndby,Sweden,2022,7
Brøndby,Switzerland,2022,3
Brøndby,Syria,2022,3
Brøndby,Thailand,2022,2
Brøndby,Turkey,2022,8
Brøndby,USA,2022,7
Brøndby,Ukraine,2022,26
Brøndby,United Kingdom,2022,1
Brønderslev,Australia,2022,1
Brønderslev,Bulgaria,2022,12
Brønderslev,Colombia,2022,2
Brønderslev,Costa Rica,2022,1
Brønderslev,Cuba,2022,1
Brønderslev,Denmark,2022,80
Brønderslev,Ecuador,2022,1
Brønderslev,Eritrea,2022,1
Brønderslev,Germany,2022,8
Brønderslev,Greece,2022,2
Brønderslev,Hungary,2022,1
Brønderslev,Italy,2022,3
Brønderslev,Lithuania,2022,3
Brønderslev,Netherlands,2022,2
Brønderslev,Nigeria,2022,1
Brønderslev,Norway,2022,14
Brønderslev,Not stated,2022,1
Brønderslev,Philippines,2022,2
Brønderslev,Poland,2022,7
Brønderslev,Romania,2022,15
Brønderslev,Spain,2022,3
Brønderslev,Syria,2022,2
Brønderslev,Turkey,2022,1
Brønderslev,USA,2022,1
Brønderslev,Ukraine,2022,30
Brønderslev,Vietnam,2022,2
Copenhagen,Afghanistan,2022,20
Copenhagen,Albania,2022,2
Copenhagen,Algeria,2022,6
Copenhagen,Angola,2022,1
Copenhagen,Argentina,2022,102
Copenhagen,Armenia,2022,4
Copenhagen,Australia,2022,104
Copenhagen,Austria,2022,74
Copenhagen,Azerbaijan,2022,4
Copenhagen,Bangladesh,2022,39
Copenhagen,Belarus,2022,11
Copenhagen,Belgium,2022,79
Copenhagen,Benin,2022,1
Copenhagen,Bosnia and Herzegovina,2022,6
Copenhagen,Brazil,2022,63
Copenhagen,Bulgaria,2022,112
Copenhagen,Cameroon,2022,2
Copenhagen,Canada,2022,128
Copenhagen,Chile,2022,48
Copenhagen,China,2022,388
Copenhagen,Colombia,2022,19
Copenhagen,Costa Rica,2022,2
Copenhagen,Croatia,2022,46
Copenhagen,Cuba,2022,3
Copenhagen,Cyprus,2022,9
Copenhagen,Czech Republic,2022,58
Copenhagen,Denmark,2022,4419
Copenhagen,Ecuador,2022,1
Copenhagen,Egypt,2022,18
Copenhagen,El Salvador,2022,1
Copenhagen,Eritrea,2022,2
Copenhagen,Estonia,2022,28
Copenhagen,Eswatini,2022,1
Copenhagen,Ethiopia,2022,6
Copenhagen,Fiji,2022,1
Copenhagen,Finland,2022,149
Copenhagen,France,2022,462
Copenhagen,"Gambia, The",2022,4
Copenhagen,Georgia,2022,2
Copenhagen,Germany,2022,759
Copenhagen,Ghana,2022,7
Copenhagen,Greece,2022,132
Copenhagen,Guatemala,2022,6
Copenhagen,Guinea,2022,3
Copenhagen,Guinea-Bissau,2022,2
Copenhagen,Honduras,2022,4
Copenhagen,Hungary,2022,102
Copenhagen,Iceland,2022,210
Copenhagen,India,2022,390
Copenhagen,Indonesia,2022,18
Copenhagen,Iran,2022,41
Copenhagen,Iraq,2022,20
Copenhagen,Ireland,2022,91
Copenhagen,Israel,2022,15
Copenhagen,Italy,2022,944
Copenhagen,Ivory Coast,2022,1
Copenhagen,Jamaica,2022,2
Copenhagen,Japan,2022,78
Copenhagen,Jordan,2022,7
Copenhagen,Kenya,2022,3
Copenhagen,Kosovo,2022,1
Copenhagen,Kyrgyzstan,2022,1
Copenhagen,Latvia,2022,39
Copenhagen,Lebanon,2022,16
Copenhagen,Lithuania,2022,107
Copenhagen,Luxembourg,2022,7
Copenhagen,Malaysia,2022,7
Copenhagen,Malta,2022,3
Copenhagen,Mauritius,2022,1
Copenhagen,Mexico,2022,35
Copenhagen,Mongolia,2022,1
Copenhagen,Montenegro,2022,3
Copenhagen,Morocco,2022,10
Copenhagen,Myanmar,2022,1
Copenhagen,Nepal,2022,189
Copenhagen,Netherlands,2022,267
Copenhagen,New Zealand,2022,22
Copenhagen,Nigeria,2022,9
Copenhagen,Norway,2022,1021
Copenhagen,Not stated,2022,5
Copenhagen,Pakistan,2022,72
Copenhagen,Panama,2022,1
Copenhagen,Peru,2022,11
Copenhagen,Philippines,2022,56
Copenhagen,Poland,2022,307
Copenhagen,Portugal,2022,256
Copenhagen,Republic of North Macedonia,2022,3
Copenhagen,Romania,2022,213
Copenhagen,Russia,2022,55
Copenhagen,Rwanda,2022,1
Copenhagen,Serbia,2022,12
Copenhagen,Seychelles,2022,1
Copenhagen,Singapore,2022,40
Copenhagen,Slovakia,2022,80
Copenhagen,Slovenia,2022,19
Copenhagen,Somalia,2022,22
Copenhagen,South Africa,2022,9
Copenhagen,South Korea,2022,70
Copenhagen,Spain,2022,535
Copenhagen,Sri Lanka,2022,6
Copenhagen,Stateless,2022,6
Copenhagen,Sweden,2022,574
Copenhagen,Switzerland,2022,131
Copenhagen,Syria,2022,17
Copenhagen,Taiwan,2022,26
Copenhagen,Tanzania,2022,2
Copenhagen,Thailand,2022,36
Copenhagen,Trinidad and Tobago,2022,1
Copenhagen,Tunisia,2022,2
Copenhagen,Turkey,2022,60
Copenhagen,USA,2022,2044
Copenhagen,Uganda,2022,4
Copenhagen,Ukraine,2022,106
Copenhagen,United Kingdom,2022,412
Copenhagen,Uruguay,2022,1
Copenhagen,Venezuela,2022,2
Copenhagen,Vietnam,2022,27
Copenhagen,Yugoslavia,2022,5
Copenhagen,"Yugoslavia, Federal Republic",2022,1
Copenhagen,Zambia,2022,1
Copenhagen,Zimbabwe,2022,3
Dragør,Afghanistan,2022,1
Dragør,Belgium,2022,1
Dragør,Bulgaria,2022,1
Dragør,Czech Republic,2022,1
Dragør,Denmark,2022,43
Dragør,Germany,2022,2
Dragør,Ghana,2022,1
Dragør,Italy,2022,2
Dragør,Lithuania,2022,2
Dragør,Norway,2022,6
Dragør,Philippines,2022,6
Dragør,Poland,2022,3
Dragør,Romania,2022,1
Dragør,Slovakia,2022,1
Dragør,Spain,2022,1
Dragør,Sweden,2022,11
Dragør,Syria,2022,4
Dragør,Thailand,2022,4
Dragør,USA,2022,4
Dragør,Ukraine,2022,11
Dragør,Zimbabwe,2022,1
Egedal,Australia,2022,2
Egedal,Bulgaria,2022,14
Egedal,Chile,2022,1
Egedal,China,2022,6
Egedal,Denmark,2022,68
Egedal,Estonia,2022,1
Egedal,France,2022,1
Egedal,Germany,2022,3
Egedal,Greece,2022,2
Egedal,India,2022,4
Egedal,Italy,2022,2
Egedal,Latvia,2022,1
Egedal,Lithuania,2022,11
Egedal,Malawi,2022,1
Egedal,Norway,2022,2
Egedal,Peru,2022,1
Egedal,Poland,2022,9
Egedal,Romania,2022,11
Egedal,Spain,2022,2
Egedal,Sri Lanka,2022,1
Egedal,Sweden,2022,6
Egedal,Turkey,2022,1
Egedal,USA,2022,9
Egedal,Ukraine,2022,26
Esbjerg,Afghanistan,2022,8
Esbjerg,Argentina,2022,1
Esbjerg,Australia,2022,3
Esbjerg,Austria,2022,4
Esbjerg,Bangladesh,2022,1
Esbjerg,Belgium,2022,8
Esbjerg,Bosnia and Herzegovina,2022,1
Esbjerg,Brazil,2022,10
Esbjerg,Bulgaria,2022,16
Esbjerg,Canada,2022,7
Esbjerg,China,2022,7
Esbjerg,Colombia,2022,1
Esbjerg,"Congo, Democratic Republic",2022,2
Esbjerg,Croatia,2022,5
Esbjerg,Cyprus,2022,1
Esbjerg,Czech Republic,2022,5
Esbjerg,Czechoslovakia,2022,1
Esbjerg,Denmark,2022,257
Esbjerg,Egypt,2022,1
Esbjerg,Eritrea,2022,3
Esbjerg,Finland,2022,3
Esbjerg,France,2022,24
Esbjerg,Georgia,2022,3
Esbjerg,Germany,2022,59
Esbjerg,Ghana,2022,4
Esbjerg,Greece,2022,5
Esbjerg,Hungary,2022,4
Esbjerg,Iceland,2022,10
Esbjerg,India,2022,19
Esbjerg,Iran,2022,5
Esbjerg,Iraq,2022,4
Esbjerg,Ireland,2022,5
Esbjerg,Italy,2022,21
Esbjerg,Japan,2022,4
Esbjerg,Kazakhstan,2022,6
Esbjerg,Kyrgyzstan,2022,3
Esbjerg,Latvia,2022,16
Esbjerg,Lithuania,2022,15
Esbjerg,Mauritius,2022,1
Esbjerg,Mexico,2022,1
Esbjerg,Moldova,2022,1
Esbjerg,Myanmar,2022,1
Esbjerg,Nepal,2022,4
Esbjerg,Netherlands,2022,21
Esbjerg,New Zealand,2022,1
Esbjerg,Nigeria,2022,4
Esbjerg,Norway,2022,25
Esbjerg,Pakistan,2022,5
Esbjerg,Papua New Guinea,2022,1
Esbjerg,Paraguay,2022,1
Esbjerg,Philippines,2022,13
Esbjerg,Poland,2022,32
Esbjerg,Portugal,2022,3
Esbjerg,Romania,2022,48
Esbjerg,Russia,2022,2
Esbjerg,Serbia,2022,2
Esbjerg,Slovakia,2022,11
Esbjerg,Slovenia,2022,1
Esbjerg,Somalia,2022,1
Esbjerg,South Africa,2022,2
Esbjerg,South Korea,2022,2
Esbjerg,Spain,2022,23
Esbjerg,Stateless,2022,1
Esbjerg,Sudan,2022,1
Esbjerg,Sweden,2022,6
Esbjerg,Switzerland,2022,1
Esbjerg,Syria,2022,25
Esbjerg,Taiwan,2022,1
Esbjerg,Thailand,2022,3
Esbjerg,Trinidad and Tobago,2022,1
Esbjerg,Tunisia,2022,1
Esbjerg,Turkey,2022,2
Esbjerg,USA,2022,9
Esbjerg,Uganda,2022,4
Esbjerg,Ukraine,2022,102
Esbjerg,United Kingdom,2022,32
Esbjerg,Uzbekistan,2022,2
Esbjerg,Vietnam,2022,5
Esbjerg,Yugoslavia,2022,1
Faaborg-Midtfyn,Afghanistan,2022,6
Faaborg-Midtfyn,Austria,2022,1
Faaborg-Midtfyn,Brazil,2022,1
Faaborg-Midtfyn,Bulgaria,2022,5
Faaborg-Midtfyn,Denmark,2022,94
Faaborg-Midtfyn,Eritrea,2022,3
Faaborg-Midtfyn,Germany,2022,3
Faaborg-Midtfyn,Hungary,2022,1
Faaborg-Midtfyn,Iceland,2022,6
Faaborg-Midtfyn,India,2022,2
Faaborg-Midtfyn,Italy,2022,2
Faaborg-Midtfyn,Lithuania,2022,8
Faaborg-Midtfyn,Netherlands,2022,1
Faaborg-Midtfyn,Norway,2022,1
Faaborg-Midtfyn,Poland,2022,12
Faaborg-Midtfyn,Portugal,2022,1
Faaborg-Midtfyn,Romania,2022,14
Faaborg-Midtfyn,Somalia,2022,3
Faaborg-Midtfyn,Sudan,2022,1
Faaborg-Midtfyn,Syria,2022,8
Faaborg-Midtfyn,Ukraine,2022,29
Faaborg-Midtfyn,Vietnam,2022,5
Fanø,Denmark,2022,10
Fanø,Germany,2022,2
Fanø,Greece,2022,1
Fanø,Iceland,2022,1
Fanø,Norway,2022,1
Fanø,Spain,2022,1
Fanø,Syria,2022,7
Fanø,Thailand,2022,1
Fanø,Ukraine,2022,2
Fanø,United Kingdom,2022,1
Favrskov,Afghanistan,2022,11
Favrskov,Australia,2022,1
Favrskov,Belarus,2022,1
Favrskov,Belgium,2022,1
Favrskov,Bulgaria,2022,8
Favrskov,Denmark,2022,75
Favrskov,Estonia,2022,1
Favrskov,Finland,2022,3
Favrskov,France,2022,1
Favrskov,Germany,2022,3
Favrskov,Hungary,2022,1
Favrskov,Iceland,2022,3
Favrskov,India,2022,4
Favrskov,Italy,2022,2
Favrskov,Latvia,2022,3
Favrskov,Lithuania,2022,13
Favrskov,Norway,2022,2
Favrskov,Philippines,2022,1
Favrskov,Poland,2022,20
Favrskov,Romania,2022,47
Favrskov,Somalia,2022,1
Favrskov,Sweden,2022,1
Favrskov,Syria,2022,10
Favrskov,Thailand,2022,4
Favrskov,Turkey,2022,1
Favrskov,USA,2022,3
Favrskov,Ukraine,2022,27
Favrskov,United Kingdom,2022,1
Favrskov,Vietnam,2022,1
Faxe,Afghanistan,2022,7
Faxe,Bulgaria,2022,13
Faxe,Canada,2022,1
Faxe,Croatia,2022,2
Faxe,Denmark,2022,61
Faxe,Estonia,2022,1
Faxe,Germany,2022,4
Faxe,Hungary,2022,1
Faxe,Iceland,2022,2
Faxe,Iran,2022,1
Faxe,Ireland,2022,1
Faxe,Italy,2022,7
Faxe,Latvia,2022,2
Faxe,Lithuania,2022,10
Faxe,Netherlands,2022,2
Faxe,Philippines,2022,3
Faxe,Poland,2022,92
Faxe,Romania,2022,28
Faxe,Russia,2022,1
Faxe,Slovakia,2022,2
Faxe,Spain,2022,1
Faxe,Stateless,2022,6
Faxe,Sweden,2022,2
Faxe,Syria,2022,5
Faxe,Thailand,2022,1
Faxe,USA,2022,1
Faxe,Ukraine,2022,28
Faxe,United Kingdom,2022,1
Faxe,Vietnam,2022,1
Fredensborg,Argentina,2022,3
Fredensborg,Bangladesh,2022,3
Fredensborg,Bulgaria,2022,23
Fredensborg,Cameroon,2022,1
Fredensborg,China,2022,3
Fredensborg,Colombia,2022,1
Fredensborg,Cyprus,2022,1
Fredensborg,Denmark,2022,163
Fredensborg,Finland,2022,5
Fredensborg,France,2022,1
Fredensborg,"Gambia, The",2022,1
Fredensborg,Germany,2022,6
Fredensborg,Ghana,2022,1
Fredensborg,Greece,2022,1
Fredensborg,Hungary,2022,5
Fredensborg,India,2022,5
Fredensborg,Iran,2022,2
Fredensborg,Ireland,2022,2
Fredensborg,Italy,2022,3
Fredensborg,Jamaica,2022,1
Fredensborg,Jordan,2022,1
Fredensborg,Latvia,2022,1
Fredensborg,Lithuania,2022,14
Fredensborg,Malaysia,2022,2
Fredensborg,Mozambique,2022,1
Fredensborg,Netherlands,2022,1
Fredensborg,Norway,2022,2
Fredensborg,Pakistan,2022,5
Fredensborg,Philippines,2022,16
Fredensborg,Poland,2022,8
Fredensborg,Romania,2022,15
Fredensborg,Slovakia,2022,2
Fredensborg,South Africa,2022,1
Fredensborg,Spain,2022,4
Fredensborg,Stateless,2022,1
Fredensborg,Sweden,2022,4
Fredensborg,Syria,2022,3
Fredensborg,Turkey,2022,5
Fredensborg,USA,2022,16
Fredensborg,Ukraine,2022,14
Fredensborg,United Kingdom,2022,16
Fredericia,Argentina,2022,1
Fredericia,Australia,2022,1
Fredericia,Belgium,2022,5
Fredericia,Bosnia and Herzegovina,2022,2
Fredericia,Brazil,2022,2
Fredericia,Bulgaria,2022,3
Fredericia,China,2022,3
Fredericia,Colombia,2022,1
Fredericia,Denmark,2022,119
Fredericia,Germany,2022,4
Fredericia,Greece,2022,1
Fredericia,Hungary,2022,4
Fredericia,Iceland,2022,7
Fredericia,Iraq,2022,3
Fredericia,Ireland,2022,11
Fredericia,Italy,2022,4
Fredericia,Kenya,2022,1
Fredericia,Latvia,2022,1
Fredericia,Lithuania,2022,5
Fredericia,Netherlands,2022,1
Fredericia,Norway,2022,31
Fredericia,Philippines,2022,1
Fredericia,Poland,2022,11
Fredericia,Portugal,2022,1
Fredericia,Romania,2022,27
Fredericia,Russia,2022,3
Fredericia,Serbia,2022,1
Fredericia,Sweden,2022,7
Fredericia,Syria,2022,11
Fredericia,USA,2022,2
Fredericia,Ukraine,2022,30
Fredericia,United Kingdom,2022,3
Frederiksberg,Afghanistan,2022,8
Frederiksberg,Algeria,2022,9
Frederiksberg,Argentina,2022,17
Frederiksberg,Australia,2022,11
Frederiksberg,Austria,2022,21
Frederiksberg,Bangladesh,2022,2
Frederiksberg,Belarus,2022,2
Frederiksberg,Belgium,2022,21
Frederiksberg,Bolivia,2022,4
Frederiksberg,Bosnia and Herzegovina,2022,2
Frederiksberg,Brazil,2022,17
Frederiksberg,Bulgaria,2022,1
Frederiksberg,Canada,2022,43
Frederiksberg,Chile,2022,8
Frederiksberg,China,2022,108
Frederiksberg,Colombia,2022,5
Frederiksberg,Croatia,2022,9
Frederiksberg,Cuba,2022,1
Frederiksberg,Cyprus,2022,2
Frederiksberg,Czech Republic,2022,10
Frederiksberg,Denmark,2022,648
Frederiksberg,Egypt,2022,6
Frederiksberg,Estonia,2022,3
Frederiksberg,Ethiopia,2022,2
Frederiksberg,Finland,2022,23
Frederiksberg,France,2022,161
Frederiksberg,Germany,2022,167
Frederiksberg,Greece,2022,15
Frederiksberg,Guatemala,2022,1
Frederiksberg,Hungary,2022,18
Frederiksberg,Iceland,2022,37
Frederiksberg,India,2022,79
Frederiksberg,Indonesia,2022,6
Frederiksberg,Iran,2022,2
Frederiksberg,Iraq,2022,4
Frederiksberg,Ireland,2022,22
Frederiksberg,Israel,2022,1
Frederiksberg,Italy,2022,121
Frederiksberg,Japan,2022,18
Frederiksberg,Jordan,2022,1
Frederiksberg,Kenya,2022,4
Frederiksberg,Latvia,2022,6
Frederiksberg,Lithuania,2022,6
Frederiksberg,Luxembourg,2022,4
Frederiksberg,Malaysia,2022,2
Frederiksberg,Malta,2022,2
Frederiksberg,Mexico,2022,21
Frederiksberg,Morocco,2022,1
Frederiksberg,Myanmar,2022,1
Frederiksberg,Nepal,2022,2
Frederiksberg,Netherlands,2022,61
Frederiksberg,New Zealand,2022,3
Frederiksberg,Nigeria,2022,1
Frederiksberg,Norway,2022,162
Frederiksberg,Not stated,2022,1
Frederiksberg,Oman,2022,1
Frederiksberg,Pakistan,2022,9
Frederiksberg,Peru,2022,1
Frederiksberg,Philippines,2022,13
Frederiksberg,Poland,2022,14
Frederiksberg,Portugal,2022,18
Frederiksberg,Republic of North Macedonia,2022,1
Frederiksberg,Romania,2022,12
Frederiksberg,Russia,2022,14
Frederiksberg,Serbia,2022,4
Frederiksberg,Singapore,2022,28
Frederiksberg,Slovakia,2022,4
Frederiksberg,Slovenia,2022,5
Frederiksberg,Somalia,2022,5
Frederiksberg,South Africa,2022,9
Frederiksberg,South Korea,2022,9
Frederiksberg,Spain,2022,59
Frederiksberg,Stateless,2022,2
Frederiksberg,Sweden,2022,90
Frederiksberg,Switzerland,2022,43
Frederiksberg,Syria,2022,6
Frederiksberg,Taiwan,2022,6
Frederiksberg,Tanzania,2022,2
Frederiksberg,Thailand,2022,11
Frederiksberg,Tunisia,2022,3
Frederiksberg,Turkey,2022,17
Frederiksberg,USA,2022,278
Frederiksberg,Uganda,2022,2
Frederiksberg,Ukraine,2022,55
Frederiksberg,United Kingdom,2022,80
Frederiksberg,Vietnam,2022,2
Frederiksberg,Zimbabwe,2022,1
Frederikshavn,Bulgaria,2022,3
Frederikshavn,Canada,2022,3
Frederikshavn,Costa Rica,2022,1
Frederikshavn,Czech Republic,2022,1
Frederikshavn,Denmark,2022,136
Frederikshavn,Eritrea,2022,3
Frederikshavn,Finland,2022,2
Frederikshavn,Germany,2022,3
Frederikshavn,Hungary,2022,4
Frederikshavn,Iceland,2022,1
Frederikshavn,Italy,2022,1
Frederikshavn,Latvia,2022,2
Frederikshavn,Lithuania,2022,5
Frederikshavn,Moldova,2022,2
Frederikshavn,Netherlands,2022,1
Frederikshavn,Norway,2022,14
Frederikshavn,Poland,2022,21
Frederikshavn,Romania,2022,60
Frederikshavn,Serbia,2022,1
Frederikshavn,South Africa,2022,1
Frederikshavn,Sweden,2022,18
Frederikshavn,Syria,2022,3
Frederikshavn,Thailand,2022,2
Frederikshavn,Turkey,2022,5
Frederikshavn,USA,2022,1
Frederikshavn,Ukraine,2022,50
Frederikshavn,United Kingdom,2022,3
Frederikssund,Bulgaria,2022,6
Frederikssund,Canada,2022,1
Frederikssund,Denmark,2022,103
Frederikssund,Ethiopia,2022,3
Frederikssund,Finland,2022,1
Frederikssund,France,2022,1
Frederikssund,Germany,2022,1
Frederikssund,Hungary,2022,6
Frederikssund,Iceland,2022,5
Frederikssund,India,2022,3
Frederikssund,Iran,2022,1
Frederikssund,Ireland,2022,1
Frederikssund,Kazakhstan,2022,1
Frederikssund,Latvia,2022,2
Frederikssund,Lithuania,2022,7
Frederikssund,Nigeria,2022,4
Frederikssund,Norway,2022,3
Frederikssund,Pakistan,2022,1
Frederikssund,Philippines,2022,4
Frederikssund,Poland,2022,17
Frederikssund,Romania,2022,29
Frederikssund,Spain,2022,2
Frederikssund,Sweden,2022,1
Frederikssund,Syria,2022,2
Frederikssund,Thailand,2022,2
Frederikssund,Turkey,2022,2
Frederikssund,USA,2022,3
Frederikssund,Ukraine,2022,22
Frederikssund,United Kingdom,2022,1
Furesø,Afghanistan,2022,3
Furesø,Austria,2022,1
Furesø,Bangladesh,2022,1
Furesø,Brazil,2022,1
Furesø,Bulgaria,2022,20
Furesø,Cameroon,2022,1
Furesø,Chile,2022,2
Furesø,China,2022,2
Furesø,Croatia,2022,3
Furesø,Denmark,2022,115
Furesø,France,2022,2
Furesø,Germany,2022,3
Furesø,Ghana,2022,4
Furesø,Greece,2022,1
Furesø,Hungary,2022,3
Furesø,Iceland,2022,2
Furesø,India,2022,9
Furesø,Iran,2022,8
Furesø,Italy,2022,2
Furesø,Latvia,2022,1
Furesø,Lithuania,2022,6
Furesø,Netherlands,2022,2
Furesø,Nigeria,2022,2
Furesø,Norway,2022,6
Furesø,Pakistan,2022,5
Furesø,Philippines,2022,7
Furesø,Poland,2022,25
Furesø,Portugal,2022,1
Furesø,Republic of North Macedonia,2022,1
Furesø,Romania,2022,22
Furesø,Senegal,2022,1
Furesø,Slovakia,2022,5
Furesø,Somalia,2022,1
Furesø,Spain,2022,4
Furesø,Sweden,2022,5
Furesø,Syria,2022,11
Furesø,Trinidad and Tobago,2022,1
Furesø,Turkey,2022,8
Furesø,USA,2022,9
Furesø,Ukraine,2022,14
Furesø,United Kingdom,2022,5
Furesø,Vietnam,2022,2
Gentofte,Afghanistan,2022,17
Gentofte,Albania,2022,1
Gentofte,Argentina,2022,6
Gentofte,Australia,2022,14
Gentofte,Austria,2022,5
Gentofte,Azerbaijan,2022,3
Gentofte,Belgium,2022,4
Gentofte,Brazil,2022,11
Gentofte,Bulgaria,2022,7
Gentofte,Canada,2022,11
Gentofte,Chile,2022,1
Gentofte,China,2022,38
Gentofte,Colombia,2022,3
Gentofte,Costa Rica,2022,6
Gentofte,Croatia,2022,3
Gentofte,Czech Republic,2022,2
Gentofte,Denmark,2022,403
Gentofte,Egypt,2022,1
Gentofte,Finland,2022,5
Gentofte,France,2022,22
Gentofte,Georgia,2022,2
Gentofte,Germany,2022,23
Gentofte,Ghana,2022,1
Gentofte,Greece,2022,8
Gentofte,Hungary,2022,8
Gentofte,Iceland,2022,7
Gentofte,India,2022,36
Gentofte,Indonesia,2022,1
Gentofte,Iran,2022,11
Gentofte,Iraq,2022,1
Gentofte,Ireland,2022,14
Gentofte,Italy,2022,30
Gentofte,Japan,2022,4
Gentofte,Jordan,2022,1
Gentofte,Kazakhstan,2022,1
Gentofte,Kenya,2022,1
Gentofte,Latvia,2022,7
Gentofte,Lithuania,2022,16
Gentofte,Malaysia,2022,1
Gentofte,Mexico,2022,2
Gentofte,Montenegro,2022,1
Gentofte,Nepal,2022,5
Gentofte,Netherlands,2022,8
Gentofte,New Zealand,2022,2
Gentofte,Norway,2022,27
Gentofte,Pakistan,2022,4
Gentofte,Panama,2022,1
Gentofte,Philippines,2022,167
Gentofte,Poland,2022,36
Gentofte,Portugal,2022,16
Gentofte,Romania,2022,11
Gentofte,Russia,2022,2
Gentofte,Serbia,2022,1
Gentofte,Singapore,2022,1
Gentofte,Slovenia,2022,2
Gentofte,South Korea,2022,4
Gentofte,Spain,2022,24
Gentofte,Sri Lanka,2022,2
Gentofte,Stateless,2022,1
Gentofte,Sweden,2022,23
Gentofte,Switzerland,2022,6
Gentofte,Syria,2022,1
Gentofte,Thailand,2022,6
Gentofte,Turkey,2022,3
Gentofte,USA,2022,44
Gentofte,Uganda,2022,1
Gentofte,Ukraine,2022,34
Gentofte,United Kingdom,2022,82
Gentofte,Vietnam,2022,5
Gladsaxe,Afghanistan,2022,1
Gladsaxe,Argentina,2022,3
Gladsaxe,Australia,2022,2
Gladsaxe,Austria,2022,1
Gladsaxe,Bangladesh,2022,7
Gladsaxe,Belgium,2022,1
Gladsaxe,Bosnia and Herzegovina,2022,1
Gladsaxe,Brazil,2022,14
Gladsaxe,Bulgaria,2022,23
Gladsaxe,Cameroon,2022,1
Gladsaxe,China,2022,25
Gladsaxe,Croatia,2022,5
Gladsaxe,Cyprus,2022,2
Gladsaxe,Czech Republic,2022,1
Gladsaxe,Denmark,2022,246
Gladsaxe,Egypt,2022,2
Gladsaxe,Finland,2022,3
Gladsaxe,France,2022,10
Gladsaxe,Germany,2022,12
Gladsaxe,Ghana,2022,3
Gladsaxe,Greece,2022,8
Gladsaxe,Hungary,2022,9
Gladsaxe,Iceland,2022,26
Gladsaxe,India,2022,75
Gladsaxe,Iran,2022,14
Gladsaxe,Iraq,2022,3
Gladsaxe,Italy,2022,22
Gladsaxe,Ivory Coast,2022,2
Gladsaxe,Japan,2022,3
Gladsaxe,Kenya,2022,2
Gladsaxe,Latvia,2022,3
Gladsaxe,Lebanon,2022,1
Gladsaxe,Lithuania,2022,22
Gladsaxe,Mexico,2022,4
Gladsaxe,Nepal,2022,16
Gladsaxe,Netherlands,2022,6
Gladsaxe,Nigeria,2022,1
Gladsaxe,Norway,2022,16
Gladsaxe,Pakistan,2022,3
Gladsaxe,Philippines,2022,10
Gladsaxe,Poland,2022,23
Gladsaxe,Portugal,2022,5
Gladsaxe,Romania,2022,31
Gladsaxe,Russia,2022,1
Gladsaxe,Serbia,2022,2
Gladsaxe,Slovakia,2022,3
Gladsaxe,Somalia,2022,2
Gladsaxe,South Korea,2022,1
Gladsaxe,Spain,2022,15
Gladsaxe,Stateless,2022,3
Gladsaxe,Sweden,2022,13
Gladsaxe,Switzerland,2022,1
Gladsaxe,Syria,2022,3
Gladsaxe,Thailand,2022,5
Gladsaxe,Trinidad and Tobago,2022,1
Gladsaxe,Turkey,2022,1
Gladsaxe,USA,2022,14
Gladsaxe,Ukraine,2022,21
Gladsaxe,United Kingdom,2022,7
Glostrup,Brazil,2022,1
Glostrup,Bulgaria,2022,18
Glostrup,Denmark,2022,67
Glostrup,Finland,2022,1
Glostrup,France,2022,4
Glostrup,Germany,2022,2
Glostrup,Hungary,2022,1
Glostrup,India,2022,34
Glostrup,Iran,2022,3
Glostrup,Ireland,2022,1
Glostrup,Italy,2022,4
Glostrup,Latvia,2022,1
Glostrup,Lithuania,2022,5
Glostrup,Nepal,2022,3
Glostrup,Nigeria,2022,9
Glostrup,Norway,2022,2
Glostrup,Pakistan,2022,2
Glostrup,Poland,2022,3
Glostrup,Portugal,2022,4
Glostrup,Romania,2022,19
Glostrup,Russia,2022,3
Glostrup,Slovakia,2022,1
Glostrup,Slovenia,2022,1
Glostrup,Stateless,2022,1
Glostrup,Thailand,2022,2
Glostrup,USA,2022,4
Glostrup,Ukraine,2022,18
Greve,Argentina,2022,2
Greve,Austria,2022,1
Greve,Bangladesh,2022,2
Greve,Brazil,2022,1
Greve,Bulgaria,2022,11
Greve,Canada,2022,1
Greve,China,2022,2
Greve,Colombia,2022,1
Greve,Costa Rica,2022,1
Greve,Czech Republic,2022,2
Greve,Denmark,2022,116
Greve,Finland,2022,2
Greve,France,2022,4
Greve,Germany,2022,4
Greve,Ghana,2022,1
Greve,Greece,2022,1
Greve,India,2022,2
Greve,Iran,2022,2
Greve,Iraq,2022,1
Greve,Italy,2022,5
Greve,Jamaica,2022,1
Greve,Latvia,2022,1
Greve,Lebanon,2022,2
Greve,Lithuania,2022,3
Greve,Morocco,2022,1
Greve,Nepal,2022,2
Greve,Netherlands,2022,1
Greve,Pakistan,2022,6
Greve,Philippines,2022,1
Greve,Poland,2022,22
Greve,Portugal,2022,2
Greve,Romania,2022,14
Greve,Slovakia,2022,4
Greve,Spain,2022,5
Greve,Sweden,2022,4
Greve,Switzerland,2022,4
Greve,Syria,2022,2
Greve,Turkey,2022,7
Greve,USA,2022,26
Greve,Ukraine,2022,29
Greve,United Kingdom,2022,3
Greve,Zambia,2022,1
Gribskov,Afghanistan,2022,6
Gribskov,Australia,2022,2
Gribskov,Bulgaria,2022,10
Gribskov,China,2022,1
Gribskov,Denmark,2022,155
Gribskov,Germany,2022,1
Gribskov,Hungary,2022,6
Gribskov,Iceland,2022,3
Gribskov,Italy,2022,1
Gribskov,Lithuania,2022,3
Gribskov,Norway,2022,8
Gribskov,Philippines,2022,2
Gribskov,Poland,2022,13
Gribskov,Portugal,2022,1
Gribskov,Romania,2022,24
Gribskov,Russia,2022,1
Gribskov,Slovakia,2022,2
Gribskov,Slovenia,2022,1
Gribskov,Spain,2022,1
Gribskov,Sweden,2022,2
Gribskov,Switzerland,2022,1
Gribskov,Syria,2022,4
Gribskov,USA,2022,1
Gribskov,Ukraine,2022,43
Gribskov,United Kingdom,2022,1
Guldborgsund,Belgium,2022,2
Guldborgsund,Bulgaria,2022,2
Guldborgsund,Chile,2022,1
Guldborgsund,China,2022,2
Guldborgsund,Croatia,2022,2
Guldborgsund,Denmark,2022,128
Guldborgsund,"Gambia, The",2022,1
Guldborgsund,Germany,2022,4
Guldborgsund,Hungary,2022,1
Guldborgsund,Iceland,2022,2
Guldborgsund,Iran,2022,3
Guldborgsund,Iraq,2022,1
Guldborgsund,Italy,2022,4
Guldborgsund,Kosovo,2022,2
Guldborgsund,Latvia,2022,4
Guldborgsund,Lithuania,2022,6
Guldborgsund,Nepal,2022,1
Guldborgsund,Netherlands,2022,1
Guldborgsund,Norway,2022,8
Guldborgsund,Philippines,2022,1
Guldborgsund,Poland,2022,19
Guldborgsund,Portugal,2022,6
Guldborgsund,Romania,2022,18
Guldborgsund,Russia,2022,1
Guldborgsund,Serbia and Montenegro,2022,1
Guldborgsund,Somalia,2022,5
Guldborgsund,Spain,2022,2
Guldborgsund,Sweden,2022,11
Guldborgsund,Syria,2022,24
Guldborgsund,Thailand,2022,4
Guldborgsund,Turkey,2022,1
Guldborgsund,USA,2022,2
Guldborgsund,Ukraine,2022,23
Guldborgsund,United Kingdom,2022,1
Guldborgsund,Uruguay,2022,1
Guldborgsund,Vietnam,2022,6
Haderslev,Austria,2022,1
Haderslev,Belarus,2022,1
Haderslev,Belgium,2022,5
Haderslev,Brazil,2022,5
Haderslev,Bulgaria,2022,4
Haderslev,Cameroon,2022,1
Haderslev,Canada,2022,5
Haderslev,China,2022,6
Haderslev,Czech Republic,2022,1
Haderslev,Denmark,2022,128
Haderslev,Eritrea,2022,2
Haderslev,Finland,2022,1
Haderslev,France,2022,1
Haderslev,Germany,2022,21
Haderslev,Hungary,2022,6
Haderslev,Iceland,2022,5
Haderslev,India,2022,3
Haderslev,Iran,2022,4
Haderslev,Ireland,2022,2
Haderslev,Italy,2022,12
Haderslev,Latvia,2022,15
Haderslev,Lithuania,2022,5
Haderslev,Netherlands,2022,3
Haderslev,Nigeria,2022,1
Haderslev,Norway,2022,3
Haderslev,Poland,2022,38
Haderslev,Portugal,2022,4
Haderslev,Romania,2022,74
Haderslev,Slovakia,2022,3
Haderslev,Slovenia,2022,1
Haderslev,Spain,2022,9
Haderslev,Sudan,2022,1
Haderslev,Sweden,2022,9
Haderslev,Syria,2022,10
Haderslev,Thailand,2022,2
Haderslev,USA,2022,7
Haderslev,Ukraine,2022,63
Haderslev,United Kingdom,2022,2
Haderslev,Vietnam,2022,7
Halsnæs,Bulgaria,2022,10
Halsnæs,Chile,2022,1
Halsnæs,Denmark,2022,67
Halsnæs,Germany,2022,1
Halsnæs,Iceland,2022,1
Halsnæs,Italy,2022,5
Halsnæs,Kenya,2022,1
Halsnæs,Lithuania,2022,9
Halsnæs,Netherlands,2022,1
Halsnæs,Norway,2022,3
Halsnæs,Pakistan,2022,3
Halsnæs,Philippines,2022,1
Halsnæs,Poland,2022,15
Halsnæs,Romania,2022,17
Halsnæs,Serbia,2022,1
Halsnæs,Slovakia,2022,1
Halsnæs,Syria,2022,3
Halsnæs,Taiwan,2022,1
Halsnæs,Turkey,2022,1
Halsnæs,Ukraine,2022,11
Halsnæs,United Kingdom,2022,1
Hedensted,Bosnia and Herzegovina,2022,1
Hedensted,Brazil,2022,1
Hedensted,Bulgaria,2022,6
Hedensted,Denmark,2022,100
Hedensted,Eritrea,2022,1
Hedensted,Germany,2022,11
Hedensted,Greece,2022,1
Hedensted,Iceland,2022,6
Hedensted,India,2022,1
Hedensted,Israel,2022,2
Hedensted,Italy,2022,2
Hedensted,Jordan,2022,1
Hedensted,Kenya,2022,1
Hedensted,Latvia,2022,15
Hedensted,Lithuania,2022,12
Hedensted,Mexico,2022,1
Hedensted,Philippines,2022,3
Hedensted,Poland,2022,29
Hedensted,Romania,2022,31
Hedensted,Russia,2022,2
Hedensted,Spain,2022,3
Hedensted,Sweden,2022,1
Hedensted,Syria,2022,7
Hedensted,Thailand,2022,2
Hedensted,USA,2022,3
Hedensted,Ukraine,2022,59
Helsingør,Afghanistan,2022,5
Helsingør,Albania,2022,1
Helsingør,Australia,2022,1
Helsingør,Belgium,2022,22
Helsingør,Bosnia and Herzegovina,2022,2
Helsingør,Brazil,2022,2
Helsingør,Bulgaria,2022,5
Helsingør,Cameroon,2022,1
Helsingør,Canada,2022,2
Helsingør,China,2022,4
Helsingør,Colombia,2022,1
Helsingør,Croatia,2022,2
Helsingør,Denmark,2022,205
Helsingør,Ethiopia,2022,1
Helsingør,Finland,2022,1
Helsingør,France,2022,8
Helsingør,Germany,2022,18
Helsingør,Ghana,2022,1
Helsingør,Greece,2022,1
Helsingør,Iceland,2022,4
Helsingør,India,2022,9
Helsingør,Iran,2022,1
Helsingør,Iraq,2022,1
Helsingør,Israel,2022,2
Helsingør,Italy,2022,8
Helsingør,Japan,2022,17
Helsingør,Latvia,2022,1
Helsingør,Lithuania,2022,5
Helsingør,Malta,2022,1
Helsingør,Mexico,2022,7
Helsingør,Morocco,2022,1
Helsingør,Nepal,2022,1
Helsingør,Netherlands,2022,8
Helsingør,North Korea,2022,1
Helsingør,Norway,2022,4
Helsingør,Pakistan,2022,1
Helsingør,Philippines,2022,4
Helsingør,Poland,2022,12
Helsingør,Portugal,2022,1
Helsingør,Romania,2022,14
Helsingør,Russia,2022,1
Helsingør,Slovakia,2022,1
Helsingør,South Korea,2022,10
Helsingør,Spain,2022,7
Helsingør,Sweden,2022,12
Helsingør,Switzerland,2022,1
Helsingør,Syria,2022,5
Helsingør,Thailand,2022,2
Helsingør,Turkey,2022,3
Helsingør,USA,2022,9
Helsingør,Uganda,2022,1
Helsingør,Ukraine,2022,25
Helsingør,United Kingdom,2022,12
Helsingør,Vietnam,2022,3
Helsingør,Yugoslavia,2022,2
Herlev,Australia,2022,1
Herlev,Azerbaijan,2022,4
Herlev,Bangladesh,2022,1
Herlev,Belgium,2022,3
Herlev,Bulgaria,2022,8
Herlev,China,2022,5
Herlev,Czech Republic,2022,1
Herlev,Denmark,2022,71
Herlev,Finland,2022,2
Herlev,Germany,2022,3
Herlev,Ghana,2022,6
Herlev,Greece,2022,1
Herlev,Iceland,2022,11
Herlev,India,2022,35
Herlev,Iran,2022,4
Herlev,Israel,2022,1
Herlev,Italy,2022,5
Herlev,Lithuania,2022,1
Herlev,Nepal,2022,4
Herlev,Norway,2022,1
Herlev,Poland,2022,2
Herlev,Romania,2022,4
Herlev,Russia,2022,3
Herlev,Slovakia,2022,2
Herlev,Slovenia,2022,1
Herlev,South Korea,2022,1
Herlev,Spain,2022,2
Herlev,Sweden,2022,4
Herlev,Syria,2022,6
Herlev,Taiwan,2022,1
Herlev,Thailand,2022,2
Herlev,Turkey,2022,2
Herlev,USA,2022,20
Herlev,Ukraine,2022,2
Herlev,United Kingdom,2022,1
Herlev,Vietnam,2022,2
Herning,Afghanistan,2022,13
Herning,Australia,2022,1
Herning,Austria,2022,2
Herning,Belgium,2022,5
Herning,Bosnia and Herzegovina,2022,1
Herning,Brazil,2022,7
Herning,Bulgaria,2022,38
Herning,China,2022,4
Herning,Croatia,2022,3
Herning,Czech Republic,2022,5
Herning,Denmark,2022,203
Herning,Eritrea,2022,6
Herning,Finland,2022,6
Herning,France,2022,4
Herning,Germany,2022,19
Herning,Greece,2022,1
Herning,Hungary,2022,8
Herning,Iceland,2022,6
Herning,India,2022,9
Herning,Iran,2022,2
Herning,Ireland,2022,1
Herning,Italy,2022,11
Herning,Kenya,2022,1
Herning,Latvia,2022,6
Herning,Lithuania,2022,18
Herning,Mexico,2022,1
Herning,Netherlands,2022,9
Herning,New Zealand,2022,1
Herning,Nigeria,2022,1
Herning,Norway,2022,15
Herning,Not stated,2022,1
Herning,Pakistan,2022,4
Herning,Philippines,2022,5
Herning,Poland,2022,53
Herning,Portugal,2022,7
Herning,Republic of North Macedonia,2022,1
Herning,Romania,2022,44
Herning,Russia,2022,5
Herning,Slovakia,2022,7
Herning,Somalia,2022,2
Herning,South Korea,2022,1
Herning,Spain,2022,10
Herning,Sri Lanka,2022,1
Herning,Sudan,2022,1
Herning,Sweden,2022,7
Herning,Switzerland,2022,1
Herning,Syria,2022,38
Herning,Thailand,2022,2
Herning,Turkey,2022,4
Herning,USA,2022,6
Herning,Ukraine,2022,137
Herning,United Kingdom,2022,3
Herning,Vanuatu,2022,1
Herning,Vietnam,2022,2
Hillerød,Afghanistan,2022,4
Hillerød,Argentina,2022,1
Hillerød,Austria,2022,1
Hillerød,Bulgaria,2022,12
Hillerød,China,2022,2
Hillerød,Denmark,2022,119
Hillerød,Egypt,2022,3
Hillerød,Estonia,2022,1
Hillerød,Germany,2022,6
Hillerød,Ghana,2022,2
Hillerød,Hungary,2022,8
Hillerød,India,2022,1
Hillerød,Indonesia,2022,1
Hillerød,Iran,2022,4
Hillerød,Ireland,2022,2
Hillerød,Italy,2022,3
Hillerød,Latvia,2022,2
Hillerød,Lithuania,2022,14
Hillerød,Mexico,2022,1
Hillerød,Montenegro,2022,1
Hillerød,Morocco,2022,1
Hillerød,Netherlands,2022,3
Hillerød,Norway,2022,3
Hillerød,Not stated,2022,1
Hillerød,Philippines,2022,3
Hillerød,Poland,2022,14
Hillerød,Romania,2022,16
Hillerød,Russia,2022,1
Hillerød,Slovenia,2022,1
Hillerød,Spain,2022,8
Hillerød,Stateless,2022,1
Hillerød,Sweden,2022,6
Hillerød,Syria,2022,5
Hillerød,Turkey,2022,2
Hillerød,USA,2022,16
Hillerød,Ukraine,2022,19
Hillerød,United Kingdom,2022,6
Hjørring,Argentina,2022,1
Hjørring,Bolivia,2022,1
Hjørring,Bosnia and Herzegovina,2022,1
Hjørring,Bulgaria,2022,3
Hjørring,Cambodia,2022,1
Hjørring,China,2022,2
Hjørring,Colombia,2022,2
Hjørring,Cuba,2022,1
Hjørring,Czech Republic,2022,4
Hjørring,Denmark,2022,158
Hjørring,Eritrea,2022,1
Hjørring,Germany,2022,5
Hjørring,Hungary,2022,1
Hjørring,Iceland,2022,6
Hjørring,India,2022,2
Hjørring,Indonesia,2022,1
Hjørring,Iran,2022,1
Hjørring,Italy,2022,6
Hjørring,Japan,2022,3
Hjørring,Latvia,2022,1
Hjørring,Lithuania,2022,1
Hjørring,Netherlands,2022,4
Hjørring,Norway,2022,29
Hjørring,Pakistan,2022,2
Hjørring,Poland,2022,22
Hjørring,Portugal,2022,1
Hjørring,Romania,2022,25
Hjørring,Spain,2022,2
Hjørring,Sri Lanka,2022,2
Hjørring,Sweden,2022,4
Hjørring,Syria,2022,2
Hjørring,Taiwan,2022,1
Hjørring,Tanzania,2022,2
Hjørring,Thailand,2022,2
Hjørring,USA,2022,3
Hjørring,Ukraine,2022,76
Hjørring,United Kingdom,2022,2
Hjørring,Vietnam,2022,1
Holbæk,Belarus,2022,1
Holbæk,Belgium,2022,2
Holbæk,Bulgaria,2022,14
Holbæk,Canada,2022,1
Holbæk,China,2022,2
Holbæk,"Congo, Democratic Republic",2022,1
Holbæk,Czech Republic,2022,2
Holbæk,Denmark,2022,159
Holbæk,France,2022,1
Holbæk,Germany,2022,3
Holbæk,Greece,2022,2
Holbæk,Hungary,2022,1
Holbæk,Iceland,2022,1
Holbæk,Italy,2022,5
Holbæk,Japan,2022,6
Holbæk,Latvia,2022,4
Holbæk,Lithuania,2022,31
Holbæk,Malta,2022,1
Holbæk,Netherlands,2022,2
Holbæk,Nigeria,2022,1
Holbæk,Norway,2022,10
Holbæk,Pakistan,2022,1
Holbæk,Philippines,2022,1
Holbæk,Poland,2022,16
Holbæk,Romania,2022,31
Holbæk,Russia,2022,1
Holbæk,Slovakia,2022,1
Holbæk,South Korea,2022,1
Holbæk,Spain,2022,6
Holbæk,Sweden,2022,6
Holbæk,Syria,2022,1
Holbæk,Thailand,2022,2
Holbæk,USA,2022,4
Holbæk,Ukraine,2022,34
Holbæk,United Kingdom,2022,1
Holbæk,Vietnam,2022,1
Holstebro,Austria,2022,1
Holstebro,Bulgaria,2022,8
Holstebro,Chile,2022,1
Holstebro,Denmark,2022,115
Holstebro,Eritrea,2022,3
Holstebro,France,2022,1
Holstebro,Germany,2022,11
Holstebro,Hungary,2022,2
Holstebro,Iceland,2022,1
Holstebro,India,2022,1
Holstebro,Ireland,2022,2
Holstebro,Italy,2022,3
Holstebro,Japan,2022,1
Holstebro,Latvia,2022,2
Holstebro,Lithuania,2022,16
Holstebro,Netherlands,2022,2
Holstebro,Norway,2022,18
Holstebro,Pakistan,2022,1
Holstebro,Philippines,2022,7
Holstebro,Poland,2022,16
Holstebro,Portugal,2022,3
Holstebro,Romania,2022,34
Holstebro,Slovakia,2022,1
Holstebro,Spain,2022,1
Holstebro,Sweden,2022,3
Holstebro,Syria,2022,7
Holstebro,Thailand,2022,4
Holstebro,Turkey,2022,1
Holstebro,Ukraine,2022,72
Holstebro,United Kingdom,2022,2
Holstebro,Uzbekistan,2022,1
Horsens,Afghanistan,2022,6
Horsens,Austria,2022,5
Horsens,Belgium,2022,7
Horsens,Bosnia and Herzegovina,2022,2
Horsens,Brazil,2022,1
Horsens,Bulgaria,2022,35
Horsens,Canada,2022,1
Horsens,China,2022,19
Horsens,Colombia,2022,1
Horsens,Croatia,2022,5
Horsens,Czech Republic,2022,20
Horsens,Denmark,2022,169
Horsens,Estonia,2022,1
Horsens,Ethiopia,2022,1
Horsens,France,2022,103
Horsens,Germany,2022,63
Horsens,Greece,2022,2
Horsens,Guinea,2022,1
Horsens,Honduras,2022,1
Horsens,Hungary,2022,6
Horsens,Iceland,2022,12
Horsens,India,2022,5
Horsens,Italy,2022,39
Horsens,Kenya,2022,1
Horsens,Kosovo,2022,2
Horsens,Kyrgyzstan,2022,2
Horsens,Latvia,2022,19
Horsens,Lithuania,2022,60
Horsens,Malaysia,2022,1
Horsens,Malta,2022,6
Horsens,Netherlands,2022,10
Horsens,New Zealand,2022,1
Horsens,Norway,2022,8
Horsens,Pakistan,2022,4
Horsens,Philippines,2022,4
Horsens,Poland,2022,113
Horsens,Portugal,2022,2
Horsens,Romania,2022,86
Horsens,Russia,2022,1
Horsens,Serbia,2022,4
Horsens,Slovakia,2022,29
Horsens,Slovenia,2022,1
Horsens,Spain,2022,40
Horsens,Stateless,2022,3
Horsens,Sweden,2022,4
Horsens,Switzerland,2022,1
Horsens,Syria,2022,37
Horsens,Thailand,2022,1
Horsens,Turkey,2022,4
Horsens,USA,2022,8
Horsens,Ukraine,2022,46
Horsens,United Kingdom,2022,8
Hvidovre,Afghanistan,2022,3
Hvidovre,Argentina,2022,2
Hvidovre,Austria,2022,1
Hvidovre,Azerbaijan,2022,1
Hvidovre,Bangladesh,2022,1
Hvidovre,Belarus,2022,1
Hvidovre,Belgium,2022,1
Hvidovre,Bolivia,2022,1
Hvidovre,Bosnia and Herzegovina,2022,1
Hvidovre,Brazil,2022,1
Hvidovre,Bulgaria,2022,19
Hvidovre,Canada,2022,2
Hvidovre,China,2022,20
Hvidovre,Croatia,2022,1
Hvidovre,Cyprus,2022,1
Hvidovre,Czech Republic,2022,1
Hvidovre,Denmark,2022,105
Hvidovre,Egypt,2022,3
Hvidovre,El Salvador,2022,1
Hvidovre,Estonia,2022,2
Hvidovre,Ethiopia,2022,1
Hvidovre,Finland,2022,1
Hvidovre,France,2022,2
Hvidovre,Germany,2022,14
Hvidovre,Ghana,2022,2
Hvidovre,Greece,2022,4
Hvidovre,Guatemala,2022,1
Hvidovre,Hungary,2022,6
Hvidovre,Iceland,2022,3
Hvidovre,India,2022,12
Hvidovre,Iran,2022,3
Hvidovre,Iraq,2022,4
Hvidovre,Israel,2022,1
Hvidovre,Italy,2022,12
Hvidovre,Ivory Coast,2022,2
Hvidovre,Latvia,2022,3
Hvidovre,Lithuania,2022,10
Hvidovre,Mexico,2022,1
Hvidovre,Morocco,2022,2
Hvidovre,Nepal,2022,15
Hvidovre,Netherlands,2022,2
Hvidovre,Nigeria,2022,4
Hvidovre,Norway,2022,8
Hvidovre,Not stated,2022,1
Hvidovre,Pakistan,2022,7
Hvidovre,Philippines,2022,3
Hvidovre,Poland,2022,17
Hvidovre,Portugal,2022,7
Hvidovre,Romania,2022,29
Hvidovre,Russia,2022,1
Hvidovre,Serbia,2022,2
Hvidovre,Serbia and Montenegro,2022,1
Hvidovre,Slovakia,2022,3
Hvidovre,South Africa,2022,3
Hvidovre,South Korea,2022,2
Hvidovre,Spain,2022,5
Hvidovre,Stateless,2022,2
Hvidovre,Sweden,2022,8
Hvidovre,Switzerland,2022,1
Hvidovre,Tanzania,2022,1
Hvidovre,Thailand,2022,3
Hvidovre,Turkey,2022,4
Hvidovre,USA,2022,10
Hvidovre,Ukraine,2022,11
Hvidovre,Vietnam,2022,4
Hvidovre,Yugoslavia,2022,1
Høje-Taastrup,Afghanistan,2022,2
Høje-Taastrup,Albania,2022,1
Høje-Taastrup,Argentina,2022,2
Høje-Taastrup,Bangladesh,2022,10
Høje-Taastrup,Brazil,2022,1
Høje-Taastrup,Bulgaria,2022,61
Høje-Taastrup,Cameroon,2022,6
Høje-Taastrup,China,2022,8
Høje-Taastrup,Croatia,2022,1
Høje-Taastrup,Czech Republic,2022,2
Høje-Taastrup,Denmark,2022,131
Høje-Taastrup,France,2022,5
Høje-Taastrup,Germany,2022,3
Høje-Taastrup,Greece,2022,2
Høje-Taastrup,Hungary,2022,3
Høje-Taastrup,Iceland,2022,5
Høje-Taastrup,India,2022,32
Høje-Taastrup,Indonesia,2022,1
Høje-Taastrup,Iran,2022,2
Høje-Taastrup,Iraq,2022,2
Høje-Taastrup,Ireland,2022,1
Høje-Taastrup,Italy,2022,10
Høje-Taastrup,Latvia,2022,5
Høje-Taastrup,Lithuania,2022,9
Høje-Taastrup,Nepal,2022,22
Høje-Taastrup,Netherlands,2022,3
Høje-Taastrup,Norway,2022,6
Høje-Taastrup,Pakistan,2022,8
Høje-Taastrup,Philippines,2022,2
Høje-Taastrup,Poland,2022,25
Høje-Taastrup,Portugal,2022,12
Høje-Taastrup,Romania,2022,59
Høje-Taastrup,Serbia,2022,1
Høje-Taastrup,Slovakia,2022,3
Høje-Taastrup,South Korea,2022,1
Høje-Taastrup,Spain,2022,6
Høje-Taastrup,Stateless,2022,1
Høje-Taastrup,Sweden,2022,19
Høje-Taastrup,Switzerland,2022,1
Høje-Taastrup,Syria,2022,3
Høje-Taastrup,Thailand,2022,1
Høje-Taastrup,Turkey,2022,13
Høje-Taastrup,USA,2022,11
Høje-Taastrup,Ukraine,2022,20
Høje-Taastrup,United Kingdom,2022,3
Hørsholm,Algeria,2022,4
Hørsholm,Belarus,2022,1
Hørsholm,Bulgaria,2022,1
Hørsholm,Canada,2022,1
Hørsholm,Croatia,2022,1
Hørsholm,Denmark,2022,126
Hørsholm,Ethiopia,2022,1
Hørsholm,France,2022,2
Hørsholm,Germany,2022,4
Hørsholm,India,2022,2
Hørsholm,Indonesia,2022,1
Hørsholm,Iran,2022,1
Hørsholm,Italy,2022,2
Hørsholm,Japan,2022,2
Hørsholm,Kenya,2022,1
Hørsholm,Lithuania,2022,1
Hørsholm,Mexico,2022,1
Hørsholm,Netherlands,2022,2
Hørsholm,New Zealand,2022,3
Hørsholm,Norway,2022,4
Hørsholm,Pakistan,2022,2
Hørsholm,Philippines,2022,19
Hørsholm,Portugal,2022,1
Hørsholm,Romania,2022,3
Hørsholm,Russia,2022,1
Hørsholm,Spain,2022,1
Hørsholm,Sweden,2022,3
Hørsholm,Syria,2022,8
Hørsholm,Thailand,2022,2
Hørsholm,USA,2022,8
Hørsholm,Uganda,2022,2
Hørsholm,Ukraine,2022,5
Hørsholm,United Kingdom,2022,10
Ikast-Brande,Australia,2022,1
Ikast-Brande,Belarus,2022,1
Ikast-Brande,Brazil,2022,1
Ikast-Brande,Bulgaria,2022,2
Ikast-Brande,Canada,2022,1
Ikast-Brande,China,2022,3
Ikast-Brande,Colombia,2022,1
Ikast-Brande,Croatia,2022,1
Ikast-Brande,Denmark,2022,102
Ikast-Brande,Finland,2022,1
Ikast-Brande,France,2022,4
Ikast-Brande,Germany,2022,8
Ikast-Brande,Greece,2022,2
Ikast-Brande,Honduras,2022,1
Ikast-Brande,Hungary,2022,2
Ikast-Brande,Iceland,2022,2
Ikast-Brande,India,2022,26
Ikast-Brande,Iran,2022,1
Ikast-Brande,Italy,2022,5
Ikast-Brande,Japan,2022,1
Ikast-Brande,Latvia,2022,2
Ikast-Brande,Lithuania,2022,69
Ikast-Brande,Moldova,2022,2
Ikast-Brande,Morocco,2022,1
Ikast-Brande,Netherlands,2022,6
Ikast-Brande,Norway,2022,13
Ikast-Brande,Philippines,2022,1
Ikast-Brande,Poland,2022,21
Ikast-Brande,Portugal,2022,2
Ikast-Brande,Romania,2022,81
Ikast-Brande,Russia,2022,1
Ikast-Brande,Slovenia,2022,1
Ikast-Brande,Spain,2022,4
Ikast-Brande,Sweden,2022,1
Ikast-Brande,Thailand,2022,3
Ikast-Brande,Turkey,2022,4
Ikast-Brande,Ukraine,2022,71
Ikast-Brande,United Kingdom,2022,2
Ishøj,Bangladesh,2022,8
Ishøj,Belgium,2022,1
Ishøj,Bosnia and Herzegovina,2022,1
Ishøj,Bulgaria,2022,16
Ishøj,Cameroon,2022,1
Ishøj,China,2022,1
Ishøj,Czech Republic,2022,1
Ishøj,Denmark,2022,52
Ishøj,Germany,2022,1
Ishøj,Ghana,2022,4
Ishøj,Greece,2022,1
Ishøj,Hungary,2022,2
Ishøj,India,2022,16
Ishøj,Iran,2022,1
Ishøj,Iraq,2022,2
Ishøj,Ireland,2022,1
Ishøj,Italy,2022,1
Ishøj,Latvia,2022,1
Ishøj,Lithuania,2022,9
Ishøj,Nepal,2022,19
Ishøj,Netherlands,2022,1
Ishøj,Not stated,2022,44
Ishøj,Pakistan,2022,8
Ishøj,Poland,2022,20
Ishøj,Portugal,2022,4
Ishøj,Republic of North Macedonia,2022,1
Ishøj,Romania,2022,16
Ishøj,Rwanda,2022,1
Ishøj,Slovakia,2022,1
Ishøj,Spain,2022,2
Ishøj,Sweden,2022,2
Ishøj,Syria,2022,1
Ishøj,Turkey,2022,5
Ishøj,USA,2022,1
Ishøj,Ukraine,2022,6
Ishøj,United Kingdom,2022,2
Ishøj,Zambia,2022,1
Jammerbugt,Bulgaria,2022,5
Jammerbugt,Croatia,2022,2
Jammerbugt,Denmark,2022,44
Jammerbugt,Estonia,2022,2
Jammerbugt,France,2022,1
Jammerbugt,Germany,2022,7
Jammerbugt,Guatemala,2022,1
Jammerbugt,Iceland,2022,1
Jammerbugt,Indonesia,2022,4
Jammerbugt,Iran,2022,1
Jammerbugt,Japan,2022,1
Jammerbugt,Latvia,2022,3
Jammerbugt,Lithuania,2022,7
Jammerbugt,Mali,2022,1
Jammerbugt,Nigeria,2022,2
Jammerbugt,Norway,2022,10
Jammerbugt,Philippines,2022,1
Jammerbugt,Poland,2022,3
Jammerbugt,Romania,2022,3
Jammerbugt,Sweden,2022,3
Jammerbugt,Switzerland,2022,1
Jammerbugt,Ukraine,2022,11
Jammerbugt,Vietnam,2022,1
Kalundborg,Bosnia and Herzegovina,2022,3
Kalundborg,Brazil,2022,6
Kalundborg,Bulgaria,2022,5
Kalundborg,China,2022,4
Kalundborg,Czech Republic,2022,1
Kalundborg,Denmark,2022,101
Kalundborg,Estonia,2022,1
Kalundborg,Germany,2022,3
Kalundborg,Hungary,2022,3
Kalundborg,India,2022,10
Kalundborg,Iraq,2022,1
Kalundborg,Ireland,2022,1
Kalundborg,Italy,2022,1
Kalundborg,Japan,2022,14
Kalundborg,Latvia,2022,1
Kalundborg,Lithuania,2022,5
Kalundborg,Mexico,2022,2
Kalundborg,Nepal,2022,1
Kalundborg,Netherlands,2022,1
Kalundborg,Nigeria,2022,4
Kalundborg,Norway,2022,3
Kalundborg,Philippines,2022,1
Kalundborg,Poland,2022,16
Kalundborg,Portugal,2022,1
Kalundborg,Romania,2022,16
Kalundborg,Russia,2022,1
Kalundborg,Spain,2022,2
Kalundborg,Stateless,2022,1
Kalundborg,Sweden,2022,1
Kalundborg,Switzerland,2022,1
Kalundborg,Syria,2022,5
Kalundborg,Thailand,2022,1
Kalundborg,Turkey,2022,1
Kalundborg,USA,2022,6
Kalundborg,Ukraine,2022,39
Kalundborg,United Kingdom,2022,1
Kalundborg,Vietnam,2022,2
Kerteminde,Denmark,2022,45
Kerteminde,France,2022,1
Kerteminde,Germany,2022,4
Kerteminde,Iceland,2022,1
Kerteminde,India,2022,4
Kerteminde,Ireland,2022,1
Kerteminde,Italy,2022,2
Kerteminde,Latvia,2022,4
Kerteminde,Lithuania,2022,2
Kerteminde,Norway,2022,4
Kerteminde,Philippines,2022,1
Kerteminde,Poland,2022,9
Kerteminde,Romania,2022,15
Kerteminde,Russia,2022,1
Kerteminde,Spain,2022,1
Kerteminde,Stateless,2022,1
Kerteminde,Syria,2022,7
Kerteminde,Thailand,2022,1
Kerteminde,USA,2022,1
Kerteminde,Ukraine,2022,20
Kerteminde,United Kingdom,2022,2
Kerteminde,Vietnam,2022,14
Kolding,Afghanistan,2022,1
Kolding,Albania,2022,1
Kolding,Australia,2022,2
Kolding,Bangladesh,2022,5
Kolding,Belgium,2022,4
Kolding,Bosnia and Herzegovina,2022,2
Kolding,Brazil,2022,5
Kolding,Bulgaria,2022,9
Kolding,Canada,2022,2
Kolding,China,2022,1
Kolding,Colombia,2022,1
Kolding,Croatia,2022,11
Kolding,Czech Republic,2022,12
Kolding,Denmark,2022,287
Kolding,Estonia,2022,3
Kolding,Finland,2022,3
Kolding,France,2022,8
Kolding,Germany,2022,32
Kolding,Ghana,2022,2
Kolding,Greece,2022,3
Kolding,Hungary,2022,12
Kolding,Iceland,2022,8
Kolding,India,2022,27
Kolding,Indonesia,2022,2
Kolding,Iran,2022,6
Kolding,Ireland,2022,6
Kolding,Israel,2022,1
Kolding,Italy,2022,16
Kolding,Kosovo,2022,2
Kolding,Latvia,2022,9
Kolding,Lithuania,2022,22
Kolding,Luxembourg,2022,3
Kolding,Malaysia,2022,1
Kolding,Moldova,2022,3
Kolding,Nepal,2022,5
Kolding,Netherlands,2022,18
Kolding,Nigeria,2022,1
Kolding,Norway,2022,12
Kolding,Philippines,2022,3
Kolding,Poland,2022,52
Kolding,Portugal,2022,5
Kolding,Romania,2022,30
Kolding,Russia,2022,4
Kolding,Slovakia,2022,17
Kolding,Slovenia,2022,5
Kolding,Somalia,2022,1
Kolding,South Korea,2022,1
Kolding,Spain,2022,13
Kolding,Sweden,2022,8
Kolding,Syria,2022,17
Kolding,Taiwan,2022,1
Kolding,Thailand,2022,3
Kolding,Turkey,2022,1
Kolding,USA,2022,7
Kolding,Ukraine,2022,135
Kolding,United Kingdom,2022,6
Kolding,Uruguay,2022,1
Kolding,Vietnam,2022,1
Kolding,Yugoslavia,2022,1
Køge,Afghanistan,2022,1
Køge,Australia,2022,1
Køge,Bangladesh,2022,1
Køge,Belgium,2022,3
Køge,Bosnia and Herzegovina,2022,2
Køge,Brazil,2022,1
Køge,Bulgaria,2022,35
Køge,Cameroon,2022,3
Køge,Chile,2022,1
Køge,China,2022,5
Køge,Croatia,2022,3
Køge,Denmark,2022,144
Køge,Eritrea,2022,1
Køge,France,2022,2
Køge,Germany,2022,2
Køge,Ghana,2022,2
Køge,India,2022,4
Køge,Indonesia,2022,1
Køge,Iraq,2022,1
Køge,Italy,2022,9
Køge,Latvia,2022,1
Køge,Lithuania,2022,12
Køge,Niger,2022,1
Køge,Norway,2022,4
Køge,Philippines,2022,5
Køge,Poland,2022,23
Køge,Portugal,2022,3
Køge,Romania,2022,24
Køge,Slovakia,2022,4
Køge,Spain,2022,1
Køge,Sweden,2022,3
Køge,Switzerland,2022,1
Køge,Syria,2022,13
Køge,Thailand,2022,3
Køge,Turkey,2022,4
Køge,USA,2022,3
Køge,Ukraine,2022,25
Køge,United Kingdom,2022,1
Køge,Vietnam,2022,18
Langeland,Afghanistan,2022,4
Langeland,Australia,2022,3
Langeland,Croatia,2022,1
Langeland,Denmark,2022,28
Langeland,France,2022,1
Langeland,Germany,2022,2
Langeland,Hungary,2022,2
Langeland,Italy,2022,1
Langeland,Lithuania,2022,4
Langeland,Norway,2022,1
Langeland,Poland,2022,26
Langeland,Romania,2022,5
Langeland,Spain,2022,1
Langeland,Stateless,2022,5
Langeland,Turkey,2022,1
Langeland,USA,2022,1
Langeland,Ukraine,2022,23
Langeland,United Kingdom,2022,4
Langeland,Vietnam,2022,2
Lejre,Austria,2022,1
Lejre,Bulgaria,2022,4
Lejre,China,2022,1
Lejre,Denmark,2022,56
Lejre,Finland,2022,1
Lejre,Ghana,2022,1
Lejre,Hungary,2022,1
Lejre,Iceland,2022,1
Lejre,India,2022,1
Lejre,Iraq,2022,1
Lejre,Italy,2022,1
Lejre,Lithuania,2022,4
Lejre,Norway,2022,2
Lejre,Poland,2022,9
Lejre,Portugal,2022,1
Lejre,Romania,2022,4
Lejre,Slovakia,2022,3
Lejre,Somalia,2022,1
Lejre,Spain,2022,2
Lejre,Sweden,2022,5
Lejre,Syria,2022,4
Lejre,Thailand,2022,2
Lejre,Turkey,2022,1
Lejre,USA,2022,1
Lejre,Ukraine,2022,12
Lemvig,Australia,2022,1
Lemvig,Brazil,2022,1
Lemvig,Bulgaria,2022,1
Lemvig,Denmark,2022,38
Lemvig,Estonia,2022,1
Lemvig,Germany,2022,4
Lemvig,Greece,2022,1
Lemvig,Ireland,2022,1
Lemvig,Latvia,2022,2
Lemvig,Lithuania,2022,1
Lemvig,Netherlands,2022,2
Lemvig,Norway,2022,6
Lemvig,Poland,2022,9
Lemvig,Republic of North Macedonia,2022,1
Lemvig,Romania,2022,12
Lemvig,Spain,2022,9
Lemvig,Sweden,2022,1
Lemvig,Switzerland,2022,1
Lemvig,Thailand,2022,6
Lemvig,Ukraine,2022,64
Lemvig,Venezuela,2022,1
Lolland,Australia,2022,1
Lolland,Austria,2022,2
Lolland,Belgium,2022,1
Lolland,Bosnia and Herzegovina,2022,1
Lolland,Bulgaria,2022,12
Lolland,Cambodia,2022,1
Lolland,Canada,2022,1
Lolland,China,2022,3
Lolland,Croatia,2022,2
Lolland,Denmark,2022,83
Lolland,Eritrea,2022,1
Lolland,France,2022,1
Lolland,"Gambia, The",2022,1
Lolland,Germany,2022,7
Lolland,Hungary,2022,4
Lolland,Iceland,2022,2
Lolland,India,2022,2
Lolland,Israel,2022,1
Lolland,Italy,2022,1
Lolland,Latvia,2022,4
Lolland,Lithuania,2022,2
Lolland,Norway,2022,5
Lolland,Poland,2022,12
Lolland,Portugal,2022,1
Lolland,Romania,2022,16
Lolland,Stateless,2022,1
Lolland,Sweden,2022,4
Lolland,Syria,2022,10
Lolland,Thailand,2022,4
Lolland,Turkey,2022,3
Lolland,Ukraine,2022,23
Lolland,United Kingdom,2022,1
Lolland,Vietnam,2022,3
Lyngby-Taarbæk,Afghanistan,2022,7
Lyngby-Taarbæk,Argentina,2022,2
Lyngby-Taarbæk,Australia,2022,6
Lyngby-Taarbæk,Austria,2022,11
Lyngby-Taarbæk,Bangladesh,2022,1
Lyngby-Taarbæk,Belgium,2022,19
Lyngby-Taarbæk,Brazil,2022,5
Lyngby-Taarbæk,Bulgaria,2022,4
Lyngby-Taarbæk,Cameroon,2022,2
Lyngby-Taarbæk,Canada,2022,5
Lyngby-Taarbæk,Chile,2022,2
Lyngby-Taarbæk,China,2022,93
Lyngby-Taarbæk,Croatia,2022,6
Lyngby-Taarbæk,Cuba,2022,2
Lyngby-Taarbæk,Cyprus,2022,1
Lyngby-Taarbæk,Czech Republic,2022,11
Lyngby-Taarbæk,Denmark,2022,237
Lyngby-Taarbæk,Egypt,2022,3
Lyngby-Taarbæk,Eritrea,2022,2
Lyngby-Taarbæk,Estonia,2022,5
Lyngby-Taarbæk,Finland,2022,4
Lyngby-Taarbæk,France,2022,36
Lyngby-Taarbæk,Germany,2022,79
Lyngby-Taarbæk,Greece,2022,15
Lyngby-Taarbæk,Hungary,2022,4
Lyngby-Taarbæk,Iceland,2022,9
Lyngby-Taarbæk,India,2022,39
Lyngby-Taarbæk,Indonesia,2022,2
Lyngby-Taarbæk,Iran,2022,14
Lyngby-Taarbæk,Ireland,2022,5
Lyngby-Taarbæk,Israel,2022,2
Lyngby-Taarbæk,Italy,2022,47
Lyngby-Taarbæk,Japan,2022,2
Lyngby-Taarbæk,Kazakhstan,2022,1
Lyngby-Taarbæk,Latvia,2022,2
Lyngby-Taarbæk,Lithuania,2022,4
Lyngby-Taarbæk,Malaysia,2022,1
Lyngby-Taarbæk,Mexico,2022,26
Lyngby-Taarbæk,Nepal,2022,5
Lyngby-Taarbæk,Netherlands,2022,45
Lyngby-Taarbæk,New Zealand,2022,1
Lyngby-Taarbæk,Nigeria,2022,3
Lyngby-Taarbæk,Norway,2022,25
Lyngby-Taarbæk,Pakistan,2022,2
Lyngby-Taarbæk,Philippines,2022,19
Lyngby-Taarbæk,Poland,2022,25
Lyngby-Taarbæk,Portugal,2022,11
Lyngby-Taarbæk,Romania,2022,5
Lyngby-Taarbæk,Russia,2022,3
Lyngby-Taarbæk,Singapore,2022,8
Lyngby-Taarbæk,Slovakia,2022,3
Lyngby-Taarbæk,Slovenia,2022,4
Lyngby-Taarbæk,South Africa,2022,1
Lyngby-Taarbæk,South Korea,2022,5
Lyngby-Taarbæk,Spain,2022,55
Lyngby-Taarbæk,Sweden,2022,7
Lyngby-Taarbæk,Switzerland,2022,13
Lyngby-Taarbæk,Syria,2022,4
Lyngby-Taarbæk,Taiwan,2022,2
Lyngby-Taarbæk,Thailand,2022,3
Lyngby-Taarbæk,Turkey,2022,8
Lyngby-Taarbæk,USA,2022,139
Lyngby-Taarbæk,Ukraine,2022,43
Lyngby-Taarbæk,United Kingdom,2022,26
Lyngby-Taarbæk,Venezuela,2022,1
Lyngby-Taarbæk,Vietnam,2022,1
Læsø,Denmark,2022,2
Læsø,Sweden,2022,2
Mariagerfjord,Afghanistan,2022,4
Mariagerfjord,Albania,2022,1
Mariagerfjord,Croatia,2022,3
Mariagerfjord,Denmark,2022,88
Mariagerfjord,Egypt,2022,1
Mariagerfjord,Eritrea,2022,2
Mariagerfjord,Estonia,2022,3
Mariagerfjord,Germany,2022,5
Mariagerfjord,Iceland,2022,2
Mariagerfjord,India,2022,2
Mariagerfjord,Indonesia,2022,1
Mariagerfjord,Italy,2022,4
Mariagerfjord,Japan,2022,1
Mariagerfjord,Kyrgyzstan,2022,1
Mariagerfjord,Lithuania,2022,7
Mariagerfjord,Moldova,2022,2
Mariagerfjord,Nepal,2022,1
Mariagerfjord,Norway,2022,5
Mariagerfjord,Poland,2022,35
Mariagerfjord,Romania,2022,37
Mariagerfjord,Slovakia,2022,3
Mariagerfjord,Spain,2022,2
Mariagerfjord,Syria,2022,10
Mariagerfjord,Thailand,2022,3
Mariagerfjord,USA,2022,1
Mariagerfjord,Ukraine,2022,44
Mariagerfjord,United Kingdom,2022,1
Mariagerfjord,Vietnam,2022,2
Middelfart,Afghanistan,2022,2
Middelfart,Belgium,2022,6
Middelfart,Bosnia and Herzegovina,2022,1
Middelfart,Canada,2022,4
Middelfart,China,2022,2
Middelfart,Colombia,2022,2
Middelfart,Denmark,2022,89
Middelfart,France,2022,3
Middelfart,Germany,2022,7
Middelfart,Guatemala,2022,1
Middelfart,Hungary,2022,2
Middelfart,India,2022,1
Middelfart,Iran,2022,1
Middelfart,Ireland,2022,5
Middelfart,Israel,2022,1
Middelfart,Japan,2022,2
Middelfart,Latvia,2022,2
Middelfart,Lithuania,2022,22
Middelfart,Madagascar,2022,1
Middelfart,Nepal,2022,5
Middelfart,Norway,2022,5
Middelfart,Paraguay,2022,1
Middelfart,Poland,2022,11
Middelfart,Romania,2022,5
Middelfart,Serbia and Montenegro,2022,1
Middelfart,Sudan,2022,1
Middelfart,Sweden,2022,2
Middelfart,Switzerland,2022,1
Middelfart,Syria,2022,5
Middelfart,Thailand,2022,2
Middelfart,USA,2022,6
Middelfart,Ukraine,2022,52
Middelfart,Vietnam,2022,1
Morsø,Belgium,2022,1
Morsø,Denmark,2022,66
Morsø,Germany,2022,2
Morsø,Hungary,2022,1
Morsø,Iceland,2022,2
Morsø,Indonesia,2022,1
Morsø,Italy,2022,2
Morsø,Lithuania,2022,2
Morsø,Norway,2022,6
Morsø,Philippines,2022,2
Morsø,Poland,2022,7
Morsø,Romania,2022,5
Morsø,Slovakia,2022,1
Morsø,Spain,2022,3
Morsø,Sweden,2022,2
Morsø,Syria,2022,30
Morsø,Ukraine,2022,50
Morsø,United Kingdom,2022,1
Norddjurs,Afghanistan,2022,1
Norddjurs,Belarus,2022,1
Norddjurs,Brazil,2022,2
Norddjurs,Bulgaria,2022,1
Norddjurs,Croatia,2022,1
Norddjurs,Czech Republic,2022,4
Norddjurs,Denmark,2022,95
Norddjurs,Eritrea,2022,1
Norddjurs,France,2022,1
Norddjurs,Germany,2022,3
Norddjurs,Hungary,2022,2
Norddjurs,India,2022,1
Norddjurs,Italy,2022,3
Norddjurs,Latvia,2022,13
Norddjurs,Lithuania,2022,125
Norddjurs,Mexico,2022,2
Norddjurs,Norway,2022,3
Norddjurs,Poland,2022,18
Norddjurs,Portugal,2022,3
Norddjurs,Romania,2022,35
Norddjurs,Russia,2022,2
Norddjurs,Slovakia,2022,1
Norddjurs,Spain,2022,6
Norddjurs,Sweden,2022,3
Norddjurs,Syria,2022,5
Norddjurs,Thailand,2022,2
Norddjurs,Turkey,2022,1
Norddjurs,USA,2022,2
Norddjurs,Ukraine,2022,56
Norddjurs,United Kingdom,2022,3
Norddjurs,Vietnam,2022,1
Norddjurs,Yugoslavia,2022,1
Nordfyns,Afghanistan,2022,4
Nordfyns,Albania,2022,1
Nordfyns,Australia,2022,1
Nordfyns,Bangladesh,2022,1
Nordfyns,Belgium,2022,2
Nordfyns,Bulgaria,2022,2
Nordfyns,Cameroon,2022,1
Nordfyns,China,2022,1
Nordfyns,Colombia,2022,2
Nordfyns,Denmark,2022,45
Nordfyns,Germany,2022,3
Nordfyns,Greece,2022,1
Nordfyns,Hungary,2022,2
Nordfyns,Iceland,2022,1
Nordfyns,Ireland,2022,2
Nordfyns,Israel,2022,1
Nordfyns,Japan,2022,33
Nordfyns,Kenya,2022,1
Nordfyns,Latvia,2022,2
Nordfyns,Liechtenstein,2022,1
Nordfyns,Lithuania,2022,20
Nordfyns,Nepal,2022,3
Nordfyns,Netherlands,2022,4
Nordfyns,Norway,2022,1
Nordfyns,Poland,2022,24
Nordfyns,Portugal,2022,1
Nordfyns,Romania,2022,23
Nordfyns,Slovenia,2022,1
Nordfyns,Spain,2022,7
Nordfyns,Syria,2022,5
Nordfyns,Thailand,2022,2
Nordfyns,USA,2022,3
Nordfyns,Ukraine,2022,22
Nordfyns,United Kingdom,2022,1
Nordfyns,Vietnam,2022,1
Nordfyns,Yemen,2022,1
Nyborg,Australia,2022,2
Nyborg,Bosnia and Herzegovina,2022,1
Nyborg,Bulgaria,2022,2
Nyborg,Canada,2022,1
Nyborg,Chile,2022,1
Nyborg,China,2022,3
Nyborg,Czech Republic,2022,1
Nyborg,Denmark,2022,69
Nyborg,Finland,2022,1
Nyborg,Ghana,2022,1
Nyborg,Hungary,2022,3
Nyborg,Iceland,2022,1
Nyborg,Ireland,2022,2
Nyborg,Italy,2022,2
Nyborg,Latvia,2022,1
Nyborg,Lithuania,2022,17
Nyborg,Netherlands,2022,1
Nyborg,Norway,2022,4
Nyborg,Philippines,2022,3
Nyborg,Poland,2022,4
Nyborg,Portugal,2022,2
Nyborg,Romania,2022,3
Nyborg,Somalia,2022,6
Nyborg,South Africa,2022,1
Nyborg,Sweden,2022,6
Nyborg,Syria,2022,9
Nyborg,Turkey,2022,1
Nyborg,USA,2022,1
Nyborg,Ukraine,2022,14
Nyborg,United Kingdom,2022,4
Nyborg,Vietnam,2022,5
Næstved,Afghanistan,2022,3
Næstved,Bosnia and Herzegovina,2022,1
Næstved,Bulgaria,2022,7
Næstved,Cameroon,2022,1
Næstved,China,2022,7
Næstved,"Congo, Democratic Republic",2022,1
Næstved,Croatia,2022,3
Næstved,Czech Republic,2022,1
Næstved,Denmark,2022,158
Næstved,Eritrea,2022,4
Næstved,Ethiopia,2022,3
Næstved,France,2022,2
Næstved,Germany,2022,9
Næstved,Hungary,2022,3
Næstved,India,2022,2
Næstved,Iran,2022,1
Næstved,Italy,2022,6
Næstved,Latvia,2022,2
Næstved,Lebanon,2022,1
Næstved,Lithuania,2022,10
Næstved,Netherlands,2022,1
Næstved,Norway,2022,2
Næstved,Philippines,2022,4
Næstved,Poland,2022,23
Næstved,Portugal,2022,1
Næstved,Romania,2022,30
Næstved,Russia,2022,2
Næstved,Slovakia,2022,4
Næstved,Slovenia,2022,2
Næstved,Somalia,2022,12
Næstved,Spain,2022,2
Næstved,Stateless,2022,1
Næstved,Sweden,2022,6
Næstved,Syria,2022,6
Næstved,Thailand,2022,3
Næstved,USA,2022,7
Næstved,Ukraine,2022,56
Næstved,United Kingdom,2022,1
Næstved,Vietnam,2022,2
Odder,Argentina,2022,3
Odder,Belgium,2022,1
Odder,Brazil,2022,2
Odder,Bulgaria,2022,1
Odder,Denmark,2022,43
Odder,Germany,2022,6
Odder,Greece,2022,1
Odder,Hungary,2022,1
Odder,Iceland,2022,1
Odder,Italy,2022,1
Odder,Japan,2022,1
Odder,Latvia,2022,1
Odder,Morocco,2022,1
Odder,Netherlands,2022,1
Odder,Norway,2022,1
Odder,Poland,2022,4
Odder,Romania,2022,1
Odder,Somalia,2022,2
Odder,Spain,2022,1
Odder,Sweden,2022,5
Odder,Syria,2022,8
Odder,Ukraine,2022,19
Odense,Albania,2022,6
Odense,Algeria,2022,4
Odense,Argentina,2022,1
Odense,Australia,2022,2
Odense,Austria,2022,26
Odense,Azerbaijan,2022,5
Odense,Bangladesh,2022,2
Odense,Belarus,2022,2
Odense,Belgium,2022,22
Odense,Bolivia,2022,1
Odense,Bosnia and Herzegovina,2022,4
Odense,Brazil,2022,12
Odense,Bulgaria,2022,50
Odense,Cameroon,2022,7
Odense,Canada,2022,10
Odense,Chile,2022,1
Odense,China,2022,37
Odense,Colombia,2022,1
Odense,"Congo, Democratic Republic",2022,1
Odense,Costa Rica,2022,1
Odense,Croatia,2022,6
Odense,Cyprus,2022,5
Odense,Czech Republic,2022,33
Odense,Denmark,2022,718
Odense,Dominican Republic,2022,1
Odense,Egypt,2022,4
Odense,Estonia,2022,5
Odense,Finland,2022,23
Odense,France,2022,104
Odense,Germany,2022,194
Odense,Ghana,2022,2
Odense,Greece,2022,21
Odense,Hungary,2022,33
Odense,Iceland,2022,62
Odense,India,2022,20
Odense,Indonesia,2022,15
Odense,Iran,2022,14
Odense,Iraq,2022,7
Odense,Ireland,2022,21
Odense,Italy,2022,110
Odense,Japan,2022,14
Odense,Jordan,2022,2
Odense,Kazakhstan,2022,2
Odense,Kosovo,2022,10
Odense,Latvia,2022,12
Odense,Lithuania,2022,52
Odense,Luxembourg,2022,1
Odense,Malaysia,2022,4
Odense,Malta,2022,1
Odense,Mexico,2022,16
Odense,Morocco,2022,3
Odense,Nepal,2022,15
Odense,Netherlands,2022,48
Odense,New Zealand,2022,1
Odense,Nigeria,2022,4
Odense,North Korea,2022,3
Odense,Norway,2022,137
Odense,Pakistan,2022,9
Odense,Philippines,2022,12
Odense,Poland,2022,91
Odense,Portugal,2022,37
Odense,Republic of North Macedonia,2022,2
Odense,Romania,2022,145
Odense,Russia,2022,5
Odense,Saint Vincent and the Grenadines,2022,1
Odense,Saudi Arabia,2022,1
Odense,Serbia,2022,4
Odense,Singapore,2022,2
Odense,Slovakia,2022,24
Odense,Slovenia,2022,13
Odense,Somalia,2022,3
Odense,South Korea,2022,6
Odense,Spain,2022,89
Odense,Sri Lanka,2022,1
Odense,Stateless,2022,1
Odense,Sudan,2022,4
Odense,Sweden,2022,37
Odense,Switzerland,2022,10
Odense,Syria,2022,9
Odense,Taiwan,2022,19
Odense,Tanzania,2022,3
Odense,Thailand,2022,4
Odense,Turkey,2022,19
Odense,USA,2022,22
Odense,Ukraine,2022,167
Odense,United Kingdom,2022,41
Odense,Uzbekistan,2022,1
Odense,Vietnam,2022,18
Odense,Yemen,2022,1
Odense,"Yugoslavia, Federal Republic",2022,1
Odense,Zambia,2022,4
Odsherred,Afghanistan,2022,7
Odsherred,Australia,2022,1
Odsherred,Bangladesh,2022,3
Odsherred,Brazil,2022,1
Odsherred,Bulgaria,2022,1
Odsherred,"Congo, Democratic Republic",2022,1
Odsherred,Denmark,2022,70
Odsherred,Finland,2022,2
Odsherred,France,2022,1
Odsherred,Germany,2022,1
Odsherred,Hungary,2022,1
Odsherred,Iceland,2022,2
Odsherred,India,2022,4
Odsherred,Ireland,2022,1
Odsherred,Italy,2022,1
Odsherred,Lithuania,2022,2
Odsherred,Netherlands,2022,1
Odsherred,Norway,2022,6
Odsherred,Poland,2022,10
Odsherred,Portugal,2022,1
Odsherred,Romania,2022,8
Odsherred,Spain,2022,1
Odsherred,Sweden,2022,4
Odsherred,Syria,2022,19
Odsherred,Thailand,2022,1
Odsherred,Turkey,2022,1
Odsherred,Ukraine,2022,32
Odsherred,United Kingdom,2022,3
Randers,Afghanistan,2022,7
Randers,Argentina,2022,1
Randers,Belgium,2022,2
Randers,Bosnia and Herzegovina,2022,3
Randers,Bulgaria,2022,5
Randers,Canada,2022,1
Randers,Chile,2022,1
Randers,China,2022,3
Randers,"Congo, Democratic Republic",2022,1
Randers,Croatia,2022,3
Randers,Czech Republic,2022,7
Randers,Denmark,2022,227
Randers,Egypt,2022,1
Randers,France,2022,1
Randers,Germany,2022,3
Randers,Greece,2022,2
Randers,Hungary,2022,8
Randers,Iceland,2022,5
Randers,India,2022,4
Randers,Ireland,2022,1
Randers,Italy,2022,2
Randers,Ivory Coast,2022,1
Randers,Japan,2022,2
Randers,Kosovo,2022,1
Randers,Kyrgyzstan,2022,1
Randers,Latvia,2022,7
Randers,Lithuania,2022,31
Randers,Netherlands,2022,3
Randers,Nigeria,2022,1
Randers,Norway,2022,15
Randers,Philippines,2022,2
Randers,Poland,2022,31
Randers,Portugal,2022,1
Randers,Romania,2022,82
Randers,Russia,2022,1
Randers,Rwanda,2022,3
Randers,Serbia,2022,1
Randers,Slovakia,2022,14
Randers,Spain,2022,3
Randers,Stateless,2022,2
Randers,Sweden,2022,3
Randers,Syria,2022,27
Randers,Thailand,2022,1
Randers,Turkey,2022,6
Randers,USA,2022,5
Randers,Uganda,2022,2
Randers,Ukraine,2022,23
Randers,United Kingdom,2022,2
Randers,Vietnam,2022,3
Rebild,Bulgaria,2022,5
Rebild,"Congo, Democratic Republic",2022,1
Rebild,Denmark,2022,41
Rebild,Estonia,2022,1
Rebild,Germany,2022,2
Rebild,Greece,2022,1
Rebild,Hungary,2022,2
Rebild,Iceland,2022,1
Rebild,India,2022,1
Rebild,Italy,2022,1
Rebild,Kyrgyzstan,2022,3
Rebild,Latvia,2022,1
Rebild,Mexico,2022,1
Rebild,Netherlands,2022,1
Rebild,Norway,2022,1
Rebild,Not stated,2022,1
Rebild,Philippines,2022,1
Rebild,Poland,2022,10
Rebild,Romania,2022,13
Rebild,Slovakia,2022,5
Rebild,Sri Lanka,2022,1
Rebild,Thailand,2022,1
Rebild,USA,2022,1
Rebild,Ukraine,2022,84
Rebild,Vietnam,2022,2
Ringkøbing-Skjern,Afghanistan,2022,6
Ringkøbing-Skjern,Argentina,2022,1
Ringkøbing-Skjern,Austria,2022,1
Ringkøbing-Skjern,Bangladesh,2022,1
Ringkøbing-Skjern,Belarus,2022,1
Ringkøbing-Skjern,Belgium,2022,3
Ringkøbing-Skjern,Bulgaria,2022,5
Ringkøbing-Skjern,Canada,2022,2
Ringkøbing-Skjern,Czech Republic,2022,4
Ringkøbing-Skjern,Denmark,2022,111
Ringkøbing-Skjern,Eritrea,2022,1
Ringkøbing-Skjern,France,2022,2
Ringkøbing-Skjern,Germany,2022,17
Ringkøbing-Skjern,Honduras,2022,1
Ringkøbing-Skjern,Hungary,2022,3
Ringkøbing-Skjern,Iceland,2022,1
Ringkøbing-Skjern,India,2022,9
Ringkøbing-Skjern,Indonesia,2022,1
Ringkøbing-Skjern,Ireland,2022,2
Ringkøbing-Skjern,Italy,2022,10
Ringkøbing-Skjern,Japan,2022,5
Ringkøbing-Skjern,Latvia,2022,7
Ringkøbing-Skjern,Lithuania,2022,20
Ringkøbing-Skjern,Morocco,2022,1
Ringkøbing-Skjern,Netherlands,2022,2
Ringkøbing-Skjern,Norway,2022,11
Ringkøbing-Skjern,Philippines,2022,2
Ringkøbing-Skjern,Poland,2022,58
Ringkøbing-Skjern,Portugal,2022,1
Ringkøbing-Skjern,Romania,2022,148
Ringkøbing-Skjern,Russia,2022,1
Ringkøbing-Skjern,Slovenia,2022,1
Ringkøbing-Skjern,South Africa,2022,1
Ringkøbing-Skjern,Spain,2022,9
Ringkøbing-Skjern,Sudan,2022,2
Ringkøbing-Skjern,Sweden,2022,8
Ringkøbing-Skjern,Syria,2022,22
Ringkøbing-Skjern,Thailand,2022,1
Ringkøbing-Skjern,Tunisia,2022,2
Ringkøbing-Skjern,Turkey,2022,2
Ringkøbing-Skjern,USA,2022,4
Ringkøbing-Skjern,Uganda,2022,1
Ringkøbing-Skjern,Ukraine,2022,195
Ringkøbing-Skjern,United Kingdom,2022,1
Ringkøbing-Skjern,Uzbekistan,2022,3
Ringkøbing-Skjern,Vietnam,2022,3
Ringsted,Bangladesh,2022,6
Ringsted,Bosnia and Herzegovina,2022,1
Ringsted,Brazil,2022,1
Ringsted,Bulgaria,2022,2
Ringsted,China,2022,3
Ringsted,Denmark,2022,65
Ringsted,France,2022,1
Ringsted,Germany,2022,2
Ringsted,Hungary,2022,1
Ringsted,Iceland,2022,1
Ringsted,Italy,2022,2
Ringsted,Latvia,2022,3
Ringsted,Lithuania,2022,7
Ringsted,Norway,2022,1
Ringsted,Poland,2022,48
Ringsted,Portugal,2022,19
Ringsted,Romania,2022,26
Ringsted,Spain,2022,1
Ringsted,Stateless,2022,1
Ringsted,Sweden,2022,4
Ringsted,Syria,2022,14
Ringsted,Thailand,2022,1
Ringsted,Turkey,2022,1
Ringsted,USA,2022,2
Ringsted,Ukraine,2022,14
Ringsted,United Kingdom,2022,3
Ringsted,Vietnam,2022,1
Roskilde,Afghanistan,2022,6
Roskilde,Australia,2022,1
Roskilde,Austria,2022,2
Roskilde,Belgium,2022,6
Roskilde,Bosnia and Herzegovina,2022,1
Roskilde,Brazil,2022,6
Roskilde,Bulgaria,2022,19
Roskilde,Cambodia,2022,3
Roskilde,Canada,2022,3
Roskilde,China,2022,22
Roskilde,Colombia,2022,1
Roskilde,Costa Rica,2022,1
Roskilde,Croatia,2022,4
Roskilde,Czech Republic,2022,7
Roskilde,Denmark,2022,219
Roskilde,Eritrea,2022,2
Roskilde,Estonia,2022,1
Roskilde,Finland,2022,7
Roskilde,France,2022,33
Roskilde,Germany,2022,43
Roskilde,Ghana,2022,3
Roskilde,Greece,2022,3
Roskilde,Hungary,2022,7
Roskilde,Iceland,2022,6
Roskilde,India,2022,11
Roskilde,Indonesia,2022,3
Roskilde,Iran,2022,1
Roskilde,Iraq,2022,1
Roskilde,Ireland,2022,2
Roskilde,Italy,2022,16
Roskilde,Japan,2022,5
Roskilde,Latvia,2022,11
Roskilde,Lithuania,2022,20
Roskilde,Luxembourg,2022,1
Roskilde,Netherlands,2022,15
Roskilde,Nigeria,2022,1
Roskilde,Norway,2022,12
Roskilde,Pakistan,2022,7
Roskilde,Peru,2022,2
Roskilde,Philippines,2022,2
Roskilde,Poland,2022,51
Roskilde,Portugal,2022,9
Roskilde,Republic of North Macedonia,2022,1
Roskilde,Romania,2022,88
Roskilde,Russia,2022,6
Roskilde,Saudi Arabia,2022,1
Roskilde,Slovakia,2022,11
Roskilde,Somalia,2022,1
Roskilde,South Africa,2022,4
Roskilde,South Korea,2022,4
Roskilde,Spain,2022,25
Roskilde,Sweden,2022,5
Roskilde,Syria,2022,6
Roskilde,Tanzania,2022,1
Roskilde,Thailand,2022,4
Roskilde,Turkey,2022,17
Roskilde,USA,2022,30
Roskilde,Ukraine,2022,69
Roskilde,United Kingdom,2022,10
Roskilde,Vietnam,2022,3
Rudersdal,Argentina,2022,1
Rudersdal,Australia,2022,3
Rudersdal,Austria,2022,2
Rudersdal,Azerbaijan,2022,5
Rudersdal,Belgium,2022,6
Rudersdal,Brazil,2022,5
Rudersdal,Bulgaria,2022,7
Rudersdal,Canada,2022,2
Rudersdal,China,2022,33
Rudersdal,Colombia,2022,3
Rudersdal,Croatia,2022,2
Rudersdal,Czech Republic,2022,1
Rudersdal,Denmark,2022,311
Rudersdal,Dominican Republic,2022,1
Rudersdal,Finland,2022,1
Rudersdal,France,2022,17
Rudersdal,Germany,2022,19
Rudersdal,Greece,2022,8
Rudersdal,Hungary,2022,1
Rudersdal,Iceland,2022,9
Rudersdal,India,2022,12
Rudersdal,Indonesia,2022,3
Rudersdal,Iran,2022,6
Rudersdal,Ireland,2022,2
Rudersdal,Italy,2022,22
Rudersdal,Japan,2022,1
Rudersdal,Kyrgyzstan,2022,1
Rudersdal,Lebanon,2022,1
Rudersdal,Liechtenstein,2022,1
Rudersdal,Lithuania,2022,5
Rudersdal,Mexico,2022,7
Rudersdal,Morocco,2022,2
Rudersdal,Nepal,2022,2
Rudersdal,Netherlands,2022,10
Rudersdal,Norway,2022,6
Rudersdal,Pakistan,2022,2
Rudersdal,Philippines,2022,37
Rudersdal,Poland,2022,13
Rudersdal,Portugal,2022,9
Rudersdal,Republic of North Macedonia,2022,1
Rudersdal,Romania,2022,18
Rudersdal,Russia,2022,3
Rudersdal,Slovakia,2022,1
Rudersdal,Somalia,2022,2
Rudersdal,South Africa,2022,1
Rudersdal,South Korea,2022,3
Rudersdal,Spain,2022,16
Rudersdal,Sweden,2022,7
Rudersdal,Switzerland,2022,5
Rudersdal,Syria,2022,13
Rudersdal,Taiwan,2022,1
Rudersdal,Thailand,2022,4
Rudersdal,Tunisia,2022,5
Rudersdal,Turkey,2022,4
Rudersdal,USA,2022,21
Rudersdal,Ukraine,2022,28
Rudersdal,United Kingdom,2022,17
Rudersdal,Vietnam,2022,3
Rudersdal,Zambia,2022,1
Rødovre,Argentina,2022,3
Rødovre,Austria,2022,1
Rødovre,Bangladesh,2022,10
Rødovre,Bulgaria,2022,12
Rødovre,Canada,2022,1
Rødovre,China,2022,9
Rødovre,Croatia,2022,4
Rødovre,Czech Republic,2022,1
Rødovre,Denmark,2022,88
Rødovre,Eritrea,2022,1
Rødovre,Estonia,2022,1
Rødovre,Finland,2022,4
Rødovre,France,2022,6
Rødovre,Germany,2022,3
Rødovre,Ghana,2022,1
Rødovre,Hungary,2022,7
Rødovre,Iceland,2022,3
Rødovre,India,2022,41
Rødovre,Iran,2022,4
Rødovre,Iraq,2022,1
Rødovre,Ireland,2022,1
Rødovre,Italy,2022,18
Rødovre,Kosovo,2022,1
Rødovre,Latvia,2022,3
Rødovre,Lithuania,2022,6
Rødovre,Malaysia,2022,3
Rødovre,Mexico,2022,1
Rødovre,Morocco,2022,1
Rødovre,Nepal,2022,8
Rødovre,Netherlands,2022,2
Rødovre,New Zealand,2022,1
Rødovre,Nigeria,2022,1
Rødovre,Norway,2022,7
Rødovre,Pakistan,2022,4
Rødovre,Philippines,2022,1
Rødovre,Poland,2022,23
Rødovre,Portugal,2022,11
Rødovre,Republic of North Macedonia,2022,1
Rødovre,Romania,2022,21
Rødovre,Slovakia,2022,1
Rødovre,Somalia,2022,1
Rødovre,Spain,2022,9
Rødovre,Sweden,2022,11
Rødovre,Taiwan,2022,2
Rødovre,Turkey,2022,3
Rødovre,USA,2022,15
Rødovre,Ukraine,2022,10
Rødovre,United Kingdom,2022,4
Samsø,Czech Republic,2022,3
Samsø,Denmark,2022,6
Samsø,Lithuania,2022,1
Samsø,Norway,2022,1
Samsø,Poland,2022,3
Samsø,Spain,2022,1
Samsø,Syria,2022,4
Samsø,USA,2022,1
Samsø,Ukraine,2022,1
Silkeborg,Argentina,2022,1
Silkeborg,Australia,2022,2
Silkeborg,Belgium,2022,4
Silkeborg,Bosnia and Herzegovina,2022,1
Silkeborg,Brazil,2022,2
Silkeborg,Bulgaria,2022,4
Silkeborg,Cambodia,2022,4
Silkeborg,China,2022,2
Silkeborg,Czech Republic,2022,2
Silkeborg,Denmark,2022,204
Silkeborg,Eritrea,2022,1
Silkeborg,Ethiopia,2022,3
Silkeborg,Finland,2022,3
Silkeborg,France,2022,3
Silkeborg,Germany,2022,3
Silkeborg,Guatemala,2022,3
Silkeborg,Guinea,2022,1
Silkeborg,Hungary,2022,2
Silkeborg,Iceland,2022,2
Silkeborg,India,2022,5
Silkeborg,Israel,2022,1
Silkeborg,Italy,2022,3
Silkeborg,Japan,2022,2
Silkeborg,Jordan,2022,1
Silkeborg,Latvia,2022,6
Silkeborg,Lebanon,2022,2
Silkeborg,Lithuania,2022,21
Silkeborg,Montenegro,2022,1
Silkeborg,Morocco,2022,2
Silkeborg,Namibia,2022,1
Silkeborg,Netherlands,2022,1
Silkeborg,New Zealand,2022,1
Silkeborg,Norway,2022,8
Silkeborg,Philippines,2022,1
Silkeborg,Poland,2022,20
Silkeborg,Romania,2022,46
Silkeborg,Russia,2022,1
Silkeborg,Slovakia,2022,2
Silkeborg,Spain,2022,1
Silkeborg,Stateless,2022,1
Silkeborg,Sweden,2022,2
Silkeborg,Switzerland,2022,2
Silkeborg,Syria,2022,16
Silkeborg,Thailand,2022,2
Silkeborg,Tunisia,2022,1
Silkeborg,USA,2022,5
Silkeborg,Uganda,2022,1
Silkeborg,Ukraine,2022,87
Silkeborg,United Kingdom,2022,3
Silkeborg,Uruguay,2022,1
Silkeborg,Vietnam,2022,5
Skanderborg,Afghanistan,2022,1
Skanderborg,Austria,2022,1
Skanderborg,Chile,2022,2
Skanderborg,China,2022,2
Skanderborg,Colombia,2022,1
Skanderborg,Denmark,2022,165
Skanderborg,Estonia,2022,1
Skanderborg,Finland,2022,2
Skanderborg,France,2022,2
Skanderborg,Germany,2022,5
Skanderborg,Greece,2022,3
Skanderborg,Honduras,2022,1
Skanderborg,India,2022,1
Skanderborg,Italy,2022,6
Skanderborg,Lithuania,2022,2
Skanderborg,Netherlands,2022,1
Skanderborg,New Zealand,2022,1
Skanderborg,Norway,2022,8
Skanderborg,Poland,2022,13
Skanderborg,Portugal,2022,1
Skanderborg,Romania,2022,3
Skanderborg,Slovakia,2022,1
Skanderborg,Spain,2022,3
Skanderborg,Sweden,2022,1
Skanderborg,Switzerland,2022,1
Skanderborg,Syria,2022,4
Skanderborg,Taiwan,2022,1
Skanderborg,Turkey,2022,1
Skanderborg,USA,2022,2
Skanderborg,Ukraine,2022,13
Skanderborg,Vietnam,2022,1
Skive,Africa not stated,2022,1
Skive,Australia,2022,1
Skive,Bosnia and Herzegovina,2022,4
Skive,Brazil,2022,1
Skive,Bulgaria,2022,2
Skive,Denmark,2022,105
Skive,Estonia,2022,1
Skive,Finland,2022,1
Skive,France,2022,5
Skive,Germany,2022,5
Skive,Hungary,2022,2
Skive,Iceland,2022,1
Skive,India,2022,2
Skive,Iran,2022,1
Skive,Italy,2022,2
Skive,Latvia,2022,12
Skive,Lithuania,2022,2
Skive,Malaysia,2022,1
Skive,Netherlands,2022,1
Skive,Norway,2022,3
Skive,Philippines,2022,1
Skive,Poland,2022,18
Skive,Romania,2022,43
Skive,Slovakia,2022,1
Skive,Syria,2022,4
Skive,Thailand,2022,2
Skive,USA,2022,2
Skive,Ukraine,2022,107
Skive,Uzbekistan,2022,1
Slagelse,Afghanistan,2022,9
Slagelse,Argentina,2022,2
Slagelse,Bangladesh,2022,1
Slagelse,Belgium,2022,2
Slagelse,Bosnia and Herzegovina,2022,1
Slagelse,Brazil,2022,1
Slagelse,Bulgaria,2022,37
Slagelse,Canada,2022,1
Slagelse,Chile,2022,2
Slagelse,China,2022,5
Slagelse,Colombia,2022,1
Slagelse,Croatia,2022,4
Slagelse,Czech Republic,2022,1
Slagelse,Denmark,2022,159
Slagelse,Eritrea,2022,3
Slagelse,Finland,2022,2
Slagelse,France,2022,3
Slagelse,Germany,2022,8
Slagelse,Guatemala,2022,1
Slagelse,Hungary,2022,3
Slagelse,Iceland,2022,4
Slagelse,India,2022,7
Slagelse,Iran,2022,1
Slagelse,Italy,2022,2
Slagelse,Ivory Coast,2022,1
Slagelse,Jordan,2022,5
Slagelse,Kenya,2022,1
Slagelse,Kyrgyzstan,2022,4
Slagelse,Latvia,2022,2
Slagelse,Lithuania,2022,5
Slagelse,Mexico,2022,2
Slagelse,Norway,2022,6
Slagelse,Philippines,2022,2
Slagelse,Poland,2022,21
Slagelse,Romania,2022,37
Slagelse,Serbia,2022,2
Slagelse,Somalia,2022,3
Slagelse,Spain,2022,5
Slagelse,Stateless,2022,2
Slagelse,Sweden,2022,2
Slagelse,Syria,2022,25
Slagelse,Thailand,2022,6
Slagelse,Turkey,2022,4
Slagelse,USA,2022,5
Slagelse,Ukraine,2022,73
Slagelse,United Kingdom,2022,7
Slagelse,Vietnam,2022,1
Solrød,Afghanistan,2022,2
Solrød,Denmark,2022,45
Solrød,Finland,2022,1
Solrød,Iceland,2022,4
Solrød,India,2022,1
Solrød,Lithuania,2022,3
Solrød,Netherlands,2022,1
Solrød,Pakistan,2022,1
Solrød,Philippines,2022,1
Solrød,Poland,2022,15
Solrød,Romania,2022,4
Solrød,Russia,2022,2
Solrød,Spain,2022,5
Solrød,Stateless,2022,1
Solrød,Sweden,2022,1
Solrød,Syria,2022,7
Solrød,Thailand,2022,1
Solrød,Turkey,2022,1
Solrød,USA,2022,9
Solrød,Ukraine,2022,16
Sorø,Afghanistan,2022,1
Sorø,Denmark,2022,53
Sorø,Eritrea,2022,1
Sorø,Finland,2022,1
Sorø,Iceland,2022,3
Sorø,India,2022,2
Sorø,Latvia,2022,1
Sorø,Lithuania,2022,10
Sorø,Norway,2022,2
Sorø,Poland,2022,6
Sorø,Romania,2022,5
Sorø,Sweden,2022,2
Sorø,Ukraine,2022,9
Stevns,Bulgaria,2022,3
Stevns,Colombia,2022,2
Stevns,Croatia,2022,1
Stevns,Denmark,2022,46
Stevns,Eritrea,2022,3
Stevns,France,2022,1
Stevns,"Gambia, The",2022,1
Stevns,Germany,2022,1
Stevns,Greece,2022,1
Stevns,Hungary,2022,3
Stevns,India,2022,1
Stevns,Iraq,2022,5
Stevns,Italy,2022,7
Stevns,Latvia,2022,6
Stevns,Lithuania,2022,31
Stevns,Netherlands,2022,5
Stevns,Norway,2022,4
Stevns,Poland,2022,7
Stevns,Romania,2022,12
Stevns,Slovakia,2022,2
Stevns,Spain,2022,2
Stevns,Sweden,2022,2
Stevns,Syria,2022,2
Stevns,USA,2022,1
Stevns,Ukraine,2022,14
Struer,Argentina,2022,1
Struer,Brazil,2022,1
Struer,China,2022,1
Struer,Czech Republic,2022,8
Struer,Denmark,2022,50
Struer,Estonia,2022,2
Struer,France,2022,1
Struer,Germany,2022,1
Struer,Hungary,2022,1
Struer,Iceland,2022,1
Struer,India,2022,4
Struer,Italy,2022,4
Struer,Latvia,2022,5
Struer,Lithuania,2022,1
Struer,Moldova,2022,1
Struer,Norway,2022,3
Struer,Philippines,2022,1
Struer,Poland,2022,5
Struer,Romania,2022,27
Struer,Slovakia,2022,1
Struer,Syria,2022,2
Struer,Ukraine,2022,51
Struer,United Kingdom,2022,1
Svendborg,Afghanistan,2022,6
Svendborg,Australia,2022,1
Svendborg,Bahamas,2022,1
Svendborg,Belarus,2022,1
Svendborg,Belgium,2022,1
Svendborg,Brazil,2022,5
Svendborg,Bulgaria,2022,2
Svendborg,China,2022,2
Svendborg,Czech Republic,2022,1
Svendborg,Denmark,2022,175
Svendborg,Ecuador,2022,1
Svendborg,Germany,2022,5
Svendborg,Iceland,2022,6
Svendborg,India,2022,2
Svendborg,Ireland,2022,2
Svendborg,Italy,2022,3
Svendborg,Japan,2022,1
Svendborg,Jordan,2022,1
Svendborg,Lithuania,2022,5
Svendborg,Mexico,2022,2
Svendborg,Netherlands,2022,2
Svendborg,Norway,2022,17
Svendborg,Poland,2022,4
Svendborg,Romania,2022,10
Svendborg,Russia,2022,1
Svendborg,Slovakia,2022,1
Svendborg,Slovenia,2022,1
Svendborg,Stateless,2022,1
Svendborg,Sweden,2022,6
Svendborg,Syria,2022,8
Svendborg,Thailand,2022,1
Svendborg,Turkey,2022,4
Svendborg,USA,2022,2
Svendborg,Ukraine,2022,40
Svendborg,United Kingdom,2022,2
Svendborg,Yugoslavia,2022,1
Syddjurs,Afghanistan,2022,4
Syddjurs,Belgium,2022,3
Syddjurs,Bulgaria,2022,2
Syddjurs,Denmark,2022,112
Syddjurs,Eritrea,2022,1
Syddjurs,Finland,2022,1
Syddjurs,Germany,2022,11
Syddjurs,Greece,2022,2
Syddjurs,Hungary,2022,7
Syddjurs,Iceland,2022,2
Syddjurs,Israel,2022,1
Syddjurs,Italy,2022,2
Syddjurs,Japan,2022,10
Syddjurs,Kenya,2022,1
Syddjurs,Latvia,2022,1
Syddjurs,Lithuania,2022,4
Syddjurs,Mexico,2022,1
Syddjurs,Netherlands,2022,21
Syddjurs,New Zealand,2022,1
Syddjurs,Norway,2022,16
Syddjurs,Philippines,2022,1
Syddjurs,Poland,2022,7
Syddjurs,Romania,2022,12
Syddjurs,Serbia,2022,1
Syddjurs,Slovakia,2022,1
Syddjurs,South Korea,2022,1
Syddjurs,Spain,2022,3
Syddjurs,Sri Lanka,2022,1
Syddjurs,Sweden,2022,3
Syddjurs,Syria,2022,6
Syddjurs,Thailand,2022,2
Syddjurs,USA,2022,5
Syddjurs,Ukraine,2022,30
Syddjurs,United Kingdom,2022,4
Syddjurs,Vietnam,2022,2
Sønderborg,Afghanistan,2022,10
Sønderborg,Austria,2022,1
Sønderborg,Bangladesh,2022,1
Sønderborg,Belarus,2022,1
Sønderborg,Belgium,2022,1
Sønderborg,Bosnia and Herzegovina,2022,2
Sønderborg,Brazil,2022,3
Sønderborg,Bulgaria,2022,3
Sønderborg,Canada,2022,1
Sønderborg,China,2022,10
Sønderborg,Croatia,2022,1
Sønderborg,Czech Republic,2022,2
Sønderborg,Denmark,2022,196
Sønderborg,Egypt,2022,1
Sønderborg,Finland,2022,2
Sønderborg,France,2022,4
Sønderborg,"Gambia, The",2022,2
Sønderborg,Germany,2022,66
Sønderborg,Ghana,2022,1
Sønderborg,Greece,2022,4
Sønderborg,Hungary,2022,3
Sønderborg,Iceland,2022,31
Sønderborg,India,2022,21
Sønderborg,Iran,2022,15
Sønderborg,Iraq,2022,3
Sønderborg,Italy,2022,11
Sønderborg,Japan,2022,1
Sønderborg,Latvia,2022,2
Sønderborg,Lithuania,2022,3
Sønderborg,Mexico,2022,1
Sønderborg,Morocco,2022,1
Sønderborg,Netherlands,2022,1
Sønderborg,Nigeria,2022,1
Sønderborg,Norway,2022,8
Sønderborg,Pakistan,2022,2
Sønderborg,Philippines,2022,1
Sønderborg,Poland,2022,25
Sønderborg,Portugal,2022,3
Sønderborg,Romania,2022,20
Sønderborg,Russia,2022,1
Sønderborg,Slovakia,2022,6
Sønderborg,Slovenia,2022,1
Sønderborg,South Korea,2022,1
Sønderborg,Spain,2022,7
Sønderborg,Sweden,2022,7
Sønderborg,Switzerland,2022,2
Sønderborg,Syria,2022,23
Sønderborg,Taiwan,2022,1
Sønderborg,Thailand,2022,1
Sønderborg,Turkey,2022,7
Sønderborg,USA,2022,5
Sønderborg,Ukraine,2022,80
Sønderborg,United Kingdom,2022,2
Sønderborg,Venezuela,2022,1
Sønderborg,Vietnam,2022,4
Sønderborg,Yemen,2022,1
Thisted,Afghanistan,2022,4
Thisted,Belgium,2022,1
Thisted,Bulgaria,2022,1
Thisted,Denmark,2022,63
Thisted,France,2022,1
Thisted,Germany,2022,5
Thisted,Ghana,2022,1
Thisted,Iceland,2022,1
Thisted,Italy,2022,2
Thisted,Latvia,2022,1
Thisted,Lithuania,2022,3
Thisted,Mexico,2022,2
Thisted,Netherlands,2022,4
Thisted,Norway,2022,12
Thisted,Philippines,2022,2
Thisted,Poland,2022,27
Thisted,Romania,2022,23
Thisted,Russia,2022,1
Thisted,Spain,2022,1
Thisted,Syria,2022,4
Thisted,USA,2022,1
Thisted,Uganda,2022,1
Thisted,Ukraine,2022,81
Tårnby,Algeria,2022,1
Tårnby,Bangladesh,2022,2
Tårnby,Belarus,2022,1
Tårnby,Bulgaria,2022,12
Tårnby,Chile,2022,1
Tårnby,China,2022,8
Tårnby,Croatia,2022,3
Tårnby,Czech Republic,2022,1
Tårnby,Denmark,2022,144
Tårnby,Eritrea,2022,2
Tårnby,Finland,2022,1
Tårnby,France,2022,1
Tårnby,Germany,2022,5
Tårnby,Greece,2022,1
Tårnby,Hungary,2022,2
Tårnby,Iceland,2022,3
Tårnby,India,2022,5
Tårnby,Ireland,2022,2
Tårnby,Italy,2022,6
Tårnby,Japan,2022,1
Tårnby,Latvia,2022,1
Tårnby,Lithuania,2022,8
Tårnby,Nepal,2022,4
Tårnby,Netherlands,2022,3
Tårnby,New Zealand,2022,1
Tårnby,Nigeria,2022,1
Tårnby,Norway,2022,5
Tårnby,Pakistan,2022,4
Tårnby,Philippines,2022,5
Tårnby,Poland,2022,15
Tårnby,Portugal,2022,4
Tårnby,Republic of North Macedonia,2022,2
Tårnby,Romania,2022,8
Tårnby,Slovakia,2022,1
Tårnby,Spain,2022,9
Tårnby,Stateless,2022,1
Tårnby,Sweden,2022,11
Tårnby,Switzerland,2022,1
Tårnby,Syria,2022,3
Tårnby,Turkey,2022,4
Tårnby,USA,2022,10
Tårnby,Ukraine,2022,27
Tårnby,United Kingdom,2022,4
Tårnby,Vietnam,2022,1
Tårnby,Yugoslavia,2022,1
Tønder,Afghanistan,2022,8
Tønder,Argentina,2022,2
Tønder,Australia,2022,1
Tønder,Azerbaijan,2022,1
Tønder,Belgium,2022,4
Tønder,Bosnia and Herzegovina,2022,3
Tønder,Botswana,2022,1
Tønder,Brazil,2022,9
Tønder,Canada,2022,1
Tønder,Chile,2022,1
Tønder,China,2022,1
Tønder,Czech Republic,2022,1
Tønder,Denmark,2022,71
Tønder,El Salvador,2022,1
Tønder,Eritrea,2022,2
Tønder,Finland,2022,2
Tønder,France,2022,1
Tønder,Germany,2022,47
Tønder,Greece,2022,1
Tønder,Hungary,2022,9
Tønder,Iceland,2022,4
Tønder,India,2022,9
Tønder,Ireland,2022,1
Tønder,Italy,2022,6
Tønder,Japan,2022,12
Tønder,Kosovo,2022,2
Tønder,Kyrgyzstan,2022,2
Tønder,Latvia,2022,5
Tønder,Lithuania,2022,7
Tønder,Morocco,2022,2
Tønder,Mozambique,2022,1
Tønder,Nepal,2022,1
Tønder,Netherlands,2022,8
Tønder,Norway,2022,6
Tønder,Philippines,2022,1
Tønder,Poland,2022,15
Tønder,Romania,2022,81
Tønder,Russia,2022,2
Tønder,Slovakia,2022,1
Tønder,Slovenia,2022,1
Tønder,Spain,2022,3
Tønder,Sri Lanka,2022,2
Tønder,Sweden,2022,2
Tønder,Switzerland,2022,1
Tønder,Syria,2022,16
Tønder,Thailand,2022,2
Tønder,USA,2022,1
Tønder,Ukraine,2022,90
Tønder,United Kingdom,2022,1
Tønder,Vietnam,2022,1
Vallensbæk,Azerbaijan,2022,7
Vallensbæk,Bangladesh,2022,1
Vallensbæk,Bulgaria,2022,14
Vallensbæk,China,2022,4
Vallensbæk,Croatia,2022,2
Vallensbæk,Denmark,2022,52
Vallensbæk,Ethiopia,2022,1
Vallensbæk,France,2022,3
Vallensbæk,Germany,2022,3
Vallensbæk,Hungary,2022,1
Vallensbæk,Iceland,2022,2
Vallensbæk,India,2022,5
Vallensbæk,Italy,2022,8
Vallensbæk,Japan,2022,1
Vallensbæk,Lithuania,2022,3
Vallensbæk,Malta,2022,1
Vallensbæk,Nepal,2022,4
Vallensbæk,Norway,2022,1
Vallensbæk,Pakistan,2022,9
Vallensbæk,Philippines,2022,1
Vallensbæk,Poland,2022,7
Vallensbæk,Portugal,2022,10
Vallensbæk,Romania,2022,19
Vallensbæk,Somalia,2022,3
Vallensbæk,Sri Lanka,2022,1
Vallensbæk,Sweden,2022,6
Vallensbæk,Turkey,2022,1
Vallensbæk,USA,2022,6
Vallensbæk,Ukraine,2022,2
Vallensbæk,United Kingdom,2022,3
Vallensbæk,Uzbekistan,2022,4
Vallensbæk,Yugoslavia,2022,1
Varde,Afghanistan,2022,17
Varde,Australia,2022,3
Varde,Belarus,2022,1
Varde,Bosnia and Herzegovina,2022,2
Varde,Bulgaria,2022,7
Varde,Canada,2022,3
Varde,China,2022,2
Varde,Croatia,2022,1
Varde,Denmark,2022,93
Varde,Ethiopia,2022,1
Varde,France,2022,1
Varde,Germany,2022,5
Varde,Greece,2022,1
Varde,Hungary,2022,7
Varde,India,2022,5
Varde,Italy,2022,4
Varde,Japan,2022,1
Varde,Kosovo,2022,2
Varde,Kyrgyzstan,2022,1
Varde,Latvia,2022,6
Varde,Lithuania,2022,7
Varde,Netherlands,2022,12
Varde,New Zealand,2022,1
Varde,Norway,2022,7
Varde,Philippines,2022,3
Varde,Poland,2022,14
Varde,Romania,2022,54
Varde,Spain,2022,5
Varde,Stateless,2022,1
Varde,Sweden,2022,2
Varde,Syria,2022,8
Varde,Thailand,2022,1
Varde,USA,2022,2
Varde,Ukraine,2022,75
Varde,United Kingdom,2022,4
Varde,Vietnam,2022,2
Vejen,Bangladesh,2022,2
Vejen,Brazil,2022,1
Vejen,China,2022,3
Vejen,Croatia,2022,1
Vejen,Denmark,2022,49
Vejen,Finland,2022,1
Vejen,Germany,2022,6
Vejen,Hungary,2022,3
Vejen,Iceland,2022,7
Vejen,India,2022,5
Vejen,Italy,2022,2
Vejen,Japan,2022,4
Vejen,Kazakhstan,2022,2
Vejen,Lithuania,2022,15
Vejen,Norway,2022,1
Vejen,Philippines,2022,2
Vejen,Poland,2022,32
Vejen,Portugal,2022,2
Vejen,Romania,2022,80
Vejen,Serbia,2022,1
Vejen,Sweden,2022,2
Vejen,Switzerland,2022,1
Vejen,Syria,2022,20
Vejen,USA,2022,7
Vejen,Ukraine,2022,75
Vejen,United Kingdom,2022,3
Vejen,Vietnam,2022,5
Vejle,Afghanistan,2022,6
Vejle,Albania,2022,1
Vejle,Argentina,2022,1
Vejle,Australia,2022,4
Vejle,Austria,2022,1
Vejle,Belarus,2022,1
Vejle,Belgium,2022,2
Vejle,Bosnia and Herzegovina,2022,2
Vejle,Brazil,2022,13
Vejle,Bulgaria,2022,8
Vejle,Canada,2022,3
Vejle,Chile,2022,3
Vejle,Croatia,2022,7
Vejle,Czech Republic,2022,5
Vejle,Denmark,2022,369
Vejle,Eritrea,2022,2
Vejle,France,2022,5
Vejle,Germany,2022,28
Vejle,Ghana,2022,1
Vejle,Greece,2022,2
Vejle,Hungary,2022,7
Vejle,Iceland,2022,17
Vejle,India,2022,6
Vejle,Indonesia,2022,1
Vejle,Iran,2022,5
Vejle,Ireland,2022,14
Vejle,Italy,2022,13
Vejle,Ivory Coast,2022,1
Vejle,Japan,2022,3
Vejle,Kosovo,2022,1
Vejle,Latvia,2022,13
Vejle,Lithuania,2022,37
Vejle,Mexico,2022,3
Vejle,Montenegro,2022,3
Vejle,Netherlands,2022,1
Vejle,New Zealand,2022,1
Vejle,Nigeria,2022,2
Vejle,Norway,2022,12
Vejle,Not stated,2022,1
Vejle,Philippines,2022,3
Vejle,Poland,2022,88
Vejle,Portugal,2022,4
Vejle,Romania,2022,69
Vejle,Russia,2022,3
Vejle,Serbia,2022,1
Vejle,Slovakia,2022,5
Vejle,South Korea,2022,2
Vejle,Spain,2022,16
Vejle,Sri Lanka,2022,1
Vejle,Stateless,2022,1
Vejle,Sweden,2022,10
Vejle,Syria,2022,23
Vejle,Thailand,2022,2
Vejle,Turkey,2022,3
Vejle,USA,2022,6
Vejle,Ukraine,2022,68
Vejle,United Kingdom,2022,16
Vejle,Uzbekistan,2022,3
Vejle,Vietnam,2022,3
Vesthimmerlands,Armenia,2022,1
Vesthimmerlands,Bulgaria,2022,2
Vesthimmerlands,China,2022,2
Vesthimmerlands,Czech Republic,2022,1
Vesthimmerlands,Denmark,2022,58
Vesthimmerlands,Eritrea,2022,1
Vesthimmerlands,France,2022,4
Vesthimmerlands,Germany,2022,6
Vesthimmerlands,Hungary,2022,7
Vesthimmerlands,India,2022,2
Vesthimmerlands,Italy,2022,2
Vesthimmerlands,Latvia,2022,4
Vesthimmerlands,Lithuania,2022,4
Vesthimmerlands,Mexico,2022,13
Vesthimmerlands,Netherlands,2022,1
Vesthimmerlands,Norway,2022,11
Vesthimmerlands,Philippines,2022,1
Vesthimmerlands,Poland,2022,10
Vesthimmerlands,Romania,2022,46
Vesthimmerlands,Somalia,2022,8
Vesthimmerlands,South Africa,2022,1
Vesthimmerlands,Spain,2022,4
Vesthimmerlands,Thailand,2022,18
Vesthimmerlands,Turkey,2022,1
Vesthimmerlands,USA,2022,3
Vesthimmerlands,Ukraine,2022,77
Vesthimmerlands,Vietnam,2022,1
Viborg,Afghanistan,2022,10
Viborg,Australia,2022,1
Viborg,Belgium,2022,4
Viborg,Brazil,2022,1
Viborg,Bulgaria,2022,6
Viborg,China,2022,14
Viborg,"Congo, Democratic Republic",2022,1
Viborg,Croatia,2022,4
Viborg,Czech Republic,2022,9
Viborg,Denmark,2022,226
Viborg,Eritrea,2022,3
Viborg,Estonia,2022,5
Viborg,Finland,2022,2
Viborg,France,2022,20
Viborg,Georgia,2022,1
Viborg,Germany,2022,8
Viborg,Greece,2022,4
Viborg,Hungary,2022,5
Viborg,Iceland,2022,9
Viborg,India,2022,15
Viborg,Indonesia,2022,1
Viborg,Iran,2022,6
Viborg,Ireland,2022,4
Viborg,Italy,2022,10
Viborg,Ivory Coast,2022,1
Viborg,Japan,2022,14
Viborg,Kenya,2022,3
Viborg,Latvia,2022,3
Viborg,Lithuania,2022,28
Viborg,Malta,2022,1
Viborg,Moldova,2022,1
Viborg,Nepal,2022,2
Viborg,Netherlands,2022,11
Viborg,Nicaragua,2022,1
Viborg,Norway,2022,12
Viborg,Pakistan,2022,2
Viborg,Philippines,2022,5
Viborg,Poland,2022,51
Viborg,Portugal,2022,4
Viborg,Romania,2022,117
Viborg,Russia,2022,2
Viborg,Slovakia,2022,5
Viborg,Slovenia,2022,1
Viborg,Somalia,2022,2
Viborg,South Korea,2022,3
Viborg,Spain,2022,17
Viborg,Sri Lanka,2022,1
Viborg,Stateless,2022,7
Viborg,Sweden,2022,2
Viborg,Switzerland,2022,2
Viborg,Syria,2022,20
Viborg,Taiwan,2022,1
Viborg,Tanzania,2022,1
Viborg,Thailand,2022,5
Viborg,Turkey,2022,2
Viborg,USA,2022,4
Viborg,Ukraine,2022,172
Viborg,United Kingdom,2022,4
Viborg,Uruguay,2022,1
Viborg,Uzbekistan,2022,1
Viborg,Vietnam,2022,4
Vordingborg,Afghanistan,2022,3
Vordingborg,Argentina,2022,1
Vordingborg,Bulgaria,2022,8
Vordingborg,Croatia,2022,5
Vordingborg,Denmark,2022,99
Vordingborg,Estonia,2022,1
Vordingborg,France,2022,1
Vordingborg,Germany,2022,2
Vordingborg,Ghana,2022,1
Vordingborg,Greece,2022,3
Vordingborg,Iceland,2022,8
Vordingborg,Ireland,2022,1
Vordingborg,Italy,2022,24
Vordingborg,Latvia,2022,3
Vordingborg,Lithuania,2022,6
Vordingborg,Malaysia,2022,5
Vordingborg,Netherlands,2022,4
Vordingborg,Norway,2022,2
Vordingborg,Philippines,2022,2
Vordingborg,Poland,2022,9
Vordingborg,Portugal,2022,32
Vordingborg,Romania,2022,48
Vordingborg,Slovakia,2022,1
Vordingborg,Spain,2022,5
Vordingborg,Sweden,2022,5
Vordingborg,Syria,2022,33
Vordingborg,Thailand,2022,1
Vordingborg,USA,2022,1
Vordingborg,Ukraine,2022,47
Vordingborg,United Kingdom,2022,6
Vordingborg,Vietnam,2022,3
Ærø,Afghanistan,2022,1
Ærø,Czech Republic,2022,1
Ærø,Denmark,2022,15
Ærø,Germany,2022,15
Ærø,Ireland,2022,1
Ærø,Italy,2022,3
Ærø,Netherlands,2022,1
Ærø,Norway,2022,1
Ærø,Poland,2022,2
Ærø,Portugal,2022,4
Ærø,Romania,2022,6
Ærø,Spain,2022,2
Ærø,Switzerland,2022,3
Ærø,Ukraine,2022,9
Ærø,United Kingdom,2022,1
Aabenraa,Afghanistan,2023,2
Aabenraa,Austria,2023,3
Aabenraa,Bosnia and Herzegovina,2023,2
Aabenraa,Brazil,2023,8
Aabenraa,Bulgaria,2023,3
Aabenraa,China,2023,4
Aabenraa,Colombia,2023,1
Aabenraa,Croatia,2023,1
Aabenraa,Czech Republic,2023,1
Aabenraa,Denmark,2023,139
Aabenraa,Germany,2023,150
Aabenraa,Greece,2023,1
Aabenraa,Hungary,2023,13
Aabenraa,Iceland,2023,5
Aabenraa,India,2023,2
Aabenraa,Iran,2023,1
Aabenraa,Iraq,2023,1
Aabenraa,Ireland,2023,3
Aabenraa,Italy,2023,5
Aabenraa,Jamaica,2023,2
Aabenraa,Japan,2023,8
Aabenraa,Jordan,2023,1
Aabenraa,Latvia,2023,4
Aabenraa,Lithuania,2023,5
Aabenraa,Mexico,2023,2
Aabenraa,Netherlands,2023,1
Aabenraa,Norway,2023,2
Aabenraa,Philippines,2023,1
Aabenraa,Poland,2023,11
Aabenraa,Republic of North Macedonia,2023,1
Aabenraa,Romania,2023,70
Aabenraa,Slovakia,2023,2
Aabenraa,Spain,2023,7
Aabenraa,Sri Lanka,2023,1
Aabenraa,Sweden,2023,3
Aabenraa,Syria,2023,19
Aabenraa,Thailand,2023,2
Aabenraa,Turkey,2023,1
Aabenraa,USA,2023,2
Aabenraa,Ukraine,2023,75
Aabenraa,United Kingdom,2023,5
Aabenraa,Vietnam,2023,7
Aalborg,Algeria,2023,1
Aalborg,Argentina,2023,6
Aalborg,Australia,2023,4
Aalborg,Austria,2023,8
Aalborg,Bangladesh,2023,13
Aalborg,Belgium,2023,11
Aalborg,Bosnia and Herzegovina,2023,1
Aalborg,Botswana,2023,1
Aalborg,Brazil,2023,22
Aalborg,Bulgaria,2023,46
Aalborg,Burundi,2023,1
Aalborg,Cameroon,2023,2
Aalborg,Canada,2023,9
Aalborg,Chile,2023,7
Aalborg,China,2023,145
Aalborg,Colombia,2023,4
Aalborg,"Congo, Democratic Republic",2023,2
Aalborg,Croatia,2023,26
Aalborg,Cyprus,2023,1
Aalborg,Czech Republic,2023,20
Aalborg,Denmark,2023,839
Aalborg,Ecuador,2023,3
Aalborg,Egypt,2023,1
Aalborg,Eritrea,2023,16
Aalborg,Estonia,2023,3
Aalborg,Finland,2023,7
Aalborg,France,2023,40
Aalborg,Georgia,2023,2
Aalborg,Germany,2023,84
Aalborg,Ghana,2023,10
Aalborg,Greece,2023,17
Aalborg,Guatemala,2023,2
Aalborg,Hungary,2023,30
Aalborg,Iceland,2023,22
Aalborg,India,2023,85
Aalborg,Indonesia,2023,4
Aalborg,Iran,2023,36
Aalborg,Iraq,2023,3
Aalborg,Ireland,2023,3
Aalborg,Italy,2023,69
Aalborg,Japan,2023,14
Aalborg,Kenya,2023,1
Aalborg,Kosovo,2023,2
Aalborg,Kyrgyzstan,2023,1
Aalborg,Laos,2023,1
Aalborg,Latvia,2023,11
Aalborg,Lebanon,2023,1
Aalborg,Liechtenstein,2023,1
Aalborg,Lithuania,2023,35
Aalborg,Malawi,2023,2
Aalborg,Malta,2023,1
Aalborg,Mauritius,2023,1
Aalborg,Mexico,2023,10
Aalborg,Morocco,2023,1
Aalborg,Namibia,2023,4
Aalborg,Nepal,2023,5
Aalborg,Netherlands,2023,18
Aalborg,New Zealand,2023,1
Aalborg,Nigeria,2023,3
Aalborg,Norway,2023,77
Aalborg,Pakistan,2023,7
Aalborg,Peru,2023,3
Aalborg,Philippines,2023,13
Aalborg,Poland,2023,81
Aalborg,Portugal,2023,21
Aalborg,Romania,2023,85
Aalborg,Russia,2023,5
Aalborg,Serbia,2023,1
Aalborg,Sierra Leone,2023,1
Aalborg,Singapore,2023,1
Aalborg,Slovakia,2023,87
Aalborg,Slovenia,2023,2
Aalborg,Somalia,2023,16
Aalborg,South Africa,2023,3
Aalborg,South Korea,2023,4
Aalborg,Spain,2023,59
Aalborg,Sri Lanka,2023,1
Aalborg,Stateless,2023,4
Aalborg,Sweden,2023,30
Aalborg,Switzerland,2023,9
Aalborg,Syria,2023,21
Aalborg,Taiwan,2023,4
Aalborg,Thailand,2023,11
Aalborg,Tunisia,2023,1
Aalborg,Turkey,2023,18
Aalborg,USA,2023,32
Aalborg,Uganda,2023,6
Aalborg,Ukraine,2023,260
Aalborg,United Kingdom,2023,13
Aalborg,Uruguay,2023,1
Aalborg,Uzbekistan,2023,3
Aalborg,Vietnam,2023,13
Aalborg,Zambia,2023,1
Aalborg,Zimbabwe,2023,4
Aarhus,Afghanistan,2023,5
Aarhus,Albania,2023,2
Aarhus,Argentina,2023,26
Aarhus,Armenia,2023,1
Aarhus,Asia not stated,2023,1
Aarhus,Australia,2023,60
Aarhus,Austria,2023,57
Aarhus,Azerbaijan,2023,4
Aarhus,Bangladesh,2023,11
Aarhus,Belarus,2023,1
Aarhus,Belgium,2023,86
Aarhus,Bolivia,2023,1
Aarhus,Bosnia and Herzegovina,2023,3
Aarhus,Brazil,2023,39
Aarhus,Bulgaria,2023,66
Aarhus,Cambodia,2023,1
Aarhus,Cameroon,2023,6
Aarhus,Canada,2023,74
Aarhus,Chile,2023,54
Aarhus,China,2023,229
Aarhus,Colombia,2023,9
Aarhus,"Congo, Democratic Republic",2023,2
Aarhus,Costa Rica,2023,1
Aarhus,Croatia,2023,31
Aarhus,Cuba,2023,1
Aarhus,Cyprus,2023,3
Aarhus,Czech Republic,2023,53
Aarhus,Denmark,2023,1608
Aarhus,Ecuador,2023,2
Aarhus,Egypt,2023,11
Aarhus,Eritrea,2023,4
Aarhus,Estonia,2023,9
Aarhus,Ethiopia,2023,4
Aarhus,Finland,2023,49
Aarhus,France,2023,132
Aarhus,Germany,2023,401
Aarhus,Ghana,2023,10
Aarhus,Greece,2023,30
Aarhus,Guatemala,2023,1
Aarhus,Haiti,2023,1
Aarhus,Hungary,2023,77
Aarhus,Iceland,2023,71
Aarhus,India,2023,152
Aarhus,Indonesia,2023,7
Aarhus,Iran,2023,41
Aarhus,Iraq,2023,6
Aarhus,Ireland,2023,42
Aarhus,Israel,2023,13
Aarhus,Italy,2023,269
Aarhus,Jamaica,2023,1
Aarhus,Japan,2023,64
Aarhus,Jordan,2023,2
Aarhus,Kazakhstan,2023,5
Aarhus,Kenya,2023,3
Aarhus,Kyrgyzstan,2023,1
Aarhus,Latvia,2023,41
Aarhus,Lebanon,2023,8
Aarhus,Lithuania,2023,74
Aarhus,Luxembourg,2023,2
Aarhus,Malaysia,2023,4
Aarhus,Mexico,2023,26
Aarhus,Moldova,2023,1
Aarhus,Morocco,2023,6
Aarhus,Mozambique,2023,1
Aarhus,Myanmar,2023,1
Aarhus,Nepal,2023,8
Aarhus,Netherlands,2023,124
Aarhus,New Zealand,2023,8
Aarhus,Nicaragua,2023,1
Aarhus,Nigeria,2023,4
Aarhus,North Korea,2023,2
Aarhus,Norway,2023,219
Aarhus,Not stated,2023,1
Aarhus,Pakistan,2023,22
Aarhus,Peru,2023,3
Aarhus,Philippines,2023,35
Aarhus,Poland,2023,202
Aarhus,Portugal,2023,46
Aarhus,Republic of North Macedonia,2023,2
Aarhus,Romania,2023,237
Aarhus,Russia,2023,15
Aarhus,Rwanda,2023,1
Aarhus,Saudi Arabia,2023,4
Aarhus,Serbia,2023,5
Aarhus,Serbia and Montenegro,2023,1
Aarhus,Singapore,2023,41
Aarhus,Slovakia,2023,52
Aarhus,Slovenia,2023,19
Aarhus,Somalia,2023,21
Aarhus,South Africa,2023,5
Aarhus,South Korea,2023,21
Aarhus,Spain,2023,211
Aarhus,Sri Lanka,2023,5
Aarhus,Stateless,2023,5
Aarhus,Sweden,2023,62
Aarhus,Switzerland,2023,27
Aarhus,Syria,2023,16
Aarhus,Taiwan,2023,14
Aarhus,Thailand,2023,14
Aarhus,Tunisia,2023,1
Aarhus,Turkey,2023,44
Aarhus,USA,2023,137
Aarhus,Ukraine,2023,251
Aarhus,United Kingdom,2023,116
Aarhus,Uruguay,2023,1
Aarhus,Uzbekistan,2023,2
Aarhus,Venezuela,2023,3
Aarhus,Vietnam,2023,11
Aarhus,Yemen,2023,3
Aarhus,Zimbabwe,2023,3
Albertslund,Argentina,2023,1
Albertslund,Bangladesh,2023,6
Albertslund,Bulgaria,2023,14
Albertslund,Cameroon,2023,1
Albertslund,China,2023,2
Albertslund,Croatia,2023,3
Albertslund,Czech Republic,2023,3
Albertslund,Denmark,2023,81
Albertslund,Finland,2023,1
Albertslund,Germany,2023,9
Albertslund,Greece,2023,1
Albertslund,Hungary,2023,3
Albertslund,Iceland,2023,1
Albertslund,India,2023,16
Albertslund,Indonesia,2023,1
Albertslund,Italy,2023,4
Albertslund,Japan,2023,1
Albertslund,Kosovo,2023,1
Albertslund,Latvia,2023,2
Albertslund,Lithuania,2023,2
Albertslund,Malaysia,2023,2
Albertslund,Myanmar,2023,1
Albertslund,Nepal,2023,6
Albertslund,Netherlands,2023,1
Albertslund,Norway,2023,3
Albertslund,Pakistan,2023,9
Albertslund,Poland,2023,3
Albertslund,Portugal,2023,4
Albertslund,Republic of North Macedonia,2023,3
Albertslund,Romania,2023,13
Albertslund,Rwanda,2023,1
Albertslund,Slovakia,2023,2
Albertslund,South Korea,2023,1
Albertslund,Spain,2023,3
Albertslund,Sweden,2023,6
Albertslund,Syria,2023,1
Albertslund,Turkey,2023,6
Albertslund,USA,2023,4
Albertslund,Ukraine,2023,13
Albertslund,United Kingdom,2023,4
Albertslund,Vietnam,2023,1
Allerød,Australia,2023,1
Allerød,Brazil,2023,2
Allerød,Colombia,2023,1
Allerød,Denmark,2023,53
Allerød,France,2023,1
Allerød,Israel,2023,1
Allerød,Italy,2023,6
Allerød,Japan,2023,1
Allerød,Jordan,2023,1
Allerød,Lithuania,2023,5
Allerød,Norway,2023,2
Allerød,Not stated,2023,1
Allerød,Philippines,2023,6
Allerød,Poland,2023,4
Allerød,Romania,2023,6
Allerød,South Africa,2023,1
Allerød,Sweden,2023,3
Allerød,Syria,2023,4
Allerød,Turkey,2023,1
Allerød,USA,2023,15
Allerød,Ukraine,2023,19
Allerød,United Kingdom,2023,4
Allerød,Vietnam,2023,1
Assens,Belgium,2023,1
Assens,Bulgaria,2023,9
Assens,China,2023,1
Assens,Colombia,2023,1
Assens,Denmark,2023,73
Assens,France,2023,1
Assens,Germany,2023,6
Assens,Hungary,2023,1
Assens,Iceland,2023,3
Assens,Iraq,2023,1
Assens,Ireland,2023,1
Assens,Italy,2023,4
Assens,Lithuania,2023,26
Assens,New Zealand,2023,1
Assens,Norway,2023,2
Assens,Philippines,2023,1
Assens,Poland,2023,23
Assens,Romania,2023,58
Assens,Russia,2023,4
Assens,Slovakia,2023,10
Assens,Spain,2023,1
Assens,Stateless,2023,2
Assens,Sweden,2023,6
Assens,Syria,2023,1
Assens,Ukraine,2023,51
Ballerup,Argentina,2023,2
Ballerup,Australia,2023,3
Ballerup,Austria,2023,1
Ballerup,Belgium,2023,1
Ballerup,Bosnia and Herzegovina,2023,1
Ballerup,Brazil,2023,4
Ballerup,Bulgaria,2023,24
Ballerup,Cameroon,2023,1
Ballerup,Canada,2023,2
Ballerup,Chile,2023,1
Ballerup,China,2023,21
Ballerup,Colombia,2023,2
Ballerup,Croatia,2023,2
Ballerup,Denmark,2023,103
Ballerup,Ecuador,2023,1
Ballerup,Estonia,2023,4
Ballerup,Finland,2023,2
Ballerup,France,2023,7
Ballerup,Germany,2023,14
Ballerup,Greece,2023,6
Ballerup,Hungary,2023,4
Ballerup,Iceland,2023,2
Ballerup,India,2023,55
Ballerup,Indonesia,2023,2
Ballerup,Iran,2023,7
Ballerup,Iraq,2023,1
Ballerup,Israel,2023,1
Ballerup,Italy,2023,16
Ballerup,Japan,2023,2
Ballerup,Latvia,2023,1
Ballerup,Lithuania,2023,12
Ballerup,Moldova,2023,1
Ballerup,Montenegro,2023,1
Ballerup,Morocco,2023,2
Ballerup,Myanmar,2023,1
Ballerup,Netherlands,2023,3
Ballerup,Norway,2023,2
Ballerup,Pakistan,2023,4
Ballerup,Philippines,2023,2
Ballerup,Poland,2023,12
Ballerup,Portugal,2023,3
Ballerup,Republic of North Macedonia,2023,1
Ballerup,Romania,2023,32
Ballerup,Russia,2023,1
Ballerup,Singapore,2023,7
Ballerup,Slovakia,2023,1
Ballerup,South Korea,2023,5
Ballerup,Spain,2023,11
Ballerup,Sweden,2023,5
Ballerup,Taiwan,2023,3
Ballerup,Thailand,2023,1
Ballerup,Turkey,2023,4
Ballerup,USA,2023,20
Ballerup,Ukraine,2023,23
Ballerup,United Kingdom,2023,7
Billund,Australia,2023,2
Billund,Brazil,2023,2
Billund,Bulgaria,2023,1
Billund,Canada,2023,3
Billund,China,2023,4
Billund,Croatia,2023,3
Billund,Denmark,2023,49
Billund,Estonia,2023,3
Billund,France,2023,8
Billund,Germany,2023,4
Billund,Greece,2023,2
Billund,Hungary,2023,5
Billund,India,2023,5
Billund,Ireland,2023,2
Billund,Italy,2023,18
Billund,Japan,2023,1
Billund,Latvia,2023,4
Billund,Lithuania,2023,2
Billund,Mexico,2023,4
Billund,Netherlands,2023,6
Billund,New Zealand,2023,1
Billund,Norway,2023,3
Billund,Philippines,2023,1
Billund,Poland,2023,20
Billund,Portugal,2023,5
Billund,Romania,2023,74
Billund,Serbia,2023,1
Billund,Singapore,2023,4
Billund,Slovakia,2023,2
Billund,Slovenia,2023,2
Billund,Spain,2023,10
Billund,Sri Lanka,2023,1
Billund,Sweden,2023,1
Billund,Syria,2023,5
Billund,Thailand,2023,2
Billund,Turkey,2023,1
Billund,USA,2023,16
Billund,Uganda,2023,1
Billund,Ukraine,2023,16
Billund,United Kingdom,2023,10
Billund,Vietnam,2023,3
Bornholm,Afghanistan,2023,11
Bornholm,Argentina,2023,2
Bornholm,Australia,2023,3
Bornholm,Austria,2023,2
Bornholm,Belgium,2023,2
Bornholm,Bosnia and Herzegovina,2023,1
Bornholm,Bulgaria,2023,2
Bornholm,Canada,2023,1
Bornholm,Colombia,2023,1
Bornholm,Costa Rica,2023,1
Bornholm,Croatia,2023,3
Bornholm,Denmark,2023,86
Bornholm,Estonia,2023,1
Bornholm,Finland,2023,1
Bornholm,France,2023,5
Bornholm,Germany,2023,14
Bornholm,Hungary,2023,3
Bornholm,Iceland,2023,4
Bornholm,Ireland,2023,1
Bornholm,Italy,2023,23
Bornholm,Japan,2023,8
Bornholm,Mexico,2023,1
Bornholm,Netherlands,2023,9
Bornholm,Norway,2023,5
Bornholm,Philippines,2023,1
Bornholm,Poland,2023,18
Bornholm,Portugal,2023,3
Bornholm,Romania,2023,24
Bornholm,Slovakia,2023,1
Bornholm,Spain,2023,2
Bornholm,Sweden,2023,6
Bornholm,Syria,2023,8
Bornholm,Thailand,2023,1
Bornholm,USA,2023,4
Bornholm,Ukraine,2023,70
Brøndby,Australia,2023,2
Brøndby,Austria,2023,3
Brøndby,Azerbaijan,2023,1
Brøndby,Bangladesh,2023,2
Brøndby,Belgium,2023,3
Brøndby,Bosnia and Herzegovina,2023,2
Brøndby,Brazil,2023,1
Brøndby,Bulgaria,2023,11
Brøndby,Canada,2023,1
Brøndby,China,2023,7
Brøndby,Croatia,2023,5
Brøndby,Cuba,2023,1
Brøndby,Denmark,2023,87
Brøndby,Egypt,2023,1
Brøndby,Estonia,2023,1
Brøndby,France,2023,4
Brøndby,"Gambia, The",2023,1
Brøndby,Germany,2023,10
Brøndby,Ghana,2023,1
Brøndby,Greece,2023,1
Brøndby,Hungary,2023,5
Brøndby,Iceland,2023,2
Brøndby,India,2023,30
Brøndby,Iran,2023,10
Brøndby,Iraq,2023,2
Brøndby,Ireland,2023,8
Brøndby,Italy,2023,11
Brøndby,Japan,2023,3
Brøndby,Lithuania,2023,3
Brøndby,Malawi,2023,1
Brøndby,Morocco,2023,4
Brøndby,Nepal,2023,2
Brøndby,Netherlands,2023,7
Brøndby,Norway,2023,4
Brøndby,Pakistan,2023,12
Brøndby,Poland,2023,11
Brøndby,Portugal,2023,8
Brøndby,Romania,2023,20
Brøndby,Russia,2023,1
Brøndby,Singapore,2023,2
Brøndby,Slovakia,2023,3
Brøndby,South Korea,2023,1
Brøndby,Spain,2023,13
Brøndby,Sweden,2023,12
Brøndby,Switzerland,2023,5
Brøndby,Syria,2023,1
Brøndby,Taiwan,2023,1
Brøndby,Turkey,2023,10
Brøndby,USA,2023,7
Brøndby,Ukraine,2023,20
Brøndby,United Kingdom,2023,3
Brønderslev,Argentina,2023,1
Brønderslev,Belgium,2023,4
Brønderslev,Bulgaria,2023,2
Brønderslev,Canada,2023,1
Brønderslev,China,2023,1
Brønderslev,Colombia,2023,2
Brønderslev,Croatia,2023,5
Brønderslev,Denmark,2023,67
Brønderslev,Germany,2023,3
Brønderslev,Guatemala,2023,1
Brønderslev,Iceland,2023,2
Brønderslev,India,2023,1
Brønderslev,Italy,2023,3
Brønderslev,Lithuania,2023,2
Brønderslev,Moldova,2023,2
Brønderslev,Netherlands,2023,1
Brønderslev,New Zealand,2023,1
Brønderslev,Norway,2023,3
Brønderslev,Not stated,2023,1
Brønderslev,Paraguay,2023,1
Brønderslev,Philippines,2023,5
Brønderslev,Poland,2023,10
Brønderslev,Romania,2023,23
Brønderslev,Slovenia,2023,1
Brønderslev,Spain,2023,2
Brønderslev,Sweden,2023,1
Brønderslev,Syria,2023,1
Brønderslev,Thailand,2023,1
Brønderslev,Turkey,2023,1
Brønderslev,USA,2023,2
Brønderslev,Ukraine,2023,45
Brønderslev,Vietnam,2023,1
Brønderslev,Zimbabwe,2023,1
Copenhagen,Afghanistan,2023,16
Copenhagen,Albania,2023,3
Copenhagen,Algeria,2023,1
Copenhagen,Argentina,2023,110
Copenhagen,Australia,2023,240
Copenhagen,Austria,2023,81
Copenhagen,Azerbaijan,2023,3
Copenhagen,Bahamas,2023,1
Copenhagen,Bahrain,2023,1
Copenhagen,Bangladesh,2023,87
Copenhagen,Barbados,2023,1
Copenhagen,Belarus,2023,2
Copenhagen,Belgium,2023,87
Copenhagen,Bolivia,2023,3
Copenhagen,Bosnia and Herzegovina,2023,4
Copenhagen,Botswana,2023,1
Copenhagen,Brazil,2023,74
Copenhagen,Bulgaria,2023,104
Copenhagen,Canada,2023,190
Copenhagen,Chile,2023,156
Copenhagen,China,2023,410
Copenhagen,Colombia,2023,31
Copenhagen,"Congo, Democratic Republic",2023,1
Copenhagen,Costa Rica,2023,6
Copenhagen,Croatia,2023,65
Copenhagen,Cuba,2023,2
Copenhagen,Cyprus,2023,9
Copenhagen,Czech Republic,2023,77
Copenhagen,Denmark,2023,3903
Copenhagen,Dominica,2023,1
Copenhagen,Dominican Republic,2023,3
Copenhagen,Ecuador,2023,2
Copenhagen,Egypt,2023,35
Copenhagen,Estonia,2023,34
Copenhagen,Ethiopia,2023,4
Copenhagen,Finland,2023,160
Copenhagen,France,2023,447
Copenhagen,"Gambia, The",2023,1
Copenhagen,Georgia,2023,9
Copenhagen,Germany,2023,781
Copenhagen,Ghana,2023,7
Copenhagen,Greece,2023,161
Copenhagen,Guatemala,2023,1
Copenhagen,Haiti,2023,1
Copenhagen,Hungary,2023,97
Copenhagen,Iceland,2023,262
Copenhagen,India,2023,564
Copenhagen,Indonesia,2023,17
Copenhagen,Iran,2023,47
Copenhagen,Iraq,2023,21
Copenhagen,Ireland,2023,122
Copenhagen,Israel,2023,16
Copenhagen,Italy,2023,927
Copenhagen,Ivory Coast,2023,1
Copenhagen,Jamaica,2023,1
Copenhagen,Japan,2023,91
Copenhagen,Jordan,2023,4
Copenhagen,Kazakhstan,2023,2
Copenhagen,Kenya,2023,5
Copenhagen,Kosovo,2023,2
Copenhagen,Kuwait,2023,2
Copenhagen,Kyrgyzstan,2023,1
Copenhagen,Latvia,2023,45
Copenhagen,Lebanon,2023,13
Copenhagen,Libya,2023,1
Copenhagen,Liechtenstein,2023,2
Copenhagen,Lithuania,2023,94
Copenhagen,Luxembourg,2023,10
Copenhagen,Malawi,2023,1
Copenhagen,Malaysia,2023,12
Copenhagen,Malta,2023,1
Copenhagen,Mauritius,2023,1
Copenhagen,Mexico,2023,43
Copenhagen,Moldova,2023,2
Copenhagen,Mongolia,2023,1
Copenhagen,Montenegro,2023,1
Copenhagen,Morocco,2023,11
Copenhagen,Myanmar,2023,1
Copenhagen,Nepal,2023,157
Copenhagen,Netherlands,2023,256
Copenhagen,New Zealand,2023,30
Copenhagen,Nigeria,2023,12
Copenhagen,North Korea,2023,2
Copenhagen,Norway,2023,669
Copenhagen,Not stated,2023,4
Copenhagen,Pakistan,2023,66
Copenhagen,Panama,2023,5
Copenhagen,Paraguay,2023,3
Copenhagen,Peru,2023,8
Copenhagen,Philippines,2023,61
Copenhagen,Poland,2023,331
Copenhagen,Portugal,2023,221
Copenhagen,Republic of North Macedonia,2023,7
Copenhagen,Romania,2023,214
Copenhagen,Russia,2023,64
Copenhagen,Rwanda,2023,1
Copenhagen,Saint Lucia,2023,1
Copenhagen,Saudi Arabia,2023,2
Copenhagen,Senegal,2023,1
Copenhagen,Serbia,2023,10
Copenhagen,Sierra Leone,2023,1
Copenhagen,Singapore,2023,65
Copenhagen,Slovakia,2023,82
Copenhagen,Slovenia,2023,15
Copenhagen,Somalia,2023,20
Copenhagen,South Africa,2023,21
Copenhagen,South Korea,2023,79
Copenhagen,Spain,2023,536
Copenhagen,Sri Lanka,2023,4
Copenhagen,Stateless,2023,7
Copenhagen,Sudan,2023,2
Copenhagen,Sweden,2023,612
Copenhagen,Switzerland,2023,104
Copenhagen,Syria,2023,7
Copenhagen,Taiwan,2023,22
Copenhagen,Tanzania,2023,1
Copenhagen,Thailand,2023,31
Copenhagen,Tunisia,2023,6
Copenhagen,Turkey,2023,73
Copenhagen,USA,2023,2423
Copenhagen,Uganda,2023,1
Copenhagen,Ukraine,2023,439
Copenhagen,United Kingdom,2023,410
Copenhagen,Uruguay,2023,3
Copenhagen,Uzbekistan,2023,4
Copenhagen,Venezuela,2023,4
Copenhagen,Vietnam,2023,28
Copenhagen,Yugoslavia,2023,4
Copenhagen,Zimbabwe,2023,1
Dragør,Bosnia and Herzegovina,2023,1
Dragør,Denmark,2023,45
Dragør,Germany,2023,1
Dragør,Italy,2023,3
Dragør,Lithuania,2023,1
Dragør,Moldova,2023,1
Dragør,Netherlands,2023,1
Dragør,Norway,2023,2
Dragør,Not stated,2023,1
Dragør,Philippines,2023,6
Dragør,Romania,2023,1
Dragør,Russia,2023,2
Dragør,Sweden,2023,1
Dragør,USA,2023,2
Dragør,Ukraine,2023,16
Egedal,Brazil,2023,1
Egedal,Bulgaria,2023,11
Egedal,Canada,2023,1
Egedal,Czech Republic,2023,1
Egedal,Denmark,2023,66
Egedal,Germany,2023,6
Egedal,Greece,2023,3
Egedal,Hungary,2023,1
Egedal,India,2023,11
Egedal,Iran,2023,3
Egedal,Italy,2023,5
Egedal,Japan,2023,2
Egedal,Latvia,2023,2
Egedal,Lithuania,2023,13
Egedal,Nepal,2023,1
Egedal,Netherlands,2023,3
Egedal,Philippines,2023,1
Egedal,Poland,2023,1
Egedal,Romania,2023,8
Egedal,Russia,2023,1
Egedal,Slovakia,2023,1
Egedal,Somalia,2023,2
Egedal,Spain,2023,2
Egedal,Stateless,2023,5
Egedal,Sweden,2023,2
Egedal,Syria,2023,1
Egedal,Thailand,2023,1
Egedal,Turkey,2023,1
Egedal,USA,2023,10
Egedal,Ukraine,2023,52
Egedal,United Kingdom,2023,1
Egedal,Vietnam,2023,1
Esbjerg,Algeria,2023,1
Esbjerg,Argentina,2023,3
Esbjerg,Australia,2023,2
Esbjerg,Austria,2023,4
Esbjerg,Bangladesh,2023,12
Esbjerg,Belgium,2023,6
Esbjerg,Bosnia and Herzegovina,2023,1
Esbjerg,Brazil,2023,6
Esbjerg,Brunei,2023,4
Esbjerg,Bulgaria,2023,11
Esbjerg,Cambodia,2023,1
Esbjerg,Canada,2023,5
Esbjerg,Chile,2023,5
Esbjerg,China,2023,13
Esbjerg,Colombia,2023,1
Esbjerg,Croatia,2023,8
Esbjerg,Cyprus,2023,1
Esbjerg,Czech Republic,2023,11
Esbjerg,Denmark,2023,275
Esbjerg,Ecuador,2023,2
Esbjerg,Eritrea,2023,1
Esbjerg,Estonia,2023,1
Esbjerg,Finland,2023,3
Esbjerg,France,2023,27
Esbjerg,Germany,2023,27
Esbjerg,Greece,2023,3
Esbjerg,Hungary,2023,20
Esbjerg,Iceland,2023,7
Esbjerg,India,2023,14
Esbjerg,Indonesia,2023,1
Esbjerg,Iran,2023,5
Esbjerg,Ireland,2023,4
Esbjerg,Italy,2023,24
Esbjerg,Japan,2023,4
Esbjerg,Kazakhstan,2023,8
Esbjerg,Kyrgyzstan,2023,1
Esbjerg,Latvia,2023,5
Esbjerg,Lithuania,2023,11
Esbjerg,Malaysia,2023,4
Esbjerg,Mexico,2023,1
Esbjerg,Moldova,2023,1
Esbjerg,Myanmar,2023,1
Esbjerg,Nepal,2023,9
Esbjerg,Netherlands,2023,21
Esbjerg,Nigeria,2023,7
Esbjerg,North Korea,2023,1
Esbjerg,Norway,2023,28
Esbjerg,Pakistan,2023,8
Esbjerg,Paraguay,2023,1
Esbjerg,Philippines,2023,4
Esbjerg,Poland,2023,28
Esbjerg,Portugal,2023,3
Esbjerg,Romania,2023,56
Esbjerg,Russia,2023,10
Esbjerg,Serbia,2023,7
Esbjerg,Slovakia,2023,12
Esbjerg,South Africa,2023,2
Esbjerg,South Korea,2023,4
Esbjerg,Spain,2023,33
Esbjerg,Sri Lanka,2023,2
Esbjerg,Sudan,2023,1
Esbjerg,Sweden,2023,5
Esbjerg,Switzerland,2023,2
Esbjerg,Syria,2023,4
Esbjerg,Thailand,2023,5
Esbjerg,Turkey,2023,2
Esbjerg,USA,2023,9
Esbjerg,Uganda,2023,1
Esbjerg,Ukraine,2023,101
Esbjerg,United Kingdom,2023,33
Esbjerg,Vietnam,2023,3
Faaborg-Midtfyn,Austria,2023,2
Faaborg-Midtfyn,Bangladesh,2023,1
Faaborg-Midtfyn,Bosnia and Herzegovina,2023,1
Faaborg-Midtfyn,Brazil,2023,1
Faaborg-Midtfyn,Bulgaria,2023,17
Faaborg-Midtfyn,Chile,2023,2
Faaborg-Midtfyn,Croatia,2023,1
Faaborg-Midtfyn,Denmark,2023,93
Faaborg-Midtfyn,Germany,2023,1
Faaborg-Midtfyn,Hungary,2023,5
Faaborg-Midtfyn,Iceland,2023,3
Faaborg-Midtfyn,India,2023,1
Faaborg-Midtfyn,Ireland,2023,1
Faaborg-Midtfyn,Italy,2023,1
Faaborg-Midtfyn,Latvia,2023,4
Faaborg-Midtfyn,Libya,2023,5
Faaborg-Midtfyn,Lithuania,2023,10
Faaborg-Midtfyn,Netherlands,2023,2
Faaborg-Midtfyn,New Zealand,2023,1
Faaborg-Midtfyn,Norway,2023,1
Faaborg-Midtfyn,Philippines,2023,1
Faaborg-Midtfyn,Poland,2023,23
Faaborg-Midtfyn,Portugal,2023,2
Faaborg-Midtfyn,Romania,2023,62
Faaborg-Midtfyn,Serbia,2023,1
Faaborg-Midtfyn,Somalia,2023,9
Faaborg-Midtfyn,Spain,2023,2
Faaborg-Midtfyn,Sweden,2023,1
Faaborg-Midtfyn,Syria,2023,4
Faaborg-Midtfyn,Thailand,2023,1
Faaborg-Midtfyn,USA,2023,5
Faaborg-Midtfyn,Ukraine,2023,58
Faaborg-Midtfyn,Vietnam,2023,2
Fanø,Denmark,2023,5
Fanø,France,2023,1
Fanø,Germany,2023,2
Fanø,Hungary,2023,1
Fanø,Ukraine,2023,4
Favrskov,Belgium,2023,2
Favrskov,Brazil,2023,1
Favrskov,Bulgaria,2023,1
Favrskov,Burundi,2023,1
Favrskov,Canada,2023,2
Favrskov,Chile,2023,1
Favrskov,Czech Republic,2023,1
Favrskov,Denmark,2023,76
Favrskov,Eritrea,2023,3
Favrskov,Estonia,2023,1
Favrskov,Finland,2023,1
Favrskov,France,2023,1
Favrskov,Germany,2023,1
Favrskov,Greece,2023,4
Favrskov,Hungary,2023,1
Favrskov,Iceland,2023,3
Favrskov,India,2023,1
Favrskov,Italy,2023,3
Favrskov,Kazakhstan,2023,1
Favrskov,Latvia,2023,3
Favrskov,Lithuania,2023,16
Favrskov,Netherlands,2023,1
Favrskov,New Zealand,2023,2
Favrskov,Poland,2023,34
Favrskov,Romania,2023,35
Favrskov,Somalia,2023,1
Favrskov,Spain,2023,1
Favrskov,Thailand,2023,3
Favrskov,USA,2023,1
Favrskov,Ukraine,2023,89
Favrskov,United Kingdom,2023,4
Faxe,Afghanistan,2023,8
Faxe,Australia,2023,1
Faxe,Austria,2023,1
Faxe,Brazil,2023,1
Faxe,Bulgaria,2023,22
Faxe,China,2023,2
Faxe,Croatia,2023,1
Faxe,Denmark,2023,54
Faxe,Germany,2023,1
Faxe,Hungary,2023,2
Faxe,Iceland,2023,1
Faxe,Italy,2023,4
Faxe,Japan,2023,1
Faxe,Latvia,2023,2
Faxe,Lithuania,2023,11
Faxe,Nepal,2023,1
Faxe,Netherlands,2023,2
Faxe,Norway,2023,1
Faxe,Philippines,2023,1
Faxe,Poland,2023,80
Faxe,Portugal,2023,2
Faxe,Republic of North Macedonia,2023,1
Faxe,Romania,2023,14
Faxe,Slovakia,2023,1
Faxe,South Korea,2023,1
Faxe,Spain,2023,1
Faxe,Sri Lanka,2023,1
Faxe,Sweden,2023,3
Faxe,Syria,2023,7
Faxe,Taiwan,2023,1
Faxe,Thailand,2023,1
Faxe,Turkey,2023,1
Faxe,USA,2023,1
Faxe,Ukraine,2023,20
Faxe,United Kingdom,2023,1
Fredensborg,Argentina,2023,2
Fredensborg,Australia,2023,1
Fredensborg,Bangladesh,2023,9
Fredensborg,Bulgaria,2023,23
Fredensborg,Canada,2023,1
Fredensborg,China,2023,2
Fredensborg,Denmark,2023,109
Fredensborg,Eritrea,2023,4
Fredensborg,Finland,2023,3
Fredensborg,France,2023,5
Fredensborg,Germany,2023,1
Fredensborg,India,2023,11
Fredensborg,Indonesia,2023,1
Fredensborg,Iran,2023,1
Fredensborg,Ireland,2023,1
Fredensborg,Italy,2023,2
Fredensborg,Latvia,2023,3
Fredensborg,Lithuania,2023,13
Fredensborg,Nepal,2023,1
Fredensborg,Netherlands,2023,3
Fredensborg,Nigeria,2023,1
Fredensborg,Norway,2023,12
Fredensborg,Philippines,2023,12
Fredensborg,Poland,2023,14
Fredensborg,Portugal,2023,3
Fredensborg,Romania,2023,41
Fredensborg,Russia,2023,6
Fredensborg,South Africa,2023,5
Fredensborg,Spain,2023,11
Fredensborg,Sweden,2023,4
Fredensborg,Syria,2023,5
Fredensborg,Taiwan,2023,2
Fredensborg,Thailand,2023,1
Fredensborg,Turkey,2023,2
Fredensborg,USA,2023,12
Fredensborg,Ukraine,2023,49
Fredensborg,United Kingdom,2023,8
Fredericia,Argentina,2023,1
Fredericia,Belgium,2023,3
Fredericia,Brazil,2023,1
Fredericia,Bulgaria,2023,12
Fredericia,Canada,2023,2
Fredericia,China,2023,4
Fredericia,Colombia,2023,2
Fredericia,Croatia,2023,1
Fredericia,Denmark,2023,126
Fredericia,France,2023,2
Fredericia,Germany,2023,2
Fredericia,Ghana,2023,1
Fredericia,Hungary,2023,9
Fredericia,Iceland,2023,5
Fredericia,India,2023,3
Fredericia,Iraq,2023,1
Fredericia,Ireland,2023,2
Fredericia,Italy,2023,1
Fredericia,Latvia,2023,2
Fredericia,Lithuania,2023,7
Fredericia,Morocco,2023,2
Fredericia,Nepal,2023,1
Fredericia,Netherlands,2023,5
Fredericia,Norway,2023,9
Fredericia,Philippines,2023,1
Fredericia,Poland,2023,22
Fredericia,Portugal,2023,1
Fredericia,Romania,2023,39
Fredericia,Serbia,2023,1
Fredericia,Slovakia,2023,1
Fredericia,Spain,2023,5
Fredericia,Sweden,2023,2
Fredericia,Switzerland,2023,1
Fredericia,Syria,2023,9
Fredericia,Thailand,2023,1
Fredericia,Turkey,2023,1
Fredericia,USA,2023,7
Fredericia,Ukraine,2023,42
Fredericia,United Kingdom,2023,6
Fredericia,Yugoslavia,2023,1
Frederiksberg,Afghanistan,2023,2
Frederiksberg,Albania,2023,2
Frederiksberg,Algeria,2023,1
Frederiksberg,Angola,2023,1
Frederiksberg,Argentina,2023,13
Frederiksberg,Armenia,2023,2
Frederiksberg,Australia,2023,73
Frederiksberg,Austria,2023,16
Frederiksberg,Belgium,2023,27
Frederiksberg,Bosnia and Herzegovina,2023,2
Frederiksberg,Brazil,2023,19
Frederiksberg,Bulgaria,2023,6
Frederiksberg,Canada,2023,49
Frederiksberg,Chile,2023,11
Frederiksberg,China,2023,125
Frederiksberg,Colombia,2023,8
Frederiksberg,Croatia,2023,6
Frederiksberg,Cuba,2023,1
Frederiksberg,Cyprus,2023,2
Frederiksberg,Czech Republic,2023,4
Frederiksberg,Denmark,2023,576
Frederiksberg,Dominican Republic,2023,1
Frederiksberg,Ecuador,2023,2
Frederiksberg,Egypt,2023,1
Frederiksberg,Eritrea,2023,2
Frederiksberg,Estonia,2023,1
Frederiksberg,Ethiopia,2023,1
Frederiksberg,Finland,2023,33
Frederiksberg,France,2023,113
Frederiksberg,Germany,2023,167
Frederiksberg,Ghana,2023,2
Frederiksberg,Greece,2023,21
Frederiksberg,Hungary,2023,14
Frederiksberg,Iceland,2023,29
Frederiksberg,India,2023,66
Frederiksberg,Indonesia,2023,3
Frederiksberg,Iran,2023,3
Frederiksberg,Ireland,2023,7
Frederiksberg,Israel,2023,1
Frederiksberg,Italy,2023,125
Frederiksberg,Japan,2023,27
Frederiksberg,Kenya,2023,1
Frederiksberg,Kosovo,2023,1
Frederiksberg,Latvia,2023,4
Frederiksberg,Lebanon,2023,1
Frederiksberg,Liechtenstein,2023,1
Frederiksberg,Lithuania,2023,3
Frederiksberg,Luxembourg,2023,5
Frederiksberg,Malaysia,2023,5
Frederiksberg,Malta,2023,1
Frederiksberg,Mauritius,2023,1
Frederiksberg,Mexico,2023,14
Frederiksberg,Morocco,2023,1
Frederiksberg,Nepal,2023,3
Frederiksberg,Netherlands,2023,40
Frederiksberg,New Zealand,2023,14
Frederiksberg,Nigeria,2023,1
Frederiksberg,Norway,2023,127
Frederiksberg,Pakistan,2023,5
Frederiksberg,Peru,2023,1
Frederiksberg,Philippines,2023,13
Frederiksberg,Poland,2023,31
Frederiksberg,Portugal,2023,26
Frederiksberg,Romania,2023,20
Frederiksberg,Russia,2023,5
Frederiksberg,Senegal,2023,1
Frederiksberg,Singapore,2023,38
Frederiksberg,Slovakia,2023,4
Frederiksberg,Slovenia,2023,1
Frederiksberg,Somalia,2023,1
Frederiksberg,South Africa,2023,3
Frederiksberg,South Korea,2023,21
Frederiksberg,Spain,2023,60
Frederiksberg,Sri Lanka,2023,1
Frederiksberg,Sweden,2023,109
Frederiksberg,Switzerland,2023,28
Frederiksberg,Syria,2023,1
Frederiksberg,Taiwan,2023,8
Frederiksberg,Tanzania,2023,2
Frederiksberg,Thailand,2023,28
Frederiksberg,Tunisia,2023,1
Frederiksberg,Turkey,2023,13
Frederiksberg,USA,2023,328
Frederiksberg,Ukraine,2023,74
Frederiksberg,United Kingdom,2023,95
Frederiksberg,Venezuela,2023,1
Frederiksberg,Vietnam,2023,4
Frederiksberg,Yemen,2023,1
Frederikshavn,Argentina,2023,1
Frederikshavn,Australia,2023,1
Frederikshavn,Belgium,2023,2
Frederikshavn,Bulgaria,2023,8
Frederikshavn,China,2023,5
Frederikshavn,Colombia,2023,2
Frederikshavn,"Congo, Democratic Republic",2023,1
Frederikshavn,Costa Rica,2023,1
Frederikshavn,Czech Republic,2023,2
Frederikshavn,Denmark,2023,136
Frederikshavn,Eritrea,2023,5
Frederikshavn,Finland,2023,2
Frederikshavn,Germany,2023,1
Frederikshavn,Hungary,2023,3
Frederikshavn,Iceland,2023,3
Frederikshavn,Italy,2023,5
Frederikshavn,Latvia,2023,6
Frederikshavn,Lithuania,2023,22
Frederikshavn,Moldova,2023,5
Frederikshavn,Myanmar,2023,2
Frederikshavn,Netherlands,2023,1
Frederikshavn,Norway,2023,13
Frederikshavn,Poland,2023,43
Frederikshavn,Romania,2023,68
Frederikshavn,Serbia,2023,2
Frederikshavn,South Africa,2023,1
Frederikshavn,Spain,2023,4
Frederikshavn,Sri Lanka,2023,1
Frederikshavn,Sweden,2023,7
Frederikshavn,Syria,2023,2
Frederikshavn,Taiwan,2023,1
Frederikshavn,Thailand,2023,2
Frederikshavn,Turkey,2023,1
Frederikshavn,USA,2023,2
Frederikshavn,Ukraine,2023,89
Frederikshavn,United Kingdom,2023,1
Frederikshavn,Vietnam,2023,2
Frederikssund,Afghanistan,2023,7
Frederikssund,Brazil,2023,1
Frederikssund,Bulgaria,2023,3
Frederikssund,Canada,2023,1
Frederikssund,Chile,2023,1
Frederikssund,China,2023,2
Frederikssund,Croatia,2023,1
Frederikssund,Denmark,2023,92
Frederikssund,Eritrea,2023,3
Frederikssund,Germany,2023,2
Frederikssund,Iran,2023,5
Frederikssund,Ireland,2023,2
Frederikssund,Latvia,2023,2
Frederikssund,Lithuania,2023,17
Frederikssund,Mexico,2023,1
Frederikssund,Norway,2023,1
Frederikssund,Philippines,2023,1
Frederikssund,Poland,2023,15
Frederikssund,Portugal,2023,1
Frederikssund,Romania,2023,26
Frederikssund,Sweden,2023,5
Frederikssund,Switzerland,2023,1
Frederikssund,Syria,2023,1
Frederikssund,Thailand,2023,1
Frederikssund,Turkey,2023,1
Frederikssund,Ukraine,2023,35
Furesø,Austria,2023,2
Furesø,Bolivia,2023,1
Furesø,Brazil,2023,1
Furesø,Bulgaria,2023,16
Furesø,Canada,2023,1
Furesø,China,2023,16
Furesø,Cyprus,2023,2
Furesø,Denmark,2023,117
Furesø,Finland,2023,2
Furesø,France,2023,2
Furesø,Germany,2023,10
Furesø,Ghana,2023,3
Furesø,Hungary,2023,6
Furesø,Iceland,2023,1
Furesø,India,2023,10
Furesø,Iran,2023,4
Furesø,Italy,2023,3
Furesø,Ivory Coast,2023,2
Furesø,Latvia,2023,2
Furesø,Lithuania,2023,10
Furesø,Moldova,2023,1
Furesø,Morocco,2023,2
Furesø,Netherlands,2023,2
Furesø,Norway,2023,5
Furesø,Pakistan,2023,4
Furesø,Philippines,2023,4
Furesø,Poland,2023,13
Furesø,Portugal,2023,6
Furesø,Romania,2023,22
Furesø,Russia,2023,1
Furesø,Singapore,2023,5
Furesø,Slovakia,2023,1
Furesø,South Africa,2023,1
Furesø,Spain,2023,6
Furesø,Sudan,2023,1
Furesø,Sweden,2023,7
Furesø,Switzerland,2023,2
Furesø,Syria,2023,7
Furesø,Thailand,2023,1
Furesø,Turkey,2023,13
Furesø,USA,2023,13
Furesø,Ukraine,2023,15
Furesø,United Kingdom,2023,4
Gentofte,Argentina,2023,7
Gentofte,Australia,2023,12
Gentofte,Austria,2023,3
Gentofte,Belarus,2023,3
Gentofte,Belgium,2023,11
Gentofte,Bolivia,2023,1
Gentofte,Brazil,2023,4
Gentofte,Bulgaria,2023,3
Gentofte,Canada,2023,4
Gentofte,Chile,2023,9
Gentofte,China,2023,31
Gentofte,Croatia,2023,5
Gentofte,Cyprus,2023,1
Gentofte,Czech Republic,2023,8
Gentofte,Denmark,2023,322
Gentofte,Egypt,2023,6
Gentofte,Eritrea,2023,2
Gentofte,Finland,2023,14
Gentofte,France,2023,21
Gentofte,Georgia,2023,1
Gentofte,Germany,2023,38
Gentofte,Ghana,2023,1
Gentofte,Greece,2023,4
Gentofte,Hungary,2023,2
Gentofte,Iceland,2023,8
Gentofte,India,2023,57
Gentofte,Iran,2023,10
Gentofte,Ireland,2023,4
Gentofte,Israel,2023,4
Gentofte,Italy,2023,47
Gentofte,Japan,2023,8
Gentofte,Kazakhstan,2023,1
Gentofte,Latvia,2023,7
Gentofte,Lithuania,2023,15
Gentofte,Malaysia,2023,1
Gentofte,Mexico,2023,5
Gentofte,Nepal,2023,5
Gentofte,Netherlands,2023,22
Gentofte,New Zealand,2023,8
Gentofte,Nigeria,2023,1
Gentofte,Norway,2023,10
Gentofte,Not stated,2023,2
Gentofte,Pakistan,2023,3
Gentofte,Philippines,2023,136
Gentofte,Poland,2023,17
Gentofte,Portugal,2023,21
Gentofte,Republic of North Macedonia,2023,1
Gentofte,Romania,2023,16
Gentofte,Russia,2023,3
Gentofte,Saudi Arabia,2023,1
Gentofte,Slovakia,2023,5
Gentofte,Slovenia,2023,1
Gentofte,South Africa,2023,7
Gentofte,South Korea,2023,5
Gentofte,Spain,2023,23
Gentofte,Sweden,2023,14
Gentofte,Switzerland,2023,4
Gentofte,Syria,2023,5
Gentofte,Taiwan,2023,1
Gentofte,Thailand,2023,4
Gentofte,Turkey,2023,1
Gentofte,USA,2023,39
Gentofte,Ukraine,2023,59
Gentofte,United Kingdom,2023,45
Gentofte,Venezuela,2023,2
Gentofte,Vietnam,2023,1
Gladsaxe,Afghanistan,2023,1
Gladsaxe,Albania,2023,1
Gladsaxe,Algeria,2023,1
Gladsaxe,Austria,2023,1
Gladsaxe,Azerbaijan,2023,1
Gladsaxe,Bahrain,2023,1
Gladsaxe,Bangladesh,2023,14
Gladsaxe,Belgium,2023,1
Gladsaxe,Brazil,2023,12
Gladsaxe,Bulgaria,2023,10
Gladsaxe,Cambodia,2023,1
Gladsaxe,Cameroon,2023,3
Gladsaxe,Canada,2023,3
Gladsaxe,Chile,2023,2
Gladsaxe,China,2023,14
Gladsaxe,Croatia,2023,10
Gladsaxe,Cyprus,2023,2
Gladsaxe,Czech Republic,2023,2
Gladsaxe,Denmark,2023,260
Gladsaxe,Finland,2023,1
Gladsaxe,France,2023,7
Gladsaxe,Germany,2023,15
Gladsaxe,Ghana,2023,2
Gladsaxe,Greece,2023,9
Gladsaxe,Hungary,2023,7
Gladsaxe,Iceland,2023,10
Gladsaxe,India,2023,88
Gladsaxe,Indonesia,2023,1
Gladsaxe,Iran,2023,22
Gladsaxe,Iraq,2023,1
Gladsaxe,Ireland,2023,6
Gladsaxe,Italy,2023,23
Gladsaxe,Japan,2023,3
Gladsaxe,Kenya,2023,1
Gladsaxe,Kosovo,2023,1
Gladsaxe,Latvia,2023,5
Gladsaxe,Lithuania,2023,22
Gladsaxe,Mexico,2023,13
Gladsaxe,Montenegro,2023,1
Gladsaxe,Morocco,2023,3
Gladsaxe,Nepal,2023,23
Gladsaxe,Netherlands,2023,5
Gladsaxe,Norway,2023,5
Gladsaxe,Pakistan,2023,8
Gladsaxe,Panama,2023,1
Gladsaxe,Philippines,2023,8
Gladsaxe,Poland,2023,21
Gladsaxe,Portugal,2023,5
Gladsaxe,Republic of North Macedonia,2023,1
Gladsaxe,Romania,2023,49
Gladsaxe,Russia,2023,4
Gladsaxe,Singapore,2023,1
Gladsaxe,Slovakia,2023,1
Gladsaxe,Spain,2023,20
Gladsaxe,Stateless,2023,2
Gladsaxe,Sweden,2023,20
Gladsaxe,Syria,2023,3
Gladsaxe,Thailand,2023,3
Gladsaxe,Turkey,2023,9
Gladsaxe,USA,2023,15
Gladsaxe,Uganda,2023,1
Gladsaxe,Ukraine,2023,16
Gladsaxe,United Kingdom,2023,19
Gladsaxe,Vietnam,2023,1
Gladsaxe,Yemen,2023,1
Glostrup,Argentina,2023,1
Glostrup,Bangladesh,2023,7
Glostrup,Belgium,2023,1
Glostrup,Bulgaria,2023,19
Glostrup,Chile,2023,1
Glostrup,China,2023,7
Glostrup,Croatia,2023,2
Glostrup,Denmark,2023,59
Glostrup,Finland,2023,4
Glostrup,France,2023,1
Glostrup,Germany,2023,2
Glostrup,Greece,2023,4
Glostrup,Hungary,2023,1
Glostrup,Iceland,2023,1
Glostrup,India,2023,13
Glostrup,Iran,2023,4
Glostrup,Iraq,2023,1
Glostrup,Ireland,2023,4
Glostrup,Italy,2023,7
Glostrup,Japan,2023,1
Glostrup,Kosovo,2023,1
Glostrup,Latvia,2023,1
Glostrup,Lithuania,2023,4
Glostrup,Nepal,2023,2
Glostrup,New Zealand,2023,1
Glostrup,Norway,2023,2
Glostrup,Pakistan,2023,9
Glostrup,Philippines,2023,1
Glostrup,Poland,2023,4
Glostrup,Portugal,2023,5
Glostrup,Republic of North Macedonia,2023,4
Glostrup,Romania,2023,22
Glostrup,Slovakia,2023,1
Glostrup,Spain,2023,5
Glostrup,Sri Lanka,2023,1
Glostrup,Stateless,2023,1
Glostrup,Sweden,2023,4
Glostrup,Syria,2023,2
Glostrup,Turkey,2023,1
Glostrup,USA,2023,17
Glostrup,Ukraine,2023,14
Glostrup,United Kingdom,2023,1
Glostrup,Vietnam,2023,1
Greve,Albania,2023,1
Greve,Azerbaijan,2023,1
Greve,Bangladesh,2023,8
Greve,Bulgaria,2023,15
Greve,China,2023,4
Greve,Denmark,2023,97
Greve,Dominican Republic,2023,1
Greve,Ethiopia,2023,1
Greve,France,2023,2
Greve,Germany,2023,9
Greve,India,2023,10
Greve,Iran,2023,3
Greve,Iraq,2023,1
Greve,Italy,2023,11
Greve,Japan,2023,1
Greve,Kazakhstan,2023,4
Greve,Latvia,2023,3
Greve,Lebanon,2023,1
Greve,Lithuania,2023,16
Greve,Norway,2023,1
Greve,Pakistan,2023,6
Greve,Paraguay,2023,4
Greve,Philippines,2023,3
Greve,Poland,2023,37
Greve,Portugal,2023,5
Greve,Republic of North Macedonia,2023,1
Greve,Romania,2023,35
Greve,Serbia,2023,1
Greve,Slovakia,2023,4
Greve,Spain,2023,7
Greve,Sweden,2023,3
Greve,Syria,2023,1
Greve,Thailand,2023,1
Greve,Turkey,2023,8
Greve,USA,2023,20
Greve,Uganda,2023,2
Greve,Ukraine,2023,28
Greve,United Kingdom,2023,1
Greve,Vietnam,2023,1
Gribskov,Australia,2023,2
Gribskov,Brazil,2023,1
Gribskov,China,2023,5
Gribskov,Colombia,2023,1
Gribskov,Czech Republic,2023,1
Gribskov,Denmark,2023,98
Gribskov,Egypt,2023,1
Gribskov,Estonia,2023,3
Gribskov,Germany,2023,5
Gribskov,Iceland,2023,12
Gribskov,Italy,2023,7
Gribskov,Latvia,2023,1
Gribskov,Lithuania,2023,9
Gribskov,Mexico,2023,1
Gribskov,Moldova,2023,1
Gribskov,Nigeria,2023,1
Gribskov,Norway,2023,2
Gribskov,Pakistan,2023,1
Gribskov,Philippines,2023,4
Gribskov,Poland,2023,25
Gribskov,Portugal,2023,1
Gribskov,Romania,2023,33
Gribskov,Spain,2023,4
Gribskov,Sweden,2023,3
Gribskov,Syria,2023,8
Gribskov,Uganda,2023,3
Gribskov,Ukraine,2023,33
Gribskov,United Kingdom,2023,4
Guldborgsund,Argentina,2023,1
Guldborgsund,Belarus,2023,2
Guldborgsund,Belgium,2023,4
Guldborgsund,Bulgaria,2023,26
Guldborgsund,China,2023,2
Guldborgsund,Croatia,2023,9
Guldborgsund,Czech Republic,2023,1
Guldborgsund,Denmark,2023,90
Guldborgsund,France,2023,2
Guldborgsund,Germany,2023,8
Guldborgsund,Hungary,2023,2
Guldborgsund,India,2023,2
Guldborgsund,Iraq,2023,1
Guldborgsund,Italy,2023,8
Guldborgsund,Japan,2023,1
Guldborgsund,Kenya,2023,1
Guldborgsund,Kosovo,2023,1
Guldborgsund,Lebanon,2023,1
Guldborgsund,Lithuania,2023,3
Guldborgsund,Mexico,2023,2
Guldborgsund,Netherlands,2023,1
Guldborgsund,Norway,2023,2
Guldborgsund,Pakistan,2023,1
Guldborgsund,Philippines,2023,5
Guldborgsund,Poland,2023,26
Guldborgsund,Portugal,2023,1
Guldborgsund,Romania,2023,45
Guldborgsund,Serbia and Montenegro,2023,2
Guldborgsund,Slovenia,2023,1
Guldborgsund,Somalia,2023,1
Guldborgsund,Spain,2023,3
Guldborgsund,Sweden,2023,8
Guldborgsund,Syria,2023,4
Guldborgsund,Thailand,2023,3
Guldborgsund,Turkey,2023,3
Guldborgsund,USA,2023,7
Guldborgsund,Ukraine,2023,90
Guldborgsund,United Kingdom,2023,2
Guldborgsund,Vietnam,2023,4
Guldborgsund,Yugoslavia,2023,1
Haderslev,Austria,2023,4
Haderslev,Belgium,2023,5
Haderslev,Brazil,2023,5
Haderslev,Bulgaria,2023,1
Haderslev,Cameroon,2023,1
Haderslev,Canada,2023,3
Haderslev,"Congo, Democratic Republic",2023,4
Haderslev,Czech Republic,2023,4
Haderslev,Denmark,2023,118
Haderslev,Finland,2023,1
Haderslev,France,2023,3
Haderslev,"Gambia, The",2023,1
Haderslev,Germany,2023,33
Haderslev,Greece,2023,2
Haderslev,Guatemala,2023,1
Haderslev,Hungary,2023,6
Haderslev,Iceland,2023,4
Haderslev,India,2023,1
Haderslev,Ireland,2023,2
Haderslev,Israel,2023,1
Haderslev,Italy,2023,7
Haderslev,Japan,2023,3
Haderslev,Latvia,2023,4
Haderslev,Lithuania,2023,5
Haderslev,Netherlands,2023,4
Haderslev,Norway,2023,8
Haderslev,Philippines,2023,1
Haderslev,Poland,2023,11
Haderslev,Romania,2023,65
Haderslev,Serbia,2023,5
Haderslev,Serbia and Montenegro,2023,1
Haderslev,Slovakia,2023,3
Haderslev,Spain,2023,11
Haderslev,Sweden,2023,3
Haderslev,Switzerland,2023,3
Haderslev,Syria,2023,9
Haderslev,Thailand,2023,2
Haderslev,USA,2023,6
Haderslev,Ukraine,2023,83
Haderslev,United Kingdom,2023,2
Haderslev,Vietnam,2023,1
Halsnæs,Bulgaria,2023,18
Halsnæs,China,2023,2
Halsnæs,Croatia,2023,1
Halsnæs,Denmark,2023,46
Halsnæs,France,2023,2
Halsnæs,Germany,2023,2
Halsnæs,Hungary,2023,1
Halsnæs,Iceland,2023,1
Halsnæs,Italy,2023,4
Halsnæs,Japan,2023,1
Halsnæs,Lithuania,2023,9
Halsnæs,Pakistan,2023,2
Halsnæs,Philippines,2023,3
Halsnæs,Poland,2023,9
Halsnæs,Romania,2023,43
Halsnæs,Russia,2023,1
Halsnæs,Serbia,2023,2
Halsnæs,Slovakia,2023,3
Halsnæs,Spain,2023,1
Halsnæs,Syria,2023,3
Halsnæs,Ukraine,2023,19
Halsnæs,United Kingdom,2023,2
Halsnæs,Yugoslavia,2023,2
Hedensted,Austria,2023,2
Hedensted,Belarus,2023,1
Hedensted,Bosnia and Herzegovina,2023,3
Hedensted,Brazil,2023,4
Hedensted,Bulgaria,2023,10
Hedensted,Chile,2023,1
Hedensted,Croatia,2023,1
Hedensted,Denmark,2023,110
Hedensted,France,2023,1
Hedensted,Germany,2023,4
Hedensted,Hungary,2023,3
Hedensted,Iceland,2023,5
Hedensted,Iran,2023,1
Hedensted,Italy,2023,1
Hedensted,Japan,2023,2
Hedensted,Latvia,2023,52
Hedensted,Lithuania,2023,26
Hedensted,Mexico,2023,1
Hedensted,New Zealand,2023,1
Hedensted,North Korea,2023,1
Hedensted,Philippines,2023,1
Hedensted,Poland,2023,52
Hedensted,Portugal,2023,2
Hedensted,Romania,2023,69
Hedensted,Slovakia,2023,1
Hedensted,Spain,2023,1
Hedensted,Sweden,2023,2
Hedensted,Syria,2023,4
Hedensted,Thailand,2023,1
Hedensted,Turkey,2023,1
Hedensted,Turkmenistan,2023,1
Hedensted,USA,2023,3
Hedensted,Ukraine,2023,31
Helsingør,Austria,2023,1
Helsingør,Belgium,2023,25
Helsingør,Bosnia and Herzegovina,2023,1
Helsingør,Brazil,2023,2
Helsingør,Bulgaria,2023,5
Helsingør,Cameroon,2023,1
Helsingør,Canada,2023,5
Helsingør,China,2023,5
Helsingør,Colombia,2023,2
Helsingør,Costa Rica,2023,1
Helsingør,Croatia,2023,4
Helsingør,Czech Republic,2023,1
Helsingør,Denmark,2023,189
Helsingør,Egypt,2023,2
Helsingør,Eritrea,2023,2
Helsingør,Estonia,2023,3
Helsingør,Finland,2023,2
Helsingør,France,2023,10
Helsingør,Germany,2023,15
Helsingør,Ghana,2023,1
Helsingør,Greece,2023,1
Helsingør,Hungary,2023,1
Helsingør,Iceland,2023,6
Helsingør,India,2023,4
Helsingør,Indonesia,2023,1
Helsingør,Iran,2023,2
Helsingør,Iraq,2023,2
Helsingør,Ireland,2023,3
Helsingør,Italy,2023,12
Helsingør,Japan,2023,20
Helsingør,Kenya,2023,1
Helsingør,Kyrgyzstan,2023,1
Helsingør,Lebanon,2023,3
Helsingør,Lithuania,2023,10
Helsingør,Mexico,2023,4
Helsingør,Morocco,2023,2
Helsingør,Nepal,2023,1
Helsingør,Netherlands,2023,10
Helsingør,Norway,2023,7
Helsingør,Pakistan,2023,3
Helsingør,Philippines,2023,10
Helsingør,Poland,2023,4
Helsingør,Romania,2023,13
Helsingør,Rwanda,2023,1
Helsingør,Senegal,2023,1
Helsingør,South Africa,2023,1
Helsingør,South Korea,2023,9
Helsingør,Spain,2023,14
Helsingør,Stateless,2023,1
Helsingør,Sweden,2023,10
Helsingør,Syria,2023,4
Helsingør,Tanzania,2023,1
Helsingør,Thailand,2023,1
Helsingør,USA,2023,21
Helsingør,Ukraine,2023,61
Helsingør,United Kingdom,2023,5
Helsingør,Vietnam,2023,6
Herlev,Afghanistan,2023,2
Herlev,Azerbaijan,2023,7
Herlev,Bangladesh,2023,1
Herlev,Bulgaria,2023,9
Herlev,Cameroon,2023,1
Herlev,Canada,2023,1
Herlev,China,2023,6
Herlev,Croatia,2023,1
Herlev,Czech Republic,2023,1
Herlev,Denmark,2023,78
Herlev,Egypt,2023,1
Herlev,Eritrea,2023,1
Herlev,Finland,2023,2
Herlev,Georgia,2023,2
Herlev,Ghana,2023,12
Herlev,Iceland,2023,10
Herlev,India,2023,39
Herlev,Iran,2023,1
Herlev,Iraq,2023,2
Herlev,Ireland,2023,1
Herlev,Israel,2023,2
Herlev,Italy,2023,3
Herlev,Lebanon,2023,2
Herlev,Lithuania,2023,2
Herlev,Mauritania,2023,1
Herlev,Nepal,2023,5
Herlev,Netherlands,2023,1
Herlev,Norway,2023,5
Herlev,Pakistan,2023,1
Herlev,Philippines,2023,3
Herlev,Poland,2023,5
Herlev,Romania,2023,9
Herlev,Russia,2023,1
Herlev,South Africa,2023,3
Herlev,Spain,2023,5
Herlev,Sweden,2023,11
Herlev,Thailand,2023,1
Herlev,Turkey,2023,1
Herlev,USA,2023,9
Herlev,Ukraine,2023,40
Herlev,United Kingdom,2023,2
Herlev,Vietnam,2023,1
Herning,Afghanistan,2023,1
Herning,Australia,2023,1
Herning,Austria,2023,3
Herning,Bangladesh,2023,2
Herning,Belgium,2023,3
Herning,Bosnia and Herzegovina,2023,1
Herning,Brazil,2023,3
Herning,Bulgaria,2023,22
Herning,Canada,2023,7
Herning,China,2023,7
Herning,Colombia,2023,1
Herning,Croatia,2023,1
Herning,Czech Republic,2023,5
Herning,Denmark,2023,166
Herning,Egypt,2023,1
Herning,Eritrea,2023,5
Herning,Estonia,2023,1
Herning,Ethiopia,2023,3
Herning,Finland,2023,12
Herning,France,2023,10
Herning,Germany,2023,11
Herning,Greece,2023,4
Herning,Guinea,2023,2
Herning,Hungary,2023,10
Herning,Iceland,2023,8
Herning,India,2023,3
Herning,Iran,2023,1
Herning,Ireland,2023,1
Herning,Italy,2023,8
Herning,Ivory Coast,2023,1
Herning,Japan,2023,3
Herning,Jordan,2023,1
Herning,Kenya,2023,1
Herning,Latvia,2023,19
Herning,Lithuania,2023,15
Herning,Netherlands,2023,13
Herning,New Zealand,2023,2
Herning,Norway,2023,14
Herning,Philippines,2023,2
Herning,Poland,2023,48
Herning,Portugal,2023,6
Herning,Romania,2023,66
Herning,Russia,2023,2
Herning,Sierra Leone,2023,1
Herning,Slovakia,2023,17
Herning,Slovenia,2023,1
Herning,South Korea,2023,2
Herning,Spain,2023,12
Herning,Sweden,2023,11
Herning,Syria,2023,10
Herning,Thailand,2023,1
Herning,USA,2023,6
Herning,Uganda,2023,1
Herning,Ukraine,2023,101
Herning,United Kingdom,2023,8
Herning,Uruguay,2023,1
Herning,Uzbekistan,2023,1
Herning,Vietnam,2023,1
Herning,Zambia,2023,1
Hillerød,Argentina,2023,1
Hillerød,Austria,2023,1
Hillerød,Belgium,2023,1
Hillerød,Brazil,2023,5
Hillerød,Bulgaria,2023,15
Hillerød,China,2023,11
Hillerød,Croatia,2023,3
Hillerød,Denmark,2023,171
Hillerød,Estonia,2023,1
Hillerød,Germany,2023,4
Hillerød,Guatemala,2023,2
Hillerød,Honduras,2023,1
Hillerød,Iceland,2023,2
Hillerød,India,2023,2
Hillerød,Indonesia,2023,1
Hillerød,Iran,2023,4
Hillerød,Iraq,2023,1
Hillerød,Ireland,2023,9
Hillerød,Italy,2023,5
Hillerød,Kazakhstan,2023,1
Hillerød,Kyrgyzstan,2023,2
Hillerød,Latvia,2023,9
Hillerød,Lithuania,2023,20
Hillerød,Netherlands,2023,1
Hillerød,Norway,2023,2
Hillerød,Pakistan,2023,1
Hillerød,Philippines,2023,1
Hillerød,Poland,2023,55
Hillerød,Portugal,2023,2
Hillerød,Romania,2023,32
Hillerød,Singapore,2023,1
Hillerød,Slovakia,2023,6
Hillerød,Slovenia,2023,1
Hillerød,South Korea,2023,1
Hillerød,Spain,2023,5
Hillerød,Sweden,2023,11
Hillerød,Syria,2023,16
Hillerød,Turkey,2023,1
Hillerød,USA,2023,7
Hillerød,Ukraine,2023,38
Hillerød,United Kingdom,2023,11
Hillerød,Yugoslavia,2023,1
Hillerød,Zambia,2023,2
Hjørring,Africa not stated,2023,1
Hjørring,Australia,2023,8
Hjørring,Austria,2023,1
Hjørring,Belarus,2023,1
Hjørring,Belgium,2023,19
Hjørring,Bolivia,2023,1
Hjørring,Brazil,2023,1
Hjørring,Bulgaria,2023,4
Hjørring,China,2023,1
Hjørring,Colombia,2023,1
Hjørring,Czech Republic,2023,12
Hjørring,Denmark,2023,140
Hjørring,Ecuador,2023,1
Hjørring,Eritrea,2023,7
Hjørring,France,2023,2
Hjørring,Germany,2023,18
Hjørring,Ghana,2023,4
Hjørring,Greece,2023,3
Hjørring,Hungary,2023,10
Hjørring,Iceland,2023,4
Hjørring,India,2023,6
Hjørring,Iran,2023,1
Hjørring,Iraq,2023,1
Hjørring,Italy,2023,9
Hjørring,Ivory Coast,2023,1
Hjørring,Japan,2023,32
Hjørring,Kenya,2023,1
Hjørring,Latvia,2023,3
Hjørring,Lebanon,2023,1
Hjørring,Lithuania,2023,1
Hjørring,Malta,2023,1
Hjørring,Mexico,2023,1
Hjørring,Mozambique,2023,1
Hjørring,Netherlands,2023,6
Hjørring,New Zealand,2023,1
Hjørring,Norway,2023,22
Hjørring,Philippines,2023,3
Hjørring,Poland,2023,32
Hjørring,Portugal,2023,2
Hjørring,Romania,2023,69
Hjørring,Russia,2023,1
Hjørring,Singapore,2023,1
Hjørring,Slovakia,2023,2
Hjørring,South Korea,2023,1
Hjørring,Spain,2023,9
Hjørring,Sri Lanka,2023,2
Hjørring,Sudan,2023,6
Hjørring,Sweden,2023,9
Hjørring,Switzerland,2023,1
Hjørring,Syria,2023,4
Hjørring,Taiwan,2023,1
Hjørring,Tanzania,2023,1
Hjørring,Turkey,2023,1
Hjørring,USA,2023,8
Hjørring,Uganda,2023,3
Hjørring,Ukraine,2023,76
Hjørring,United Kingdom,2023,1
Hjørring,Vietnam,2023,4
Holbæk,Albania,2023,1
Holbæk,Australia,2023,3
Holbæk,Austria,2023,1
Holbæk,Bangladesh,2023,1
Holbæk,Brazil,2023,2
Holbæk,Bulgaria,2023,13
Holbæk,Chile,2023,1
Holbæk,China,2023,2
Holbæk,Croatia,2023,1
Holbæk,Czech Republic,2023,8
Holbæk,Denmark,2023,126
Holbæk,Eritrea,2023,1
Holbæk,Europe not stated,2023,1
Holbæk,Germany,2023,5
Holbæk,Ghana,2023,1
Holbæk,Greece,2023,1
Holbæk,Hungary,2023,3
Holbæk,Iceland,2023,2
Holbæk,India,2023,4
Holbæk,Iraq,2023,5
Holbæk,Italy,2023,4
Holbæk,Japan,2023,1
Holbæk,Latvia,2023,6
Holbæk,Lithuania,2023,25
Holbæk,Moldova,2023,4
Holbæk,Netherlands,2023,3
Holbæk,Norway,2023,3
Holbæk,Philippines,2023,3
Holbæk,Poland,2023,25
Holbæk,Romania,2023,21
Holbæk,Spain,2023,6
Holbæk,Stateless,2023,1
Holbæk,Sweden,2023,9
Holbæk,Syria,2023,2
Holbæk,Thailand,2023,3
Holbæk,Turkey,2023,9
Holbæk,USA,2023,5
Holbæk,Ukraine,2023,84
Holbæk,United Kingdom,2023,7
Holbæk,Vietnam,2023,6
Holstebro,Afghanistan,2023,1
Holstebro,Brazil,2023,1
Holstebro,Bulgaria,2023,9
Holstebro,China,2023,1
Holstebro,Croatia,2023,2
Holstebro,Cyprus,2023,1
Holstebro,Czech Republic,2023,3
Holstebro,Denmark,2023,114
Holstebro,Eritrea,2023,1
Holstebro,France,2023,2
Holstebro,Germany,2023,7
Holstebro,Greece,2023,1
Holstebro,Hungary,2023,2
Holstebro,Iceland,2023,3
Holstebro,Iraq,2023,3
Holstebro,Italy,2023,2
Holstebro,Japan,2023,1
Holstebro,Latvia,2023,3
Holstebro,Lithuania,2023,4
Holstebro,Netherlands,2023,6
Holstebro,Norway,2023,1
Holstebro,Peru,2023,1
Holstebro,Philippines,2023,1
Holstebro,Poland,2023,11
Holstebro,Romania,2023,34
Holstebro,Spain,2023,5
Holstebro,Sweden,2023,4
Holstebro,Switzerland,2023,1
Holstebro,Syria,2023,13
Holstebro,Taiwan,2023,1
Holstebro,Thailand,2023,2
Holstebro,Turkey,2023,1
Holstebro,USA,2023,1
Holstebro,Ukraine,2023,44
Holstebro,United Kingdom,2023,2
Holstebro,Uzbekistan,2023,1
Holstebro,Vietnam,2023,4
Horsens,Argentina,2023,1
Horsens,Austria,2023,2
Horsens,Belgium,2023,5
Horsens,Bosnia and Herzegovina,2023,1
Horsens,Brazil,2023,4
Horsens,Bulgaria,2023,29
Horsens,Chile,2023,4
Horsens,China,2023,20
Horsens,Costa Rica,2023,1
Horsens,Croatia,2023,10
Horsens,Czech Republic,2023,9
Horsens,Denmark,2023,178
Horsens,Estonia,2023,6
Horsens,Ethiopia,2023,1
Horsens,Finland,2023,3
Horsens,France,2023,76
Horsens,Germany,2023,32
Horsens,Ghana,2023,1
Horsens,Greece,2023,1
Horsens,Hungary,2023,12
Horsens,Iceland,2023,14
Horsens,India,2023,13
Horsens,Iran,2023,4
Horsens,Iraq,2023,1
Horsens,Ireland,2023,1
Horsens,Italy,2023,32
Horsens,Kenya,2023,2
Horsens,Kosovo,2023,1
Horsens,Latvia,2023,19
Horsens,Lebanon,2023,1
Horsens,Lithuania,2023,65
Horsens,Malaysia,2023,1
Horsens,Malta,2023,4
Horsens,Moldova,2023,1
Horsens,Netherlands,2023,4
Horsens,North Korea,2023,1
Horsens,Norway,2023,10
Horsens,Philippines,2023,3
Horsens,Poland,2023,146
Horsens,Portugal,2023,11
Horsens,Romania,2023,180
Horsens,Sao Tome and Principe,2023,1
Horsens,Serbia,2023,1
Horsens,Slovakia,2023,32
Horsens,South Korea,2023,1
Horsens,South Sudan,2023,1
Horsens,Spain,2023,40
Horsens,Sweden,2023,3
Horsens,Switzerland,2023,1
Horsens,Syria,2023,21
Horsens,Tanzania,2023,1
Horsens,Thailand,2023,3
Horsens,Trinidad and Tobago,2023,1
Horsens,Tunisia,2023,1
Horsens,Turkey,2023,1
Horsens,USA,2023,7
Horsens,Ukraine,2023,92
Horsens,United Kingdom,2023,7
Horsens,Uzbekistan,2023,1
Horsens,Vietnam,2023,1
Hvidovre,Australia,2023,1
Hvidovre,Bangladesh,2023,5
Hvidovre,Belgium,2023,2
Hvidovre,Bulgaria,2023,38
Hvidovre,Canada,2023,2
Hvidovre,Chile,2023,1
Hvidovre,China,2023,27
Hvidovre,Croatia,2023,7
Hvidovre,Czech Republic,2023,2
Hvidovre,Denmark,2023,146
Hvidovre,Egypt,2023,2
Hvidovre,Finland,2023,2
Hvidovre,France,2023,5
Hvidovre,Georgia,2023,1
Hvidovre,Germany,2023,8
Hvidovre,Greece,2023,4
Hvidovre,Hungary,2023,5
Hvidovre,Iceland,2023,2
Hvidovre,India,2023,13
Hvidovre,Indonesia,2023,1
Hvidovre,Iran,2023,6
Hvidovre,Iraq,2023,1
Hvidovre,Italy,2023,24
Hvidovre,Japan,2023,3
Hvidovre,Latvia,2023,5
Hvidovre,Lebanon,2023,2
Hvidovre,Lesotho,2023,1
Hvidovre,Lithuania,2023,14
Hvidovre,Malta,2023,1
Hvidovre,Mexico,2023,1
Hvidovre,Moldova,2023,1
Hvidovre,Morocco,2023,1
Hvidovre,Nepal,2023,25
Hvidovre,Netherlands,2023,3
Hvidovre,Norway,2023,3
Hvidovre,Not stated,2023,7
Hvidovre,Pakistan,2023,9
Hvidovre,Philippines,2023,2
Hvidovre,Poland,2023,16
Hvidovre,Portugal,2023,12
Hvidovre,Republic of North Macedonia,2023,4
Hvidovre,Romania,2023,36
Hvidovre,Russia,2023,1
Hvidovre,Slovakia,2023,3
Hvidovre,Slovenia,2023,1
Hvidovre,South Korea,2023,1
Hvidovre,Spain,2023,15
Hvidovre,Stateless,2023,2
Hvidovre,Sweden,2023,17
Hvidovre,Taiwan,2023,1
Hvidovre,Thailand,2023,2
Hvidovre,Tunisia,2023,1
Hvidovre,Turkey,2023,1
Hvidovre,USA,2023,12
Hvidovre,Ukraine,2023,33
Hvidovre,United Kingdom,2023,7
Hvidovre,Uruguay,2023,1
Hvidovre,Vietnam,2023,1
Høje-Taastrup,Afghanistan,2023,4
Høje-Taastrup,Austria,2023,5
Høje-Taastrup,Bangladesh,2023,18
Høje-Taastrup,Belgium,2023,2
Høje-Taastrup,Bulgaria,2023,101
Høje-Taastrup,Cambodia,2023,3
Høje-Taastrup,Cameroon,2023,13
Høje-Taastrup,Canada,2023,2
Høje-Taastrup,China,2023,5
Høje-Taastrup,Croatia,2023,6
Høje-Taastrup,Cyprus,2023,3
Høje-Taastrup,Czech Republic,2023,2
Høje-Taastrup,Denmark,2023,167
Høje-Taastrup,Ethiopia,2023,4
Høje-Taastrup,Finland,2023,1
Høje-Taastrup,France,2023,4
Høje-Taastrup,Germany,2023,8
Høje-Taastrup,Greece,2023,3
Høje-Taastrup,Hungary,2023,4
Høje-Taastrup,Iceland,2023,8
Høje-Taastrup,India,2023,41
Høje-Taastrup,Iran,2023,8
Høje-Taastrup,Ireland,2023,6
Høje-Taastrup,Italy,2023,6
Høje-Taastrup,Jordan,2023,1
Høje-Taastrup,Kenya,2023,1
Høje-Taastrup,Latvia,2023,3
Høje-Taastrup,Lebanon,2023,1
Høje-Taastrup,Lithuania,2023,22
Høje-Taastrup,Malaysia,2023,1
Høje-Taastrup,Morocco,2023,1
Høje-Taastrup,Nepal,2023,16
Høje-Taastrup,Netherlands,2023,4
Høje-Taastrup,Nigeria,2023,1
Høje-Taastrup,Norway,2023,10
Høje-Taastrup,Pakistan,2023,13
Høje-Taastrup,Philippines,2023,1
Høje-Taastrup,Poland,2023,44
Høje-Taastrup,Portugal,2023,14
Høje-Taastrup,Republic of North Macedonia,2023,3
Høje-Taastrup,Romania,2023,91
Høje-Taastrup,Russia,2023,1
Høje-Taastrup,Slovakia,2023,2
Høje-Taastrup,South Africa,2023,3
Høje-Taastrup,Spain,2023,15
Høje-Taastrup,Stateless,2023,1
Høje-Taastrup,Sweden,2023,17
Høje-Taastrup,Tanzania,2023,1
Høje-Taastrup,Thailand,2023,1
Høje-Taastrup,Turkey,2023,13
Høje-Taastrup,USA,2023,14
Høje-Taastrup,Ukraine,2023,11
Høje-Taastrup,United Kingdom,2023,6
Hørsholm,Austria,2023,1
Hørsholm,Belgium,2023,1
Hørsholm,Brazil,2023,3
Hørsholm,Bulgaria,2023,3
Hørsholm,Canada,2023,2
Hørsholm,Chile,2023,1
Hørsholm,China,2023,2
Hørsholm,Colombia,2023,1
Hørsholm,Croatia,2023,1
Hørsholm,Denmark,2023,98
Hørsholm,Estonia,2023,1
Hørsholm,Germany,2023,3
Hørsholm,India,2023,2
Hørsholm,Indonesia,2023,1
Hørsholm,Iran,2023,1
Hørsholm,Israel,2023,1
Hørsholm,Italy,2023,8
Hørsholm,Lithuania,2023,3
Hørsholm,Morocco,2023,1
Hørsholm,Netherlands,2023,6
Hørsholm,Norway,2023,2
Hørsholm,Philippines,2023,19
Hørsholm,Poland,2023,7
Hørsholm,Romania,2023,9
Hørsholm,South Africa,2023,1
Hørsholm,Spain,2023,1
Hørsholm,Sweden,2023,4
Hørsholm,Switzerland,2023,1
Hørsholm,Thailand,2023,1
Hørsholm,Turkey,2023,1
Hørsholm,USA,2023,7
Hørsholm,Ukraine,2023,47
Ikast-Brande,Afghanistan,2023,7
Ikast-Brande,Argentina,2023,1
Ikast-Brande,Australia,2023,1
Ikast-Brande,Belgium,2023,2
Ikast-Brande,Bosnia and Herzegovina,2023,1
Ikast-Brande,Brazil,2023,2
Ikast-Brande,Bulgaria,2023,3
Ikast-Brande,Cambodia,2023,1
Ikast-Brande,Canada,2023,2
Ikast-Brande,Colombia,2023,1
Ikast-Brande,Denmark,2023,101
Ikast-Brande,France,2023,3
Ikast-Brande,Germany,2023,7
Ikast-Brande,Greece,2023,1
Ikast-Brande,Hungary,2023,1
Ikast-Brande,Iceland,2023,4
Ikast-Brande,India,2023,34
Ikast-Brande,Iran,2023,2
Ikast-Brande,Ireland,2023,1
Ikast-Brande,Italy,2023,3
Ikast-Brande,Japan,2023,1
Ikast-Brande,Latvia,2023,18
Ikast-Brande,Lithuania,2023,65
Ikast-Brande,Mali,2023,1
Ikast-Brande,Mexico,2023,2
Ikast-Brande,Netherlands,2023,6
Ikast-Brande,Nigeria,2023,1
Ikast-Brande,Norway,2023,5
Ikast-Brande,Poland,2023,13
Ikast-Brande,Portugal,2023,1
Ikast-Brande,Romania,2023,52
Ikast-Brande,Slovakia,2023,2
Ikast-Brande,Slovenia,2023,1
Ikast-Brande,Spain,2023,6
Ikast-Brande,Sri Lanka,2023,1
Ikast-Brande,Stateless,2023,1
Ikast-Brande,Sweden,2023,2
Ikast-Brande,Syria,2023,3
Ikast-Brande,Thailand,2023,2
Ikast-Brande,USA,2023,2
Ikast-Brande,Ukraine,2023,59
Ikast-Brande,United Kingdom,2023,3
Ikast-Brande,Vietnam,2023,1
Ishøj,Bangladesh,2023,12
Ishøj,Bulgaria,2023,35
Ishøj,China,2023,1
Ishøj,Croatia,2023,1
Ishøj,Cuba,2023,1
Ishøj,Czech Republic,2023,1
Ishøj,Denmark,2023,68
Ishøj,France,2023,1
Ishøj,Germany,2023,2
Ishøj,Hungary,2023,1
Ishøj,Iceland,2023,3
Ishøj,India,2023,13
Ishøj,Iran,2023,1
Ishøj,Italy,2023,5
Ishøj,Latvia,2023,3
Ishøj,Lithuania,2023,11
Ishøj,Morocco,2023,1
Ishøj,Nepal,2023,11
Ishøj,Netherlands,2023,1
Ishøj,Norway,2023,1
Ishøj,Pakistan,2023,16
Ishøj,Philippines,2023,2
Ishøj,Poland,2023,30
Ishøj,Portugal,2023,9
Ishøj,Republic of North Macedonia,2023,3
Ishøj,Romania,2023,10
Ishøj,Singapore,2023,1
Ishøj,Slovakia,2023,3
Ishøj,Slovenia,2023,1
Ishøj,Spain,2023,5
Ishøj,Sweden,2023,6
Ishøj,Turkey,2023,4
Ishøj,USA,2023,2
Ishøj,Ukraine,2023,16
Ishøj,United Kingdom,2023,4
Ishøj,Vietnam,2023,1
Jammerbugt,Bulgaria,2023,6
Jammerbugt,Czech Republic,2023,2
Jammerbugt,Denmark,2023,53
Jammerbugt,Finland,2023,1
Jammerbugt,France,2023,2
Jammerbugt,Germany,2023,4
Jammerbugt,Greece,2023,2
Jammerbugt,Iceland,2023,3
Jammerbugt,India,2023,1
Jammerbugt,Iraq,2023,5
Jammerbugt,Italy,2023,1
Jammerbugt,Latvia,2023,5
Jammerbugt,Luxembourg,2023,3
Jammerbugt,Mali,2023,1
Jammerbugt,Nigeria,2023,1
Jammerbugt,Norway,2023,1
Jammerbugt,Poland,2023,10
Jammerbugt,Portugal,2023,1
Jammerbugt,Romania,2023,4
Jammerbugt,Spain,2023,2
Jammerbugt,Sweden,2023,3
Jammerbugt,Turkey,2023,1
Jammerbugt,USA,2023,1
Jammerbugt,Ukraine,2023,71
Jammerbugt,Vietnam,2023,1
Kalundborg,Afghanistan,2023,1
Kalundborg,Albania,2023,1
Kalundborg,Algeria,2023,3
Kalundborg,Argentina,2023,1
Kalundborg,Armenia,2023,2
Kalundborg,Australia,2023,3
Kalundborg,Belarus,2023,1
Kalundborg,Brazil,2023,2
Kalundborg,Bulgaria,2023,14
Kalundborg,China,2023,3
Kalundborg,Croatia,2023,2
Kalundborg,Czech Republic,2023,1
Kalundborg,Denmark,2023,76
Kalundborg,Finland,2023,1
Kalundborg,France,2023,4
Kalundborg,Georgia,2023,1
Kalundborg,Germany,2023,1
Kalundborg,Ghana,2023,1
Kalundborg,Hungary,2023,3
Kalundborg,India,2023,9
Kalundborg,Italy,2023,6
Kalundborg,Japan,2023,11
Kalundborg,Kenya,2023,1
Kalundborg,Latvia,2023,4
Kalundborg,Lithuania,2023,4
Kalundborg,Mexico,2023,1
Kalundborg,Moldova,2023,2
Kalundborg,New Zealand,2023,1
Kalundborg,Nigeria,2023,1
Kalundborg,Norway,2023,3
Kalundborg,Pakistan,2023,1
Kalundborg,Philippines,2023,1
Kalundborg,Poland,2023,20
Kalundborg,Portugal,2023,2
Kalundborg,Romania,2023,23
Kalundborg,Somalia,2023,4
Kalundborg,Spain,2023,13
Kalundborg,Stateless,2023,3
Kalundborg,Sweden,2023,4
Kalundborg,Syria,2023,10
Kalundborg,Thailand,2023,1
Kalundborg,Uganda,2023,1
Kalundborg,Ukraine,2023,80
Kalundborg,United Kingdom,2023,13
Kalundborg,Venezuela,2023,1
Kalundborg,Vietnam,2023,4
Kerteminde,Albania,2023,3
Kerteminde,Brazil,2023,1
Kerteminde,Bulgaria,2023,1
Kerteminde,Croatia,2023,5
Kerteminde,Denmark,2023,46
Kerteminde,Germany,2023,8
Kerteminde,Hungary,2023,1
Kerteminde,Ireland,2023,7
Kerteminde,Latvia,2023,11
Kerteminde,Lithuania,2023,8
Kerteminde,Philippines,2023,1
Kerteminde,Poland,2023,17
Kerteminde,Portugal,2023,3
Kerteminde,Romania,2023,35
Kerteminde,Spain,2023,2
Kerteminde,Sweden,2023,1
Kerteminde,USA,2023,1
Kerteminde,Ukraine,2023,45
Kerteminde,United Kingdom,2023,6
Kerteminde,Vietnam,2023,15
Kolding,Argentina,2023,2
Kolding,Austria,2023,1
Kolding,Bangladesh,2023,6
Kolding,Belgium,2023,5
Kolding,Bosnia and Herzegovina,2023,2
Kolding,Brazil,2023,4
Kolding,Bulgaria,2023,17
Kolding,Canada,2023,3
Kolding,Chile,2023,3
Kolding,China,2023,7
Kolding,Colombia,2023,2
Kolding,"Congo, Democratic Republic",2023,1
Kolding,Croatia,2023,5
Kolding,Czech Republic,2023,17
Kolding,Denmark,2023,282
Kolding,Egypt,2023,1
Kolding,Estonia,2023,2
Kolding,Ethiopia,2023,1
Kolding,Finland,2023,1
Kolding,France,2023,10
Kolding,Germany,2023,35
Kolding,Greece,2023,2
Kolding,Honduras,2023,1
Kolding,Hungary,2023,12
Kolding,Iceland,2023,12
Kolding,India,2023,49
Kolding,Indonesia,2023,1
Kolding,Iran,2023,5
Kolding,Iraq,2023,1
Kolding,Ireland,2023,2
Kolding,Italy,2023,11
Kolding,Kenya,2023,2
Kolding,Kosovo,2023,2
Kolding,Latvia,2023,15
Kolding,Lithuania,2023,13
Kolding,Mexico,2023,2
Kolding,Moldova,2023,1
Kolding,Nepal,2023,1
Kolding,Netherlands,2023,7
Kolding,New Zealand,2023,7
Kolding,Norway,2023,4
Kolding,Pakistan,2023,9
Kolding,Peru,2023,1
Kolding,Philippines,2023,9
Kolding,Poland,2023,65
Kolding,Portugal,2023,5
Kolding,Republic of North Macedonia,2023,2
Kolding,Romania,2023,39
Kolding,Russia,2023,8
Kolding,Saudi Arabia,2023,1
Kolding,Serbia,2023,2
Kolding,Singapore,2023,1
Kolding,Slovakia,2023,21
Kolding,Slovenia,2023,2
Kolding,Somalia,2023,1
Kolding,South Korea,2023,2
Kolding,Spain,2023,22
Kolding,Sri Lanka,2023,3
Kolding,Stateless,2023,1
Kolding,Sweden,2023,6
Kolding,Switzerland,2023,2
Kolding,Syria,2023,5
Kolding,Taiwan,2023,1
Kolding,Thailand,2023,9
Kolding,USA,2023,3
Kolding,Uganda,2023,2
Kolding,Ukraine,2023,56
Kolding,United Kingdom,2023,9
Kolding,Vietnam,2023,2
Køge,Afghanistan,2023,2
Køge,Albania,2023,1
Køge,Austria,2023,2
Køge,Bangladesh,2023,1
Køge,Bosnia and Herzegovina,2023,7
Køge,Brazil,2023,1
Køge,Bulgaria,2023,44
Køge,Cameroon,2023,1
Køge,Chile,2023,2
Køge,China,2023,8
Køge,Croatia,2023,6
Køge,Cyprus,2023,1
Køge,Czech Republic,2023,3
Køge,Denmark,2023,117
Køge,Eritrea,2023,5
Køge,Estonia,2023,3
Køge,Finland,2023,1
Køge,France,2023,2
Køge,Germany,2023,4
Køge,Greece,2023,1
Køge,Hungary,2023,4
Køge,India,2023,1
Køge,Iran,2023,2
Køge,Italy,2023,13
Køge,Japan,2023,1
Køge,Lithuania,2023,14
Køge,Netherlands,2023,1
Køge,New Zealand,2023,1
Køge,Norway,2023,1
Køge,Poland,2023,35
Køge,Portugal,2023,10
Køge,Republic of North Macedonia,2023,2
Køge,Romania,2023,69
Køge,Slovakia,2023,8
Køge,South Korea,2023,1
Køge,Sweden,2023,11
Køge,Syria,2023,6
Køge,Thailand,2023,4
Køge,Tunisia,2023,1
Køge,USA,2023,3
Køge,Ukraine,2023,51
Køge,United Kingdom,2023,3
Køge,Vietnam,2023,1
Langeland,Bulgaria,2023,2
Langeland,Chile,2023,1
Langeland,Denmark,2023,28
Langeland,Germany,2023,3
Langeland,Italy,2023,4
Langeland,Lebanon,2023,1
Langeland,Lithuania,2023,10
Langeland,Moldova,2023,1
Langeland,Netherlands,2023,1
Langeland,Norway,2023,2
Langeland,Philippines,2023,2
Langeland,Poland,2023,26
Langeland,Romania,2023,14
Langeland,Russia,2023,1
Langeland,Spain,2023,4
Langeland,Turkey,2023,1
Langeland,USA,2023,1
Langeland,Ukraine,2023,16
Lejre,Bulgaria,2023,7
Lejre,China,2023,1
Lejre,Czech Republic,2023,2
Lejre,Denmark,2023,48
Lejre,Finland,2023,2
Lejre,France,2023,1
Lejre,Georgia,2023,1
Lejre,Germany,2023,2
Lejre,Hungary,2023,5
Lejre,Iran,2023,2
Lejre,Iraq,2023,1
Lejre,Latvia,2023,1
Lejre,Lithuania,2023,9
Lejre,Moldova,2023,1
Lejre,Poland,2023,14
Lejre,Romania,2023,14
Lejre,Slovakia,2023,1
Lejre,Sweden,2023,4
Lejre,Syria,2023,2
Lejre,Turkey,2023,1
Lejre,Ukraine,2023,28
Lejre,United Kingdom,2023,2
Lemvig,Bulgaria,2023,5
Lemvig,China,2023,1
Lemvig,Colombia,2023,1
Lemvig,Denmark,2023,34
Lemvig,Egypt,2023,1
Lemvig,Germany,2023,10
Lemvig,Hungary,2023,1
Lemvig,Iceland,2023,1
Lemvig,Italy,2023,6
Lemvig,Latvia,2023,4
Lemvig,Lithuania,2023,7
Lemvig,Netherlands,2023,2
Lemvig,Norway,2023,3
Lemvig,Poland,2023,4
Lemvig,Portugal,2023,2
Lemvig,Romania,2023,40
Lemvig,Spain,2023,45
Lemvig,Syria,2023,1
Lemvig,Thailand,2023,3
Lemvig,USA,2023,1
Lemvig,Ukraine,2023,36
Lemvig,United Kingdom,2023,1
Lemvig,Venezuela,2023,4
Lemvig,Vietnam,2023,1
Lolland,Austria,2023,1
Lolland,Brazil,2023,2
Lolland,Bulgaria,2023,14
Lolland,Canada,2023,3
Lolland,China,2023,2
Lolland,Colombia,2023,1
Lolland,Croatia,2023,4
Lolland,Czech Republic,2023,1
Lolland,Denmark,2023,82
Lolland,Ecuador,2023,1
Lolland,France,2023,5
Lolland,Germany,2023,15
Lolland,Greece,2023,1
Lolland,Hungary,2023,2
Lolland,Iceland,2023,1
Lolland,India,2023,1
Lolland,Italy,2023,1
Lolland,Lithuania,2023,3
Lolland,Netherlands,2023,2
Lolland,Norway,2023,5
Lolland,Philippines,2023,5
Lolland,Poland,2023,24
Lolland,Portugal,2023,7
Lolland,Romania,2023,41
Lolland,Russia,2023,1
Lolland,Serbia,2023,2
Lolland,Slovakia,2023,1
Lolland,South Korea,2023,1
Lolland,Spain,2023,14
Lolland,Stateless,2023,6
Lolland,Sweden,2023,2
Lolland,Syria,2023,2
Lolland,Thailand,2023,4
Lolland,Uganda,2023,1
Lolland,Ukraine,2023,45
Lolland,United Kingdom,2023,2
Lolland,Yugoslavia,2023,2
Lyngby-Taarbæk,Afghanistan,2023,2
Lyngby-Taarbæk,Argentina,2023,2
Lyngby-Taarbæk,Australia,2023,28
Lyngby-Taarbæk,Austria,2023,4
Lyngby-Taarbæk,Bahrain,2023,1
Lyngby-Taarbæk,Bangladesh,2023,5
Lyngby-Taarbæk,Belgium,2023,19
Lyngby-Taarbæk,Bolivia,2023,1
Lyngby-Taarbæk,Brazil,2023,15
Lyngby-Taarbæk,Bulgaria,2023,6
Lyngby-Taarbæk,Canada,2023,16
Lyngby-Taarbæk,Chile,2023,4
Lyngby-Taarbæk,China,2023,129
Lyngby-Taarbæk,Colombia,2023,4
Lyngby-Taarbæk,Croatia,2023,2
Lyngby-Taarbæk,Cuba,2023,1
Lyngby-Taarbæk,Cyprus,2023,1
Lyngby-Taarbæk,Czech Republic,2023,12
Lyngby-Taarbæk,Denmark,2023,274
Lyngby-Taarbæk,Ecuador,2023,1
Lyngby-Taarbæk,Egypt,2023,3
Lyngby-Taarbæk,Eritrea,2023,1
Lyngby-Taarbæk,Estonia,2023,9
Lyngby-Taarbæk,Ethiopia,2023,1
Lyngby-Taarbæk,Finland,2023,3
Lyngby-Taarbæk,France,2023,40
Lyngby-Taarbæk,Germany,2023,85
Lyngby-Taarbæk,Ghana,2023,2
Lyngby-Taarbæk,Greece,2023,12
Lyngby-Taarbæk,Haiti,2023,1
Lyngby-Taarbæk,Hungary,2023,15
Lyngby-Taarbæk,Iceland,2023,13
Lyngby-Taarbæk,India,2023,45
Lyngby-Taarbæk,Indonesia,2023,2
Lyngby-Taarbæk,Iran,2023,32
Lyngby-Taarbæk,Iraq,2023,2
Lyngby-Taarbæk,Ireland,2023,2
Lyngby-Taarbæk,Italy,2023,64
Lyngby-Taarbæk,Japan,2023,4
Lyngby-Taarbæk,Kazakhstan,2023,4
Lyngby-Taarbæk,Kenya,2023,2
Lyngby-Taarbæk,Latvia,2023,3
Lyngby-Taarbæk,Lebanon,2023,1
Lyngby-Taarbæk,Libya,2023,1
Lyngby-Taarbæk,Lithuania,2023,13
Lyngby-Taarbæk,Malaysia,2023,3
Lyngby-Taarbæk,Mexico,2023,26
Lyngby-Taarbæk,Morocco,2023,1
Lyngby-Taarbæk,Netherlands,2023,27
Lyngby-Taarbæk,New Zealand,2023,1
Lyngby-Taarbæk,North Korea,2023,2
Lyngby-Taarbæk,Norway,2023,18
Lyngby-Taarbæk,Pakistan,2023,7
Lyngby-Taarbæk,Philippines,2023,24
Lyngby-Taarbæk,Poland,2023,21
Lyngby-Taarbæk,Portugal,2023,17
Lyngby-Taarbæk,Romania,2023,10
Lyngby-Taarbæk,Russia,2023,6
Lyngby-Taarbæk,Saudi Arabia,2023,1
Lyngby-Taarbæk,Senegal,2023,1
Lyngby-Taarbæk,Serbia,2023,2
Lyngby-Taarbæk,Singapore,2023,20
Lyngby-Taarbæk,Slovakia,2023,5
Lyngby-Taarbæk,Slovenia,2023,1
Lyngby-Taarbæk,South Korea,2023,20
Lyngby-Taarbæk,Spain,2023,51
Lyngby-Taarbæk,Sweden,2023,12
Lyngby-Taarbæk,Switzerland,2023,12
Lyngby-Taarbæk,Syria,2023,5
Lyngby-Taarbæk,Taiwan,2023,3
Lyngby-Taarbæk,Thailand,2023,2
Lyngby-Taarbæk,Tunisia,2023,3
Lyngby-Taarbæk,Turkey,2023,7
Lyngby-Taarbæk,USA,2023,197
Lyngby-Taarbæk,Ukraine,2023,91
Lyngby-Taarbæk,United Kingdom,2023,24
Lyngby-Taarbæk,Vietnam,2023,2
Læsø,Denmark,2023,5
Læsø,Germany,2023,1
Læsø,Slovenia,2023,1
Læsø,Sweden,2023,3
Læsø,Ukraine,2023,2
Mariagerfjord,Azerbaijan,2023,1
Mariagerfjord,Bulgaria,2023,5
Mariagerfjord,Burkina Faso,2023,1
Mariagerfjord,Croatia,2023,4
Mariagerfjord,Czech Republic,2023,1
Mariagerfjord,Denmark,2023,74
Mariagerfjord,Egypt,2023,1
Mariagerfjord,Estonia,2023,1
Mariagerfjord,France,2023,1
Mariagerfjord,Germany,2023,2
Mariagerfjord,Iceland,2023,1
Mariagerfjord,India,2023,5
Mariagerfjord,Iran,2023,4
Mariagerfjord,Iraq,2023,1
Mariagerfjord,Italy,2023,1
Mariagerfjord,Kosovo,2023,1
Mariagerfjord,Lithuania,2023,4
Mariagerfjord,Netherlands,2023,2
Mariagerfjord,Norway,2023,1
Mariagerfjord,Philippines,2023,1
Mariagerfjord,Poland,2023,35
Mariagerfjord,Romania,2023,50
Mariagerfjord,Russia,2023,2
Mariagerfjord,Rwanda,2023,2
Mariagerfjord,Slovakia,2023,3
Mariagerfjord,Syria,2023,14
Mariagerfjord,Tanzania,2023,1
Mariagerfjord,Thailand,2023,3
Mariagerfjord,Turkey,2023,1
Mariagerfjord,USA,2023,2
Mariagerfjord,Uganda,2023,1
Mariagerfjord,Ukraine,2023,95
Mariagerfjord,Vietnam,2023,2
Middelfart,Australia,2023,1
Middelfart,Austria,2023,1
Middelfart,Belgium,2023,6
Middelfart,Brazil,2023,2
Middelfart,Bulgaria,2023,1
Middelfart,Canada,2023,6
Middelfart,China,2023,1
Middelfart,Costa Rica,2023,3
Middelfart,Croatia,2023,2
Middelfart,Denmark,2023,85
Middelfart,France,2023,1
Middelfart,Germany,2023,2
Middelfart,Hungary,2023,6
Middelfart,Iceland,2023,2
Middelfart,Iraq,2023,1
Middelfart,Italy,2023,5
Middelfart,Japan,2023,1
Middelfart,Latvia,2023,3
Middelfart,Lithuania,2023,9
Middelfart,Mexico,2023,1
Middelfart,Nepal,2023,3
Middelfart,Norway,2023,3
Middelfart,Philippines,2023,1
Middelfart,Poland,2023,7
Middelfart,Romania,2023,14
Middelfart,South Korea,2023,1
Middelfart,Spain,2023,1
Middelfart,Sweden,2023,1
Middelfart,Switzerland,2023,1
Middelfart,Syria,2023,6
Middelfart,Thailand,2023,1
Middelfart,Turkey,2023,1
Middelfart,USA,2023,5
Middelfart,Ukraine,2023,38
Middelfart,United Kingdom,2023,2
Middelfart,Vietnam,2023,2
Morsø,Brazil,2023,1
Morsø,Bulgaria,2023,2
Morsø,"Congo, Democratic Republic",2023,1
Morsø,Denmark,2023,95
Morsø,Hungary,2023,4
Morsø,Latvia,2023,1
Morsø,Netherlands,2023,1
Morsø,Norway,2023,1
Morsø,Poland,2023,12
Morsø,Romania,2023,9
Morsø,Sweden,2023,2
Morsø,Syria,2023,8
Morsø,Ukraine,2023,48
Morsø,United Kingdom,2023,1
Morsø,Uzbekistan,2023,1
Norddjurs,Austria,2023,1
Norddjurs,Bosnia and Herzegovina,2023,3
Norddjurs,Brazil,2023,1
Norddjurs,Bulgaria,2023,1
Norddjurs,Czech Republic,2023,9
Norddjurs,Denmark,2023,70
Norddjurs,Estonia,2023,3
Norddjurs,Finland,2023,2
Norddjurs,Germany,2023,4
Norddjurs,Hungary,2023,6
Norddjurs,Iceland,2023,1
Norddjurs,Iran,2023,2
Norddjurs,Ireland,2023,1
Norddjurs,Italy,2023,16
Norddjurs,Japan,2023,1
Norddjurs,Latvia,2023,25
Norddjurs,Lithuania,2023,121
Norddjurs,Netherlands,2023,1
Norddjurs,Norway,2023,5
Norddjurs,Philippines,2023,4
Norddjurs,Poland,2023,48
Norddjurs,Romania,2023,50
Norddjurs,Slovakia,2023,4
Norddjurs,Spain,2023,2
Norddjurs,Sweden,2023,1
Norddjurs,Switzerland,2023,2
Norddjurs,Syria,2023,3
Norddjurs,Thailand,2023,2
Norddjurs,Turkey,2023,4
Norddjurs,USA,2023,1
Norddjurs,Ukraine,2023,51
Norddjurs,United Kingdom,2023,1
Norddjurs,Yugoslavia,2023,1
Nordfyns,Afghanistan,2023,2
Nordfyns,Australia,2023,2
Nordfyns,Austria,2023,5
Nordfyns,Belgium,2023,1
Nordfyns,Bosnia and Herzegovina,2023,1
Nordfyns,Bulgaria,2023,1
Nordfyns,Croatia,2023,1
Nordfyns,Denmark,2023,54
Nordfyns,Germany,2023,13
Nordfyns,Iceland,2023,2
Nordfyns,India,2023,2
Nordfyns,Ireland,2023,1
Nordfyns,Italy,2023,4
Nordfyns,Japan,2023,18
Nordfyns,Latvia,2023,4
Nordfyns,Lithuania,2023,19
Nordfyns,Nepal,2023,3
Nordfyns,Norway,2023,1
Nordfyns,Philippines,2023,2
Nordfyns,Poland,2023,22
Nordfyns,Portugal,2023,3
Nordfyns,Romania,2023,35
Nordfyns,Slovenia,2023,2
Nordfyns,Spain,2023,4
Nordfyns,Sweden,2023,1
Nordfyns,Syria,2023,4
Nordfyns,Ukraine,2023,36
Nordfyns,Vietnam,2023,3
Nyborg,Australia,2023,5
Nyborg,Bangladesh,2023,1
Nyborg,Bosnia and Herzegovina,2023,1
Nyborg,Bulgaria,2023,2
Nyborg,Canada,2023,1
Nyborg,Chile,2023,1
Nyborg,Czech Republic,2023,3
Nyborg,Denmark,2023,76
Nyborg,Estonia,2023,1
Nyborg,France,2023,1
Nyborg,Germany,2023,2
Nyborg,Greece,2023,1
Nyborg,Hungary,2023,3
Nyborg,Iceland,2023,4
Nyborg,Iran,2023,1
Nyborg,Ireland,2023,1
Nyborg,Italy,2023,4
Nyborg,Latvia,2023,4
Nyborg,Lithuania,2023,37
Nyborg,Mexico,2023,1
Nyborg,New Zealand,2023,1
Nyborg,Norway,2023,1
Nyborg,Philippines,2023,1
Nyborg,Poland,2023,13
Nyborg,Portugal,2023,1
Nyborg,Romania,2023,21
Nyborg,Slovakia,2023,4
Nyborg,Spain,2023,5
Nyborg,Sweden,2023,2
Nyborg,USA,2023,2
Nyborg,Ukraine,2023,39
Nyborg,United Kingdom,2023,5
Nyborg,Vietnam,2023,3
Næstved,Albania,2023,2
Næstved,Australia,2023,2
Næstved,Azerbaijan,2023,1
Næstved,Bangladesh,2023,1
Næstved,Belarus,2023,2
Næstved,Belgium,2023,2
Næstved,Bosnia and Herzegovina,2023,2
Næstved,Brazil,2023,1
Næstved,Bulgaria,2023,22
Næstved,Cameroon,2023,1
Næstved,Canada,2023,1
Næstved,Colombia,2023,1
Næstved,"Congo, Democratic Republic",2023,1
Næstved,Czech Republic,2023,1
Næstved,Denmark,2023,148
Næstved,Eritrea,2023,1
Næstved,Finland,2023,1
Næstved,France,2023,1
Næstved,Germany,2023,6
Næstved,Ghana,2023,1
Næstved,Greece,2023,2
Næstved,Hungary,2023,3
Næstved,Iceland,2023,5
Næstved,India,2023,3
Næstved,Iraq,2023,6
Næstved,Italy,2023,3
Næstved,Japan,2023,1
Næstved,Kenya,2023,2
Næstved,Latvia,2023,5
Næstved,Liberia,2023,1
Næstved,Lithuania,2023,14
Næstved,Moldova,2023,1
Næstved,Morocco,2023,10
Næstved,Norway,2023,2
Næstved,Pakistan,2023,3
Næstved,Philippines,2023,5
Næstved,Poland,2023,43
Næstved,Portugal,2023,7
Næstved,Romania,2023,42
Næstved,Russia,2023,1
Næstved,Serbia,2023,6
Næstved,Slovakia,2023,2
Næstved,South Korea,2023,1
Næstved,Spain,2023,7
Næstved,Sweden,2023,9
Næstved,Syria,2023,17
Næstved,Thailand,2023,2
Næstved,Turkey,2023,1
Næstved,USA,2023,10
Næstved,Uganda,2023,1
Næstved,Ukraine,2023,104
Næstved,United Kingdom,2023,5
Næstved,Vietnam,2023,1
Næstved,Yugoslavia,2023,1
Odder,Argentina,2023,1
Odder,Australia,2023,1
Odder,Brazil,2023,1
Odder,Bulgaria,2023,1
Odder,China,2023,4
Odder,Costa Rica,2023,2
Odder,Denmark,2023,45
Odder,Germany,2023,6
Odder,Guatemala,2023,3
Odder,Iceland,2023,1
Odder,India,2023,1
Odder,Italy,2023,3
Odder,Japan,2023,17
Odder,Kenya,2023,1
Odder,Latvia,2023,1
Odder,Lithuania,2023,4
Odder,Mexico,2023,3
Odder,Norway,2023,2
Odder,Poland,2023,4
Odder,Portugal,2023,1
Odder,Romania,2023,7
Odder,Slovakia,2023,2
Odder,South Korea,2023,1
Odder,Spain,2023,1
Odder,Stateless,2023,2
Odder,Sweden,2023,1
Odder,Syria,2023,15
Odder,Thailand,2023,1
Odder,USA,2023,3
Odder,Ukraine,2023,33
Odder,United Kingdom,2023,3
Odder,Vietnam,2023,2
Odense,Afghanistan,2023,3
Odense,Albania,2023,11
Odense,Algeria,2023,2
Odense,Australia,2023,8
Odense,Austria,2023,11
Odense,Azerbaijan,2023,1
Odense,Bangladesh,2023,13
Odense,Belarus,2023,1
Odense,Belgium,2023,12
Odense,Bolivia,2023,1
Odense,Bosnia and Herzegovina,2023,5
Odense,Botswana,2023,1
Odense,Brazil,2023,11
Odense,Bulgaria,2023,44
Odense,Canada,2023,10
Odense,Central African Republic,2023,1
Odense,Chad,2023,1
Odense,Chile,2023,7
Odense,China,2023,45
Odense,Colombia,2023,1
Odense,"Congo, Democratic Republic",2023,3
Odense,Costa Rica,2023,2
Odense,Croatia,2023,8
Odense,Cyprus,2023,2
Odense,Czech Republic,2023,38
Odense,Denmark,2023,686
Odense,Ecuador,2023,1
Odense,Egypt,2023,1
Odense,El Salvador,2023,1
Odense,Eritrea,2023,6
Odense,Estonia,2023,5
Odense,Finland,2023,21
Odense,France,2023,68
Odense,"Gambia, The",2023,1
Odense,Germany,2023,184
Odense,Greece,2023,10
Odense,Guinea,2023,1
Odense,Hungary,2023,32
Odense,Iceland,2023,30
Odense,India,2023,20
Odense,Indonesia,2023,4
Odense,Iran,2023,21
Odense,Iraq,2023,14
Odense,Ireland,2023,61
Odense,Israel,2023,5
Odense,Italy,2023,106
Odense,Jamaica,2023,1
Odense,Japan,2023,9
Odense,Jordan,2023,1
Odense,Kenya,2023,2
Odense,Kyrgyzstan,2023,1
Odense,Latvia,2023,30
Odense,Lithuania,2023,66
Odense,Malaysia,2023,2
Odense,Malta,2023,1
Odense,Mexico,2023,10
Odense,Morocco,2023,1
Odense,Myanmar,2023,1
Odense,Nepal,2023,8
Odense,Netherlands,2023,47
Odense,New Zealand,2023,1
Odense,Nigeria,2023,1
Odense,North Korea,2023,6
Odense,Norway,2023,74
Odense,Pakistan,2023,18
Odense,Philippines,2023,18
Odense,Poland,2023,79
Odense,Portugal,2023,45
Odense,Republic of North Macedonia,2023,4
Odense,Romania,2023,182
Odense,Russia,2023,14
Odense,Saudi Arabia,2023,2
Odense,Serbia,2023,1
Odense,Singapore,2023,10
Odense,Slovakia,2023,28
Odense,Slovenia,2023,7
Odense,Somalia,2023,8
Odense,South Africa,2023,1
Odense,South Korea,2023,13
Odense,Spain,2023,93
Odense,Sri Lanka,2023,1
Odense,Stateless,2023,4
Odense,Sudan,2023,1
Odense,Sweden,2023,41
Odense,Switzerland,2023,11
Odense,Syria,2023,7
Odense,Taiwan,2023,4
Odense,Thailand,2023,13
Odense,Tunisia,2023,2
Odense,Turkey,2023,25
Odense,USA,2023,31
Odense,Uganda,2023,1
Odense,Ukraine,2023,195
Odense,United Kingdom,2023,48
Odense,Vietnam,2023,19
Odense,Yugoslavia,2023,1
Odsherred,Afghanistan,2023,2
Odsherred,Argentina,2023,1
Odsherred,Chile,2023,1
Odsherred,China,2023,1
Odsherred,Czech Republic,2023,1
Odsherred,Denmark,2023,53
Odsherred,Finland,2023,1
Odsherred,Germany,2023,1
Odsherred,Hungary,2023,1
Odsherred,Iceland,2023,2
Odsherred,Italy,2023,1
Odsherred,Japan,2023,2
Odsherred,Latvia,2023,6
Odsherred,Lithuania,2023,11
Odsherred,Mauritania,2023,1
Odsherred,Moldova,2023,1
Odsherred,Norway,2023,2
Odsherred,Poland,2023,17
Odsherred,Romania,2023,11
Odsherred,Spain,2023,1
Odsherred,Sweden,2023,5
Odsherred,Syria,2023,16
Odsherred,USA,2023,1
Odsherred,Ukraine,2023,25
Odsherred,United Kingdom,2023,2
Odsherred,Vietnam,2023,1
Randers,Afghanistan,2023,1
Randers,Australia,2023,2
Randers,Belgium,2023,2
Randers,Bosnia and Herzegovina,2023,3
Randers,Brazil,2023,2
Randers,Bulgaria,2023,9
Randers,China,2023,3
Randers,"Congo, Democratic Republic",2023,1
Randers,"Congo, Republic",2023,1
Randers,Croatia,2023,4
Randers,Czech Republic,2023,9
Randers,Denmark,2023,198
Randers,Finland,2023,2
Randers,France,2023,3
Randers,Germany,2023,6
Randers,Greece,2023,2
Randers,Hungary,2023,8
Randers,Iceland,2023,5
Randers,India,2023,5
Randers,Iran,2023,4
Randers,Italy,2023,4
Randers,Japan,2023,6
Randers,Kyrgyzstan,2023,1
Randers,Latvia,2023,10
Randers,Lithuania,2023,28
Randers,Mexico,2023,1
Randers,Nepal,2023,3
Randers,Netherlands,2023,5
Randers,Nigeria,2023,1
Randers,Norway,2023,5
Randers,Philippines,2023,2
Randers,Poland,2023,49
Randers,Portugal,2023,4
Randers,Romania,2023,158
Randers,Slovakia,2023,16
Randers,South Africa,2023,1
Randers,South Korea,2023,2
Randers,Spain,2023,1
Randers,Sri Lanka,2023,1
Randers,Sweden,2023,3
Randers,Switzerland,2023,2
Randers,Syria,2023,32
Randers,Taiwan,2023,1
Randers,Turkey,2023,1
Randers,USA,2023,12
Randers,Uganda,2023,1
Randers,Ukraine,2023,146
Randers,United Kingdom,2023,4
Rebild,Belarus,2023,1
Rebild,Brazil,2023,3
Rebild,Bulgaria,2023,4
Rebild,China,2023,2
Rebild,Denmark,2023,53
Rebild,Eritrea,2023,1
Rebild,Ghana,2023,1
Rebild,Iceland,2023,1
Rebild,Italy,2023,8
Rebild,Kyrgyzstan,2023,2
Rebild,Latvia,2023,1
Rebild,Morocco,2023,1
Rebild,Netherlands,2023,1
Rebild,Nigeria,2023,1
Rebild,Norway,2023,1
Rebild,Not stated,2023,1
Rebild,Poland,2023,14
Rebild,Portugal,2023,2
Rebild,Romania,2023,13
Rebild,Russia,2023,1
Rebild,Somalia,2023,4
Rebild,Syria,2023,5
Rebild,Thailand,2023,1
Rebild,Turkey,2023,1
Rebild,USA,2023,1
Rebild,Ukraine,2023,61
Rebild,United Kingdom,2023,5
Rebild,Vietnam,2023,1
Ringkøbing-Skjern,Argentina,2023,2
Ringkøbing-Skjern,Australia,2023,2
Ringkøbing-Skjern,Bangladesh,2023,1
Ringkøbing-Skjern,Belgium,2023,4
Ringkøbing-Skjern,Brazil,2023,1
Ringkøbing-Skjern,Cambodia,2023,1
Ringkøbing-Skjern,China,2023,1
Ringkøbing-Skjern,Croatia,2023,1
Ringkøbing-Skjern,Czech Republic,2023,4
Ringkøbing-Skjern,Denmark,2023,120
Ringkøbing-Skjern,Estonia,2023,2
Ringkøbing-Skjern,Finland,2023,1
Ringkøbing-Skjern,France,2023,4
Ringkøbing-Skjern,Georgia,2023,1
Ringkøbing-Skjern,Germany,2023,37
Ringkøbing-Skjern,Iceland,2023,2
Ringkøbing-Skjern,India,2023,3
Ringkøbing-Skjern,Italy,2023,11
Ringkøbing-Skjern,Japan,2023,1
Ringkøbing-Skjern,Kenya,2023,1
Ringkøbing-Skjern,Latvia,2023,9
Ringkøbing-Skjern,Lithuania,2023,23
Ringkøbing-Skjern,Mexico,2023,1
Ringkøbing-Skjern,Netherlands,2023,1
Ringkøbing-Skjern,Norway,2023,7
Ringkøbing-Skjern,Philippines,2023,3
Ringkøbing-Skjern,Poland,2023,36
Ringkøbing-Skjern,Portugal,2023,2
Ringkøbing-Skjern,Romania,2023,151
Ringkøbing-Skjern,Russia,2023,2
Ringkøbing-Skjern,Slovakia,2023,3
Ringkøbing-Skjern,Spain,2023,6
Ringkøbing-Skjern,Sweden,2023,2
Ringkøbing-Skjern,Switzerland,2023,1
Ringkøbing-Skjern,Syria,2023,4
Ringkøbing-Skjern,Thailand,2023,4
Ringkøbing-Skjern,Turkey,2023,2
Ringkøbing-Skjern,USA,2023,2
Ringkøbing-Skjern,Uganda,2023,2
Ringkøbing-Skjern,Ukraine,2023,110
Ringkøbing-Skjern,United Kingdom,2023,3
Ringkøbing-Skjern,Vietnam,2023,2
Ringsted,Afghanistan,2023,2
Ringsted,Algeria,2023,1
Ringsted,Bangladesh,2023,2
Ringsted,Belgium,2023,1
Ringsted,Bulgaria,2023,15
Ringsted,China,2023,1
Ringsted,Denmark,2023,72
Ringsted,Eritrea,2023,4
Ringsted,Estonia,2023,1
Ringsted,Greece,2023,1
Ringsted,Iceland,2023,1
Ringsted,India,2023,4
Ringsted,Iran,2023,1
Ringsted,Iraq,2023,1
Ringsted,Ireland,2023,1
Ringsted,Italy,2023,2
Ringsted,Lithuania,2023,8
Ringsted,Netherlands,2023,1
Ringsted,Peru,2023,1
Ringsted,Philippines,2023,2
Ringsted,Poland,2023,48
Ringsted,Portugal,2023,7
Ringsted,Romania,2023,17
Ringsted,Spain,2023,1
Ringsted,Sweden,2023,6
Ringsted,Syria,2023,10
Ringsted,Thailand,2023,1
Ringsted,Turkey,2023,1
Ringsted,USA,2023,1
Ringsted,Ukraine,2023,30
Roskilde,Afghanistan,2023,2
Roskilde,Albania,2023,2
Roskilde,Argentina,2023,1
Roskilde,Austria,2023,5
Roskilde,Azerbaijan,2023,1
Roskilde,Belarus,2023,4
Roskilde,Belgium,2023,7
Roskilde,Brazil,2023,4
Roskilde,Bulgaria,2023,46
Roskilde,Canada,2023,4
Roskilde,China,2023,19
Roskilde,Colombia,2023,3
Roskilde,Croatia,2023,4
Roskilde,Czech Republic,2023,9
Roskilde,Denmark,2023,213
Roskilde,Eritrea,2023,1
Roskilde,Ethiopia,2023,1
Roskilde,Finland,2023,7
Roskilde,France,2023,29
Roskilde,Germany,2023,44
Roskilde,Ghana,2023,2
Roskilde,Greece,2023,10
Roskilde,Hungary,2023,6
Roskilde,Iceland,2023,4
Roskilde,India,2023,22
Roskilde,Indonesia,2023,5
Roskilde,Iran,2023,3
Roskilde,Iraq,2023,1
Roskilde,Ireland,2023,3
Roskilde,Italy,2023,39
Roskilde,Japan,2023,6
Roskilde,Latvia,2023,9
Roskilde,Lithuania,2023,22
Roskilde,Mexico,2023,10
Roskilde,Morocco,2023,1
Roskilde,Nepal,2023,2
Roskilde,Netherlands,2023,23
Roskilde,Nigeria,2023,1
Roskilde,Norway,2023,5
Roskilde,Pakistan,2023,2
Roskilde,Peru,2023,3
Roskilde,Philippines,2023,3
Roskilde,Poland,2023,45
Roskilde,Portugal,2023,9
Roskilde,Romania,2023,77
Roskilde,Russia,2023,7
Roskilde,Rwanda,2023,2
Roskilde,Serbia,2023,1
Roskilde,Slovakia,2023,15
Roskilde,Slovenia,2023,1
Roskilde,South Korea,2023,13
Roskilde,Spain,2023,33
Roskilde,Sweden,2023,3
Roskilde,Switzerland,2023,1
Roskilde,Syria,2023,8
Roskilde,Taiwan,2023,1
Roskilde,Thailand,2023,2
Roskilde,Turkey,2023,17
Roskilde,Turkmenistan,2023,1
Roskilde,USA,2023,32
Roskilde,Ukraine,2023,107
Roskilde,United Kingdom,2023,10
Roskilde,Vietnam,2023,2
Roskilde,Zambia,2023,1
Rudersdal,Albania,2023,1
Rudersdal,Argentina,2023,4
Rudersdal,Australia,2023,6
Rudersdal,Austria,2023,3
Rudersdal,Bahrain,2023,1
Rudersdal,Belgium,2023,5
Rudersdal,Brazil,2023,2
Rudersdal,Bulgaria,2023,3
Rudersdal,Canada,2023,3
Rudersdal,China,2023,13
Rudersdal,Colombia,2023,1
Rudersdal,Croatia,2023,2
Rudersdal,Cyprus,2023,1
Rudersdal,Czech Republic,2023,2
Rudersdal,Denmark,2023,240
Rudersdal,Ecuador,2023,1
Rudersdal,Egypt,2023,3
Rudersdal,Finland,2023,1
Rudersdal,France,2023,17
Rudersdal,Germany,2023,22
Rudersdal,Greece,2023,3
Rudersdal,Hungary,2023,9
Rudersdal,Iceland,2023,5
Rudersdal,India,2023,15
Rudersdal,Indonesia,2023,3
Rudersdal,Iran,2023,8
Rudersdal,Ireland,2023,2
Rudersdal,Italy,2023,24
Rudersdal,Japan,2023,12
Rudersdal,Lithuania,2023,6
Rudersdal,Madagascar,2023,1
Rudersdal,Malaysia,2023,2
Rudersdal,Mexico,2023,11
Rudersdal,Namibia,2023,1
Rudersdal,Nepal,2023,1
Rudersdal,Netherlands,2023,15
Rudersdal,Norway,2023,8
Rudersdal,Philippines,2023,47
Rudersdal,Poland,2023,12
Rudersdal,Portugal,2023,6
Rudersdal,Romania,2023,14
Rudersdal,Russia,2023,2
Rudersdal,Singapore,2023,1
Rudersdal,Somalia,2023,1
Rudersdal,South Korea,2023,6
Rudersdal,Spain,2023,27
Rudersdal,Sweden,2023,11
Rudersdal,Switzerland,2023,1
Rudersdal,Syria,2023,2
Rudersdal,Taiwan,2023,2
Rudersdal,Thailand,2023,4
Rudersdal,Turkey,2023,7
Rudersdal,USA,2023,27
Rudersdal,Ukraine,2023,48
Rudersdal,United Kingdom,2023,9
Rødovre,Argentina,2023,7
Rødovre,Australia,2023,2
Rødovre,Bangladesh,2023,9
Rødovre,Belarus,2023,1
Rødovre,Brazil,2023,2
Rødovre,Bulgaria,2023,17
Rødovre,Canada,2023,1
Rødovre,Chile,2023,3
Rødovre,China,2023,5
Rødovre,Croatia,2023,1
Rødovre,Denmark,2023,107
Rødovre,Dominican Republic,2023,5
Rødovre,Egypt,2023,2
Rødovre,Eritrea,2023,2
Rødovre,Finland,2023,2
Rødovre,France,2023,4
Rødovre,Germany,2023,6
Rødovre,Ghana,2023,1
Rødovre,Greece,2023,4
Rødovre,Hungary,2023,9
Rødovre,Iceland,2023,7
Rødovre,India,2023,35
Rødovre,Iran,2023,5
Rødovre,Iraq,2023,4
Rødovre,Ireland,2023,3
Rødovre,Italy,2023,15
Rødovre,Latvia,2023,1
Rødovre,Lithuania,2023,10
Rødovre,Montenegro,2023,1
Rødovre,Nepal,2023,14
Rødovre,Netherlands,2023,6
Rødovre,New Zealand,2023,1
Rødovre,Norway,2023,4
Rødovre,Pakistan,2023,8
Rødovre,Poland,2023,11
Rødovre,Portugal,2023,9
Rødovre,Romania,2023,43
Rødovre,Slovakia,2023,4
Rødovre,Spain,2023,8
Rødovre,Sri Lanka,2023,1
Rødovre,Sweden,2023,18
Rødovre,Thailand,2023,2
Rødovre,Turkey,2023,6
Rødovre,USA,2023,6
Rødovre,Ukraine,2023,23
Rødovre,United Kingdom,2023,5
Samsø,Belgium,2023,1
Samsø,Bulgaria,2023,4
Samsø,Croatia,2023,1
Samsø,Denmark,2023,12
Samsø,Germany,2023,1
Samsø,Italy,2023,1
Samsø,Kenya,2023,1
Samsø,Lithuania,2023,7
Samsø,Poland,2023,2
Samsø,Serbia,2023,5
Silkeborg,Brazil,2023,4
Silkeborg,Bulgaria,2023,2
Silkeborg,Chile,2023,1
Silkeborg,Colombia,2023,1
Silkeborg,Croatia,2023,1
Silkeborg,Denmark,2023,203
Silkeborg,Eritrea,2023,2
Silkeborg,France,2023,4
Silkeborg,Germany,2023,6
Silkeborg,Greece,2023,1
Silkeborg,Iceland,2023,5
Silkeborg,India,2023,1
Silkeborg,Iran,2023,1
Silkeborg,Iraq,2023,2
Silkeborg,Ireland,2023,2
Silkeborg,Italy,2023,3
Silkeborg,Kenya,2023,1
Silkeborg,Latvia,2023,1
Silkeborg,Lithuania,2023,14
Silkeborg,Luxembourg,2023,1
Silkeborg,Netherlands,2023,7
Silkeborg,Norway,2023,5
Silkeborg,Not stated,2023,1
Silkeborg,Pakistan,2023,1
Silkeborg,Philippines,2023,5
Silkeborg,Poland,2023,38
Silkeborg,Romania,2023,55
Silkeborg,Russia,2023,2
Silkeborg,Serbia,2023,2
Silkeborg,Slovakia,2023,1
Silkeborg,Somalia,2023,1
Silkeborg,South Korea,2023,1
Silkeborg,Spain,2023,6
Silkeborg,Sri Lanka,2023,1
Silkeborg,Stateless,2023,1
Silkeborg,Sweden,2023,11
Silkeborg,Syria,2023,16
Silkeborg,Thailand,2023,6
Silkeborg,Turkey,2023,4
Silkeborg,USA,2023,3
Silkeborg,Ukraine,2023,104
Silkeborg,United Kingdom,2023,1
Silkeborg,Vietnam,2023,7
Skanderborg,Afghanistan,2023,7
Skanderborg,Argentina,2023,3
Skanderborg,Austria,2023,1
Skanderborg,Brazil,2023,3
Skanderborg,Bulgaria,2023,2
Skanderborg,Canada,2023,1
Skanderborg,Chile,2023,2
Skanderborg,Croatia,2023,1
Skanderborg,Czech Republic,2023,3
Skanderborg,Denmark,2023,94
Skanderborg,Egypt,2023,1
Skanderborg,France,2023,3
Skanderborg,Germany,2023,2
Skanderborg,Iceland,2023,1
Skanderborg,India,2023,1
Skanderborg,Indonesia,2023,1
Skanderborg,Italy,2023,6
Skanderborg,Latvia,2023,3
Skanderborg,Lithuania,2023,6
Skanderborg,Luxembourg,2023,1
Skanderborg,Norway,2023,2
Skanderborg,Philippines,2023,2
Skanderborg,Poland,2023,13
Skanderborg,Portugal,2023,1
Skanderborg,Romania,2023,20
Skanderborg,Russia,2023,2
Skanderborg,Slovakia,2023,1
Skanderborg,South Africa,2023,1
Skanderborg,Syria,2023,5
Skanderborg,Thailand,2023,2
Skanderborg,Ukraine,2023,106
Skanderborg,Vietnam,2023,3
Skive,Austria,2023,1
Skive,Belarus,2023,1
Skive,Bulgaria,2023,5
Skive,Chile,2023,1
Skive,China,2023,1
Skive,"Congo, Republic",2023,1
Skive,Denmark,2023,91
Skive,Eritrea,2023,1
Skive,Estonia,2023,2
Skive,France,2023,1
Skive,Germany,2023,11
Skive,Hungary,2023,1
Skive,India,2023,6
Skive,Japan,2023,4
Skive,Latvia,2023,2
Skive,Lithuania,2023,6
Skive,Morocco,2023,1
Skive,Netherlands,2023,1
Skive,Norway,2023,2
Skive,Poland,2023,25
Skive,Romania,2023,37
Skive,Slovakia,2023,1
Skive,Spain,2023,3
Skive,Sweden,2023,2
Skive,Syria,2023,9
Skive,Thailand,2023,2
Skive,Turkey,2023,1
Skive,Uganda,2023,1
Skive,Ukraine,2023,88
Skive,Vietnam,2023,1
Skive,Zambia,2023,1
Slagelse,Afghanistan,2023,10
Slagelse,Australia,2023,1
Slagelse,Bosnia and Herzegovina,2023,1
Slagelse,Brazil,2023,2
Slagelse,Bulgaria,2023,51
Slagelse,Canada,2023,1
Slagelse,Chile,2023,1
Slagelse,China,2023,2
Slagelse,Colombia,2023,6
Slagelse,Czech Republic,2023,1
Slagelse,Denmark,2023,145
Slagelse,Estonia,2023,1
Slagelse,Ethiopia,2023,1
Slagelse,Finland,2023,6
Slagelse,France,2023,1
Slagelse,Germany,2023,4
Slagelse,Ghana,2023,1
Slagelse,Greece,2023,4
Slagelse,Hungary,2023,4
Slagelse,Iceland,2023,4
Slagelse,India,2023,16
Slagelse,Iran,2023,1
Slagelse,Iraq,2023,1
Slagelse,Italy,2023,1
Slagelse,Ivory Coast,2023,1
Slagelse,Latvia,2023,4
Slagelse,Lebanon,2023,2
Slagelse,Lithuania,2023,3
Slagelse,Mexico,2023,1
Slagelse,Montenegro,2023,1
Slagelse,Norway,2023,3
Slagelse,Pakistan,2023,2
Slagelse,Peru,2023,1
Slagelse,Philippines,2023,6
Slagelse,Poland,2023,30
Slagelse,Romania,2023,73
Slagelse,Russia,2023,2
Slagelse,Serbia,2023,5
Slagelse,Somalia,2023,4
Slagelse,Spain,2023,9
Slagelse,Stateless,2023,8
Slagelse,Sweden,2023,11
Slagelse,Syria,2023,8
Slagelse,Tanzania,2023,1
Slagelse,Thailand,2023,3
Slagelse,Turkey,2023,8
Slagelse,USA,2023,5
Slagelse,Ukraine,2023,44
Slagelse,United Kingdom,2023,2
Solrød,Afghanistan,2023,3
Solrød,Australia,2023,1
Solrød,China,2023,2
Solrød,Croatia,2023,1
Solrød,Denmark,2023,48
Solrød,Estonia,2023,2
Solrød,Finland,2023,2
Solrød,Germany,2023,3
Solrød,Iceland,2023,1
Solrød,India,2023,2
Solrød,Ireland,2023,4
Solrød,Italy,2023,1
Solrød,Lithuania,2023,4
Solrød,Mexico,2023,1
Solrød,Norway,2023,2
Solrød,Philippines,2023,2
Solrød,Poland,2023,21
Solrød,Romania,2023,11
Solrød,Spain,2023,2
Solrød,Sweden,2023,2
Solrød,Syria,2023,6
Solrød,Thailand,2023,1
Solrød,Turkmenistan,2023,1
Solrød,USA,2023,6
Solrød,Uganda,2023,1
Solrød,Ukraine,2023,33
Solrød,United Kingdom,2023,3
Sorø,Austria,2023,1
Sorø,Brazil,2023,2
Sorø,Bulgaria,2023,3
Sorø,Czech Republic,2023,2
Sorø,Denmark,2023,59
Sorø,Germany,2023,1
Sorø,Italy,2023,1
Sorø,Latvia,2023,4
Sorø,Lithuania,2023,9
Sorø,Norway,2023,3
Sorø,Peru,2023,1
Sorø,Philippines,2023,1
Sorø,Poland,2023,28
Sorø,Romania,2023,46
Sorø,Somalia,2023,3
Sorø,Spain,2023,1
Sorø,Sudan,2023,1
Sorø,Sweden,2023,6
Sorø,Syria,2023,7
Sorø,Thailand,2023,1
Sorø,USA,2023,1
Sorø,Ukraine,2023,22
Stevns,Bulgaria,2023,3
Stevns,China,2023,1
Stevns,Colombia,2023,1
Stevns,Denmark,2023,53
Stevns,France,2023,1
Stevns,"Gambia, The",2023,1
Stevns,Hungary,2023,2
Stevns,Iceland,2023,1
Stevns,Latvia,2023,5
Stevns,Lithuania,2023,39
Stevns,Montenegro,2023,1
Stevns,Philippines,2023,1
Stevns,Poland,2023,13
Stevns,Portugal,2023,1
Stevns,Romania,2023,8
Stevns,Slovakia,2023,6
Stevns,Sweden,2023,1
Stevns,USA,2023,1
Stevns,Ukraine,2023,26
Stevns,United Kingdom,2023,1
Struer,Brazil,2023,1
Struer,Bulgaria,2023,10
Struer,China,2023,2
Struer,"Congo, Democratic Republic",2023,1
Struer,Croatia,2023,2
Struer,Czech Republic,2023,7
Struer,Denmark,2023,44
Struer,Estonia,2023,3
Struer,Germany,2023,3
Struer,Hungary,2023,2
Struer,India,2023,1
Struer,Iraq,2023,2
Struer,Italy,2023,3
Struer,Latvia,2023,5
Struer,Lithuania,2023,1
Struer,Nepal,2023,1
Struer,Netherlands,2023,1
Struer,Norway,2023,3
Struer,Philippines,2023,1
Struer,Poland,2023,18
Struer,Portugal,2023,1
Struer,Romania,2023,34
Struer,Singapore,2023,2
Struer,Slovakia,2023,1
Struer,Spain,2023,3
Struer,Sweden,2023,1
Struer,Syria,2023,1
Struer,Tunisia,2023,1
Struer,Ukraine,2023,29
Struer,United Kingdom,2023,1
Svendborg,Argentina,2023,2
Svendborg,Australia,2023,1
Svendborg,Austria,2023,1
Svendborg,Bahamas,2023,1
Svendborg,Brazil,2023,4
Svendborg,Bulgaria,2023,3
Svendborg,Canada,2023,1
Svendborg,Costa Rica,2023,1
Svendborg,Croatia,2023,1
Svendborg,Czech Republic,2023,2
Svendborg,Denmark,2023,174
Svendborg,Eritrea,2023,1
Svendborg,Finland,2023,1
Svendborg,France,2023,5
Svendborg,Germany,2023,8
Svendborg,Guatemala,2023,1
Svendborg,Haiti,2023,1
Svendborg,Iceland,2023,2
Svendborg,India,2023,1
Svendborg,Italy,2023,4
Svendborg,Japan,2023,6
Svendborg,Kenya,2023,1
Svendborg,Kosovo,2023,2
Svendborg,Lithuania,2023,1
Svendborg,Norway,2023,4
Svendborg,Peru,2023,1
Svendborg,Philippines,2023,1
Svendborg,Poland,2023,2
Svendborg,Romania,2023,8
Svendborg,Russia,2023,1
Svendborg,Serbia,2023,2
Svendborg,Slovenia,2023,3
Svendborg,Spain,2023,1
Svendborg,Sweden,2023,3
Svendborg,Tanzania,2023,1
Svendborg,Turkey,2023,2
Svendborg,USA,2023,7
Svendborg,Ukraine,2023,56
Svendborg,United Kingdom,2023,2
Svendborg,Vietnam,2023,1
Syddjurs,Albania,2023,1
Syddjurs,Armenia,2023,1
Syddjurs,Austria,2023,2
Syddjurs,Belgium,2023,2
Syddjurs,Brazil,2023,2
Syddjurs,Bulgaria,2023,7
Syddjurs,Colombia,2023,1
Syddjurs,Denmark,2023,132
Syddjurs,Eritrea,2023,1
Syddjurs,Estonia,2023,1
Syddjurs,Finland,2023,2
Syddjurs,France,2023,3
Syddjurs,Germany,2023,16
Syddjurs,Hungary,2023,1
Syddjurs,Iceland,2023,3
Syddjurs,Ireland,2023,1
Syddjurs,Italy,2023,9
Syddjurs,Japan,2023,41
Syddjurs,Kenya,2023,1
Syddjurs,Latvia,2023,1
Syddjurs,Lithuania,2023,9
Syddjurs,Mexico,2023,2
Syddjurs,Morocco,2023,1
Syddjurs,Nepal,2023,1
Syddjurs,Netherlands,2023,18
Syddjurs,Nigeria,2023,1
Syddjurs,Norway,2023,14
Syddjurs,Philippines,2023,1
Syddjurs,Poland,2023,14
Syddjurs,Portugal,2023,3
Syddjurs,Romania,2023,16
Syddjurs,Russia,2023,2
Syddjurs,Spain,2023,7
Syddjurs,Sweden,2023,4
Syddjurs,Switzerland,2023,2
Syddjurs,Syria,2023,1
Syddjurs,Thailand,2023,2
Syddjurs,USA,2023,9
Syddjurs,Uganda,2023,1
Syddjurs,Ukraine,2023,32
Syddjurs,United Kingdom,2023,2
Syddjurs,Yemen,2023,2
Sønderborg,Argentina,2023,2
Sønderborg,Australia,2023,1
Sønderborg,Austria,2023,1
Sønderborg,Bangladesh,2023,1
Sønderborg,Belgium,2023,1
Sønderborg,Bosnia and Herzegovina,2023,2
Sønderborg,Brazil,2023,6
Sønderborg,Bulgaria,2023,5
Sønderborg,China,2023,9
Sønderborg,Colombia,2023,1
Sønderborg,Croatia,2023,3
Sønderborg,Czech Republic,2023,12
Sønderborg,Denmark,2023,163
Sønderborg,Ecuador,2023,1
Sønderborg,Finland,2023,5
Sønderborg,France,2023,17
Sønderborg,"Gambia, The",2023,2
Sønderborg,Germany,2023,87
Sønderborg,Greece,2023,1
Sønderborg,Hungary,2023,13
Sønderborg,Iceland,2023,16
Sønderborg,India,2023,32
Sønderborg,Indonesia,2023,1
Sønderborg,Iran,2023,2
Sønderborg,Iraq,2023,2
Sønderborg,Ireland,2023,3
Sønderborg,Italy,2023,14
Sønderborg,Japan,2023,3
Sønderborg,Latvia,2023,1
Sønderborg,Lithuania,2023,5
Sønderborg,Moldova,2023,1
Sønderborg,Netherlands,2023,4
Sønderborg,Nigeria,2023,1
Sønderborg,Norway,2023,6
Sønderborg,Pakistan,2023,3
Sønderborg,Philippines,2023,3
Sønderborg,Poland,2023,29
Sønderborg,Portugal,2023,7
Sønderborg,Romania,2023,47
Sønderborg,Russia,2023,1
Sønderborg,Serbia,2023,1
Sønderborg,Slovakia,2023,5
Sønderborg,Slovenia,2023,1
Sønderborg,South Korea,2023,1
Sønderborg,Spain,2023,17
Sønderborg,Sweden,2023,19
Sønderborg,Syria,2023,7
Sønderborg,Thailand,2023,1
Sønderborg,Turkey,2023,3
Sønderborg,USA,2023,7
Sønderborg,Ukraine,2023,81
Sønderborg,United Kingdom,2023,1
Sønderborg,Venezuela,2023,1
Sønderborg,Vietnam,2023,3
Sønderborg,Yugoslavia,2023,1
Thisted,Afghanistan,2023,3
Thisted,Belgium,2023,1
Thisted,Canada,2023,1
Thisted,Chile,2023,1
Thisted,Colombia,2023,1
Thisted,"Congo, Democratic Republic",2023,1
Thisted,Denmark,2023,69
Thisted,Eritrea,2023,1
Thisted,Ethiopia,2023,1
Thisted,France,2023,1
Thisted,Germany,2023,9
Thisted,Greece,2023,1
Thisted,Hungary,2023,1
Thisted,Iceland,2023,6
Thisted,Italy,2023,5
Thisted,Kyrgyzstan,2023,1
Thisted,Lithuania,2023,7
Thisted,Mexico,2023,2
Thisted,Moldova,2023,1
Thisted,Norway,2023,12
Thisted,Philippines,2023,2
Thisted,Poland,2023,35
Thisted,Romania,2023,26
Thisted,Russia,2023,4
Thisted,Slovakia,2023,4
Thisted,Spain,2023,2
Thisted,Sweden,2023,3
Thisted,Syria,2023,7
Thisted,Thailand,2023,5
Thisted,Turkey,2023,1
Thisted,USA,2023,1
Thisted,Ukraine,2023,67
Thisted,Uruguay,2023,1
Thisted,Vietnam,2023,1
Tårnby,Albania,2023,1
Tårnby,Australia,2023,1
Tårnby,Bangladesh,2023,6
Tårnby,Belgium,2023,1
Tårnby,Brazil,2023,2
Tårnby,Bulgaria,2023,15
Tårnby,Chile,2023,2
Tårnby,China,2023,8
Tårnby,Colombia,2023,1
Tårnby,Croatia,2023,4
Tårnby,Cyprus,2023,1
Tårnby,Denmark,2023,105
Tårnby,Ecuador,2023,1
Tårnby,Egypt,2023,1
Tårnby,Finland,2023,1
Tårnby,France,2023,3
Tårnby,"Gambia, The",2023,1
Tårnby,Germany,2023,6
Tårnby,Greece,2023,2
Tårnby,Hungary,2023,3
Tårnby,Iceland,2023,1
Tårnby,India,2023,2
Tårnby,Iran,2023,2
Tårnby,Ireland,2023,1
Tårnby,Italy,2023,8
Tårnby,Jordan,2023,1
Tårnby,Kenya,2023,1
Tårnby,Latvia,2023,3
Tårnby,Lithuania,2023,9
Tårnby,Nepal,2023,3
Tårnby,Netherlands,2023,1
Tårnby,Norway,2023,4
Tårnby,Oman,2023,1
Tårnby,Philippines,2023,2
Tårnby,Poland,2023,8
Tårnby,Portugal,2023,6
Tårnby,Republic of North Macedonia,2023,2
Tårnby,Romania,2023,17
Tårnby,Russia,2023,3
Tårnby,Spain,2023,8
Tårnby,Stateless,2023,1
Tårnby,Sweden,2023,10
Tårnby,Switzerland,2023,1
Tårnby,Syria,2023,1
Tårnby,Thailand,2023,2
Tårnby,Turkey,2023,2
Tårnby,USA,2023,9
Tårnby,Uganda,2023,1
Tårnby,Ukraine,2023,17
Tårnby,United Kingdom,2023,5
Tønder,Australia,2023,1
Tønder,Austria,2023,1
Tønder,Belgium,2023,1
Tønder,Bosnia and Herzegovina,2023,1
Tønder,Brazil,2023,9
Tønder,China,2023,3
Tønder,Denmark,2023,75
Tønder,Ethiopia,2023,1
Tønder,France,2023,1
Tønder,Germany,2023,52
Tønder,Iceland,2023,2
Tønder,India,2023,19
Tønder,Iran,2023,1
Tønder,Iraq,2023,1
Tønder,Italy,2023,6
Tønder,Japan,2023,12
Tønder,Kyrgyzstan,2023,1
Tønder,Latvia,2023,7
Tønder,Lithuania,2023,8
Tønder,Malaysia,2023,3
Tønder,Mexico,2023,2
Tønder,Netherlands,2023,4
Tønder,Norway,2023,1
Tønder,Philippines,2023,2
Tønder,Poland,2023,7
Tønder,Portugal,2023,2
Tønder,Republic of North Macedonia,2023,1
Tønder,Romania,2023,63
Tønder,Russia,2023,2
Tønder,Singapore,2023,2
Tønder,Spain,2023,1
Tønder,Sweden,2023,5
Tønder,Syria,2023,8
Tønder,Taiwan,2023,1
Tønder,Tunisia,2023,3
Tønder,USA,2023,1
Tønder,Uganda,2023,3
Tønder,Ukraine,2023,71
Tønder,United Kingdom,2023,4
Tønder,Uzbekistan,2023,2
Tønder,Vietnam,2023,1
Vallensbæk,Bangladesh,2023,10
Vallensbæk,Belgium,2023,1
Vallensbæk,Bulgaria,2023,9
Vallensbæk,China,2023,3
Vallensbæk,Croatia,2023,2
Vallensbæk,Czech Republic,2023,1
Vallensbæk,Denmark,2023,51
Vallensbæk,Estonia,2023,1
Vallensbæk,Germany,2023,2
Vallensbæk,Ghana,2023,1
Vallensbæk,Greece,2023,1
Vallensbæk,Iceland,2023,3
Vallensbæk,India,2023,16
Vallensbæk,Iran,2023,3
Vallensbæk,Italy,2023,3
Vallensbæk,Lithuania,2023,9
Vallensbæk,Mexico,2023,1
Vallensbæk,Moldova,2023,2
Vallensbæk,Nepal,2023,4
Vallensbæk,Not stated,2023,1
Vallensbæk,Pakistan,2023,14
Vallensbæk,Poland,2023,8
Vallensbæk,Portugal,2023,9
Vallensbæk,Romania,2023,19
Vallensbæk,Slovakia,2023,2
Vallensbæk,Spain,2023,3
Vallensbæk,Sweden,2023,5
Vallensbæk,Thailand,2023,2
Vallensbæk,USA,2023,3
Vallensbæk,Uganda,2023,1
Vallensbæk,Ukraine,2023,6
Vallensbæk,United Kingdom,2023,2
Varde,Australia,2023,4
Varde,Austria,2023,1
Varde,Bosnia and Herzegovina,2023,4
Varde,Brazil,2023,3
Varde,Bulgaria,2023,5
Varde,Chile,2023,1
Varde,China,2023,4
Varde,Colombia,2023,1
Varde,Czech Republic,2023,2
Varde,Denmark,2023,86
Varde,Estonia,2023,1
Varde,Germany,2023,26
Varde,Greece,2023,2
Varde,Iceland,2023,1
Varde,India,2023,6
Varde,Italy,2023,1
Varde,Kyrgyzstan,2023,3
Varde,Latvia,2023,7
Varde,Lithuania,2023,11
Varde,Moldova,2023,1
Varde,Netherlands,2023,9
Varde,Norway,2023,6
Varde,Philippines,2023,4
Varde,Poland,2023,23
Varde,Portugal,2023,1
Varde,Romania,2023,70
Varde,Slovakia,2023,1
Varde,South Africa,2023,2
Varde,Spain,2023,3
Varde,Sweden,2023,2
Varde,Syria,2023,2
Varde,Tanzania,2023,1
Varde,USA,2023,3
Varde,Uganda,2023,1
Varde,Ukraine,2023,107
Varde,United Kingdom,2023,1
Varde,Vietnam,2023,2
Vejen,Brazil,2023,2
Vejen,Bulgaria,2023,4
Vejen,Canada,2023,1
Vejen,Chile,2023,2
Vejen,Colombia,2023,1
Vejen,Costa Rica,2023,2
Vejen,Denmark,2023,63
Vejen,Germany,2023,17
Vejen,Hungary,2023,3
Vejen,India,2023,6
Vejen,Indonesia,2023,1
Vejen,Italy,2023,2
Vejen,Japan,2023,1
Vejen,Kyrgyzstan,2023,3
Vejen,Latvia,2023,4
Vejen,Lithuania,2023,16
Vejen,Moldova,2023,1
Vejen,Netherlands,2023,2
Vejen,Norway,2023,1
Vejen,Philippines,2023,1
Vejen,Poland,2023,42
Vejen,Portugal,2023,2
Vejen,Romania,2023,112
Vejen,Slovakia,2023,4
Vejen,South Korea,2023,1
Vejen,Spain,2023,1
Vejen,Syria,2023,4
Vejen,Thailand,2023,2
Vejen,USA,2023,2
Vejen,Ukraine,2023,104
Vejen,Vietnam,2023,6
Vejle,Afghanistan,2023,2
Vejle,Argentina,2023,2
Vejle,Belarus,2023,3
Vejle,Belgium,2023,2
Vejle,Bosnia and Herzegovina,2023,5
Vejle,Bulgaria,2023,10
Vejle,Cameroon,2023,3
Vejle,Canada,2023,4
Vejle,China,2023,8
Vejle,Croatia,2023,2
Vejle,Czech Republic,2023,5
Vejle,Denmark,2023,336
Vejle,Egypt,2023,2
Vejle,Eritrea,2023,1
Vejle,Finland,2023,4
Vejle,France,2023,13
Vejle,Germany,2023,14
Vejle,Ghana,2023,2
Vejle,Greece,2023,2
Vejle,Hungary,2023,12
Vejle,Iceland,2023,3
Vejle,India,2023,6
Vejle,Indonesia,2023,1
Vejle,Iran,2023,5
Vejle,Iraq,2023,9
Vejle,Ireland,2023,5
Vejle,Italy,2023,34
Vejle,Jamaica,2023,1
Vejle,Japan,2023,6
Vejle,Jordan,2023,1
Vejle,Latvia,2023,16
Vejle,Lithuania,2023,28
Vejle,Moldova,2023,1
Vejle,Nepal,2023,1
Vejle,Netherlands,2023,14
Vejle,New Zealand,2023,1
Vejle,Nigeria,2023,5
Vejle,Norway,2023,16
Vejle,Philippines,2023,8
Vejle,Poland,2023,125
Vejle,Portugal,2023,5
Vejle,Romania,2023,99
Vejle,Russia,2023,1
Vejle,Slovakia,2023,6
Vejle,Slovenia,2023,1
Vejle,Somalia,2023,1
Vejle,Spain,2023,14
Vejle,Stateless,2023,1
Vejle,Sweden,2023,17
Vejle,Switzerland,2023,1
Vejle,Syria,2023,8
Vejle,Thailand,2023,1
Vejle,Turkey,2023,6
Vejle,USA,2023,16
Vejle,Ukraine,2023,115
Vejle,United Kingdom,2023,9
Vejle,Venezuela,2023,1
Vejle,Vietnam,2023,3
Vejle,Zambia,2023,1
Vesthimmerlands,Afghanistan,2023,5
Vesthimmerlands,Austria,2023,1
Vesthimmerlands,Bulgaria,2023,8
Vesthimmerlands,Chile,2023,1
Vesthimmerlands,China,2023,1
Vesthimmerlands,Colombia,2023,1
Vesthimmerlands,Denmark,2023,55
Vesthimmerlands,France,2023,1
Vesthimmerlands,Germany,2023,10
Vesthimmerlands,Hungary,2023,1
Vesthimmerlands,Iceland,2023,6
Vesthimmerlands,India,2023,3
Vesthimmerlands,Indonesia,2023,3
Vesthimmerlands,Italy,2023,3
Vesthimmerlands,Latvia,2023,1
Vesthimmerlands,Lithuania,2023,4
Vesthimmerlands,Luxembourg,2023,1
Vesthimmerlands,Mexico,2023,19
Vesthimmerlands,Netherlands,2023,8
Vesthimmerlands,Philippines,2023,1
Vesthimmerlands,Poland,2023,28
Vesthimmerlands,Portugal,2023,1
Vesthimmerlands,Romania,2023,46
Vesthimmerlands,Slovakia,2023,2
Vesthimmerlands,South Korea,2023,2
Vesthimmerlands,Spain,2023,5
Vesthimmerlands,Sweden,2023,1
Vesthimmerlands,Thailand,2023,13
Vesthimmerlands,Turkey,2023,5
Vesthimmerlands,USA,2023,1
Vesthimmerlands,Uganda,2023,1
Vesthimmerlands,Ukraine,2023,75
Vesthimmerlands,United Kingdom,2023,2
Vesthimmerlands,Vietnam,2023,2
Viborg,Afghanistan,2023,11
Viborg,Australia,2023,9
Viborg,Austria,2023,1
Viborg,Belgium,2023,11
Viborg,Bhutan,2023,1
Viborg,Bosnia and Herzegovina,2023,1
Viborg,Bulgaria,2023,9
Viborg,Cameroon,2023,1
Viborg,Canada,2023,2
Viborg,China,2023,25
Viborg,Colombia,2023,1
Viborg,Croatia,2023,4
Viborg,Czech Republic,2023,12
Viborg,Denmark,2023,228
Viborg,Eritrea,2023,1
Viborg,Estonia,2023,3
Viborg,Finland,2023,7
Viborg,France,2023,10
Viborg,Germany,2023,21
Viborg,Ghana,2023,3
Viborg,Greece,2023,8
Viborg,Hungary,2023,13
Viborg,Iceland,2023,7
Viborg,India,2023,18
Viborg,Iran,2023,4
Viborg,Iraq,2023,3
Viborg,Ireland,2023,20
Viborg,Italy,2023,19
Viborg,Japan,2023,24
Viborg,Kyrgyzstan,2023,1
Viborg,Latvia,2023,5
Viborg,Lebanon,2023,1
Viborg,Lithuania,2023,38
Viborg,Luxembourg,2023,1
Viborg,Malaysia,2023,2
Viborg,Mexico,2023,1
Viborg,Moldova,2023,1
Viborg,Netherlands,2023,29
Viborg,Nigeria,2023,1
Viborg,Norway,2023,16
Viborg,Pakistan,2023,1
Viborg,Philippines,2023,4
Viborg,Poland,2023,74
Viborg,Portugal,2023,2
Viborg,Romania,2023,148
Viborg,Russia,2023,3
Viborg,Serbia,2023,1
Viborg,Slovakia,2023,9
Viborg,Slovenia,2023,1
Viborg,Somalia,2023,10
Viborg,South Korea,2023,1
Viborg,Spain,2023,19
Viborg,Sweden,2023,16
Viborg,Syria,2023,25
Viborg,Taiwan,2023,5
Viborg,Thailand,2023,2
Viborg,USA,2023,5
Viborg,Uganda,2023,2
Viborg,Ukraine,2023,217
Viborg,United Kingdom,2023,9
Viborg,Uzbekistan,2023,1
Viborg,Vietnam,2023,1
Vordingborg,Afghanistan,2023,2
Vordingborg,Bangladesh,2023,1
Vordingborg,Brazil,2023,2
Vordingborg,Bulgaria,2023,9
Vordingborg,Chile,2023,1
Vordingborg,Croatia,2023,2
Vordingborg,Denmark,2023,93
Vordingborg,Estonia,2023,1
Vordingborg,Finland,2023,1
Vordingborg,France,2023,1
Vordingborg,Germany,2023,9
Vordingborg,Hungary,2023,1
Vordingborg,Iceland,2023,3
Vordingborg,India,2023,3
Vordingborg,Ireland,2023,2
Vordingborg,Italy,2023,62
Vordingborg,Japan,2023,10
Vordingborg,Jordan,2023,5
Vordingborg,Latvia,2023,5
Vordingborg,Lithuania,2023,17
Vordingborg,Netherlands,2023,2
Vordingborg,Nicaragua,2023,1
Vordingborg,Norway,2023,1
Vordingborg,Pakistan,2023,2
Vordingborg,Philippines,2023,4
Vordingborg,Poland,2023,72
Vordingborg,Portugal,2023,5
Vordingborg,Romania,2023,180
Vordingborg,Serbia,2023,1
Vordingborg,Slovenia,2023,1
Vordingborg,South Africa,2023,1
Vordingborg,Spain,2023,3
Vordingborg,Sweden,2023,1
Vordingborg,Switzerland,2023,1
Vordingborg,Syria,2023,9
Vordingborg,Thailand,2023,2
Vordingborg,USA,2023,2
Vordingborg,Ukraine,2023,51
Vordingborg,United Kingdom,2023,2
Vordingborg,Vietnam,2023,1
Ærø,Denmark,2023,19
Ærø,Germany,2023,6
Ærø,India,2023,1
Ærø,Italy,2023,1
Ærø,Norway,2023,2
Ærø,Poland,2023,5
Ærø,Romania,2023,5
Ærø,Spain,2023,6
Ærø,Ukraine,2023,6
Aabenraa,Afghanistan,2024,3
Aabenraa,Australia,2024,1
Aabenraa,Austria,2024,1
Aabenraa,Brazil,2024,18
Aabenraa,Bulgaria,2024,3
Aabenraa,Canada,2024,1
Aabenraa,China,2024,4
Aabenraa,Croatia,2024,1
Aabenraa,Denmark,2024,117
Aabenraa,France,2024,2
Aabenraa,Germany,2024,143
Aabenraa,Greece,2024,1
Aabenraa,Hungary,2024,7
Aabenraa,Iceland,2024,5
Aabenraa,India,2024,4
Aabenraa,Iran,2024,6
Aabenraa,Ireland,2024,1
Aabenraa,Italy,2024,2
Aabenraa,Japan,2024,9
Aabenraa,Kazakhstan,2024,1
Aabenraa,Latvia,2024,1
Aabenraa,Lithuania,2024,4
Aabenraa,Luxembourg,2024,2
Aabenraa,Morocco,2024,1
Aabenraa,Netherlands,2024,4
Aabenraa,Norway,2024,3
Aabenraa,Not stated,2024,1
Aabenraa,Poland,2024,15
Aabenraa,Romania,2024,33
Aabenraa,Russia,2024,1
Aabenraa,Sri Lanka,2024,1
Aabenraa,Sweden,2024,8
Aabenraa,Syria,2024,2
Aabenraa,Tanzania,2024,2
Aabenraa,Thailand,2024,1
Aabenraa,USA,2024,2
Aabenraa,Uganda,2024,1
Aabenraa,Ukraine,2024,32
Aabenraa,United Kingdom,2024,2
Aabenraa,Uzbekistan,2024,1
Aabenraa,Vietnam,2024,5
Aalborg,Afghanistan,2024,4
Aalborg,Algeria,2024,4
Aalborg,Argentina,2024,5
Aalborg,Australia,2024,13
Aalborg,Austria,2024,4
Aalborg,Bangladesh,2024,17
Aalborg,Belgium,2024,9
Aalborg,Bosnia and Herzegovina,2024,4
Aalborg,Brazil,2024,16
Aalborg,Bulgaria,2024,51
Aalborg,Burundi,2024,1
Aalborg,Cameroon,2024,4
Aalborg,Canada,2024,8
Aalborg,Chile,2024,2
Aalborg,China,2024,105
Aalborg,Colombia,2024,4
Aalborg,"Congo, Democratic Republic",2024,2
Aalborg,Costa Rica,2024,1
Aalborg,Croatia,2024,14
Aalborg,Cuba,2024,2
Aalborg,Cyprus,2024,2
Aalborg,Czech Republic,2024,13
Aalborg,Denmark,2024,693
Aalborg,Dominican Republic,2024,1
Aalborg,Ecuador,2024,1
Aalborg,Egypt,2024,3
Aalborg,Eritrea,2024,16
Aalborg,Estonia,2024,4
Aalborg,Finland,2024,12
Aalborg,France,2024,53
Aalborg,Gabon,2024,1
Aalborg,"Gambia, The",2024,1
Aalborg,Georgia,2024,3
Aalborg,Germany,2024,57
Aalborg,Ghana,2024,9
Aalborg,Greece,2024,7
Aalborg,Guatemala,2024,1
Aalborg,Hungary,2024,32
Aalborg,Iceland,2024,14
Aalborg,India,2024,53
Aalborg,Indonesia,2024,2
Aalborg,Iran,2024,57
Aalborg,Iraq,2024,3
Aalborg,Ireland,2024,5
Aalborg,Israel,2024,1
Aalborg,Italy,2024,80
Aalborg,Japan,2024,18
Aalborg,Kazakhstan,2024,1
Aalborg,Kenya,2024,1
Aalborg,Latvia,2024,24
Aalborg,Lebanon,2024,2
Aalborg,Lithuania,2024,39
Aalborg,Malawi,2024,1
Aalborg,Malaysia,2024,10
Aalborg,Mexico,2024,8
Aalborg,Moldova,2024,1
Aalborg,Morocco,2024,3
Aalborg,Myanmar,2024,1
Aalborg,Nepal,2024,3
Aalborg,Netherlands,2024,19
Aalborg,New Zealand,2024,5
Aalborg,Nigeria,2024,12
Aalborg,North Korea,2024,1
Aalborg,Norway,2024,79
Aalborg,Pakistan,2024,17
Aalborg,Paraguay,2024,2
Aalborg,Peru,2024,5
Aalborg,Philippines,2024,9
Aalborg,Poland,2024,89
Aalborg,Portugal,2024,29
Aalborg,Republic of North Macedonia,2024,1
Aalborg,Romania,2024,109
Aalborg,Russia,2024,10
Aalborg,Serbia,2024,3
Aalborg,Singapore,2024,2
Aalborg,Slovakia,2024,33
Aalborg,Slovenia,2024,2
Aalborg,Somalia,2024,12
Aalborg,South Africa,2024,1
Aalborg,South Korea,2024,8
Aalborg,Spain,2024,61
Aalborg,Sri Lanka,2024,1
Aalborg,Sudan,2024,3
Aalborg,Sweden,2024,37
Aalborg,Switzerland,2024,2
Aalborg,Syria,2024,23
Aalborg,Taiwan,2024,2
Aalborg,Tanzania,2024,2
Aalborg,Thailand,2024,6
Aalborg,Turkey,2024,24
Aalborg,USA,2024,38
Aalborg,Uganda,2024,2
Aalborg,Ukraine,2024,103
Aalborg,United Kingdom,2024,23
Aalborg,Venezuela,2024,2
Aalborg,Vietnam,2024,13
Aalborg,Zimbabwe,2024,1
Aarhus,Afghanistan,2024,7
Aarhus,Albania,2024,1
Aarhus,Argentina,2024,57
Aarhus,Australia,2024,70
Aarhus,Austria,2024,34
Aarhus,Bangladesh,2024,14
Aarhus,Belarus,2024,4
Aarhus,Belgium,2024,122
Aarhus,Bolivia,2024,1
Aarhus,Bosnia and Herzegovina,2024,2
Aarhus,Botswana,2024,1
Aarhus,Brazil,2024,49
Aarhus,Bulgaria,2024,73
Aarhus,Cameroon,2024,1
Aarhus,Canada,2024,70
Aarhus,Cape Verde,2024,1
Aarhus,Chile,2024,37
Aarhus,China,2024,246
Aarhus,Colombia,2024,14
Aarhus,"Congo, Democratic Republic",2024,1
Aarhus,Croatia,2024,23
Aarhus,Cyprus,2024,4
Aarhus,Czech Republic,2024,56
Aarhus,Denmark,2024,1564
Aarhus,Dominican Republic,2024,1
Aarhus,Egypt,2024,15
Aarhus,El Salvador,2024,1
Aarhus,Eritrea,2024,2
Aarhus,Estonia,2024,6
Aarhus,Finland,2024,38
Aarhus,France,2024,135
Aarhus,"Gambia, The",2024,2
Aarhus,Georgia,2024,4
Aarhus,Germany,2024,393
Aarhus,Ghana,2024,9
Aarhus,Greece,2024,30
Aarhus,Guatemala,2024,4
Aarhus,Honduras,2024,1
Aarhus,Hungary,2024,89
Aarhus,Iceland,2024,78
Aarhus,India,2024,110
Aarhus,Indonesia,2024,4
Aarhus,Iran,2024,87
Aarhus,Iraq,2024,11
Aarhus,Ireland,2024,50
Aarhus,Israel,2024,11
Aarhus,Italy,2024,273
Aarhus,Japan,2024,76
Aarhus,Kazakhstan,2024,3
Aarhus,Kenya,2024,3
Aarhus,Kosovo,2024,1
Aarhus,Latvia,2024,30
Aarhus,Lebanon,2024,4
Aarhus,Lithuania,2024,64
Aarhus,Luxembourg,2024,2
Aarhus,Malawi,2024,2
Aarhus,Malaysia,2024,5
Aarhus,Malta,2024,1
Aarhus,Mexico,2024,24
Aarhus,Moldova,2024,1
Aarhus,Montenegro,2024,1
Aarhus,Morocco,2024,5
Aarhus,Nepal,2024,9
Aarhus,Netherlands,2024,156
Aarhus,New Zealand,2024,12
Aarhus,Nigeria,2024,14
Aarhus,Norway,2024,224
Aarhus,Not stated,2024,1
Aarhus,Pakistan,2024,29
Aarhus,Panama,2024,1
Aarhus,Paraguay,2024,3
Aarhus,Peru,2024,3
Aarhus,Philippines,2024,17
Aarhus,Poland,2024,194
Aarhus,Portugal,2024,52
Aarhus,Republic of North Macedonia,2024,1
Aarhus,Romania,2024,295
Aarhus,Russia,2024,28
Aarhus,Saudi Arabia,2024,5
Aarhus,Serbia,2024,6
Aarhus,Singapore,2024,50
Aarhus,Slovakia,2024,47
Aarhus,Slovenia,2024,17
Aarhus,Somalia,2024,8
Aarhus,South Africa,2024,8
Aarhus,South Korea,2024,19
Aarhus,Spain,2024,221
Aarhus,Sri Lanka,2024,8
Aarhus,Stateless,2024,2
Aarhus,Sudan,2024,3
Aarhus,Sweden,2024,75
Aarhus,Switzerland,2024,29
Aarhus,Syria,2024,26
Aarhus,Taiwan,2024,4
Aarhus,Thailand,2024,28
Aarhus,Tunisia,2024,3
Aarhus,Turkey,2024,30
Aarhus,USA,2024,144
Aarhus,Uganda,2024,1
Aarhus,Ukraine,2024,197
Aarhus,United Kingdom,2024,112
Aarhus,Uruguay,2024,3
Aarhus,Uzbekistan,2024,1
Aarhus,Vietnam,2024,10
Aarhus,Zambia,2024,3
Albertslund,Australia,2024,1
Albertslund,Bangladesh,2024,13
Albertslund,Belgium,2024,1
Albertslund,Bulgaria,2024,9
Albertslund,Cameroon,2024,1
Albertslund,Chile,2024,1
Albertslund,China,2024,1
Albertslund,Croatia,2024,2
Albertslund,Denmark,2024,78
Albertslund,France,2024,1
Albertslund,Germany,2024,7
Albertslund,Greece,2024,2
Albertslund,Iceland,2024,3
Albertslund,India,2024,17
Albertslund,Iran,2024,2
Albertslund,Italy,2024,2
Albertslund,Latvia,2024,8
Albertslund,Lithuania,2024,5
Albertslund,Mexico,2024,1
Albertslund,Nepal,2024,13
Albertslund,Netherlands,2024,6
Albertslund,Norway,2024,7
Albertslund,Pakistan,2024,4
Albertslund,Poland,2024,4
Albertslund,Portugal,2024,3
Albertslund,Romania,2024,15
Albertslund,Russia,2024,1
Albertslund,Slovakia,2024,2
Albertslund,Spain,2024,7
Albertslund,Sri Lanka,2024,1
Albertslund,Sweden,2024,5
Albertslund,Taiwan,2024,1
Albertslund,Turkey,2024,2
Albertslund,USA,2024,8
Albertslund,Ukraine,2024,19
Albertslund,Venezuela,2024,1
Albertslund,Vietnam,2024,1
Allerød,Australia,2024,2
Allerød,Bangladesh,2024,2
Allerød,Bosnia and Herzegovina,2024,2
Allerød,Canada,2024,2
Allerød,China,2024,1
Allerød,Croatia,2024,1
Allerød,Denmark,2024,52
Allerød,Estonia,2024,2
Allerød,Finland,2024,1
Allerød,France,2024,5
Allerød,Germany,2024,2
Allerød,Greece,2024,2
Allerød,Hungary,2024,1
Allerød,Iceland,2024,1
Allerød,Indonesia,2024,1
Allerød,Iran,2024,4
Allerød,Italy,2024,1
Allerød,Luxembourg,2024,2
Allerød,Netherlands,2024,1
Allerød,Norway,2024,1
Allerød,Pakistan,2024,1
Allerød,Philippines,2024,1
Allerød,Poland,2024,6
Allerød,Romania,2024,11
Allerød,Russia,2024,2
Allerød,Singapore,2024,2
Allerød,Sri Lanka,2024,1
Allerød,Stateless,2024,1
Allerød,Sweden,2024,5
Allerød,USA,2024,13
Allerød,Ukraine,2024,23
Allerød,Vietnam,2024,1
Assens,Australia,2024,1
Assens,Bulgaria,2024,6
Assens,Croatia,2024,2
Assens,Denmark,2024,64
Assens,Eritrea,2024,2
Assens,Germany,2024,2
Assens,Hungary,2024,4
Assens,Iceland,2024,2
Assens,India,2024,3
Assens,Italy,2024,4
Assens,Latvia,2024,1
Assens,Lithuania,2024,23
Assens,Netherlands,2024,1
Assens,Poland,2024,9
Assens,Portugal,2024,1
Assens,Romania,2024,74
Assens,Russia,2024,1
Assens,Slovakia,2024,15
Assens,Switzerland,2024,1
Assens,Syria,2024,6
Assens,USA,2024,1
Assens,Ukraine,2024,28
Assens,United Kingdom,2024,3
Assens,Vietnam,2024,3
Assens,Zambia,2024,1
Ballerup,Afghanistan,2024,2
Ballerup,Australia,2024,4
Ballerup,Austria,2024,1
Ballerup,Bosnia and Herzegovina,2024,1
Ballerup,Brazil,2024,9
Ballerup,Bulgaria,2024,24
Ballerup,Cameroon,2024,2
Ballerup,Canada,2024,3
Ballerup,Chile,2024,3
Ballerup,China,2024,22
Ballerup,Czech Republic,2024,2
Ballerup,Denmark,2024,102
Ballerup,Egypt,2024,1
Ballerup,Estonia,2024,1
Ballerup,Finland,2024,5
Ballerup,France,2024,6
Ballerup,Germany,2024,18
Ballerup,Ghana,2024,2
Ballerup,Greece,2024,4
Ballerup,Hungary,2024,7
Ballerup,Iceland,2024,2
Ballerup,India,2024,71
Ballerup,Iran,2024,5
Ballerup,Iraq,2024,1
Ballerup,Italy,2024,13
Ballerup,Japan,2024,7
Ballerup,Latvia,2024,2
Ballerup,Lithuania,2024,6
Ballerup,Malaysia,2024,3
Ballerup,Mexico,2024,3
Ballerup,Moldova,2024,4
Ballerup,Montenegro,2024,2
Ballerup,Nepal,2024,2
Ballerup,Netherlands,2024,11
Ballerup,Nigeria,2024,2
Ballerup,Norway,2024,8
Ballerup,Pakistan,2024,9
Ballerup,Philippines,2024,3
Ballerup,Poland,2024,21
Ballerup,Portugal,2024,4
Ballerup,Republic of North Macedonia,2024,1
Ballerup,Romania,2024,34
Ballerup,Russia,2024,3
Ballerup,Serbia,2024,1
Ballerup,Slovakia,2024,7
Ballerup,South Africa,2024,1
Ballerup,Spain,2024,13
Ballerup,Sri Lanka,2024,3
Ballerup,Stateless,2024,1
Ballerup,Sweden,2024,9
Ballerup,Switzerland,2024,1
Ballerup,Syria,2024,1
Ballerup,Thailand,2024,3
Ballerup,Tunisia,2024,1
Ballerup,Turkey,2024,12
Ballerup,USA,2024,25
Ballerup,Ukraine,2024,29
Ballerup,United Kingdom,2024,4
Ballerup,Vietnam,2024,2
Billund,Australia,2024,1
Billund,Austria,2024,2
Billund,Belgium,2024,1
Billund,Brazil,2024,1
Billund,Bulgaria,2024,8
Billund,Canada,2024,2
Billund,Chile,2024,3
Billund,China,2024,6
Billund,Croatia,2024,1
Billund,Czech Republic,2024,1
Billund,Denmark,2024,41
Billund,Ethiopia,2024,1
Billund,France,2024,6
Billund,Germany,2024,5
Billund,Greece,2024,2
Billund,Hungary,2024,5
Billund,Iceland,2024,1
Billund,India,2024,11
Billund,Iran,2024,1
Billund,Ireland,2024,4
Billund,Italy,2024,13
Billund,Japan,2024,1
Billund,Latvia,2024,4
Billund,Lithuania,2024,11
Billund,Moldova,2024,1
Billund,Netherlands,2024,7
Billund,Norway,2024,5
Billund,Poland,2024,27
Billund,Portugal,2024,6
Billund,Romania,2024,93
Billund,Singapore,2024,1
Billund,Slovakia,2024,2
Billund,South Africa,2024,2
Billund,Spain,2024,9
Billund,Sweden,2024,1
Billund,Syria,2024,4
Billund,Turkey,2024,3
Billund,USA,2024,9
Billund,Ukraine,2024,25
Billund,United Kingdom,2024,16
Billund,Vietnam,2024,6
Bornholm,Afghanistan,2024,1
Bornholm,Argentina,2024,8
Bornholm,Australia,2024,1
Bornholm,Austria,2024,1
Bornholm,Bosnia and Herzegovina,2024,1
Bornholm,Bulgaria,2024,2
Bornholm,Canada,2024,1
Bornholm,China,2024,1
Bornholm,Croatia,2024,4
Bornholm,Czech Republic,2024,1
Bornholm,Denmark,2024,61
Bornholm,Eritrea,2024,3
Bornholm,France,2024,7
Bornholm,Germany,2024,17
Bornholm,Hungary,2024,3
Bornholm,Iceland,2024,2
Bornholm,India,2024,1
Bornholm,Ireland,2024,1
Bornholm,Italy,2024,30
Bornholm,Japan,2024,10
Bornholm,Lithuania,2024,4
Bornholm,Luxembourg,2024,1
Bornholm,Netherlands,2024,1
Bornholm,Norway,2024,7
Bornholm,Philippines,2024,2
Bornholm,Poland,2024,26
Bornholm,Portugal,2024,2
Bornholm,Romania,2024,17
Bornholm,Spain,2024,3
Bornholm,Sweden,2024,15
Bornholm,Syria,2024,6
Bornholm,Thailand,2024,2
Bornholm,USA,2024,1
Bornholm,Ukraine,2024,39
Bornholm,United Kingdom,2024,3
Brøndby,Afghanistan,2024,4
Brøndby,Albania,2024,1
Brøndby,Argentina,2024,3
Brøndby,Australia,2024,7
Brøndby,Austria,2024,3
Brøndby,Bangladesh,2024,8
Brøndby,Bosnia and Herzegovina,2024,1
Brøndby,Brazil,2024,3
Brøndby,Bulgaria,2024,13
Brøndby,Canada,2024,4
Brøndby,Chile,2024,2
Brøndby,China,2024,22
Brøndby,Croatia,2024,8
Brøndby,Czech Republic,2024,3
Brøndby,Denmark,2024,103
Brøndby,Finland,2024,2
Brøndby,France,2024,9
Brøndby,Germany,2024,25
Brøndby,Ghana,2024,2
Brøndby,Greece,2024,1
Brøndby,Hungary,2024,7
Brøndby,Iceland,2024,5
Brøndby,India,2024,23
Brøndby,Indonesia,2024,4
Brøndby,Iran,2024,19
Brøndby,Ireland,2024,13
Brøndby,Italy,2024,17
Brøndby,Ivory Coast,2024,2
Brøndby,Japan,2024,3
Brøndby,Latvia,2024,1
Brøndby,Lithuania,2024,4
Brøndby,Mexico,2024,7
Brøndby,Nepal,2024,10
Brøndby,Netherlands,2024,12
Brøndby,New Zealand,2024,3
Brøndby,Nigeria,2024,2
Brøndby,Norway,2024,11
Brøndby,Pakistan,2024,6
Brøndby,Philippines,2024,1
Brøndby,Poland,2024,29
Brøndby,Portugal,2024,3
Brøndby,Romania,2024,21
Brøndby,Russia,2024,1
Brøndby,Singapore,2024,10
Brøndby,South Korea,2024,2
Brøndby,Spain,2024,7
Brøndby,Sri Lanka,2024,3
Brøndby,Stateless,2024,3
Brøndby,Sweden,2024,22
Brøndby,Switzerland,2024,8
Brøndby,Taiwan,2024,1
Brøndby,Thailand,2024,1
Brøndby,Turkey,2024,7
Brøndby,USA,2024,17
Brøndby,Ukraine,2024,24
Brøndby,United Kingdom,2024,19
Brønderslev,Belarus,2024,1
Brønderslev,Belgium,2024,2
Brønderslev,Brazil,2024,1
Brønderslev,Bulgaria,2024,10
Brønderslev,Chile,2024,1
Brønderslev,China,2024,2
Brønderslev,Colombia,2024,1
Brønderslev,Croatia,2024,1
Brønderslev,Denmark,2024,54
Brønderslev,Eritrea,2024,1
Brønderslev,Germany,2024,5
Brønderslev,Hungary,2024,2
Brønderslev,Iceland,2024,7
Brønderslev,Lithuania,2024,4
Brønderslev,Nigeria,2024,1
Brønderslev,Norway,2024,1
Brønderslev,Paraguay,2024,2
Brønderslev,Philippines,2024,8
Brønderslev,Poland,2024,11
Brønderslev,Romania,2024,13
Brønderslev,Spain,2024,3
Brønderslev,Switzerland,2024,10
Brønderslev,Syria,2024,1
Brønderslev,Tanzania,2024,1
Brønderslev,USA,2024,1
Brønderslev,Uganda,2024,3
Brønderslev,Ukraine,2024,55
Brønderslev,Vietnam,2024,1
Copenhagen,Afghanistan,2024,12
Copenhagen,Albania,2024,5
Copenhagen,Algeria,2024,6
Copenhagen,Angola,2024,1
Copenhagen,Argentina,2024,219
Copenhagen,Armenia,2024,3
Copenhagen,Australia,2024,250
Copenhagen,Austria,2024,99
Copenhagen,Azerbaijan,2024,4
Copenhagen,Bangladesh,2024,179
Copenhagen,Belarus,2024,9
Copenhagen,Belgium,2024,111
Copenhagen,Bosnia and Herzegovina,2024,8
Copenhagen,Brazil,2024,113
Copenhagen,Bulgaria,2024,102
Copenhagen,Cameroon,2024,5
Copenhagen,Canada,2024,212
Copenhagen,Chile,2024,106
Copenhagen,China,2024,422
Copenhagen,Colombia,2024,32
Copenhagen,"Congo, Republic",2024,1
Copenhagen,Costa Rica,2024,5
Copenhagen,Croatia,2024,84
Copenhagen,Cuba,2024,2
Copenhagen,Cyprus,2024,9
Copenhagen,Czech Republic,2024,73
Copenhagen,Denmark,2024,3756
Copenhagen,Dominican Republic,2024,1
Copenhagen,Ecuador,2024,7
Copenhagen,Egypt,2024,19
Copenhagen,El Salvador,2024,2
Copenhagen,Eritrea,2024,2
Copenhagen,Estonia,2024,36
Copenhagen,Ethiopia,2024,5
Copenhagen,Finland,2024,159
Copenhagen,France,2024,475
Copenhagen,"Gambia, The",2024,1
Copenhagen,Georgia,2024,4
Copenhagen,Germany,2024,900
Copenhagen,Ghana,2024,9
Copenhagen,Greece,2024,174
Copenhagen,Guatemala,2024,8
Copenhagen,Guinea-Bissau,2024,1
Copenhagen,Honduras,2024,2
Copenhagen,Hungary,2024,102
Copenhagen,Iceland,2024,222
Copenhagen,India,2024,441
Copenhagen,Indonesia,2024,34
Copenhagen,Iran,2024,58
Copenhagen,Iraq,2024,13
Copenhagen,Ireland,2024,139
Copenhagen,Israel,2024,23
Copenhagen,Italy,2024,1013
Copenhagen,Ivory Coast,2024,2
Copenhagen,Jamaica,2024,2
Copenhagen,Japan,2024,166
Copenhagen,Jordan,2024,15
Copenhagen,Kazakhstan,2024,7
Copenhagen,Kenya,2024,8
Copenhagen,Kosovo,2024,4
Copenhagen,Latvia,2024,60
Copenhagen,Lebanon,2024,15
Copenhagen,Libya,2024,1
Copenhagen,Liechtenstein,2024,1
Copenhagen,Lithuania,2024,125
Copenhagen,Luxembourg,2024,10
Copenhagen,Malaysia,2024,22
Copenhagen,Malta,2024,2
Copenhagen,Mexico,2024,40
Copenhagen,Moldova,2024,1
Copenhagen,Montenegro,2024,1
Copenhagen,Morocco,2024,20
Copenhagen,Myanmar,2024,3
Copenhagen,Nepal,2024,148
Copenhagen,Netherlands,2024,266
Copenhagen,New Zealand,2024,32
Copenhagen,Nigeria,2024,16
Copenhagen,Norway,2024,651
Copenhagen,Not stated,2024,3
Copenhagen,Pakistan,2024,80
Copenhagen,Panama,2024,5
Copenhagen,Paraguay,2024,1
Copenhagen,Peru,2024,20
Copenhagen,Philippines,2024,71
Copenhagen,Poland,2024,398
Copenhagen,Portugal,2024,224
Copenhagen,Republic of North Macedonia,2024,11
Copenhagen,Romania,2024,312
Copenhagen,Russia,2024,62
Copenhagen,Rwanda,2024,3
Copenhagen,Saudi Arabia,2024,7
Copenhagen,Senegal,2024,7
Copenhagen,Serbia,2024,10
Copenhagen,Singapore,2024,66
Copenhagen,Slovakia,2024,81
Copenhagen,Slovenia,2024,17
Copenhagen,Somalia,2024,13
Copenhagen,South Africa,2024,27
Copenhagen,South Korea,2024,85
Copenhagen,Soviet Union,2024,1
Copenhagen,Spain,2024,580
Copenhagen,Sri Lanka,2024,5
Copenhagen,Stateless,2024,9
Copenhagen,Sweden,2024,597
Copenhagen,Switzerland,2024,130
Copenhagen,Syria,2024,14
Copenhagen,Taiwan,2024,23
Copenhagen,Tanzania,2024,2
Copenhagen,Thailand,2024,33
Copenhagen,Tunisia,2024,8
Copenhagen,Turkey,2024,73
Copenhagen,USA,2024,2905
Copenhagen,Ukraine,2024,391
Copenhagen,United Kingdom,2024,469
Copenhagen,Uzbekistan,2024,1
Copenhagen,Venezuela,2024,3
Copenhagen,Vietnam,2024,28
Copenhagen,Yemen,2024,4
Copenhagen,Yugoslavia,2024,3
Copenhagen,Zimbabwe,2024,8
Dragør,Bulgaria,2024,1
Dragør,Denmark,2024,56
Dragør,Egypt,2024,3
Dragør,France,2024,2
Dragør,Greece,2024,5
Dragør,Japan,2024,1
Dragør,Mexico,2024,1
Dragør,Norway,2024,1
Dragør,Not stated,2024,1
Dragør,Philippines,2024,6
Dragør,Poland,2024,2
Dragør,South Africa,2024,1
Dragør,Sri Lanka,2024,1
Dragør,Sweden,2024,5
Dragør,Switzerland,2024,1
Dragør,Syria,2024,1
Dragør,Thailand,2024,6
Dragør,USA,2024,5
Dragør,Ukraine,2024,16
Dragør,United Kingdom,2024,3
Egedal,Afghanistan,2024,9
Egedal,Bangladesh,2024,1
Egedal,Bulgaria,2024,7
Egedal,Chile,2024,1
Egedal,China,2024,3
Egedal,Croatia,2024,1
Egedal,Denmark,2024,99
Egedal,France,2024,1
Egedal,Germany,2024,6
Egedal,Hungary,2024,1
Egedal,India,2024,16
Egedal,Iran,2024,1
Egedal,Italy,2024,1
Egedal,Japan,2024,2
Egedal,Lithuania,2024,7
Egedal,Norway,2024,3
Egedal,Pakistan,2024,6
Egedal,Poland,2024,20
Egedal,Portugal,2024,1
Egedal,Romania,2024,21
Egedal,Russia,2024,2
Egedal,Somalia,2024,1
Egedal,Sweden,2024,3
Egedal,Syria,2024,1
Egedal,Thailand,2024,1
Egedal,Turkey,2024,1
Egedal,USA,2024,5
Egedal,Ukraine,2024,31
Esbjerg,Argentina,2024,3
Esbjerg,Australia,2024,1
Esbjerg,Austria,2024,2
Esbjerg,Bangladesh,2024,3
Esbjerg,Belgium,2024,11
Esbjerg,Bolivia,2024,2
Esbjerg,Bosnia and Herzegovina,2024,5
Esbjerg,Brazil,2024,5
Esbjerg,Bulgaria,2024,16
Esbjerg,Canada,2024,12
Esbjerg,China,2024,14
Esbjerg,Colombia,2024,3
Esbjerg,Costa Rica,2024,1
Esbjerg,Croatia,2024,8
Esbjerg,Cyprus,2024,1
Esbjerg,Czech Republic,2024,13
Esbjerg,Czechoslovakia,2024,1
Esbjerg,Denmark,2024,243
Esbjerg,Dominican Republic,2024,1
Esbjerg,Egypt,2024,5
Esbjerg,Eritrea,2024,1
Esbjerg,Finland,2024,9
Esbjerg,France,2024,65
Esbjerg,Georgia,2024,1
Esbjerg,Germany,2024,23
Esbjerg,Ghana,2024,5
Esbjerg,Greece,2024,6
Esbjerg,Hungary,2024,7
Esbjerg,Iceland,2024,8
Esbjerg,India,2024,7
Esbjerg,Indonesia,2024,7
Esbjerg,Iran,2024,6
Esbjerg,Ireland,2024,3
Esbjerg,Italy,2024,20
Esbjerg,Jamaica,2024,1
Esbjerg,Japan,2024,8
Esbjerg,Jordan,2024,1
Esbjerg,Kazakhstan,2024,4
Esbjerg,Kenya,2024,2
Esbjerg,Kosovo,2024,1
Esbjerg,Kyrgyzstan,2024,1
Esbjerg,Latvia,2024,9
Esbjerg,Lebanon,2024,1
Esbjerg,Lithuania,2024,20
Esbjerg,Luxembourg,2024,1
Esbjerg,Madagascar,2024,1
Esbjerg,Malaysia,2024,2
Esbjerg,Mexico,2024,7
Esbjerg,Moldova,2024,3
Esbjerg,Mongolia,2024,1
Esbjerg,Myanmar,2024,1
Esbjerg,Nepal,2024,8
Esbjerg,Netherlands,2024,16
Esbjerg,Nigeria,2024,3
Esbjerg,Norway,2024,22
Esbjerg,Not stated,2024,1
Esbjerg,Pakistan,2024,2
Esbjerg,Paraguay,2024,2
Esbjerg,Philippines,2024,5
Esbjerg,Poland,2024,53
Esbjerg,Portugal,2024,4
Esbjerg,Romania,2024,61
Esbjerg,Russia,2024,7
Esbjerg,Singapore,2024,1
Esbjerg,Slovakia,2024,5
Esbjerg,Somalia,2024,1
Esbjerg,South Africa,2024,3
Esbjerg,South Korea,2024,3
Esbjerg,Spain,2024,28
Esbjerg,Sri Lanka,2024,2
Esbjerg,Stateless,2024,1
Esbjerg,Sweden,2024,12
Esbjerg,Switzerland,2024,3
Esbjerg,Syria,2024,11
Esbjerg,Tanzania,2024,5
Esbjerg,Thailand,2024,1
Esbjerg,Turkey,2024,2
Esbjerg,USA,2024,4
Esbjerg,Uganda,2024,2
Esbjerg,Ukraine,2024,91
Esbjerg,United Kingdom,2024,40
Esbjerg,Uzbekistan,2024,3
Esbjerg,Vietnam,2024,6
Esbjerg,Yemen,2024,7
Esbjerg,Zambia,2024,1
Faaborg-Midtfyn,Australia,2024,5
Faaborg-Midtfyn,Bangladesh,2024,1
Faaborg-Midtfyn,Bosnia and Herzegovina,2024,1
Faaborg-Midtfyn,Bulgaria,2024,8
Faaborg-Midtfyn,Czech Republic,2024,1
Faaborg-Midtfyn,Denmark,2024,96
Faaborg-Midtfyn,Eritrea,2024,1
Faaborg-Midtfyn,Finland,2024,1
Faaborg-Midtfyn,Germany,2024,4
Faaborg-Midtfyn,Iceland,2024,2
Faaborg-Midtfyn,India,2024,1
Faaborg-Midtfyn,Ireland,2024,2
Faaborg-Midtfyn,Italy,2024,3
Faaborg-Midtfyn,Japan,2024,1
Faaborg-Midtfyn,Kyrgyzstan,2024,1
Faaborg-Midtfyn,Latvia,2024,8
Faaborg-Midtfyn,Lithuania,2024,22
Faaborg-Midtfyn,Mexico,2024,1
Faaborg-Midtfyn,Moldova,2024,1
Faaborg-Midtfyn,Myanmar,2024,1
Faaborg-Midtfyn,Netherlands,2024,4
Faaborg-Midtfyn,Norway,2024,4
Faaborg-Midtfyn,Philippines,2024,1
Faaborg-Midtfyn,Poland,2024,38
Faaborg-Midtfyn,Romania,2024,96
Faaborg-Midtfyn,Spain,2024,1
Faaborg-Midtfyn,Sweden,2024,1
Faaborg-Midtfyn,Syria,2024,17
Faaborg-Midtfyn,Thailand,2024,3
Faaborg-Midtfyn,Uganda,2024,1
Faaborg-Midtfyn,Ukraine,2024,49
Faaborg-Midtfyn,Uzbekistan,2024,1
Faaborg-Midtfyn,Vietnam,2024,17
Fanø,Denmark,2024,11
Fanø,Finland,2024,1
Fanø,Germany,2024,1
Fanø,Latvia,2024,1
Fanø,New Zealand,2024,1
Fanø,Philippines,2024,1
Fanø,Switzerland,2024,1
Fanø,USA,2024,4
Fanø,Ukraine,2024,11
Favrskov,Argentina,2024,1
Favrskov,Australia,2024,1
Favrskov,Brazil,2024,1
Favrskov,Bulgaria,2024,2
Favrskov,China,2024,1
Favrskov,Denmark,2024,78
Favrskov,Eritrea,2024,7
Favrskov,France,2024,1
Favrskov,Germany,2024,3
Favrskov,India,2024,2
Favrskov,Italy,2024,1
Favrskov,Kenya,2024,1
Favrskov,Latvia,2024,4
Favrskov,Lithuania,2024,19
Favrskov,Netherlands,2024,3
Favrskov,Nigeria,2024,1
Favrskov,Norway,2024,2
Favrskov,Philippines,2024,1
Favrskov,Poland,2024,25
Favrskov,Portugal,2024,2
Favrskov,Romania,2024,39
Favrskov,Spain,2024,2
Favrskov,Sweden,2024,1
Favrskov,Syria,2024,10
Favrskov,Thailand,2024,3
Favrskov,Turkey,2024,4
Favrskov,USA,2024,1
Favrskov,Uganda,2024,2
Favrskov,Ukraine,2024,44
Favrskov,United Kingdom,2024,5
Favrskov,Vietnam,2024,6
Faxe,Afghanistan,2024,1
Faxe,Bolivia,2024,1
Faxe,Bulgaria,2024,10
Faxe,Canada,2024,1
Faxe,Denmark,2024,78
Faxe,Estonia,2024,3
Faxe,Ethiopia,2024,2
Faxe,Finland,2024,1
Faxe,Germany,2024,8
Faxe,Greece,2024,1
Faxe,Iceland,2024,4
Faxe,India,2024,1
Faxe,Italy,2024,1
Faxe,Latvia,2024,1
Faxe,Lithuania,2024,3
Faxe,Netherlands,2024,2
Faxe,Norway,2024,1
Faxe,Not stated,2024,1
Faxe,Philippines,2024,2
Faxe,Poland,2024,113
Faxe,Portugal,2024,1
Faxe,Romania,2024,24
Faxe,Russia,2024,1
Faxe,Slovakia,2024,1
Faxe,Sweden,2024,2
Faxe,Syria,2024,4
Faxe,Thailand,2024,1
Faxe,Turkey,2024,1
Faxe,USA,2024,2
Faxe,Ukraine,2024,27
Faxe,United Kingdom,2024,4
Faxe,Zambia,2024,2
Fredensborg,Argentina,2024,2
Fredensborg,Australia,2024,1
Fredensborg,Bangladesh,2024,2
Fredensborg,Brazil,2024,4
Fredensborg,Bulgaria,2024,20
Fredensborg,Burundi,2024,3
Fredensborg,Cameroon,2024,1
Fredensborg,China,2024,11
Fredensborg,Croatia,2024,1
Fredensborg,Denmark,2024,129
Fredensborg,Estonia,2024,1
Fredensborg,France,2024,1
Fredensborg,Germany,2024,2
Fredensborg,Hungary,2024,3
Fredensborg,India,2024,9
Fredensborg,Iran,2024,4
Fredensborg,Ireland,2024,1
Fredensborg,Italy,2024,7
Fredensborg,Lithuania,2024,18
Fredensborg,Netherlands,2024,3
Fredensborg,Norway,2024,5
Fredensborg,Pakistan,2024,1
Fredensborg,Philippines,2024,11
Fredensborg,Poland,2024,13
Fredensborg,Portugal,2024,1
Fredensborg,Romania,2024,15
Fredensborg,Russia,2024,1
Fredensborg,Slovakia,2024,1
Fredensborg,South Africa,2024,5
Fredensborg,South Korea,2024,1
Fredensborg,Spain,2024,1
Fredensborg,Sweden,2024,7
Fredensborg,Syria,2024,2
Fredensborg,Thailand,2024,1
Fredensborg,Turkey,2024,1
Fredensborg,USA,2024,14
Fredensborg,Ukraine,2024,33
Fredensborg,United Kingdom,2024,8
Fredericia,Argentina,2024,1
Fredericia,Australia,2024,1
Fredericia,Belgium,2024,7
Fredericia,Bosnia and Herzegovina,2024,2
Fredericia,Brazil,2024,2
Fredericia,Bulgaria,2024,3
Fredericia,Chile,2024,1
Fredericia,China,2024,2
Fredericia,Croatia,2024,2
Fredericia,Denmark,2024,125
Fredericia,Egypt,2024,1
Fredericia,Eritrea,2024,1
Fredericia,Finland,2024,2
Fredericia,France,2024,6
Fredericia,Germany,2024,10
Fredericia,Hungary,2024,4
Fredericia,Iceland,2024,1
Fredericia,Iran,2024,3
Fredericia,Iraq,2024,2
Fredericia,Ireland,2024,1
Fredericia,Italy,2024,2
Fredericia,Japan,2024,1
Fredericia,Kosovo,2024,1
Fredericia,Lithuania,2024,5
Fredericia,Mexico,2024,3
Fredericia,Moldova,2024,1
Fredericia,Netherlands,2024,3
Fredericia,Norway,2024,13
Fredericia,Pakistan,2024,3
Fredericia,Peru,2024,1
Fredericia,Poland,2024,31
Fredericia,Portugal,2024,1
Fredericia,Romania,2024,64
Fredericia,Russia,2024,2
Fredericia,Serbia,2024,7
Fredericia,Slovakia,2024,1
Fredericia,Somalia,2024,1
Fredericia,South Korea,2024,1
Fredericia,Spain,2024,1
Fredericia,Sri Lanka,2024,2
Fredericia,Sweden,2024,5
Fredericia,Syria,2024,12
Fredericia,Tanzania,2024,1
Fredericia,Turkey,2024,1
Fredericia,USA,2024,5
Fredericia,Uganda,2024,2
Fredericia,Ukraine,2024,47
Fredericia,United Kingdom,2024,3
Fredericia,Vietnam,2024,1
Frederiksberg,Afghanistan,2024,1
Frederiksberg,Algeria,2024,1
Frederiksberg,Argentina,2024,15
Frederiksberg,Armenia,2024,2
Frederiksberg,Australia,2024,76
Frederiksberg,Austria,2024,19
Frederiksberg,Bangladesh,2024,4
Frederiksberg,Belgium,2024,16
Frederiksberg,Bosnia and Herzegovina,2024,2
Frederiksberg,Brazil,2024,14
Frederiksberg,Bulgaria,2024,7
Frederiksberg,Canada,2024,58
Frederiksberg,Chile,2024,11
Frederiksberg,China,2024,146
Frederiksberg,Colombia,2024,4
Frederiksberg,Costa Rica,2024,3
Frederiksberg,Croatia,2024,3
Frederiksberg,Cyprus,2024,2
Frederiksberg,Czech Republic,2024,8
Frederiksberg,Denmark,2024,553
Frederiksberg,Dominican Republic,2024,1
Frederiksberg,Ecuador,2024,3
Frederiksberg,Egypt,2024,3
Frederiksberg,Eritrea,2024,3
Frederiksberg,Ethiopia,2024,1
Frederiksberg,Finland,2024,16
Frederiksberg,France,2024,159
Frederiksberg,Germany,2024,171
Frederiksberg,Ghana,2024,1
Frederiksberg,Greece,2024,14
Frederiksberg,Guinea,2024,1
Frederiksberg,Hungary,2024,9
Frederiksberg,Iceland,2024,17
Frederiksberg,India,2024,83
Frederiksberg,Indonesia,2024,5
Frederiksberg,Iran,2024,13
Frederiksberg,Ireland,2024,24
Frederiksberg,Israel,2024,7
Frederiksberg,Italy,2024,147
Frederiksberg,Japan,2024,33
Frederiksberg,Kazakhstan,2024,3
Frederiksberg,Kenya,2024,3
Frederiksberg,Kosovo,2024,1
Frederiksberg,Kyrgyzstan,2024,1
Frederiksberg,Latvia,2024,2
Frederiksberg,Lebanon,2024,8
Frederiksberg,Lithuania,2024,9
Frederiksberg,Luxembourg,2024,2
Frederiksberg,Malaysia,2024,8
Frederiksberg,Mexico,2024,37
Frederiksberg,Morocco,2024,4
Frederiksberg,Myanmar,2024,1
Frederiksberg,Nepal,2024,5
Frederiksberg,Netherlands,2024,38
Frederiksberg,New Zealand,2024,16
Frederiksberg,Nicaragua,2024,2
Frederiksberg,Nigeria,2024,3
Frederiksberg,Norway,2024,98
Frederiksberg,Pakistan,2024,1
Frederiksberg,Peru,2024,2
Frederiksberg,Philippines,2024,13
Frederiksberg,Poland,2024,23
Frederiksberg,Portugal,2024,34
Frederiksberg,Romania,2024,34
Frederiksberg,Russia,2024,7
Frederiksberg,Serbia,2024,1
Frederiksberg,Singapore,2024,55
Frederiksberg,Slovakia,2024,10
Frederiksberg,Slovenia,2024,1
Frederiksberg,Somalia,2024,4
Frederiksberg,South Africa,2024,3
Frederiksberg,South Korea,2024,19
Frederiksberg,Spain,2024,70
Frederiksberg,Sweden,2024,82
Frederiksberg,Switzerland,2024,27
Frederiksberg,Syria,2024,4
Frederiksberg,Taiwan,2024,13
Frederiksberg,Tanzania,2024,2
Frederiksberg,Thailand,2024,17
Frederiksberg,Turkey,2024,15
Frederiksberg,USA,2024,394
Frederiksberg,Uganda,2024,1
Frederiksberg,Ukraine,2024,89
Frederiksberg,United Kingdom,2024,63
Frederiksberg,Uruguay,2024,1
Frederiksberg,Venezuela,2024,2
Frederiksberg,Vietnam,2024,3
Frederiksberg,Zimbabwe,2024,1
Frederikshavn,Argentina,2024,1
Frederikshavn,Belgium,2024,1
Frederikshavn,Bulgaria,2024,6
Frederikshavn,Canada,2024,1
Frederikshavn,China,2024,1
Frederikshavn,"Congo, Democratic Republic",2024,4
Frederikshavn,Croatia,2024,4
Frederikshavn,Czech Republic,2024,1
Frederikshavn,Denmark,2024,150
Frederikshavn,Eritrea,2024,6
Frederikshavn,Finland,2024,2
Frederikshavn,Germany,2024,4
Frederikshavn,Ghana,2024,1
Frederikshavn,Greece,2024,3
Frederikshavn,Hungary,2024,1
Frederikshavn,Iceland,2024,1
Frederikshavn,Iran,2024,1
Frederikshavn,Italy,2024,7
Frederikshavn,Japan,2024,1
Frederikshavn,Latvia,2024,2
Frederikshavn,Lithuania,2024,8
Frederikshavn,Moldova,2024,1
Frederikshavn,Myanmar,2024,1
Frederikshavn,Nigeria,2024,1
Frederikshavn,Norway,2024,9
Frederikshavn,Not stated,2024,1
Frederikshavn,Philippines,2024,3
Frederikshavn,Poland,2024,35
Frederikshavn,Romania,2024,64
Frederikshavn,Russia,2024,5
Frederikshavn,Serbia,2024,1
Frederikshavn,Slovakia,2024,1
Frederikshavn,Spain,2024,1
Frederikshavn,Sweden,2024,17
Frederikshavn,Syria,2024,5
Frederikshavn,Thailand,2024,3
Frederikshavn,Turkey,2024,2
Frederikshavn,USA,2024,2
Frederikshavn,Ukraine,2024,35
Frederikshavn,Vietnam,2024,2
Frederikssund,Africa not stated,2024,1
Frederikssund,Argentina,2024,1
Frederikssund,Azerbaijan,2024,1
Frederikssund,Brazil,2024,1
Frederikssund,Bulgaria,2024,6
Frederikssund,Croatia,2024,1
Frederikssund,Denmark,2024,57
Frederikssund,Greece,2024,2
Frederikssund,Hungary,2024,2
Frederikssund,Iceland,2024,1
Frederikssund,India,2024,4
Frederikssund,Ireland,2024,2
Frederikssund,Italy,2024,1
Frederikssund,Lithuania,2024,2
Frederikssund,Norway,2024,7
Frederikssund,Philippines,2024,2
Frederikssund,Poland,2024,8
Frederikssund,Portugal,2024,1
Frederikssund,Romania,2024,26
Frederikssund,Spain,2024,3
Frederikssund,Sweden,2024,3
Frederikssund,Syria,2024,1
Frederikssund,Turkey,2024,1
Frederikssund,USA,2024,1
Frederikssund,Ukraine,2024,20
Frederikssund,United Kingdom,2024,2
Frederikssund,Vietnam,2024,1
Furesø,Argentina,2024,1
Furesø,Belgium,2024,1
Furesø,Bulgaria,2024,22
Furesø,Cameroon,2024,1
Furesø,Canada,2024,1
Furesø,Chile,2024,1
Furesø,China,2024,6
Furesø,Colombia,2024,1
Furesø,Croatia,2024,2
Furesø,Cyprus,2024,1
Furesø,Denmark,2024,92
Furesø,Finland,2024,3
Furesø,France,2024,3
Furesø,"Gambia, The",2024,1
Furesø,Germany,2024,3
Furesø,Ghana,2024,5
Furesø,Greece,2024,1
Furesø,Guatemala,2024,1
Furesø,Hungary,2024,4
Furesø,Iceland,2024,1
Furesø,India,2024,13
Furesø,Iran,2024,9
Furesø,Italy,2024,21
Furesø,Ivory Coast,2024,3
Furesø,Latvia,2024,2
Furesø,Lithuania,2024,9
Furesø,Mexico,2024,1
Furesø,Moldova,2024,1
Furesø,Morocco,2024,1
Furesø,Nepal,2024,2
Furesø,Netherlands,2024,10
Furesø,Nicaragua,2024,1
Furesø,Nigeria,2024,3
Furesø,Norway,2024,2
Furesø,Pakistan,2024,3
Furesø,Panama,2024,1
Furesø,Philippines,2024,7
Furesø,Poland,2024,25
Furesø,Portugal,2024,4
Furesø,Republic of North Macedonia,2024,2
Furesø,Romania,2024,24
Furesø,Russia,2024,1
Furesø,Slovakia,2024,1
Furesø,South Africa,2024,1
Furesø,Spain,2024,4
Furesø,Sweden,2024,8
Furesø,Thailand,2024,1
Furesø,Trinidad and Tobago,2024,1
Furesø,Tunisia,2024,1
Furesø,Turkey,2024,4
Furesø,USA,2024,2
Furesø,Ukraine,2024,32
Furesø,United Kingdom,2024,8
Gentofte,Argentina,2024,4
Gentofte,Australia,2024,7
Gentofte,Austria,2024,1
Gentofte,Bangladesh,2024,1
Gentofte,Belgium,2024,7
Gentofte,Brazil,2024,16
Gentofte,Bulgaria,2024,7
Gentofte,Canada,2024,13
Gentofte,Chile,2024,16
Gentofte,China,2024,29
Gentofte,Colombia,2024,3
Gentofte,Croatia,2024,6
Gentofte,Czech Republic,2024,1
Gentofte,Denmark,2024,343
Gentofte,Egypt,2024,4
Gentofte,Eritrea,2024,1
Gentofte,Estonia,2024,3
Gentofte,Finland,2024,9
Gentofte,France,2024,20
Gentofte,Georgia,2024,2
Gentofte,Germany,2024,34
Gentofte,Greece,2024,3
Gentofte,Honduras,2024,1
Gentofte,Hungary,2024,4
Gentofte,Iceland,2024,4
Gentofte,India,2024,30
Gentofte,Indonesia,2024,4
Gentofte,Iran,2024,11
Gentofte,Ireland,2024,12
Gentofte,Italy,2024,40
Gentofte,Japan,2024,10
Gentofte,Kenya,2024,3
Gentofte,Latvia,2024,2
Gentofte,Lebanon,2024,2
Gentofte,Lithuania,2024,10
Gentofte,Mexico,2024,6
Gentofte,Morocco,2024,2
Gentofte,Netherlands,2024,29
Gentofte,New Zealand,2024,1
Gentofte,Norway,2024,13
Gentofte,Pakistan,2024,1
Gentofte,Philippines,2024,158
Gentofte,Poland,2024,25
Gentofte,Portugal,2024,5
Gentofte,Romania,2024,18
Gentofte,Russia,2024,10
Gentofte,Singapore,2024,2
Gentofte,Slovakia,2024,3
Gentofte,South Africa,2024,2
Gentofte,South Korea,2024,5
Gentofte,Spain,2024,18
Gentofte,Sweden,2024,31
Gentofte,Switzerland,2024,5
Gentofte,Taiwan,2024,4
Gentofte,Thailand,2024,9
Gentofte,Tunisia,2024,2
Gentofte,Turkey,2024,2
Gentofte,USA,2024,53
Gentofte,Ukraine,2024,34
Gentofte,United Kingdom,2024,35
Gentofte,Uruguay,2024,1
Gladsaxe,Afghanistan,2024,2
Gladsaxe,Albania,2024,1
Gladsaxe,Algeria,2024,2
Gladsaxe,Argentina,2024,6
Gladsaxe,Australia,2024,1
Gladsaxe,Bangladesh,2024,7
Gladsaxe,Belgium,2024,3
Gladsaxe,Bosnia and Herzegovina,2024,5
Gladsaxe,Brazil,2024,18
Gladsaxe,Bulgaria,2024,26
Gladsaxe,Cameroon,2024,1
Gladsaxe,Canada,2024,4
Gladsaxe,Chile,2024,6
Gladsaxe,China,2024,29
Gladsaxe,Croatia,2024,10
Gladsaxe,Cyprus,2024,2
Gladsaxe,Czech Republic,2024,4
Gladsaxe,Denmark,2024,209
Gladsaxe,Ecuador,2024,2
Gladsaxe,Egypt,2024,7
Gladsaxe,Estonia,2024,2
Gladsaxe,Finland,2024,3
Gladsaxe,France,2024,16
Gladsaxe,Germany,2024,13
Gladsaxe,Greece,2024,12
Gladsaxe,Hungary,2024,7
Gladsaxe,Iceland,2024,18
Gladsaxe,India,2024,79
Gladsaxe,Indonesia,2024,5
Gladsaxe,Iran,2024,24
Gladsaxe,Iraq,2024,1
Gladsaxe,Ireland,2024,11
Gladsaxe,Italy,2024,31
Gladsaxe,Jamaica,2024,1
Gladsaxe,Japan,2024,3
Gladsaxe,Kazakhstan,2024,1
Gladsaxe,Kosovo,2024,3
Gladsaxe,Latvia,2024,4
Gladsaxe,Lithuania,2024,20
Gladsaxe,Malaysia,2024,1
Gladsaxe,Mexico,2024,2
Gladsaxe,Moldova,2024,1
Gladsaxe,Montenegro,2024,5
Gladsaxe,Morocco,2024,2
Gladsaxe,Nepal,2024,6
Gladsaxe,Netherlands,2024,6
Gladsaxe,New Zealand,2024,1
Gladsaxe,Nigeria,2024,4
Gladsaxe,North Korea,2024,1
Gladsaxe,Norway,2024,8
Gladsaxe,Pakistan,2024,5
Gladsaxe,Philippines,2024,11
Gladsaxe,Poland,2024,37
Gladsaxe,Portugal,2024,7
Gladsaxe,Republic of North Macedonia,2024,2
Gladsaxe,Romania,2024,32
Gladsaxe,Russia,2024,1
Gladsaxe,Saudi Arabia,2024,2
Gladsaxe,Slovakia,2024,3
Gladsaxe,Slovenia,2024,2
Gladsaxe,South Korea,2024,2
Gladsaxe,Spain,2024,27
Gladsaxe,Sweden,2024,16
Gladsaxe,Syria,2024,7
Gladsaxe,Taiwan,2024,1
Gladsaxe,Thailand,2024,5
Gladsaxe,Turkey,2024,6
Gladsaxe,USA,2024,13
Gladsaxe,Ukraine,2024,46
Gladsaxe,United Kingdom,2024,10
Gladsaxe,Uzbekistan,2024,1
Glostrup,Argentina,2024,2
Glostrup,Australia,2024,1
Glostrup,Bangladesh,2024,2
Glostrup,Bulgaria,2024,21
Glostrup,China,2024,2
Glostrup,Czech Republic,2024,1
Glostrup,Denmark,2024,59
Glostrup,Finland,2024,1
Glostrup,France,2024,1
Glostrup,Germany,2024,3
Glostrup,Greece,2024,1
Glostrup,Hungary,2024,5
Glostrup,Iceland,2024,1
Glostrup,India,2024,20
Glostrup,Iran,2024,4
Glostrup,Ireland,2024,2
Glostrup,Italy,2024,4
Glostrup,Ivory Coast,2024,1
Glostrup,Jamaica,2024,1
Glostrup,Latvia,2024,1
Glostrup,Lithuania,2024,2
Glostrup,Malaysia,2024,2
Glostrup,Mexico,2024,1
Glostrup,Morocco,2024,1
Glostrup,Nepal,2024,7
Glostrup,Netherlands,2024,5
Glostrup,Nigeria,2024,1
Glostrup,Norway,2024,1
Glostrup,Pakistan,2024,1
Glostrup,Philippines,2024,1
Glostrup,Poland,2024,6
Glostrup,Portugal,2024,2
Glostrup,Romania,2024,36
Glostrup,Slovenia,2024,1
Glostrup,South Africa,2024,1
Glostrup,South Korea,2024,1
Glostrup,Spain,2024,4
Glostrup,Sweden,2024,9
Glostrup,Taiwan,2024,1
Glostrup,Turkey,2024,6
Glostrup,USA,2024,6
Glostrup,Ukraine,2024,8
Glostrup,United Kingdom,2024,4
Greve,Afghanistan,2024,1
Greve,Argentina,2024,1
Greve,Bangladesh,2024,3
Greve,Brazil,2024,1
Greve,Bulgaria,2024,12
Greve,Chile,2024,2
Greve,China,2024,7
Greve,Croatia,2024,1
Greve,Czech Republic,2024,2
Greve,Denmark,2024,87
Greve,Finland,2024,1
Greve,France,2024,2
Greve,Germany,2024,4
Greve,Ghana,2024,2
Greve,Greece,2024,1
Greve,Hungary,2024,1
Greve,India,2024,8
Greve,Indonesia,2024,1
Greve,Iran,2024,6
Greve,Ireland,2024,4
Greve,Italy,2024,2
Greve,Japan,2024,4
Greve,Latvia,2024,3
Greve,Lebanon,2024,1
Greve,Lithuania,2024,13
Greve,Mexico,2024,2
Greve,Montenegro,2024,4
Greve,Nepal,2024,3
Greve,Netherlands,2024,2
Greve,Nigeria,2024,1
Greve,Norway,2024,1
Greve,Pakistan,2024,2
Greve,Philippines,2024,4
Greve,Poland,2024,48
Greve,Portugal,2024,8
Greve,Romania,2024,30
Greve,Russia,2024,2
Greve,Slovakia,2024,1
Greve,Spain,2024,11
Greve,Sri Lanka,2024,2
Greve,Sweden,2024,6
Greve,Syria,2024,1
Greve,USA,2024,19
Greve,Uganda,2024,1
Greve,Ukraine,2024,13
Greve,United Kingdom,2024,6
Greve,Vietnam,2024,2
Gribskov,Argentina,2024,1
Gribskov,Brazil,2024,1
Gribskov,Bulgaria,2024,16
Gribskov,Canada,2024,1
Gribskov,China,2024,3
Gribskov,Denmark,2024,113
Gribskov,Georgia,2024,1
Gribskov,Germany,2024,1
Gribskov,Greece,2024,1
Gribskov,Hungary,2024,1
Gribskov,Iceland,2024,10
Gribskov,Indonesia,2024,1
Gribskov,Italy,2024,2
Gribskov,Latvia,2024,1
Gribskov,Lithuania,2024,18
Gribskov,Nepal,2024,2
Gribskov,Netherlands,2024,3
Gribskov,Norway,2024,8
Gribskov,Philippines,2024,2
Gribskov,Poland,2024,32
Gribskov,Romania,2024,56
Gribskov,Russia,2024,2
Gribskov,Serbia,2024,2
Gribskov,Spain,2024,3
Gribskov,Sweden,2024,4
Gribskov,Switzerland,2024,1
Gribskov,Syria,2024,6
Gribskov,Thailand,2024,5
Gribskov,Turkey,2024,3
Gribskov,USA,2024,1
Gribskov,Ukraine,2024,38
Gribskov,United Kingdom,2024,2
Gribskov,Vietnam,2024,2
Guldborgsund,Argentina,2024,1
Guldborgsund,Belgium,2024,2
Guldborgsund,Bosnia and Herzegovina,2024,1
Guldborgsund,Brazil,2024,1
Guldborgsund,Bulgaria,2024,26
Guldborgsund,Chile,2024,4
Guldborgsund,China,2024,1
Guldborgsund,Colombia,2024,1
Guldborgsund,Croatia,2024,15
Guldborgsund,Czech Republic,2024,3
Guldborgsund,Denmark,2024,112
Guldborgsund,Finland,2024,1
Guldborgsund,France,2024,2
Guldborgsund,Germany,2024,4
Guldborgsund,Greece,2024,1
Guldborgsund,Hungary,2024,5
Guldborgsund,Iceland,2024,2
Guldborgsund,India,2024,3
Guldborgsund,Indonesia,2024,1
Guldborgsund,Iraq,2024,1
Guldborgsund,Italy,2024,16
Guldborgsund,Kenya,2024,1
Guldborgsund,Latvia,2024,5
Guldborgsund,Lebanon,2024,1
Guldborgsund,Lithuania,2024,3
Guldborgsund,Mexico,2024,1
Guldborgsund,Netherlands,2024,1
Guldborgsund,Pakistan,2024,2
Guldborgsund,Philippines,2024,5
Guldborgsund,Poland,2024,38
Guldborgsund,Portugal,2024,1
Guldborgsund,Republic of North Macedonia,2024,1
Guldborgsund,Romania,2024,144
Guldborgsund,Serbia,2024,1
Guldborgsund,Slovenia,2024,1
Guldborgsund,Spain,2024,4
Guldborgsund,Sweden,2024,5
Guldborgsund,Syria,2024,9
Guldborgsund,Tanzania,2024,1
Guldborgsund,Thailand,2024,6
Guldborgsund,Turkey,2024,1
Guldborgsund,USA,2024,1
Guldborgsund,Uganda,2024,1
Guldborgsund,Ukraine,2024,38
Guldborgsund,United Kingdom,2024,3
Guldborgsund,Vietnam,2024,2
Haderslev,Afghanistan,2024,7
Haderslev,Algeria,2024,1
Haderslev,Austria,2024,3
Haderslev,Belgium,2024,4
Haderslev,Bosnia and Herzegovina,2024,2
Haderslev,Brazil,2024,7
Haderslev,Bulgaria,2024,8
Haderslev,Canada,2024,2
Haderslev,China,2024,2
Haderslev,Denmark,2024,93
Haderslev,Eritrea,2024,1
Haderslev,Estonia,2024,1
Haderslev,Finland,2024,1
Haderslev,France,2024,2
Haderslev,Germany,2024,42
Haderslev,Hungary,2024,6
Haderslev,Iceland,2024,3
Haderslev,Iran,2024,1
Haderslev,Ireland,2024,1
Haderslev,Italy,2024,11
Haderslev,Japan,2024,3
Haderslev,Jordan,2024,1
Haderslev,Latvia,2024,11
Haderslev,Lithuania,2024,8
Haderslev,Mali,2024,1
Haderslev,Moldova,2024,1
Haderslev,Netherlands,2024,1
Haderslev,Norway,2024,8
Haderslev,Not stated,2024,3
Haderslev,Philippines,2024,1
Haderslev,Poland,2024,28
Haderslev,Portugal,2024,3
Haderslev,Romania,2024,53
Haderslev,Spain,2024,9
Haderslev,Sweden,2024,12
Haderslev,Switzerland,2024,4
Haderslev,Syria,2024,17
Haderslev,Tanzania,2024,1
Haderslev,Thailand,2024,2
Haderslev,Turkey,2024,1
Haderslev,USA,2024,1
Haderslev,Uganda,2024,1
Haderslev,Ukraine,2024,43
Haderslev,Vietnam,2024,7
Halsnæs,Argentina,2024,1
Halsnæs,Bulgaria,2024,2
Halsnæs,Croatia,2024,2
Halsnæs,Denmark,2024,49
Halsnæs,Egypt,2024,1
Halsnæs,Germany,2024,1
Halsnæs,Hungary,2024,2
Halsnæs,Iceland,2024,1
Halsnæs,India,2024,1
Halsnæs,Iran,2024,1
Halsnæs,Italy,2024,1
Halsnæs,Latvia,2024,2
Halsnæs,Lithuania,2024,11
Halsnæs,Norway,2024,1
Halsnæs,Peru,2024,2
Halsnæs,Poland,2024,14
Halsnæs,Portugal,2024,1
Halsnæs,Republic of North Macedonia,2024,2
Halsnæs,Romania,2024,48
Halsnæs,Serbia,2024,5
Halsnæs,Slovakia,2024,1
Halsnæs,Stateless,2024,3
Halsnæs,Sweden,2024,1
Halsnæs,Thailand,2024,1
Halsnæs,USA,2024,1
Halsnæs,Ukraine,2024,21
Halsnæs,United Kingdom,2024,1
Halsnæs,Yugoslavia,2024,1
Hedensted,Argentina,2024,1
Hedensted,Brazil,2024,1
Hedensted,Bulgaria,2024,8
Hedensted,Denmark,2024,94
Hedensted,Estonia,2024,3
Hedensted,France,2024,3
Hedensted,Germany,2024,10
Hedensted,Greece,2024,3
Hedensted,Hungary,2024,6
Hedensted,Iceland,2024,4
Hedensted,India,2024,1
Hedensted,Iran,2024,1
Hedensted,Ireland,2024,1
Hedensted,Italy,2024,3
Hedensted,Japan,2024,3
Hedensted,Latvia,2024,9
Hedensted,Lithuania,2024,13
Hedensted,Mexico,2024,1
Hedensted,Nigeria,2024,1
Hedensted,Philippines,2024,2
Hedensted,Poland,2024,42
Hedensted,Portugal,2024,1
Hedensted,Romania,2024,68
Hedensted,Spain,2024,2
Hedensted,Syria,2024,5
Hedensted,Thailand,2024,2
Hedensted,USA,2024,2
Hedensted,Ukraine,2024,19
Hedensted,United Kingdom,2024,3
Hedensted,Venezuela,2024,1
Helsingør,Algeria,2024,1
Helsingør,Australia,2024,2
Helsingør,Austria,2024,1
Helsingør,Bangladesh,2024,3
Helsingør,Belgium,2024,20
Helsingør,Bosnia and Herzegovina,2024,3
Helsingør,Brazil,2024,6
Helsingør,Bulgaria,2024,4
Helsingør,Cambodia,2024,1
Helsingør,Canada,2024,4
Helsingør,Chile,2024,2
Helsingør,Colombia,2024,2
Helsingør,Croatia,2024,4
Helsingør,Denmark,2024,192
Helsingør,Ecuador,2024,1
Helsingør,Egypt,2024,1
Helsingør,Eritrea,2024,3
Helsingør,France,2024,17
Helsingør,Germany,2024,17
Helsingør,Greece,2024,1
Helsingør,Guatemala,2024,1
Helsingør,Iceland,2024,3
Helsingør,India,2024,3
Helsingør,Iraq,2024,4
Helsingør,Israel,2024,1
Helsingør,Italy,2024,19
Helsingør,Japan,2024,21
Helsingør,Lithuania,2024,4
Helsingør,Mexico,2024,9
Helsingør,Morocco,2024,1
Helsingør,Nepal,2024,1
Helsingør,Netherlands,2024,16
Helsingør,New Zealand,2024,1
Helsingør,Norway,2024,2
Helsingør,Philippines,2024,7
Helsingør,Poland,2024,13
Helsingør,Portugal,2024,1
Helsingør,Romania,2024,10
Helsingør,Slovakia,2024,1
Helsingør,South Korea,2024,11
Helsingør,Spain,2024,13
Helsingør,Stateless,2024,3
Helsingør,Sweden,2024,15
Helsingør,Switzerland,2024,3
Helsingør,Syria,2024,12
Helsingør,Turkey,2024,1
Helsingør,USA,2024,16
Helsingør,Ukraine,2024,42
Helsingør,United Kingdom,2024,5
Helsingør,Venezuela,2024,4
Helsingør,Vietnam,2024,12
Helsingør,Yugoslavia,2024,2
Herlev,Azerbaijan,2024,7
Herlev,Bangladesh,2024,4
Herlev,Belgium,2024,1
Herlev,Bosnia and Herzegovina,2024,1
Herlev,Brazil,2024,1
Herlev,Bulgaria,2024,6
Herlev,Chile,2024,1
Herlev,China,2024,12
Herlev,Croatia,2024,1
Herlev,Czech Republic,2024,1
Herlev,Denmark,2024,67
Herlev,Egypt,2024,6
Herlev,France,2024,2
Herlev,Georgia,2024,1
Herlev,Ghana,2024,14
Herlev,Greece,2024,2
Herlev,Iceland,2024,10
Herlev,India,2024,63
Herlev,Iran,2024,12
Herlev,Ireland,2024,1
Herlev,Italy,2024,5
Herlev,Kenya,2024,5
Herlev,Latvia,2024,1
Herlev,Lithuania,2024,5
Herlev,Montenegro,2024,1
Herlev,Nepal,2024,2
Herlev,Netherlands,2024,3
Herlev,Norway,2024,1
Herlev,Pakistan,2024,1
Herlev,Peru,2024,1
Herlev,Philippines,2024,1
Herlev,Poland,2024,4
Herlev,Portugal,2024,1
Herlev,Republic of North Macedonia,2024,2
Herlev,Romania,2024,11
Herlev,South Africa,2024,3
Herlev,Spain,2024,3
Herlev,Sweden,2024,16
Herlev,Switzerland,2024,1
Herlev,Turkey,2024,2
Herlev,USA,2024,7
Herlev,Uganda,2024,1
Herlev,Ukraine,2024,26
Herlev,United Kingdom,2024,1
Herlev,Venezuela,2024,1
Herlev,Yugoslavia,2024,1
Herlev,Zimbabwe,2024,3
Herning,Afghanistan,2024,4
Herning,Australia,2024,2
Herning,Austria,2024,5
Herning,Bangladesh,2024,1
Herning,Belgium,2024,2
Herning,Bosnia and Herzegovina,2024,1
Herning,Brazil,2024,3
Herning,Bulgaria,2024,32
Herning,Canada,2024,5
Herning,Chile,2024,1
Herning,China,2024,1
Herning,Colombia,2024,1
Herning,"Congo, Democratic Republic",2024,1
Herning,Croatia,2024,2
Herning,Denmark,2024,187
Herning,Eritrea,2024,1
Herning,Finland,2024,1
Herning,France,2024,7
Herning,Germany,2024,17
Herning,Hungary,2024,3
Herning,Iceland,2024,8
Herning,India,2024,3
Herning,Iran,2024,11
Herning,Iraq,2024,1
Herning,Ireland,2024,2
Herning,Italy,2024,16
Herning,Latvia,2024,26
Herning,Lithuania,2024,19
Herning,Netherlands,2024,17
Herning,Norway,2024,7
Herning,Pakistan,2024,7
Herning,Philippines,2024,3
Herning,Poland,2024,72
Herning,Portugal,2024,3
Herning,Romania,2024,53
Herning,Slovakia,2024,11
Herning,Slovenia,2024,1
Herning,Spain,2024,5
Herning,Sri Lanka,2024,2
Herning,Sudan,2024,1
Herning,Sweden,2024,10
Herning,Syria,2024,5
Herning,Thailand,2024,7
Herning,USA,2024,3
Herning,Uganda,2024,1
Herning,Ukraine,2024,42
Herning,United Kingdom,2024,9
Hillerød,Australia,2024,2
Hillerød,Austria,2024,1
Hillerød,Bangladesh,2024,2
Hillerød,Belarus,2024,1
Hillerød,Bosnia and Herzegovina,2024,1
Hillerød,Brazil,2024,5
Hillerød,Bulgaria,2024,14
Hillerød,Canada,2024,1
Hillerød,Chile,2024,2
Hillerød,China,2024,5
Hillerød,Croatia,2024,6
Hillerød,Cuba,2024,1
Hillerød,Denmark,2024,123
Hillerød,Egypt,2024,1
Hillerød,Finland,2024,3
Hillerød,France,2024,1
Hillerød,Germany,2024,6
Hillerød,Ghana,2024,1
Hillerød,Guinea-Bissau,2024,1
Hillerød,Hungary,2024,3
Hillerød,Iceland,2024,1
Hillerød,India,2024,6
Hillerød,Iran,2024,14
Hillerød,Iraq,2024,1
Hillerød,Ireland,2024,29
Hillerød,Italy,2024,10
Hillerød,Japan,2024,1
Hillerød,Latvia,2024,3
Hillerød,Lithuania,2024,28
Hillerød,Malta,2024,1
Hillerød,Nepal,2024,1
Hillerød,Netherlands,2024,6
Hillerød,Norway,2024,4
Hillerød,Paraguay,2024,1
Hillerød,Philippines,2024,4
Hillerød,Poland,2024,53
Hillerød,Portugal,2024,1
Hillerød,Romania,2024,42
Hillerød,Serbia,2024,3
Hillerød,Slovakia,2024,8
Hillerød,South Korea,2024,3
Hillerød,Spain,2024,7
Hillerød,Sweden,2024,9
Hillerød,Switzerland,2024,2
Hillerød,Syria,2024,6
Hillerød,Turkey,2024,2
Hillerød,USA,2024,12
Hillerød,Ukraine,2024,35
Hillerød,United Kingdom,2024,17
Hjørring,Argentina,2024,3
Hjørring,Austria,2024,2
Hjørring,Belgium,2024,3
Hjørring,Brazil,2024,3
Hjørring,Bulgaria,2024,8
Hjørring,Cambodia,2024,1
Hjørring,China,2024,6
Hjørring,Colombia,2024,2
Hjørring,Czech Republic,2024,3
Hjørring,Denmark,2024,123
Hjørring,Eritrea,2024,2
Hjørring,Estonia,2024,1
Hjørring,Finland,2024,1
Hjørring,France,2024,1
Hjørring,Germany,2024,15
Hjørring,Ghana,2024,1
Hjørring,Greece,2024,2
Hjørring,Hungary,2024,6
Hjørring,Iceland,2024,4
Hjørring,India,2024,1
Hjørring,Indonesia,2024,3
Hjørring,Iran,2024,4
Hjørring,Ireland,2024,1
Hjørring,Italy,2024,1
Hjørring,Japan,2024,12
Hjørring,Lithuania,2024,4
Hjørring,Malta,2024,1
Hjørring,Norway,2024,22
Hjørring,Philippines,2024,4
Hjørring,Poland,2024,37
Hjørring,Portugal,2024,6
Hjørring,Romania,2024,67
Hjørring,Slovakia,2024,4
Hjørring,South Korea,2024,1
Hjørring,Sweden,2024,5
Hjørring,Switzerland,2024,1
Hjørring,Syria,2024,11
Hjørring,Tanzania,2024,1
Hjørring,Turkey,2024,2
Hjørring,USA,2024,4
Hjørring,Uganda,2024,6
Hjørring,Ukraine,2024,50
Hjørring,United Arab Emirates,2024,1
Hjørring,United Kingdom,2024,1
Hjørring,Vietnam,2024,2
Holbæk,Afghanistan,2024,11
Holbæk,Argentina,2024,2
Holbæk,Belgium,2024,1
Holbæk,Bolivia,2024,1
Holbæk,Brazil,2024,1
Holbæk,Bulgaria,2024,17
Holbæk,Canada,2024,1
Holbæk,Colombia,2024,1
Holbæk,Croatia,2024,2
Holbæk,Cyprus,2024,1
Holbæk,Czech Republic,2024,8
Holbæk,Denmark,2024,165
Holbæk,Ecuador,2024,1
Holbæk,Eritrea,2024,1
Holbæk,France,2024,1
Holbæk,Germany,2024,2
Holbæk,Ghana,2024,1
Holbæk,Greece,2024,2
Holbæk,Honduras,2024,1
Holbæk,Hungary,2024,5
Holbæk,India,2024,1
Holbæk,Iran,2024,2
Holbæk,Iraq,2024,2
Holbæk,Italy,2024,5
Holbæk,Japan,2024,1
Holbæk,Latvia,2024,4
Holbæk,Lebanon,2024,1
Holbæk,Lithuania,2024,23
Holbæk,Netherlands,2024,2
Holbæk,New Zealand,2024,1
Holbæk,Norway,2024,2
Holbæk,Poland,2024,47
Holbæk,Romania,2024,48
Holbæk,Serbia,2024,2
Holbæk,Slovakia,2024,1
Holbæk,Somalia,2024,5
Holbæk,South Africa,2024,1
Holbæk,Spain,2024,8
Holbæk,Sweden,2024,10
Holbæk,Syria,2024,2
Holbæk,Thailand,2024,2
Holbæk,Trinidad and Tobago,2024,1
Holbæk,Turkey,2024,2
Holbæk,USA,2024,3
Holbæk,Uganda,2024,2
Holbæk,Ukraine,2024,36
Holbæk,United Kingdom,2024,8
Holstebro,Australia,2024,3
Holstebro,Bahrain,2024,1
Holstebro,Belgium,2024,1
Holstebro,Bolivia,2024,1
Holstebro,Brazil,2024,1
Holstebro,Bulgaria,2024,6
Holstebro,Canada,2024,1
Holstebro,Chile,2024,3
Holstebro,Croatia,2024,1
Holstebro,Czech Republic,2024,1
Holstebro,Denmark,2024,105
Holstebro,Eritrea,2024,8
Holstebro,Finland,2024,1
Holstebro,France,2024,1
Holstebro,Georgia,2024,1
Holstebro,Germany,2024,8
Holstebro,Greece,2024,1
Holstebro,Hungary,2024,3
Holstebro,Iceland,2024,1
Holstebro,India,2024,1
Holstebro,Italy,2024,4
Holstebro,Kenya,2024,4
Holstebro,Kyrgyzstan,2024,1
Holstebro,Latvia,2024,2
Holstebro,Lithuania,2024,3
Holstebro,Netherlands,2024,4
Holstebro,Norway,2024,2
Holstebro,Poland,2024,5
Holstebro,Romania,2024,29
Holstebro,Spain,2024,5
Holstebro,Sweden,2024,2
Holstebro,Switzerland,2024,1
Holstebro,Syria,2024,8
Holstebro,Thailand,2024,10
Holstebro,Turkey,2024,3
Holstebro,USA,2024,1
Holstebro,Ukraine,2024,38
Holstebro,United Kingdom,2024,2
Holstebro,Vietnam,2024,1
Horsens,Albania,2024,1
Horsens,Australia,2024,2
Horsens,Austria,2024,5
Horsens,Belarus,2024,1
Horsens,Belgium,2024,3
Horsens,Bosnia and Herzegovina,2024,2
Horsens,Brazil,2024,3
Horsens,Bulgaria,2024,42
Horsens,Cameroon,2024,1
Horsens,China,2024,19
Horsens,"Congo, Democratic Republic",2024,1
Horsens,Croatia,2024,12
Horsens,Cyprus,2024,1
Horsens,Czech Republic,2024,7
Horsens,Denmark,2024,180
Horsens,Ecuador,2024,1
Horsens,Egypt,2024,1
Horsens,France,2024,18
Horsens,"Gambia, The",2024,1
Horsens,Germany,2024,18
Horsens,Ghana,2024,1
Horsens,Greece,2024,4
Horsens,Hungary,2024,19
Horsens,Iceland,2024,32
Horsens,India,2024,9
Horsens,Iran,2024,1
Horsens,Iraq,2024,3
Horsens,Ireland,2024,1
Horsens,Italy,2024,20
Horsens,Japan,2024,1
Horsens,Kenya,2024,1
Horsens,Kyrgyzstan,2024,1
Horsens,Latvia,2024,27
Horsens,Lithuania,2024,64
Horsens,Malta,2024,1
Horsens,Mexico,2024,1
Horsens,Moldova,2024,3
Horsens,Montenegro,2024,1
Horsens,Nepal,2024,1
Horsens,Netherlands,2024,6
Horsens,Nigeria,2024,1
Horsens,Norway,2024,5
Horsens,Philippines,2024,9
Horsens,Poland,2024,178
Horsens,Portugal,2024,13
Horsens,Romania,2024,248
Horsens,Russia,2024,1
Horsens,Sierra Leone,2024,2
Horsens,Slovakia,2024,35
Horsens,Somalia,2024,1
Horsens,South Korea,2024,1
Horsens,Spain,2024,19
Horsens,Sweden,2024,6
Horsens,Switzerland,2024,2
Horsens,Syria,2024,11
Horsens,Thailand,2024,2
Horsens,Turkey,2024,1
Horsens,USA,2024,4
Horsens,Ukraine,2024,72
Horsens,United Kingdom,2024,6
Horsens,Vietnam,2024,5
Hvidovre,Afghanistan,2024,2
Hvidovre,Argentina,2024,5
Hvidovre,Australia,2024,1
Hvidovre,Bangladesh,2024,8
Hvidovre,Belgium,2024,1
Hvidovre,Bulgaria,2024,17
Hvidovre,Canada,2024,3
Hvidovre,Chile,2024,1
Hvidovre,China,2024,26
Hvidovre,Colombia,2024,1
Hvidovre,Croatia,2024,7
Hvidovre,Czech Republic,2024,4
Hvidovre,Denmark,2024,139
Hvidovre,Egypt,2024,1
Hvidovre,Eritrea,2024,2
Hvidovre,Estonia,2024,1
Hvidovre,France,2024,5
Hvidovre,Germany,2024,13
Hvidovre,Greece,2024,6
Hvidovre,Grenada,2024,1
Hvidovre,Hungary,2024,8
Hvidovre,Iceland,2024,2
Hvidovre,India,2024,15
Hvidovre,Iran,2024,10
Hvidovre,Iraq,2024,2
Hvidovre,Italy,2024,19
Hvidovre,Japan,2024,6
Hvidovre,Latvia,2024,5
Hvidovre,Lithuania,2024,14
Hvidovre,Mexico,2024,1
Hvidovre,Nepal,2024,23
Hvidovre,Netherlands,2024,3
Hvidovre,Nigeria,2024,1
Hvidovre,Norway,2024,9
Hvidovre,Pakistan,2024,8
Hvidovre,Philippines,2024,2
Hvidovre,Poland,2024,23
Hvidovre,Portugal,2024,12
Hvidovre,Republic of North Macedonia,2024,2
Hvidovre,Romania,2024,38
Hvidovre,Russia,2024,3
Hvidovre,Senegal,2024,1
Hvidovre,Serbia,2024,1
Hvidovre,Singapore,2024,3
Hvidovre,Slovakia,2024,2
Hvidovre,South Africa,2024,5
Hvidovre,Spain,2024,16
Hvidovre,Sweden,2024,19
Hvidovre,Taiwan,2024,1
Hvidovre,Thailand,2024,2
Hvidovre,Togo,2024,1
Hvidovre,Turkey,2024,7
Hvidovre,USA,2024,10
Hvidovre,Ukraine,2024,18
Hvidovre,United Kingdom,2024,6
Hvidovre,Vietnam,2024,4
Hvidovre,Zimbabwe,2024,1
Høje-Taastrup,Afghanistan,2024,2
Høje-Taastrup,Albania,2024,1
Høje-Taastrup,Argentina,2024,2
Høje-Taastrup,Austria,2024,11
Høje-Taastrup,Azerbaijan,2024,2
Høje-Taastrup,Bangladesh,2024,16
Høje-Taastrup,Belgium,2024,11
Høje-Taastrup,Bosnia and Herzegovina,2024,2
Høje-Taastrup,Brazil,2024,1
Høje-Taastrup,Bulgaria,2024,198
Høje-Taastrup,Cameroon,2024,14
Høje-Taastrup,Chile,2024,1
Høje-Taastrup,China,2024,3
Høje-Taastrup,Croatia,2024,7
Høje-Taastrup,Cyprus,2024,3
Høje-Taastrup,Czech Republic,2024,4
Høje-Taastrup,Denmark,2024,164
Høje-Taastrup,Estonia,2024,1
Høje-Taastrup,Finland,2024,3
Høje-Taastrup,France,2024,5
Høje-Taastrup,Germany,2024,10
Høje-Taastrup,Ghana,2024,5
Høje-Taastrup,Greece,2024,5
Høje-Taastrup,Hungary,2024,6
Høje-Taastrup,India,2024,61
Høje-Taastrup,Iran,2024,6
Høje-Taastrup,Iraq,2024,7
Høje-Taastrup,Ireland,2024,17
Høje-Taastrup,Italy,2024,12
Høje-Taastrup,Ivory Coast,2024,1
Høje-Taastrup,Jordan,2024,1
Høje-Taastrup,Latvia,2024,7
Høje-Taastrup,Lebanon,2024,2
Høje-Taastrup,Lithuania,2024,72
Høje-Taastrup,Luxembourg,2024,1
Høje-Taastrup,Mali,2024,1
Høje-Taastrup,Moldova,2024,2
Høje-Taastrup,Morocco,2024,2
Høje-Taastrup,Nepal,2024,37
Høje-Taastrup,Netherlands,2024,15
Høje-Taastrup,New Zealand,2024,1
Høje-Taastrup,Norway,2024,1
Høje-Taastrup,Pakistan,2024,26
Høje-Taastrup,Philippines,2024,1
Høje-Taastrup,Poland,2024,104
Høje-Taastrup,Portugal,2024,53
Høje-Taastrup,Romania,2024,226
Høje-Taastrup,Serbia,2024,2
Høje-Taastrup,Slovakia,2024,3
Høje-Taastrup,Slovenia,2024,1
Høje-Taastrup,Somalia,2024,1
Høje-Taastrup,South Africa,2024,2
Høje-Taastrup,Spain,2024,32
Høje-Taastrup,Sri Lanka,2024,5
Høje-Taastrup,Stateless,2024,1
Høje-Taastrup,Sweden,2024,30
Høje-Taastrup,Thailand,2024,1
Høje-Taastrup,Turkey,2024,14
Høje-Taastrup,USA,2024,13
Høje-Taastrup,Ukraine,2024,39
Høje-Taastrup,United Kingdom,2024,10
Høje-Taastrup,Vietnam,2024,3
Hørsholm,Afghanistan,2024,1
Hørsholm,Canada,2024,1
Hørsholm,China,2024,1
Hørsholm,Colombia,2024,1
Hørsholm,Croatia,2024,2
Hørsholm,Czech Republic,2024,1
Hørsholm,Denmark,2024,91
Hørsholm,France,2024,1
Hørsholm,Germany,2024,2
Hørsholm,India,2024,5
Hørsholm,Indonesia,2024,2
Hørsholm,Iran,2024,5
Hørsholm,Italy,2024,3
Hørsholm,Latvia,2024,7
Hørsholm,Lithuania,2024,5
Hørsholm,Mexico,2024,1
Hørsholm,Namibia,2024,1
Hørsholm,Norway,2024,2
Hørsholm,Philippines,2024,22
Hørsholm,Poland,2024,3
Hørsholm,Portugal,2024,4
Hørsholm,Romania,2024,4
Hørsholm,Russia,2024,1
Hørsholm,Slovenia,2024,1
Hørsholm,Spain,2024,1
Hørsholm,Sweden,2024,5
Hørsholm,Syria,2024,3
Hørsholm,Tunisia,2024,1
Hørsholm,USA,2024,4
Hørsholm,Uganda,2024,1
Hørsholm,Ukraine,2024,13
Hørsholm,United Kingdom,2024,4
Ikast-Brande,Austria,2024,2
Ikast-Brande,Belgium,2024,2
Ikast-Brande,Brazil,2024,2
Ikast-Brande,Bulgaria,2024,11
Ikast-Brande,Burundi,2024,2
Ikast-Brande,Canada,2024,4
Ikast-Brande,China,2024,3
Ikast-Brande,Colombia,2024,2
Ikast-Brande,Croatia,2024,1
Ikast-Brande,Cuba,2024,2
Ikast-Brande,Czech Republic,2024,12
Ikast-Brande,Denmark,2024,119
Ikast-Brande,Ecuador,2024,1
Ikast-Brande,Finland,2024,1
Ikast-Brande,France,2024,6
Ikast-Brande,Georgia,2024,1
Ikast-Brande,Germany,2024,18
Ikast-Brande,Hungary,2024,2
Ikast-Brande,Iceland,2024,4
Ikast-Brande,India,2024,19
Ikast-Brande,Indonesia,2024,1
Ikast-Brande,Iran,2024,1
Ikast-Brande,Iraq,2024,3
Ikast-Brande,Ireland,2024,3
Ikast-Brande,Italy,2024,8
Ikast-Brande,Japan,2024,5
Ikast-Brande,Latvia,2024,11
Ikast-Brande,Lebanon,2024,3
Ikast-Brande,Lithuania,2024,30
Ikast-Brande,Mexico,2024,1
Ikast-Brande,Morocco,2024,4
Ikast-Brande,Netherlands,2024,1
Ikast-Brande,New Zealand,2024,2
Ikast-Brande,Nigeria,2024,2
Ikast-Brande,Norway,2024,3
Ikast-Brande,Philippines,2024,1
Ikast-Brande,Poland,2024,38
Ikast-Brande,Portugal,2024,6
Ikast-Brande,Romania,2024,51
Ikast-Brande,Slovakia,2024,1
Ikast-Brande,Spain,2024,14
Ikast-Brande,Sri Lanka,2024,4
Ikast-Brande,Stateless,2024,1
Ikast-Brande,Sweden,2024,7
Ikast-Brande,Switzerland,2024,1
Ikast-Brande,Syria,2024,2
Ikast-Brande,Thailand,2024,3
Ikast-Brande,Togo,2024,1
Ikast-Brande,Turkey,2024,7
Ikast-Brande,USA,2024,3
Ikast-Brande,Uganda,2024,1
Ikast-Brande,Ukraine,2024,51
Ikast-Brande,United Kingdom,2024,20
Ikast-Brande,Vietnam,2024,5
Ishøj,Afghanistan,2024,1
Ishøj,Bangladesh,2024,9
Ishøj,Brazil,2024,1
Ishøj,Bulgaria,2024,26
Ishøj,China,2024,3
Ishøj,Croatia,2024,1
Ishøj,Denmark,2024,45
Ishøj,Germany,2024,4
Ishøj,Hungary,2024,2
Ishøj,India,2024,10
Ishøj,Italy,2024,4
Ishøj,Japan,2024,4
Ishøj,Lithuania,2024,9
Ishøj,Nepal,2024,17
Ishøj,Netherlands,2024,1
Ishøj,Norway,2024,2
Ishøj,Pakistan,2024,6
Ishøj,Peru,2024,1
Ishøj,Poland,2024,27
Ishøj,Portugal,2024,20
Ishøj,Republic of North Macedonia,2024,1
Ishøj,Romania,2024,25
Ishøj,Serbia,2024,2
Ishøj,Slovakia,2024,1
Ishøj,Slovenia,2024,1
Ishøj,Spain,2024,5
Ishøj,Sweden,2024,4
Ishøj,Switzerland,2024,1
Ishøj,Thailand,2024,1
Ishøj,Turkey,2024,6
Ishøj,USA,2024,1
Ishøj,Uganda,2024,1
Ishøj,Ukraine,2024,10
Ishøj,Vietnam,2024,1
Jammerbugt,Austria,2024,1
Jammerbugt,Bulgaria,2024,16
Jammerbugt,China,2024,2
Jammerbugt,Denmark,2024,68
Jammerbugt,Estonia,2024,1
Jammerbugt,France,2024,1
Jammerbugt,Germany,2024,7
Jammerbugt,Hungary,2024,2
Jammerbugt,Iceland,2024,1
Jammerbugt,India,2024,3
Jammerbugt,Latvia,2024,14
Jammerbugt,Liberia,2024,1
Jammerbugt,Luxembourg,2024,1
Jammerbugt,Mali,2024,1
Jammerbugt,Mexico,2024,1
Jammerbugt,Netherlands,2024,1
Jammerbugt,Nigeria,2024,1
Jammerbugt,Norway,2024,6
Jammerbugt,Philippines,2024,2
Jammerbugt,Poland,2024,11
Jammerbugt,Romania,2024,15
Jammerbugt,Senegal,2024,1
Jammerbugt,Slovakia,2024,2
Jammerbugt,Sweden,2024,1
Jammerbugt,Syria,2024,7
Jammerbugt,Thailand,2024,1
Jammerbugt,USA,2024,1
Jammerbugt,Uganda,2024,2
Jammerbugt,Ukraine,2024,34
Jammerbugt,United Kingdom,2024,1
Jammerbugt,Vietnam,2024,4
Kalundborg,Argentina,2024,3
Kalundborg,Armenia,2024,1
Kalundborg,Australia,2024,1
Kalundborg,Austria,2024,1
Kalundborg,Bangladesh,2024,2
Kalundborg,Belgium,2024,1
Kalundborg,Bosnia and Herzegovina,2024,2
Kalundborg,Brazil,2024,5
Kalundborg,Bulgaria,2024,8
Kalundborg,Colombia,2024,5
Kalundborg,Croatia,2024,10
Kalundborg,Czech Republic,2024,1
Kalundborg,Denmark,2024,69
Kalundborg,Dominican Republic,2024,3
Kalundborg,Eritrea,2024,3
Kalundborg,France,2024,2
Kalundborg,Georgia,2024,1
Kalundborg,Germany,2024,4
Kalundborg,Hungary,2024,3
Kalundborg,India,2024,47
Kalundborg,Italy,2024,8
Kalundborg,Japan,2024,10
Kalundborg,Latvia,2024,4
Kalundborg,Lithuania,2024,2
Kalundborg,Netherlands,2024,1
Kalundborg,Norway,2024,2
Kalundborg,Peru,2024,3
Kalundborg,Philippines,2024,3
Kalundborg,Poland,2024,59
Kalundborg,Portugal,2024,2
Kalundborg,Republic of North Macedonia,2024,1
Kalundborg,Romania,2024,32
Kalundborg,Serbia,2024,10
Kalundborg,Somalia,2024,1
Kalundborg,South Africa,2024,1
Kalundborg,Spain,2024,11
Kalundborg,Sweden,2024,4
Kalundborg,Syria,2024,17
Kalundborg,Thailand,2024,4
Kalundborg,USA,2024,2
Kalundborg,Uganda,2024,1
Kalundborg,Ukraine,2024,28
Kalundborg,United Kingdom,2024,12
Kalundborg,Vietnam,2024,5
Kerteminde,Albania,2024,5
Kerteminde,Australia,2024,1
Kerteminde,Brazil,2024,2
Kerteminde,China,2024,1
Kerteminde,Croatia,2024,2
Kerteminde,Denmark,2024,34
Kerteminde,Estonia,2024,1
Kerteminde,Finland,2024,2
Kerteminde,France,2024,1
Kerteminde,Germany,2024,4
Kerteminde,India,2024,1
Kerteminde,Ireland,2024,1
Kerteminde,Italy,2024,1
Kerteminde,Latvia,2024,1
Kerteminde,Lithuania,2024,2
Kerteminde,Malaysia,2024,1
Kerteminde,Norway,2024,1
Kerteminde,Philippines,2024,1
Kerteminde,Poland,2024,18
Kerteminde,Portugal,2024,1
Kerteminde,Romania,2024,41
Kerteminde,Slovakia,2024,1
Kerteminde,Somalia,2024,7
Kerteminde,Spain,2024,2
Kerteminde,Sri Lanka,2024,2
Kerteminde,Turkey,2024,1
Kerteminde,USA,2024,3
Kerteminde,Ukraine,2024,22
Kerteminde,Vietnam,2024,9
Kolding,Andorra,2024,1
Kolding,Armenia,2024,2
Kolding,Bangladesh,2024,15
Kolding,Belgium,2024,2
Kolding,Bosnia and Herzegovina,2024,2
Kolding,Brazil,2024,6
Kolding,Bulgaria,2024,19
Kolding,Canada,2024,3
Kolding,Central African Republic,2024,1
Kolding,Chile,2024,1
Kolding,China,2024,19
Kolding,Colombia,2024,4
Kolding,Croatia,2024,4
Kolding,Czech Republic,2024,9
Kolding,Denmark,2024,212
Kolding,Egypt,2024,1
Kolding,Estonia,2024,1
Kolding,Ethiopia,2024,2
Kolding,Finland,2024,2
Kolding,France,2024,12
Kolding,Germany,2024,41
Kolding,Greece,2024,3
Kolding,Hungary,2024,6
Kolding,Iceland,2024,6
Kolding,India,2024,53
Kolding,Iran,2024,6
Kolding,Italy,2024,11
Kolding,Japan,2024,1
Kolding,Kenya,2024,2
Kolding,Latvia,2024,13
Kolding,Lithuania,2024,15
Kolding,Morocco,2024,3
Kolding,Nepal,2024,5
Kolding,Netherlands,2024,8
Kolding,New Zealand,2024,2
Kolding,Nigeria,2024,1
Kolding,Norway,2024,33
Kolding,Pakistan,2024,5
Kolding,Peru,2024,1
Kolding,Philippines,2024,5
Kolding,Poland,2024,55
Kolding,Portugal,2024,6
Kolding,Romania,2024,60
Kolding,Russia,2024,7
Kolding,Senegal,2024,1
Kolding,Slovakia,2024,11
Kolding,Slovenia,2024,1
Kolding,South Korea,2024,1
Kolding,Spain,2024,24
Kolding,Sweden,2024,3
Kolding,Switzerland,2024,1
Kolding,Syria,2024,3
Kolding,Tanzania,2024,1
Kolding,Thailand,2024,4
Kolding,Turkmenistan,2024,1
Kolding,USA,2024,9
Kolding,Uganda,2024,2
Kolding,Ukraine,2024,50
Kolding,United Kingdom,2024,7
Kolding,Vietnam,2024,4
Køge,Albania,2024,22
Køge,Belarus,2024,2
Køge,Bosnia and Herzegovina,2024,3
Køge,Brazil,2024,2
Køge,Bulgaria,2024,32
Køge,Canada,2024,1
Køge,China,2024,3
Køge,Colombia,2024,1
Køge,Croatia,2024,7
Køge,Denmark,2024,107
Køge,Eritrea,2024,1
Køge,Estonia,2024,1
Køge,France,2024,1
Køge,Germany,2024,2
Køge,Greece,2024,2
Køge,Hungary,2024,1
Køge,Iceland,2024,1
Køge,India,2024,9
Køge,Indonesia,2024,1
Køge,Iran,2024,1
Køge,Ireland,2024,3
Køge,Italy,2024,17
Køge,Ivory Coast,2024,1
Køge,Kenya,2024,1
Køge,Latvia,2024,8
Køge,Lithuania,2024,12
Køge,Mongolia,2024,1
Køge,Morocco,2024,1
Køge,Myanmar,2024,1
Køge,Netherlands,2024,1
Køge,New Zealand,2024,2
Køge,Nigeria,2024,1
Køge,Norway,2024,2
Køge,Philippines,2024,4
Køge,Poland,2024,35
Køge,Portugal,2024,3
Køge,Romania,2024,42
Køge,Slovakia,2024,2
Køge,South Africa,2024,1
Køge,South Korea,2024,4
Køge,Stateless,2024,2
Køge,Sweden,2024,10
Køge,Switzerland,2024,1
Køge,Syria,2024,7
Køge,Turkey,2024,2
Køge,USA,2024,7
Køge,Ukraine,2024,39
Køge,United Kingdom,2024,4
Køge,Vietnam,2024,2
Langeland,Argentina,2024,1
Langeland,Bangladesh,2024,1
Langeland,Brazil,2024,1
Langeland,Bulgaria,2024,1
Langeland,Canada,2024,1
Langeland,Chile,2024,1
Langeland,Colombia,2024,1
Langeland,Croatia,2024,1
Langeland,Denmark,2024,24
Langeland,Egypt,2024,2
Langeland,France,2024,1
Langeland,Germany,2024,3
Langeland,Hungary,2024,1
Langeland,Iceland,2024,1
Langeland,Italy,2024,1
Langeland,Latvia,2024,3
Langeland,Lithuania,2024,7
Langeland,Norway,2024,1
Langeland,Philippines,2024,3
Langeland,Poland,2024,64
Langeland,Romania,2024,1
Langeland,Russia,2024,1
Langeland,Slovakia,2024,1
Langeland,Syria,2024,2
Langeland,Thailand,2024,1
Langeland,Ukraine,2024,11
Langeland,United Kingdom,2024,1
Langeland,Vietnam,2024,2
Lejre,Bulgaria,2024,16
Lejre,China,2024,1
Lejre,Croatia,2024,2
Lejre,Denmark,2024,55
Lejre,Eritrea,2024,1
Lejre,Germany,2024,2
Lejre,Iran,2024,2
Lejre,Iraq,2024,1
Lejre,Lithuania,2024,5
Lejre,Montenegro,2024,1
Lejre,Poland,2024,17
Lejre,Romania,2024,24
Lejre,Russia,2024,1
Lejre,Slovakia,2024,3
Lejre,Somalia,2024,3
Lejre,Sweden,2024,3
Lejre,Switzerland,2024,1
Lejre,Syria,2024,5
Lejre,Turkey,2024,1
Lejre,USA,2024,3
Lejre,Uganda,2024,1
Lejre,Ukraine,2024,44
Lemvig,Australia,2024,1
Lemvig,Bulgaria,2024,2
Lemvig,Denmark,2024,43
Lemvig,France,2024,1
Lemvig,Germany,2024,2
Lemvig,Hungary,2024,1
Lemvig,Iceland,2024,4
Lemvig,India,2024,1
Lemvig,Italy,2024,3
Lemvig,Lithuania,2024,11
Lemvig,Norway,2024,3
Lemvig,Poland,2024,14
Lemvig,Portugal,2024,1
Lemvig,Romania,2024,21
Lemvig,Spain,2024,25
Lemvig,Sweden,2024,3
Lemvig,Syria,2024,2
Lemvig,Thailand,2024,1
Lemvig,USA,2024,1
Lemvig,Ukraine,2024,17
Lemvig,Vietnam,2024,6
Lolland,Albania,2024,1
Lolland,Argentina,2024,1
Lolland,Austria,2024,1
Lolland,Bosnia and Herzegovina,2024,1
Lolland,Brazil,2024,3
Lolland,Bulgaria,2024,10
Lolland,Chile,2024,2
Lolland,China,2024,5
Lolland,Croatia,2024,5
Lolland,Denmark,2024,68
Lolland,Eritrea,2024,1
Lolland,France,2024,11
Lolland,Germany,2024,10
Lolland,Ghana,2024,1
Lolland,Hungary,2024,5
Lolland,Iceland,2024,5
Lolland,India,2024,3
Lolland,Ireland,2024,1
Lolland,Italy,2024,11
Lolland,Lithuania,2024,2
Lolland,Netherlands,2024,8
Lolland,Norway,2024,2
Lolland,Philippines,2024,3
Lolland,Poland,2024,27
Lolland,Portugal,2024,2
Lolland,Republic of North Macedonia,2024,1
Lolland,Romania,2024,4
Lolland,Russia,2024,1
Lolland,Spain,2024,10
Lolland,Stateless,2024,2
Lolland,Sudan,2024,1
Lolland,Sweden,2024,8
Lolland,Syria,2024,9
Lolland,Tanzania,2024,1
Lolland,Thailand,2024,2
Lolland,Turkey,2024,1
Lolland,USA,2024,3
Lolland,Ukraine,2024,18
Lolland,United Kingdom,2024,1
Lyngby-Taarbæk,Afghanistan,2024,4
Lyngby-Taarbæk,Algeria,2024,1
Lyngby-Taarbæk,Argentina,2024,1
Lyngby-Taarbæk,Australia,2024,45
Lyngby-Taarbæk,Austria,2024,8
Lyngby-Taarbæk,Bangladesh,2024,8
Lyngby-Taarbæk,Belgium,2024,15
Lyngby-Taarbæk,Brazil,2024,22
Lyngby-Taarbæk,Canada,2024,20
Lyngby-Taarbæk,China,2024,113
Lyngby-Taarbæk,Colombia,2024,2
Lyngby-Taarbæk,Costa Rica,2024,1
Lyngby-Taarbæk,Croatia,2024,4
Lyngby-Taarbæk,Cyprus,2024,2
Lyngby-Taarbæk,Czech Republic,2024,4
Lyngby-Taarbæk,Denmark,2024,235
Lyngby-Taarbæk,Dominican Republic,2024,3
Lyngby-Taarbæk,Egypt,2024,2
Lyngby-Taarbæk,Estonia,2024,2
Lyngby-Taarbæk,Finland,2024,1
Lyngby-Taarbæk,France,2024,45
Lyngby-Taarbæk,Germany,2024,88
Lyngby-Taarbæk,Ghana,2024,1
Lyngby-Taarbæk,Greece,2024,19
Lyngby-Taarbæk,Guatemala,2024,1
Lyngby-Taarbæk,Hungary,2024,8
Lyngby-Taarbæk,Iceland,2024,38
Lyngby-Taarbæk,India,2024,42
Lyngby-Taarbæk,Indonesia,2024,3
Lyngby-Taarbæk,Iran,2024,27
Lyngby-Taarbæk,Iraq,2024,2
Lyngby-Taarbæk,Ireland,2024,8
Lyngby-Taarbæk,Israel,2024,2
Lyngby-Taarbæk,Italy,2024,67
Lyngby-Taarbæk,Japan,2024,2
Lyngby-Taarbæk,Jordan,2024,1
Lyngby-Taarbæk,Kenya,2024,1
Lyngby-Taarbæk,Latvia,2024,1
Lyngby-Taarbæk,Lebanon,2024,2
Lyngby-Taarbæk,Lithuania,2024,3
Lyngby-Taarbæk,Malaysia,2024,6
Lyngby-Taarbæk,Mexico,2024,25
Lyngby-Taarbæk,Morocco,2024,2
Lyngby-Taarbæk,Netherlands,2024,29
Lyngby-Taarbæk,New Zealand,2024,1
Lyngby-Taarbæk,Nigeria,2024,2
Lyngby-Taarbæk,North Korea,2024,1
Lyngby-Taarbæk,Norway,2024,21
Lyngby-Taarbæk,Pakistan,2024,5
Lyngby-Taarbæk,Philippines,2024,26
Lyngby-Taarbæk,Poland,2024,37
Lyngby-Taarbæk,Portugal,2024,15
Lyngby-Taarbæk,Romania,2024,10
Lyngby-Taarbæk,Russia,2024,2
Lyngby-Taarbæk,Saudi Arabia,2024,1
Lyngby-Taarbæk,Serbia,2024,1
Lyngby-Taarbæk,Singapore,2024,17
Lyngby-Taarbæk,Slovakia,2024,3
Lyngby-Taarbæk,Slovenia,2024,1
Lyngby-Taarbæk,South Africa,2024,2
Lyngby-Taarbæk,South Korea,2024,13
Lyngby-Taarbæk,Spain,2024,43
Lyngby-Taarbæk,Sri Lanka,2024,2
Lyngby-Taarbæk,Sweden,2024,8
Lyngby-Taarbæk,Switzerland,2024,15
Lyngby-Taarbæk,Syria,2024,1
Lyngby-Taarbæk,Taiwan,2024,6
Lyngby-Taarbæk,Thailand,2024,1
Lyngby-Taarbæk,Tunisia,2024,2
Lyngby-Taarbæk,Turkey,2024,7
Lyngby-Taarbæk,USA,2024,109
Lyngby-Taarbæk,Uganda,2024,1
Lyngby-Taarbæk,Ukraine,2024,44
Lyngby-Taarbæk,United Kingdom,2024,12
Lyngby-Taarbæk,Vietnam,2024,4
Læsø,Denmark,2024,2
Læsø,France,2024,1
Læsø,Sweden,2024,1
Læsø,Ukraine,2024,2
Læsø,Vietnam,2024,4
Mariagerfjord,Albania,2024,1
Mariagerfjord,Australia,2024,1
Mariagerfjord,Belgium,2024,1
Mariagerfjord,Burkina Faso,2024,2
Mariagerfjord,Chile,2024,1
Mariagerfjord,China,2024,2
Mariagerfjord,Croatia,2024,4
Mariagerfjord,Czech Republic,2024,3
Mariagerfjord,Denmark,2024,85
Mariagerfjord,Eritrea,2024,1
Mariagerfjord,Germany,2024,2
Mariagerfjord,Iceland,2024,1
Mariagerfjord,India,2024,1
Mariagerfjord,Ireland,2024,1
Mariagerfjord,Italy,2024,4
Mariagerfjord,Kenya,2024,1
Mariagerfjord,Lithuania,2024,5
Mariagerfjord,Mexico,2024,2
Mariagerfjord,Moldova,2024,4
Mariagerfjord,Norway,2024,2
Mariagerfjord,Poland,2024,29
Mariagerfjord,Romania,2024,22
Mariagerfjord,Russia,2024,1
Mariagerfjord,Sweden,2024,1
Mariagerfjord,Syria,2024,11
Mariagerfjord,Tanzania,2024,2
Mariagerfjord,Ukraine,2024,34
Mariagerfjord,Uzbekistan,2024,1
Middelfart,Australia,2024,1
Middelfart,Bahamas,2024,1
Middelfart,Belgium,2024,5
Middelfart,Bosnia and Herzegovina,2024,1
Middelfart,Brazil,2024,2
Middelfart,Canada,2024,4
Middelfart,China,2024,1
Middelfart,Croatia,2024,2
Middelfart,Czech Republic,2024,1
Middelfart,Denmark,2024,97
Middelfart,France,2024,2
Middelfart,Germany,2024,6
Middelfart,Hungary,2024,2
Middelfart,Iceland,2024,1
Middelfart,Indonesia,2024,1
Middelfart,Iraq,2024,1
Middelfart,Japan,2024,9
Middelfart,Kenya,2024,1
Middelfart,Latvia,2024,3
Middelfart,Lithuania,2024,16
Middelfart,Moldova,2024,2
Middelfart,Morocco,2024,1
Middelfart,Nepal,2024,4
Middelfart,Norway,2024,3
Middelfart,Paraguay,2024,1
Middelfart,Philippines,2024,1
Middelfart,Poland,2024,22
Middelfart,Portugal,2024,1
Middelfart,Romania,2024,15
Middelfart,Somalia,2024,1
Middelfart,Syria,2024,1
Middelfart,Taiwan,2024,2
Middelfart,Thailand,2024,3
Middelfart,Turkey,2024,1
Middelfart,USA,2024,1
Middelfart,Ukraine,2024,30
Middelfart,United Kingdom,2024,2
Middelfart,Vietnam,2024,4
Morsø,Australia,2024,2
Morsø,Austria,2024,1
Morsø,Brazil,2024,1
Morsø,"Congo, Democratic Republic",2024,1
Morsø,Denmark,2024,102
Morsø,France,2024,1
Morsø,Germany,2024,4
Morsø,Iceland,2024,1
Morsø,Iran,2024,1
Morsø,Ireland,2024,1
Morsø,Italy,2024,1
Morsø,Japan,2024,2
Morsø,Kenya,2024,1
Morsø,Latvia,2024,1
Morsø,Lithuania,2024,1
Morsø,Netherlands,2024,1
Morsø,Norway,2024,2
Morsø,Poland,2024,4
Morsø,Romania,2024,16
Morsø,Spain,2024,1
Morsø,Sweden,2024,3
Morsø,Taiwan,2024,1
Morsø,Thailand,2024,3
Morsø,USA,2024,1
Morsø,Ukraine,2024,19
Morsø,Uzbekistan,2024,2
Norddjurs,Afghanistan,2024,1
Norddjurs,Argentina,2024,2
Norddjurs,Bangladesh,2024,1
Norddjurs,Brazil,2024,1
Norddjurs,Croatia,2024,1
Norddjurs,Czech Republic,2024,10
Norddjurs,Denmark,2024,77
Norddjurs,Estonia,2024,3
Norddjurs,Finland,2024,2
Norddjurs,France,2024,3
Norddjurs,Germany,2024,1
Norddjurs,Hungary,2024,4
Norddjurs,Iceland,2024,1
Norddjurs,Iraq,2024,4
Norddjurs,Ireland,2024,3
Norddjurs,Italy,2024,8
Norddjurs,Kyrgyzstan,2024,1
Norddjurs,Latvia,2024,15
Norddjurs,Lithuania,2024,112
Norddjurs,Norway,2024,1
Norddjurs,Philippines,2024,2
Norddjurs,Poland,2024,32
Norddjurs,Portugal,2024,3
Norddjurs,Romania,2024,36
Norddjurs,Slovakia,2024,2
Norddjurs,Spain,2024,4
Norddjurs,Sweden,2024,2
Norddjurs,Switzerland,2024,1
Norddjurs,Syria,2024,3
Norddjurs,Thailand,2024,2
Norddjurs,Turkey,2024,10
Norddjurs,USA,2024,1
Norddjurs,Ukraine,2024,40
Norddjurs,United Kingdom,2024,1
Norddjurs,Vietnam,2024,3
Nordfyns,Albania,2024,1
Nordfyns,Bangladesh,2024,2
Nordfyns,Brazil,2024,1
Nordfyns,Bulgaria,2024,1
Nordfyns,Cameroon,2024,1
Nordfyns,China,2024,3
Nordfyns,Croatia,2024,2
Nordfyns,Denmark,2024,74
Nordfyns,France,2024,1
Nordfyns,Germany,2024,1
Nordfyns,Ghana,2024,3
Nordfyns,Hungary,2024,3
Nordfyns,Iceland,2024,4
Nordfyns,India,2024,1
Nordfyns,Japan,2024,40
Nordfyns,Kazakhstan,2024,1
Nordfyns,Latvia,2024,2
Nordfyns,Lithuania,2024,21
Nordfyns,Mexico,2024,2
Nordfyns,Moldova,2024,2
Nordfyns,Nepal,2024,1
Nordfyns,Norway,2024,2
Nordfyns,Philippines,2024,1
Nordfyns,Poland,2024,13
Nordfyns,Romania,2024,26
Nordfyns,South Africa,2024,1
Nordfyns,South Korea,2024,1
Nordfyns,Spain,2024,2
Nordfyns,Sweden,2024,1
Nordfyns,Syria,2024,5
Nordfyns,USA,2024,3
Nordfyns,Ukraine,2024,31
Nordfyns,United Kingdom,2024,1
Nordfyns,Vietnam,2024,5
Nyborg,Bulgaria,2024,1
Nyborg,Chile,2024,1
Nyborg,China,2024,2
Nyborg,Croatia,2024,1
Nyborg,Czech Republic,2024,2
Nyborg,Denmark,2024,63
Nyborg,France,2024,1
Nyborg,Germany,2024,4
Nyborg,Hungary,2024,2
Nyborg,Iceland,2024,1
Nyborg,Iran,2024,1
Nyborg,Iraq,2024,1
Nyborg,Ireland,2024,1
Nyborg,Italy,2024,4
Nyborg,Latvia,2024,2
Nyborg,Lithuania,2024,10
Nyborg,Norway,2024,3
Nyborg,Philippines,2024,1
Nyborg,Poland,2024,8
Nyborg,Romania,2024,12
Nyborg,Slovenia,2024,1
Nyborg,Spain,2024,1
Nyborg,Sri Lanka,2024,1
Nyborg,Sweden,2024,1
Nyborg,Syria,2024,5
Nyborg,USA,2024,1
Nyborg,Ukraine,2024,28
Nyborg,United Kingdom,2024,1
Nyborg,Vietnam,2024,3
Næstved,Afghanistan,2024,6
Næstved,Albania,2024,2
Næstved,Australia,2024,1
Næstved,Austria,2024,2
Næstved,Azerbaijan,2024,1
Næstved,Belgium,2024,3
Næstved,Bolivia,2024,1
Næstved,Bulgaria,2024,21
Næstved,Canada,2024,5
Næstved,Chile,2024,1
Næstved,China,2024,11
Næstved,Colombia,2024,1
Næstved,Croatia,2024,3
Næstved,Denmark,2024,137
Næstved,Eritrea,2024,6
Næstved,Finland,2024,4
Næstved,France,2024,1
Næstved,Germany,2024,4
Næstved,Greece,2024,4
Næstved,Hungary,2024,4
Næstved,Iceland,2024,4
Næstved,India,2024,5
Næstved,Iran,2024,1
Næstved,Iraq,2024,1
Næstved,Israel,2024,1
Næstved,Italy,2024,1
Næstved,Lebanon,2024,1
Næstved,Lithuania,2024,3
Næstved,Mexico,2024,1
Næstved,Morocco,2024,1
Næstved,Netherlands,2024,5
Næstved,Norway,2024,2
Næstved,Peru,2024,1
Næstved,Philippines,2024,3
Næstved,Poland,2024,32
Næstved,Portugal,2024,2
Næstved,Republic of North Macedonia,2024,2
Næstved,Romania,2024,45
Næstved,Serbia,2024,2
Næstved,Slovakia,2024,2
Næstved,Somalia,2024,1
Næstved,South Korea,2024,1
Næstved,Spain,2024,5
Næstved,Sweden,2024,9
Næstved,Switzerland,2024,1
Næstved,Syria,2024,21
Næstved,Thailand,2024,2
Næstved,Turkey,2024,3
Næstved,USA,2024,12
Næstved,Uganda,2024,2
Næstved,Ukraine,2024,44
Næstved,Yugoslavia,2024,1
Odder,Argentina,2024,1
Odder,Canada,2024,1
Odder,Colombia,2024,1
Odder,Cyprus,2024,1
Odder,Denmark,2024,68
Odder,France,2024,1
Odder,Germany,2024,3
Odder,Iceland,2024,1
Odder,Ireland,2024,1
Odder,Italy,2024,2
Odder,Japan,2024,3
Odder,Lithuania,2024,2
Odder,Malaysia,2024,1
Odder,Norway,2024,1
Odder,Philippines,2024,1
Odder,Poland,2024,4
Odder,Portugal,2024,1
Odder,Romania,2024,5
Odder,Slovakia,2024,2
Odder,Syria,2024,3
Odder,Taiwan,2024,1
Odder,USA,2024,1
Odder,Ukraine,2024,16
Odder,United Kingdom,2024,1
Odense,Afghanistan,2024,3
Odense,Albania,2024,57
Odense,Algeria,2024,2
Odense,Andorra,2024,1
Odense,Angola,2024,1
Odense,Argentina,2024,3
Odense,Australia,2024,8
Odense,Austria,2024,16
Odense,Azerbaijan,2024,1
Odense,Bangladesh,2024,12
Odense,Belarus,2024,4
Odense,Belgium,2024,14
Odense,Bosnia and Herzegovina,2024,3
Odense,Brazil,2024,25
Odense,Bulgaria,2024,59
Odense,Cameroon,2024,2
Odense,Canada,2024,11
Odense,Chile,2024,2
Odense,China,2024,54
Odense,Colombia,2024,1
Odense,"Congo, Democratic Republic",2024,1
Odense,Croatia,2024,18
Odense,Cuba,2024,3
Odense,Cyprus,2024,2
Odense,Czech Republic,2024,31
Odense,Denmark,2024,581
Odense,Ecuador,2024,1
Odense,Egypt,2024,8
Odense,Eritrea,2024,3
Odense,Estonia,2024,5
Odense,Ethiopia,2024,5
Odense,Finland,2024,28
Odense,France,2024,70
Odense,Germany,2024,173
Odense,Ghana,2024,1
Odense,Greece,2024,24
Odense,Hungary,2024,26
Odense,Iceland,2024,58
Odense,India,2024,26
Odense,Indonesia,2024,8
Odense,Iran,2024,40
Odense,Iraq,2024,15
Odense,Ireland,2024,60
Odense,Italy,2024,136
Odense,Ivory Coast,2024,1
Odense,Japan,2024,13
Odense,Jordan,2024,1
Odense,Kazakhstan,2024,1
Odense,Kosovo,2024,1
Odense,Latvia,2024,18
Odense,Lebanon,2024,3
Odense,Liechtenstein,2024,1
Odense,Lithuania,2024,71
Odense,Luxembourg,2024,1
Odense,Malaysia,2024,3
Odense,Mexico,2024,12
Odense,Mongolia,2024,2
Odense,Morocco,2024,2
Odense,Nepal,2024,11
Odense,Netherlands,2024,31
Odense,New Zealand,2024,1
Odense,Nigeria,2024,2
Odense,Norway,2024,87
Odense,Pakistan,2024,9
Odense,Philippines,2024,12
Odense,Poland,2024,137
Odense,Portugal,2024,38
Odense,Romania,2024,186
Odense,Russia,2024,6
Odense,Serbia,2024,5
Odense,Singapore,2024,7
Odense,Slovakia,2024,22
Odense,Slovenia,2024,6
Odense,Somalia,2024,10
Odense,South Africa,2024,1
Odense,South Korea,2024,17
Odense,Spain,2024,58
Odense,Sri Lanka,2024,8
Odense,Sweden,2024,49
Odense,Switzerland,2024,8
Odense,Syria,2024,13
Odense,Taiwan,2024,5
Odense,Thailand,2024,14
Odense,Tunisia,2024,2
Odense,Turkey,2024,36
Odense,USA,2024,47
Odense,Uganda,2024,1
Odense,Ukraine,2024,129
Odense,United Kingdom,2024,56
Odense,Uzbekistan,2024,1
Odense,Vietnam,2024,43
Odense,Yugoslavia,2024,1
Odsherred,Australia,2024,1
Odsherred,Bangladesh,2024,3
Odsherred,Belarus,2024,4
Odsherred,Belgium,2024,1
Odsherred,Brazil,2024,1
Odsherred,Bulgaria,2024,4
Odsherred,Chile,2024,1
Odsherred,China,2024,2
Odsherred,Denmark,2024,67
Odsherred,France,2024,7
Odsherred,Germany,2024,5
Odsherred,Greece,2024,1
Odsherred,Hungary,2024,1
Odsherred,Indonesia,2024,1
Odsherred,Japan,2024,1
Odsherred,Latvia,2024,5
Odsherred,Lithuania,2024,9
Odsherred,Myanmar,2024,1
Odsherred,Norway,2024,2
Odsherred,Poland,2024,14
Odsherred,Portugal,2024,1
Odsherred,Romania,2024,13
Odsherred,Russia,2024,1
Odsherred,Spain,2024,3
Odsherred,Sweden,2024,2
Odsherred,Switzerland,2024,1
Odsherred,Syria,2024,16
Odsherred,Thailand,2024,2
Odsherred,Turkey,2024,1
Odsherred,Ukraine,2024,24
Odsherred,United Kingdom,2024,4
Odsherred,Vietnam,2024,2
Randers,Afghanistan,2024,2
Randers,Belgium,2024,1
Randers,Brazil,2024,1
Randers,Bulgaria,2024,6
Randers,Canada,2024,1
Randers,China,2024,5
Randers,"Congo, Democratic Republic",2024,1
Randers,"Congo, Republic",2024,1
Randers,Czech Republic,2024,3
Randers,Denmark,2024,204
Randers,Eritrea,2024,2
Randers,Hungary,2024,5
Randers,Iceland,2024,2
Randers,India,2024,4
Randers,Iran,2024,5
Randers,Italy,2024,4
Randers,Ivory Coast,2024,1
Randers,Japan,2024,10
Randers,Kosovo,2024,4
Randers,Latvia,2024,5
Randers,Lebanon,2024,1
Randers,Lithuania,2024,23
Randers,Mexico,2024,2
Randers,Moldova,2024,1
Randers,Netherlands,2024,2
Randers,Nigeria,2024,2
Randers,Norway,2024,2
Randers,Not stated,2024,1
Randers,Peru,2024,1
Randers,Philippines,2024,1
Randers,Poland,2024,42
Randers,Portugal,2024,2
Randers,Romania,2024,114
Randers,Russia,2024,1
Randers,Slovakia,2024,3
Randers,Spain,2024,1
Randers,Sweden,2024,6
Randers,Switzerland,2024,3
Randers,Syria,2024,9
Randers,Turkey,2024,2
Randers,USA,2024,4
Randers,Ukraine,2024,59
Randers,United Kingdom,2024,1
Rebild,Australia,2024,2
Rebild,Bangladesh,2024,1
Rebild,Bulgaria,2024,10
Rebild,Denmark,2024,50
Rebild,Estonia,2024,2
Rebild,Gabon,2024,1
Rebild,Germany,2024,2
Rebild,Iceland,2024,1
Rebild,India,2024,2
Rebild,Italy,2024,3
Rebild,Lithuania,2024,2
Rebild,Myanmar,2024,1
Rebild,Norway,2024,2
Rebild,Philippines,2024,1
Rebild,Poland,2024,14
Rebild,Romania,2024,11
Rebild,Slovakia,2024,1
Rebild,Sweden,2024,1
Rebild,Tanzania,2024,2
Rebild,Thailand,2024,2
Rebild,Ukraine,2024,19
Rebild,United Kingdom,2024,2
Rebild,Vietnam,2024,5
Ringkøbing-Skjern,Belgium,2024,5
Ringkøbing-Skjern,Brazil,2024,1
Ringkøbing-Skjern,Cambodia,2024,1
Ringkøbing-Skjern,Canada,2024,1
Ringkøbing-Skjern,Chile,2024,1
Ringkøbing-Skjern,China,2024,1
Ringkøbing-Skjern,"Congo, Democratic Republic",2024,1
Ringkøbing-Skjern,Costa Rica,2024,1
Ringkøbing-Skjern,Czech Republic,2024,3
Ringkøbing-Skjern,Denmark,2024,95
Ringkøbing-Skjern,France,2024,4
Ringkøbing-Skjern,Georgia,2024,2
Ringkøbing-Skjern,Germany,2024,31
Ringkøbing-Skjern,Greece,2024,1
Ringkøbing-Skjern,Hungary,2024,7
Ringkøbing-Skjern,Iceland,2024,1
Ringkøbing-Skjern,India,2024,4
Ringkøbing-Skjern,Ireland,2024,1
Ringkøbing-Skjern,Italy,2024,3
Ringkøbing-Skjern,Japan,2024,5
Ringkøbing-Skjern,Kenya,2024,1
Ringkøbing-Skjern,Kosovo,2024,5
Ringkøbing-Skjern,Kyrgyzstan,2024,1
Ringkøbing-Skjern,Latvia,2024,10
Ringkøbing-Skjern,Lithuania,2024,17
Ringkøbing-Skjern,Mexico,2024,1
Ringkøbing-Skjern,Moldova,2024,2
Ringkøbing-Skjern,Netherlands,2024,3
Ringkøbing-Skjern,North Korea,2024,2
Ringkøbing-Skjern,Norway,2024,5
Ringkøbing-Skjern,Philippines,2024,1
Ringkøbing-Skjern,Poland,2024,60
Ringkøbing-Skjern,Portugal,2024,1
Ringkøbing-Skjern,Romania,2024,149
Ringkøbing-Skjern,Spain,2024,3
Ringkøbing-Skjern,Sweden,2024,1
Ringkøbing-Skjern,Switzerland,2024,1
Ringkøbing-Skjern,Thailand,2024,2
Ringkøbing-Skjern,Turkey,2024,4
Ringkøbing-Skjern,USA,2024,1
Ringkøbing-Skjern,Uganda,2024,4
Ringkøbing-Skjern,Ukraine,2024,64
Ringkøbing-Skjern,United Kingdom,2024,5
Ringkøbing-Skjern,Uzbekistan,2024,1
Ringkøbing-Skjern,Vietnam,2024,3
Ringkøbing-Skjern,Zambia,2024,1
Ringsted,Australia,2024,1
Ringsted,Bangladesh,2024,9
Ringsted,Bulgaria,2024,23
Ringsted,Cameroon,2024,2
Ringsted,Chile,2024,1
Ringsted,China,2024,1
Ringsted,Colombia,2024,3
Ringsted,Czech Republic,2024,2
Ringsted,Denmark,2024,43
Ringsted,Eritrea,2024,1
Ringsted,Estonia,2024,1
Ringsted,Finland,2024,1
Ringsted,Greece,2024,1
Ringsted,Hungary,2024,3
Ringsted,Iceland,2024,1
Ringsted,India,2024,8
Ringsted,Iran,2024,1
Ringsted,Italy,2024,2
Ringsted,Lithuania,2024,19
Ringsted,Mexico,2024,1
Ringsted,Nepal,2024,3
Ringsted,Nicaragua,2024,1
Ringsted,Nigeria,2024,1
Ringsted,Norway,2024,1
Ringsted,Philippines,2024,1
Ringsted,Poland,2024,121
Ringsted,Portugal,2024,17
Ringsted,Romania,2024,47
Ringsted,South Africa,2024,2
Ringsted,Spain,2024,2
Ringsted,Sweden,2024,7
Ringsted,Syria,2024,3
Ringsted,Turkey,2024,1
Ringsted,USA,2024,1
Ringsted,Ukraine,2024,14
Roskilde,Afghanistan,2024,2
Roskilde,Argentina,2024,2
Roskilde,Australia,2024,3
Roskilde,Austria,2024,2
Roskilde,Azerbaijan,2024,1
Roskilde,Bangladesh,2024,3
Roskilde,Belgium,2024,4
Roskilde,Brazil,2024,2
Roskilde,Bulgaria,2024,34
Roskilde,Canada,2024,3
Roskilde,China,2024,16
Roskilde,Colombia,2024,3
Roskilde,Croatia,2024,7
Roskilde,Czech Republic,2024,12
Roskilde,Denmark,2024,202
Roskilde,Dominican Republic,2024,1
Roskilde,Ecuador,2024,1
Roskilde,Estonia,2024,1
Roskilde,Finland,2024,3
Roskilde,France,2024,22
Roskilde,Germany,2024,40
Roskilde,Greece,2024,3
Roskilde,Hungary,2024,11
Roskilde,Iceland,2024,3
Roskilde,India,2024,16
Roskilde,Indonesia,2024,2
Roskilde,Iran,2024,3
Roskilde,Ireland,2024,11
Roskilde,Italy,2024,14
Roskilde,Japan,2024,11
Roskilde,Kazakhstan,2024,2
Roskilde,Latvia,2024,7
Roskilde,Lithuania,2024,23
Roskilde,Luxembourg,2024,1
Roskilde,Malaysia,2024,1
Roskilde,Mexico,2024,13
Roskilde,Moldova,2024,1
Roskilde,Morocco,2024,6
Roskilde,Nepal,2024,3
Roskilde,Netherlands,2024,11
Roskilde,New Zealand,2024,1
Roskilde,Norway,2024,13
Roskilde,Pakistan,2024,1
Roskilde,Peru,2024,2
Roskilde,Philippines,2024,1
Roskilde,Poland,2024,35
Roskilde,Portugal,2024,7
Roskilde,Romania,2024,78
Roskilde,Russia,2024,2
Roskilde,Slovakia,2024,7
Roskilde,Slovenia,2024,1
Roskilde,South Korea,2024,3
Roskilde,Spain,2024,23
Roskilde,Sweden,2024,7
Roskilde,Switzerland,2024,1
Roskilde,Syria,2024,3
Roskilde,Taiwan,2024,2
Roskilde,Thailand,2024,3
Roskilde,Turkey,2024,17
Roskilde,USA,2024,31
Roskilde,Uganda,2024,1
Roskilde,Ukraine,2024,65
Roskilde,United Kingdom,2024,8
Roskilde,Vietnam,2024,3
Rudersdal,Afghanistan,2024,1
Rudersdal,Argentina,2024,1
Rudersdal,Australia,2024,11
Rudersdal,Austria,2024,2
Rudersdal,Azerbaijan,2024,1
Rudersdal,Bangladesh,2024,5
Rudersdal,Belgium,2024,6
Rudersdal,Brazil,2024,5
Rudersdal,Bulgaria,2024,7
Rudersdal,Canada,2024,8
Rudersdal,China,2024,21
Rudersdal,Colombia,2024,1
Rudersdal,Croatia,2024,2
Rudersdal,Czech Republic,2024,11
Rudersdal,Denmark,2024,224
Rudersdal,Ecuador,2024,1
Rudersdal,El Salvador,2024,1
Rudersdal,Estonia,2024,3
Rudersdal,Ethiopia,2024,1
Rudersdal,Finland,2024,1
Rudersdal,France,2024,13
Rudersdal,Germany,2024,13
Rudersdal,Greece,2024,6
Rudersdal,Hungary,2024,7
Rudersdal,Iceland,2024,9
Rudersdal,India,2024,28
Rudersdal,Indonesia,2024,2
Rudersdal,Iran,2024,8
Rudersdal,Iraq,2024,1
Rudersdal,Ireland,2024,3
Rudersdal,Israel,2024,5
Rudersdal,Italy,2024,28
Rudersdal,Japan,2024,2
Rudersdal,Kazakhstan,2024,3
Rudersdal,Kenya,2024,1
Rudersdal,Kosovo,2024,1
Rudersdal,Latvia,2024,2
Rudersdal,Lithuania,2024,4
Rudersdal,Madagascar,2024,1
Rudersdal,Mexico,2024,11
Rudersdal,Netherlands,2024,9
Rudersdal,New Zealand,2024,1
Rudersdal,Norway,2024,8
Rudersdal,Pakistan,2024,7
Rudersdal,Philippines,2024,23
Rudersdal,Poland,2024,19
Rudersdal,Portugal,2024,3
Rudersdal,Romania,2024,8
Rudersdal,Serbia,2024,2
Rudersdal,Singapore,2024,2
Rudersdal,Slovakia,2024,2
Rudersdal,South Africa,2024,4
Rudersdal,South Korea,2024,11
Rudersdal,Spain,2024,14
Rudersdal,Sweden,2024,8
Rudersdal,Switzerland,2024,2
Rudersdal,Syria,2024,2
Rudersdal,Tanzania,2024,1
Rudersdal,Thailand,2024,3
Rudersdal,Tunisia,2024,1
Rudersdal,Turkey,2024,11
Rudersdal,USA,2024,18
Rudersdal,Ukraine,2024,59
Rudersdal,United Kingdom,2024,5
Rødovre,Argentina,2024,6
Rødovre,Austria,2024,1
Rødovre,Bangladesh,2024,14
Rødovre,Belarus,2024,3
Rødovre,Belgium,2024,2
Rødovre,Brazil,2024,6
Rødovre,Bulgaria,2024,21
Rødovre,Cambodia,2024,1
Rødovre,Canada,2024,1
Rødovre,Chile,2024,11
Rødovre,China,2024,10
Rødovre,Croatia,2024,8
Rødovre,Czech Republic,2024,2
Rødovre,Denmark,2024,103
Rødovre,Estonia,2024,1
Rødovre,Finland,2024,5
Rødovre,France,2024,9
Rødovre,Germany,2024,10
Rødovre,Greece,2024,3
Rødovre,Hungary,2024,8
Rødovre,Iceland,2024,4
Rødovre,India,2024,55
Rødovre,Iran,2024,27
Rødovre,Iraq,2024,2
Rødovre,Ireland,2024,2
Rødovre,Italy,2024,34
Rødovre,Japan,2024,1
Rødovre,Kosovo,2024,1
Rødovre,Latvia,2024,3
Rødovre,Lithuania,2024,1
Rødovre,Luxembourg,2024,1
Rødovre,Nepal,2024,22
Rødovre,Netherlands,2024,2
Rødovre,Norway,2024,5
Rødovre,Pakistan,2024,6
Rødovre,Philippines,2024,2
Rødovre,Poland,2024,19
Rødovre,Portugal,2024,25
Rødovre,Republic of North Macedonia,2024,1
Rødovre,Romania,2024,29
Rødovre,Russia,2024,1
Rødovre,Serbia,2024,2
Rødovre,Slovakia,2024,5
Rødovre,South Africa,2024,2
Rødovre,Spain,2024,11
Rødovre,Sri Lanka,2024,5
Rødovre,Stateless,2024,7
Rødovre,Sweden,2024,13
Rødovre,Switzerland,2024,1
Rødovre,Turkey,2024,5
Rødovre,USA,2024,7
Rødovre,Ukraine,2024,27
Rødovre,United Kingdom,2024,5
Rødovre,Vietnam,2024,1
Samsø,Bulgaria,2024,1
Samsø,Czech Republic,2024,2
Samsø,Denmark,2024,21
Samsø,Germany,2024,12
Samsø,Italy,2024,2
Samsø,Lithuania,2024,1
Samsø,Poland,2024,1
Samsø,Spain,2024,1
Samsø,Thailand,2024,1
Samsø,Ukraine,2024,6
Silkeborg,Australia,2024,1
Silkeborg,Belgium,2024,6
Silkeborg,Brazil,2024,5
Silkeborg,Bulgaria,2024,2
Silkeborg,Chile,2024,1
Silkeborg,China,2024,3
Silkeborg,Croatia,2024,4
Silkeborg,Denmark,2024,237
Silkeborg,Eritrea,2024,4
Silkeborg,Estonia,2024,1
Silkeborg,France,2024,7
Silkeborg,Germany,2024,10
Silkeborg,Hungary,2024,5
Silkeborg,Iceland,2024,10
Silkeborg,India,2024,3
Silkeborg,Iraq,2024,1
Silkeborg,Ireland,2024,1
Silkeborg,Italy,2024,6
Silkeborg,Japan,2024,12
Silkeborg,Jordan,2024,1
Silkeborg,Kenya,2024,1
Silkeborg,Latvia,2024,7
Silkeborg,Lithuania,2024,17
Silkeborg,Mexico,2024,1
Silkeborg,Montenegro,2024,1
Silkeborg,Nepal,2024,1
Silkeborg,Netherlands,2024,10
Silkeborg,New Zealand,2024,1
Silkeborg,Norway,2024,9
Silkeborg,Philippines,2024,7
Silkeborg,Poland,2024,49
Silkeborg,Portugal,2024,1
Silkeborg,Romania,2024,81
Silkeborg,Russia,2024,3
Silkeborg,Senegal,2024,1
Silkeborg,Serbia,2024,2
Silkeborg,Sierra Leone,2024,1
Silkeborg,Slovakia,2024,1
Silkeborg,South Africa,2024,1
Silkeborg,South Korea,2024,1
Silkeborg,Spain,2024,4
Silkeborg,Stateless,2024,1
Silkeborg,Sweden,2024,1
Silkeborg,Switzerland,2024,1
Silkeborg,Syria,2024,24
Silkeborg,Thailand,2024,2
Silkeborg,Turkey,2024,2
Silkeborg,USA,2024,1
Silkeborg,Ukraine,2024,87
Silkeborg,United Kingdom,2024,2
Silkeborg,Vietnam,2024,2
Silkeborg,Yugoslavia,2024,2
Skanderborg,Afghanistan,2024,5
Skanderborg,Australia,2024,2
Skanderborg,Austria,2024,2
Skanderborg,Belarus,2024,1
Skanderborg,Belgium,2024,2
Skanderborg,Bosnia and Herzegovina,2024,2
Skanderborg,Bulgaria,2024,5
Skanderborg,Canada,2024,1
Skanderborg,Chile,2024,2
Skanderborg,China,2024,2
Skanderborg,Colombia,2024,2
Skanderborg,Cuba,2024,1
Skanderborg,Czech Republic,2024,5
Skanderborg,Denmark,2024,152
Skanderborg,Eritrea,2024,2
Skanderborg,Estonia,2024,1
Skanderborg,Finland,2024,1
Skanderborg,France,2024,2
Skanderborg,Germany,2024,6
Skanderborg,Hungary,2024,3
Skanderborg,India,2024,6
Skanderborg,Iran,2024,1
Skanderborg,Italy,2024,5
Skanderborg,Japan,2024,1
Skanderborg,Lithuania,2024,2
Skanderborg,New Zealand,2024,1
Skanderborg,Norway,2024,4
Skanderborg,Pakistan,2024,1
Skanderborg,Philippines,2024,1
Skanderborg,Poland,2024,17
Skanderborg,Portugal,2024,1
Skanderborg,Romania,2024,23
Skanderborg,Slovakia,2024,1
Skanderborg,Somalia,2024,5
Skanderborg,South Korea,2024,1
Skanderborg,Spain,2024,4
Skanderborg,Sweden,2024,3
Skanderborg,Syria,2024,8
Skanderborg,Taiwan,2024,2
Skanderborg,Thailand,2024,2
Skanderborg,Turkey,2024,1
Skanderborg,USA,2024,3
Skanderborg,Ukraine,2024,30
Skanderborg,United Kingdom,2024,3
Skive,Australia,2024,1
Skive,Belgium,2024,1
Skive,Brazil,2024,1
Skive,Bulgaria,2024,3
Skive,Denmark,2024,67
Skive,Eritrea,2024,1
Skive,Finland,2024,1
Skive,France,2024,1
Skive,Germany,2024,7
Skive,Iceland,2024,2
Skive,India,2024,1
Skive,Japan,2024,5
Skive,Kenya,2024,1
Skive,Latvia,2024,5
Skive,Lithuania,2024,7
Skive,Mexico,2024,1
Skive,Norway,2024,4
Skive,Poland,2024,33
Skive,Romania,2024,41
Skive,Serbia,2024,1
Skive,Slovakia,2024,3
Skive,Spain,2024,3
Skive,Sweden,2024,5
Skive,Switzerland,2024,1
Skive,Syria,2024,12
Skive,Thailand,2024,1
Skive,Turkey,2024,2
Skive,USA,2024,1
Skive,Ukraine,2024,40
Skive,Vietnam,2024,1
Slagelse,Bangladesh,2024,2
Slagelse,Belarus,2024,1
Slagelse,Brazil,2024,1
Slagelse,Bulgaria,2024,25
Slagelse,China,2024,3
Slagelse,Colombia,2024,1
Slagelse,Croatia,2024,1
Slagelse,Cuba,2024,1
Slagelse,Cyprus,2024,4
Slagelse,Czech Republic,2024,1
Slagelse,Denmark,2024,128
Slagelse,Eritrea,2024,6
Slagelse,Ethiopia,2024,3
Slagelse,Finland,2024,6
Slagelse,Germany,2024,7
Slagelse,Greece,2024,3
Slagelse,Hungary,2024,2
Slagelse,Iceland,2024,4
Slagelse,India,2024,9
Slagelse,Iran,2024,9
Slagelse,Ireland,2024,3
Slagelse,Italy,2024,3
Slagelse,Japan,2024,1
Slagelse,Jordan,2024,1
Slagelse,Latvia,2024,1
Slagelse,Lithuania,2024,6
Slagelse,Malaysia,2024,1
Slagelse,Mexico,2024,1
Slagelse,Nepal,2024,2
Slagelse,Netherlands,2024,1
Slagelse,New Zealand,2024,1
Slagelse,Norway,2024,1
Slagelse,Peru,2024,1
Slagelse,Poland,2024,22
Slagelse,Portugal,2024,2
Slagelse,Romania,2024,47
Slagelse,Russia,2024,1
Slagelse,Serbia,2024,1
Slagelse,South Korea,2024,1
Slagelse,Spain,2024,6
Slagelse,Stateless,2024,5
Slagelse,Sweden,2024,20
Slagelse,Syria,2024,14
Slagelse,Tanzania,2024,1
Slagelse,Thailand,2024,4
Slagelse,Turkey,2024,1
Slagelse,USA,2024,7
Slagelse,Uganda,2024,2
Slagelse,Ukraine,2024,46
Slagelse,United Kingdom,2024,2
Slagelse,Vietnam,2024,2
Solrød,Armenia,2024,1
Solrød,Brazil,2024,1
Solrød,Bulgaria,2024,1
Solrød,China,2024,3
Solrød,Denmark,2024,53
Solrød,Germany,2024,1
Solrød,Iceland,2024,1
Solrød,India,2024,3
Solrød,Iran,2024,2
Solrød,Ireland,2024,6
Solrød,Italy,2024,6
Solrød,Malta,2024,1
Solrød,Mexico,2024,1
Solrød,Netherlands,2024,2
Solrød,Norway,2024,1
Solrød,Paraguay,2024,1
Solrød,Philippines,2024,1
Solrød,Poland,2024,24
Solrød,Romania,2024,20
Solrød,Slovakia,2024,5
Solrød,South Korea,2024,1
Solrød,Spain,2024,1
Solrød,Sweden,2024,1
Solrød,Switzerland,2024,1
Solrød,Turkey,2024,3
Solrød,USA,2024,4
Solrød,Uganda,2024,2
Solrød,Ukraine,2024,21
Solrød,United Kingdom,2024,4
Solrød,Uruguay,2024,1
Sorø,Brazil,2024,1
Sorø,Czech Republic,2024,1
Sorø,Denmark,2024,54
Sorø,France,2024,1
Sorø,Germany,2024,2
Sorø,Greece,2024,2
Sorø,Hungary,2024,1
Sorø,Iceland,2024,1
Sorø,Italy,2024,2
Sorø,Lithuania,2024,10
Sorø,Moldova,2024,4
Sorø,Netherlands,2024,1
Sorø,Norway,2024,1
Sorø,Philippines,2024,2
Sorø,Poland,2024,11
Sorø,Romania,2024,27
Sorø,Somalia,2024,3
Sorø,Spain,2024,1
Sorø,Sweden,2024,4
Sorø,Syria,2024,16
Sorø,Taiwan,2024,1
Sorø,USA,2024,1
Sorø,Ukraine,2024,13
Sorø,United Kingdom,2024,1
Stevns,Afghanistan,2024,5
Stevns,Argentina,2024,2
Stevns,Bangladesh,2024,1
Stevns,Brazil,2024,3
Stevns,Bulgaria,2024,7
Stevns,China,2024,1
Stevns,Denmark,2024,35
Stevns,Estonia,2024,2
Stevns,France,2024,1
Stevns,Germany,2024,4
Stevns,Greece,2024,3
Stevns,Hungary,2024,2
Stevns,Iceland,2024,1
Stevns,India,2024,2
Stevns,Japan,2024,1
Stevns,Latvia,2024,8
Stevns,Lithuania,2024,22
Stevns,Mexico,2024,1
Stevns,Moldova,2024,1
Stevns,Nigeria,2024,3
Stevns,Norway,2024,1
Stevns,Philippines,2024,3
Stevns,Poland,2024,16
Stevns,Romania,2024,26
Stevns,Slovakia,2024,3
Stevns,Sweden,2024,5
Stevns,Syria,2024,2
Stevns,USA,2024,1
Stevns,Ukraine,2024,21
Stevns,United Kingdom,2024,1
Struer,Bulgaria,2024,4
Struer,Chile,2024,1
Struer,China,2024,4
Struer,Cyprus,2024,1
Struer,Czech Republic,2024,16
Struer,Denmark,2024,44
Struer,Germany,2024,1
Struer,Greece,2024,1
Struer,Hungary,2024,4
Struer,India,2024,1
Struer,Italy,2024,2
Struer,Kenya,2024,1
Struer,Latvia,2024,14
Struer,Netherlands,2024,2
Struer,Pakistan,2024,1
Struer,Poland,2024,18
Struer,Portugal,2024,1
Struer,Romania,2024,47
Struer,Slovakia,2024,4
Struer,Slovenia,2024,1
Struer,Spain,2024,1
Struer,Sweden,2024,1
Struer,Syria,2024,1
Struer,USA,2024,1
Struer,Uganda,2024,1
Struer,Ukraine,2024,27
Struer,United Kingdom,2024,2
Struer,Uzbekistan,2024,1
Svendborg,Argentina,2024,5
Svendborg,Australia,2024,10
Svendborg,Austria,2024,1
Svendborg,Bangladesh,2024,2
Svendborg,Belgium,2024,3
Svendborg,Brazil,2024,8
Svendborg,Bulgaria,2024,3
Svendborg,Canada,2024,5
Svendborg,Colombia,2024,4
Svendborg,Costa Rica,2024,5
Svendborg,Czech Republic,2024,9
Svendborg,Denmark,2024,142
Svendborg,Eritrea,2024,1
Svendborg,Estonia,2024,1
Svendborg,Finland,2024,1
Svendborg,Germany,2024,27
Svendborg,Hungary,2024,4
Svendborg,Iceland,2024,2
Svendborg,India,2024,1
Svendborg,Italy,2024,2
Svendborg,Japan,2024,9
Svendborg,Jordan,2024,1
Svendborg,Kosovo,2024,2
Svendborg,Lithuania,2024,1
Svendborg,Mexico,2024,3
Svendborg,Netherlands,2024,3
Svendborg,New Zealand,2024,9
Svendborg,Nigeria,2024,1
Svendborg,Norway,2024,3
Svendborg,Philippines,2024,3
Svendborg,Poland,2024,4
Svendborg,Portugal,2024,5
Svendborg,Romania,2024,8
Svendborg,Slovakia,2024,2
Svendborg,South Africa,2024,2
Svendborg,Sweden,2024,7
Svendborg,Turkey,2024,1
Svendborg,USA,2024,8
Svendborg,Ukraine,2024,26
Svendborg,Vietnam,2024,4
Svendborg,Zambia,2024,1
Syddjurs,Austria,2024,2
Syddjurs,Brazil,2024,1
Syddjurs,Canada,2024,2
Syddjurs,Chile,2024,1
Syddjurs,Denmark,2024,127
Syddjurs,Eritrea,2024,1
Syddjurs,Estonia,2024,1
Syddjurs,France,2024,5
Syddjurs,Germany,2024,21
Syddjurs,Greece,2024,3
Syddjurs,Hungary,2024,1
Syddjurs,Iceland,2024,5
Syddjurs,India,2024,2
Syddjurs,Iran,2024,1
Syddjurs,Italy,2024,3
Syddjurs,Japan,2024,20
Syddjurs,Kenya,2024,2
Syddjurs,Latvia,2024,2
Syddjurs,Lithuania,2024,5
Syddjurs,Netherlands,2024,15
Syddjurs,Norway,2024,16
Syddjurs,Peru,2024,1
Syddjurs,Poland,2024,10
Syddjurs,Portugal,2024,1
Syddjurs,Romania,2024,16
Syddjurs,Spain,2024,2
Syddjurs,Sri Lanka,2024,1
Syddjurs,Sweden,2024,4
Syddjurs,Thailand,2024,2
Syddjurs,USA,2024,2
Syddjurs,Ukraine,2024,28
Syddjurs,United Kingdom,2024,1
Sønderborg,Afghanistan,2024,1
Sønderborg,Argentina,2024,7
Sønderborg,Armenia,2024,1
Sønderborg,Australia,2024,4
Sønderborg,Bangladesh,2024,2
Sønderborg,Belgium,2024,2
Sønderborg,Bosnia and Herzegovina,2024,2
Sønderborg,Brazil,2024,10
Sønderborg,Bulgaria,2024,8
Sønderborg,Cambodia,2024,1
Sønderborg,Canada,2024,1
Sønderborg,Chile,2024,1
Sønderborg,China,2024,11
Sønderborg,Croatia,2024,4
Sønderborg,Czech Republic,2024,14
Sønderborg,Denmark,2024,177
Sønderborg,Egypt,2024,1
Sønderborg,Estonia,2024,1
Sønderborg,Finland,2024,2
Sønderborg,France,2024,11
Sønderborg,Germany,2024,100
Sønderborg,Greece,2024,3
Sønderborg,Hungary,2024,8
Sønderborg,Iceland,2024,7
Sønderborg,India,2024,16
Sønderborg,Indonesia,2024,1
Sønderborg,Iran,2024,5
Sønderborg,Iraq,2024,2
Sønderborg,Ireland,2024,1
Sønderborg,Italy,2024,15
Sønderborg,Latvia,2024,8
Sønderborg,Lebanon,2024,1
Sønderborg,Lithuania,2024,6
Sønderborg,Malaysia,2024,1
Sønderborg,Mexico,2024,2
Sønderborg,Moldova,2024,2
Sønderborg,Morocco,2024,1
Sønderborg,Netherlands,2024,3
Sønderborg,Nigeria,2024,3
Sønderborg,Norway,2024,4
Sønderborg,Pakistan,2024,1
Sønderborg,Peru,2024,1
Sønderborg,Poland,2024,35
Sønderborg,Portugal,2024,4
Sønderborg,Romania,2024,39
Sønderborg,Serbia,2024,1
Sønderborg,Slovakia,2024,5
Sønderborg,Spain,2024,16
Sønderborg,Sri Lanka,2024,2
Sønderborg,Stateless,2024,1
Sønderborg,Sweden,2024,6
Sønderborg,Switzerland,2024,5
Sønderborg,Syria,2024,15
Sønderborg,Taiwan,2024,1
Sønderborg,Thailand,2024,3
Sønderborg,Turkey,2024,6
Sønderborg,USA,2024,4
Sønderborg,Ukraine,2024,71
Sønderborg,United Kingdom,2024,3
Sønderborg,Uzbekistan,2024,2
Thisted,Bulgaria,2024,1
Thisted,China,2024,4
Thisted,Colombia,2024,2
Thisted,"Congo, Democratic Republic",2024,3
Thisted,Cuba,2024,1
Thisted,Denmark,2024,83
Thisted,Dominican Republic,2024,1
Thisted,Eritrea,2024,1
Thisted,Estonia,2024,1
Thisted,France,2024,1
Thisted,Germany,2024,7
Thisted,Iceland,2024,1
Thisted,Indonesia,2024,1
Thisted,Italy,2024,1
Thisted,Latvia,2024,1
Thisted,Lebanon,2024,1
Thisted,Lithuania,2024,5
Thisted,Mexico,2024,1
Thisted,Morocco,2024,1
Thisted,Norway,2024,5
Thisted,Philippines,2024,1
Thisted,Poland,2024,44
Thisted,Romania,2024,15
Thisted,Serbia,2024,1
Thisted,Slovakia,2024,1
Thisted,Spain,2024,1
Thisted,Sweden,2024,1
Thisted,Syria,2024,3
Thisted,Tanzania,2024,1
Thisted,USA,2024,1
Thisted,Uganda,2024,2
Thisted,Ukraine,2024,19
Tårnby,Afghanistan,2024,1
Tårnby,Argentina,2024,5
Tårnby,Australia,2024,2
Tårnby,Austria,2024,1
Tårnby,Bangladesh,2024,20
Tårnby,Brazil,2024,4
Tårnby,Bulgaria,2024,14
Tårnby,Chile,2024,2
Tårnby,China,2024,9
Tårnby,Croatia,2024,1
Tårnby,Czech Republic,2024,2
Tårnby,Denmark,2024,114
Tårnby,Estonia,2024,1
Tårnby,Finland,2024,8
Tårnby,France,2024,7
Tårnby,Germany,2024,8
Tårnby,Ghana,2024,1
Tårnby,Greece,2024,1
Tårnby,Hungary,2024,1
Tårnby,Iceland,2024,4
Tårnby,India,2024,4
Tårnby,Iran,2024,1
Tårnby,Ireland,2024,1
Tårnby,Italy,2024,13
Tårnby,Latvia,2024,4
Tårnby,Lithuania,2024,4
Tårnby,Nepal,2024,2
Tårnby,Netherlands,2024,1
Tårnby,Nigeria,2024,1
Tårnby,Norway,2024,3
Tårnby,Not stated,2024,1
Tårnby,Pakistan,2024,3
Tårnby,Philippines,2024,2
Tårnby,Poland,2024,7
Tårnby,Portugal,2024,4
Tårnby,Romania,2024,22
Tårnby,Russia,2024,1
Tårnby,Slovakia,2024,1
Tårnby,South Korea,2024,1
Tårnby,Spain,2024,9
Tårnby,Stateless,2024,1
Tårnby,Sweden,2024,10
Tårnby,Syria,2024,11
Tårnby,Thailand,2024,1
Tårnby,Turkey,2024,1
Tårnby,USA,2024,10
Tårnby,Ukraine,2024,24
Tårnby,United Kingdom,2024,3
Tønder,Bangladesh,2024,1
Tønder,Bosnia and Herzegovina,2024,1
Tønder,Brazil,2024,6
Tønder,Bulgaria,2024,2
Tønder,Chile,2024,1
Tønder,Croatia,2024,4
Tønder,Denmark,2024,59
Tønder,France,2024,1
Tønder,Germany,2024,117
Tønder,Greece,2024,1
Tønder,Hungary,2024,4
Tønder,Iceland,2024,1
Tønder,India,2024,11
Tønder,Iran,2024,1
Tønder,Italy,2024,4
Tønder,Japan,2024,9
Tønder,Latvia,2024,2
Tønder,Lithuania,2024,9
Tønder,Mexico,2024,2
Tønder,Netherlands,2024,1
Tønder,Norway,2024,1
Tønder,Pakistan,2024,3
Tønder,Philippines,2024,1
Tønder,Poland,2024,22
Tønder,Portugal,2024,3
Tønder,Romania,2024,93
Tønder,Slovakia,2024,2
Tønder,Sweden,2024,2
Tønder,Tanzania,2024,6
Tønder,Uganda,2024,3
Tønder,Ukraine,2024,32
Tønder,United Kingdom,2024,3
Tønder,Uzbekistan,2024,1
Tønder,Vietnam,2024,3
Vallensbæk,Bangladesh,2024,8
Vallensbæk,Bolivia,2024,1
Vallensbæk,Bosnia and Herzegovina,2024,1
Vallensbæk,Bulgaria,2024,26
Vallensbæk,China,2024,6
Vallensbæk,Croatia,2024,2
Vallensbæk,Denmark,2024,64
Vallensbæk,Egypt,2024,5
Vallensbæk,Finland,2024,1
Vallensbæk,France,2024,1
Vallensbæk,Germany,2024,4
Vallensbæk,Ghana,2024,1
Vallensbæk,Greece,2024,2
Vallensbæk,Hungary,2024,7
Vallensbæk,Iceland,2024,4
Vallensbæk,India,2024,15
Vallensbæk,Iran,2024,2
Vallensbæk,Ireland,2024,2
Vallensbæk,Italy,2024,8
Vallensbæk,Jordan,2024,1
Vallensbæk,Lithuania,2024,2
Vallensbæk,Malawi,2024,1
Vallensbæk,Moldova,2024,1
Vallensbæk,Nepal,2024,5
Vallensbæk,Netherlands,2024,2
Vallensbæk,Pakistan,2024,3
Vallensbæk,Poland,2024,21
Vallensbæk,Portugal,2024,8
Vallensbæk,Romania,2024,20
Vallensbæk,Slovakia,2024,2
Vallensbæk,South Korea,2024,1
Vallensbæk,Spain,2024,9
Vallensbæk,Sweden,2024,4
Vallensbæk,Turkey,2024,7
Vallensbæk,USA,2024,7
Vallensbæk,Ukraine,2024,5
Vallensbæk,United Kingdom,2024,2
Varde,Bangladesh,2024,4
Varde,Belgium,2024,2
Varde,Bosnia and Herzegovina,2024,5
Varde,Bulgaria,2024,14
Varde,Canada,2024,1
Varde,China,2024,4
Varde,Costa Rica,2024,1
Varde,Denmark,2024,91
Varde,Ecuador,2024,1
Varde,France,2024,1
Varde,Germany,2024,18
Varde,Greece,2024,2
Varde,Hungary,2024,4
Varde,India,2024,6
Varde,Indonesia,2024,1
Varde,Italy,2024,6
Varde,Kenya,2024,1
Varde,Kyrgyzstan,2024,3
Varde,Latvia,2024,5
Varde,Lebanon,2024,1
Varde,Lithuania,2024,14
Varde,Mexico,2024,2
Varde,Moldova,2024,2
Varde,Netherlands,2024,12
Varde,Norway,2024,3
Varde,Philippines,2024,1
Varde,Poland,2024,50
Varde,Portugal,2024,3
Varde,Republic of North Macedonia,2024,4
Varde,Romania,2024,179
Varde,Serbia,2024,1
Varde,Spain,2024,4
Varde,Sweden,2024,4
Varde,Switzerland,2024,1
Varde,Syria,2024,5
Varde,Thailand,2024,4
Varde,USA,2024,5
Varde,Uganda,2024,3
Varde,Ukraine,2024,43
Varde,United Kingdom,2024,5
Varde,Vietnam,2024,17
Vejen,Bangladesh,2024,4
Vejen,Belgium,2024,2
Vejen,Brazil,2024,2
Vejen,Bulgaria,2024,5
Vejen,Colombia,2024,1
Vejen,Croatia,2024,1
Vejen,Denmark,2024,67
Vejen,Eritrea,2024,3
Vejen,Finland,2024,1
Vejen,France,2024,1
Vejen,Germany,2024,5
Vejen,Greece,2024,1
Vejen,Hungary,2024,9
Vejen,India,2024,5
Vejen,Indonesia,2024,1
Vejen,Ireland,2024,3
Vejen,Italy,2024,6
Vejen,Japan,2024,6
Vejen,Latvia,2024,2
Vejen,Lithuania,2024,7
Vejen,Netherlands,2024,1
Vejen,Norway,2024,1
Vejen,Philippines,2024,5
Vejen,Poland,2024,27
Vejen,Portugal,2024,3
Vejen,Romania,2024,161
Vejen,South Africa,2024,1
Vejen,Spain,2024,3
Vejen,Sweden,2024,4
Vejen,Syria,2024,4
Vejen,Tanzania,2024,1
Vejen,Thailand,2024,1
Vejen,Turkey,2024,1
Vejen,USA,2024,2
Vejen,Ukraine,2024,42
Vejen,United Kingdom,2024,1
Vejen,Uzbekistan,2024,1
Vejen,Vietnam,2024,5
Vejle,Afghanistan,2024,2
Vejle,Albania,2024,1
Vejle,Argentina,2024,2
Vejle,Australia,2024,5
Vejle,Belgium,2024,5
Vejle,Bosnia and Herzegovina,2024,2
Vejle,Brazil,2024,8
Vejle,Bulgaria,2024,9
Vejle,Canada,2024,2
Vejle,China,2024,5
Vejle,Colombia,2024,2
Vejle,Croatia,2024,8
Vejle,Cyprus,2024,2
Vejle,Czech Republic,2024,4
Vejle,Denmark,2024,310
Vejle,Estonia,2024,2
Vejle,Finland,2024,2
Vejle,France,2024,4
Vejle,Germany,2024,14
Vejle,Ghana,2024,1
Vejle,Greece,2024,2
Vejle,Guatemala,2024,1
Vejle,Haiti,2024,1
Vejle,Hungary,2024,9
Vejle,Iceland,2024,21
Vejle,India,2024,8
Vejle,Iran,2024,7
Vejle,Ireland,2024,1
Vejle,Israel,2024,1
Vejle,Italy,2024,27
Vejle,Japan,2024,14
Vejle,Kenya,2024,1
Vejle,Latvia,2024,12
Vejle,Lithuania,2024,49
Vejle,Namibia,2024,1
Vejle,Netherlands,2024,5
Vejle,New Zealand,2024,1
Vejle,Norway,2024,5
Vejle,Peru,2024,2
Vejle,Philippines,2024,16
Vejle,Poland,2024,151
Vejle,Portugal,2024,4
Vejle,Romania,2024,149
Vejle,Russia,2024,5
Vejle,Serbia,2024,1
Vejle,Slovakia,2024,3
Vejle,South Africa,2024,1
Vejle,South Korea,2024,2
Vejle,Spain,2024,19
Vejle,Sweden,2024,13
Vejle,Syria,2024,10
Vejle,Taiwan,2024,1
Vejle,Tanzania,2024,1
Vejle,Thailand,2024,2
Vejle,Turkey,2024,3
Vejle,USA,2024,13
Vejle,Uganda,2024,1
Vejle,Ukraine,2024,68
Vejle,United Kingdom,2024,11
Vejle,Vietnam,2024,9
Vesthimmerlands,Brazil,2024,1
Vesthimmerlands,Bulgaria,2024,2
Vesthimmerlands,Chile,2024,1
Vesthimmerlands,"Congo, Democratic Republic",2024,2
Vesthimmerlands,Denmark,2024,53
Vesthimmerlands,Eritrea,2024,1
Vesthimmerlands,Estonia,2024,2
Vesthimmerlands,France,2024,2
Vesthimmerlands,Germany,2024,12
Vesthimmerlands,Hungary,2024,2
Vesthimmerlands,India,2024,3
Vesthimmerlands,Ireland,2024,1
Vesthimmerlands,Italy,2024,1
Vesthimmerlands,Kyrgyzstan,2024,2
Vesthimmerlands,Latvia,2024,2
Vesthimmerlands,Lithuania,2024,1
Vesthimmerlands,Luxembourg,2024,1
Vesthimmerlands,Mexico,2024,26
Vesthimmerlands,Nepal,2024,1
Vesthimmerlands,Netherlands,2024,4
Vesthimmerlands,Norway,2024,5
Vesthimmerlands,Philippines,2024,2
Vesthimmerlands,Poland,2024,30
Vesthimmerlands,Portugal,2024,1
Vesthimmerlands,Romania,2024,42
Vesthimmerlands,Spain,2024,6
Vesthimmerlands,Sweden,2024,2
Vesthimmerlands,Syria,2024,5
Vesthimmerlands,Tanzania,2024,3
Vesthimmerlands,Thailand,2024,5
Vesthimmerlands,Turkey,2024,4
Vesthimmerlands,USA,2024,1
Vesthimmerlands,Uganda,2024,2
Vesthimmerlands,Ukraine,2024,54
Vesthimmerlands,Venezuela,2024,1
Vesthimmerlands,Vietnam,2024,2
Viborg,Afghanistan,2024,1
Viborg,Argentina,2024,3
Viborg,Australia,2024,10
Viborg,Austria,2024,1
Viborg,Bahrain,2024,1
Viborg,Bangladesh,2024,8
Viborg,Belgium,2024,4
Viborg,Bosnia and Herzegovina,2024,1
Viborg,Brazil,2024,4
Viborg,Bulgaria,2024,2
Viborg,Canada,2024,1
Viborg,Chile,2024,1
Viborg,China,2024,14
Viborg,Cuba,2024,1
Viborg,Czech Republic,2024,3
Viborg,Denmark,2024,211
Viborg,Eritrea,2024,1
Viborg,Finland,2024,4
Viborg,France,2024,4
Viborg,"Gambia, The",2024,1
Viborg,Germany,2024,12
Viborg,Ghana,2024,2
Viborg,Greece,2024,5
Viborg,Hungary,2024,13
Viborg,Iceland,2024,3
Viborg,India,2024,12
Viborg,Iran,2024,6
Viborg,Ireland,2024,2
Viborg,Israel,2024,2
Viborg,Italy,2024,10
Viborg,Japan,2024,22
Viborg,Latvia,2024,5
Viborg,Lithuania,2024,20
Viborg,Mexico,2024,6
Viborg,Moldova,2024,1
Viborg,Netherlands,2024,9
Viborg,New Zealand,2024,3
Viborg,Nigeria,2024,1
Viborg,Norway,2024,11
Viborg,Pakistan,2024,1
Viborg,Peru,2024,1
Viborg,Philippines,2024,2
Viborg,Poland,2024,66
Viborg,Portugal,2024,5
Viborg,Romania,2024,176
Viborg,Russia,2024,5
Viborg,Slovakia,2024,3
Viborg,Somalia,2024,7
Viborg,South Africa,2024,2
Viborg,South Korea,2024,1
Viborg,Spain,2024,13
Viborg,Sweden,2024,6
Viborg,Switzerland,2024,2
Viborg,Syria,2024,5
Viborg,Taiwan,2024,1
Viborg,Tanzania,2024,3
Viborg,Tunisia,2024,1
Viborg,USA,2024,3
Viborg,Uganda,2024,2
Viborg,Ukraine,2024,92
Viborg,United Kingdom,2024,7
Viborg,Uzbekistan,2024,2
Viborg,Vietnam,2024,9
Vordingborg,Albania,2024,1
Vordingborg,Argentina,2024,1
Vordingborg,Australia,2024,1
Vordingborg,Brazil,2024,1
Vordingborg,Bulgaria,2024,21
Vordingborg,Chile,2024,1
Vordingborg,China,2024,5
Vordingborg,Colombia,2024,1
Vordingborg,Croatia,2024,3
Vordingborg,Denmark,2024,85
Vordingborg,Ethiopia,2024,2
Vordingborg,France,2024,1
Vordingborg,Germany,2024,7
Vordingborg,Greece,2024,3
Vordingborg,Iceland,2024,1
Vordingborg,India,2024,20
Vordingborg,Ireland,2024,1
Vordingborg,Italy,2024,84
Vordingborg,Japan,2024,4
Vordingborg,Latvia,2024,3
Vordingborg,Lithuania,2024,8
Vordingborg,Malta,2024,1
Vordingborg,Mauritius,2024,1
Vordingborg,Nepal,2024,1
Vordingborg,Netherlands,2024,2
Vordingborg,Nigeria,2024,1
Vordingborg,Norway,2024,3
Vordingborg,Pakistan,2024,21
Vordingborg,Philippines,2024,3
Vordingborg,Poland,2024,48
Vordingborg,Romania,2024,391
Vordingborg,Serbia,2024,1
Vordingborg,Slovakia,2024,2
Vordingborg,Somalia,2024,1
Vordingborg,Spain,2024,1
Vordingborg,Stateless,2024,1
Vordingborg,Sweden,2024,5
Vordingborg,Syria,2024,8
Vordingborg,Thailand,2024,6
Vordingborg,Turkey,2024,1
Vordingborg,Ukraine,2024,34
Vordingborg,United Arab Emirates,2024,1
Vordingborg,United Kingdom,2024,2
Vordingborg,Uruguay,2024,1
Vordingborg,Vietnam,2024,1
Ærø,Denmark,2024,13
Ærø,Germany,2024,3
Ærø,Iceland,2024,3
Ærø,Italy,2024,5
Ærø,Poland,2024,5
Ærø,Romania,2024,13
Ærø,Spain,2024,6
Ærø,Sweden,2024,2
Ærø,Ukraine,2024,5
Aabenraa,Afghanistan,2025,5
Aabenraa,Austria,2025,1
Aabenraa,Bosnia and Herzegovina,2025,2
Aabenraa,Brazil,2025,9
Aabenraa,Bulgaria,2025,2
Aabenraa,China,2025,2
Aabenraa,Denmark,2025,91
Aabenraa,Eritrea,2025,3
Aabenraa,Estonia,2025,1
Aabenraa,France,2025,1
Aabenraa,Germany,2025,175
Aabenraa,Greece,2025,1
Aabenraa,Hungary,2025,2
Aabenraa,Iceland,2025,7
Aabenraa,Ireland,2025,1
Aabenraa,Italy,2025,2
Aabenraa,Japan,2025,12
Aabenraa,Kosovo,2025,1
Aabenraa,Latvia,2025,3
Aabenraa,Lithuania,2025,7
Aabenraa,Luxembourg,2025,1
Aabenraa,Mexico,2025,2
Aabenraa,Netherlands,2025,4
Aabenraa,Nigeria,2025,1
Aabenraa,Not stated,2025,1
Aabenraa,Poland,2025,13
Aabenraa,Portugal,2025,2
Aabenraa,Romania,2025,43
Aabenraa,Russia,2025,1
Aabenraa,Serbia,2025,1
Aabenraa,Sweden,2025,1
Aabenraa,Switzerland,2025,1
Aabenraa,Syria,2025,10
Aabenraa,Tanzania,2025,3
Aabenraa,Thailand,2025,1
Aabenraa,Turkey,2025,2
Aabenraa,Uganda,2025,6
Aabenraa,Ukraine,2025,24
Aabenraa,Vietnam,2025,3
Aabenraa,Yugoslavia,2025,1
Aalborg,Algeria,2025,2
Aalborg,Argentina,2025,2
Aalborg,Australia,2025,12
Aalborg,Austria,2025,4
Aalborg,Bangladesh,2025,24
Aalborg,Belarus,2025,1
Aalborg,Belgium,2025,9
Aalborg,Bosnia and Herzegovina,2025,1
Aalborg,Botswana,2025,1
Aalborg,Brazil,2025,17
Aalborg,Bulgaria,2025,29
Aalborg,Cameroon,2025,2
Aalborg,Canada,2025,4
Aalborg,Chile,2025,6
Aalborg,China,2025,92
Aalborg,Colombia,2025,6
Aalborg,"Congo, Democratic Republic",2025,1
Aalborg,Croatia,2025,18
Aalborg,Cuba,2025,1
Aalborg,Czech Republic,2025,16
Aalborg,Denmark,2025,714
Aalborg,Dominican Republic,2025,1
Aalborg,Ecuador,2025,1
Aalborg,Egypt,2025,2
Aalborg,Eritrea,2025,11
Aalborg,Estonia,2025,1
Aalborg,Finland,2025,14
Aalborg,France,2025,35
Aalborg,Georgia,2025,2
Aalborg,Germany,2025,73
Aalborg,Ghana,2025,6
Aalborg,Greece,2025,18
Aalborg,Hungary,2025,26
Aalborg,Iceland,2025,24
Aalborg,India,2025,75
Aalborg,Indonesia,2025,7
Aalborg,Iran,2025,55
Aalborg,Iraq,2025,2
Aalborg,Ireland,2025,6
Aalborg,Israel,2025,1
Aalborg,Italy,2025,62
Aalborg,Ivory Coast,2025,1
Aalborg,Japan,2025,10
Aalborg,Kazakhstan,2025,1
Aalborg,Kosovo,2025,1
Aalborg,Laos,2025,1
Aalborg,Latvia,2025,19
Aalborg,Lebanon,2025,2
Aalborg,Lithuania,2025,16
Aalborg,Malaysia,2025,2
Aalborg,Mauritius,2025,1
Aalborg,Mexico,2025,9
Aalborg,Moldova,2025,1
Aalborg,Morocco,2025,4
Aalborg,Nepal,2025,1
Aalborg,Netherlands,2025,18
Aalborg,New Zealand,2025,1
Aalborg,Nigeria,2025,7
Aalborg,Norway,2025,70
Aalborg,Pakistan,2025,8
Aalborg,Peru,2025,2
Aalborg,Philippines,2025,9
Aalborg,Poland,2025,80
Aalborg,Portugal,2025,45
Aalborg,Romania,2025,85
Aalborg,Russia,2025,9
Aalborg,Rwanda,2025,1
Aalborg,Serbia,2025,1
Aalborg,Singapore,2025,5
Aalborg,Slovakia,2025,12
Aalborg,Slovenia,2025,1
Aalborg,Somalia,2025,8
Aalborg,South Korea,2025,21
Aalborg,Spain,2025,54
Aalborg,Sri Lanka,2025,7
Aalborg,Stateless,2025,4
Aalborg,Sweden,2025,19
Aalborg,Switzerland,2025,5
Aalborg,Syria,2025,51
Aalborg,Taiwan,2025,1
Aalborg,Tanzania,2025,4
Aalborg,Thailand,2025,11
Aalborg,Turkey,2025,30
Aalborg,USA,2025,29
Aalborg,Uganda,2025,4
Aalborg,Ukraine,2025,115
Aalborg,United Kingdom,2025,29
Aalborg,Uzbekistan,2025,1
Aalborg,Vietnam,2025,12
Aalborg,Zimbabwe,2025,1
Aarhus,Afghanistan,2025,4
Aarhus,Albania,2025,2
Aarhus,Argentina,2025,47
Aarhus,Armenia,2025,2
Aarhus,Australia,2025,88
Aarhus,Austria,2025,53
Aarhus,Azerbaijan,2025,3
Aarhus,Bangladesh,2025,27
Aarhus,Belarus,2025,1
Aarhus,Belgium,2025,69
Aarhus,Brazil,2025,30
Aarhus,Bulgaria,2025,70
Aarhus,Cambodia,2025,2
Aarhus,Canada,2025,45
Aarhus,Central African Republic,2025,2
Aarhus,Chile,2025,23
Aarhus,China,2025,222
Aarhus,Colombia,2025,8
Aarhus,"Congo, Democratic Republic",2025,2
Aarhus,Costa Rica,2025,3
Aarhus,Croatia,2025,22
Aarhus,Cyprus,2025,2
Aarhus,Czech Republic,2025,56
Aarhus,Denmark,2025,1435
Aarhus,Dominica,2025,1
Aarhus,Ecuador,2025,5
Aarhus,Egypt,2025,13
Aarhus,Eritrea,2025,5
Aarhus,Estonia,2025,12
Aarhus,Ethiopia,2025,3
Aarhus,Finland,2025,44
Aarhus,France,2025,179
Aarhus,"Gambia, The",2025,1
Aarhus,Georgia,2025,3
Aarhus,Germany,2025,393
Aarhus,Ghana,2025,3
Aarhus,Greece,2025,29
Aarhus,Honduras,2025,2
Aarhus,Hungary,2025,83
Aarhus,Iceland,2025,60
Aarhus,India,2025,130
Aarhus,Indonesia,2025,16
Aarhus,Iran,2025,140
Aarhus,Iraq,2025,7
Aarhus,Ireland,2025,36
Aarhus,Israel,2025,9
Aarhus,Italy,2025,262
Aarhus,Japan,2025,60
Aarhus,Jordan,2025,1
Aarhus,Kazakhstan,2025,12
Aarhus,Kenya,2025,4
Aarhus,Kyrgyzstan,2025,1
Aarhus,Latvia,2025,24
Aarhus,Lebanon,2025,7
Aarhus,Lithuania,2025,45
Aarhus,Luxembourg,2025,5
Aarhus,Malawi,2025,1
Aarhus,Malaysia,2025,4
Aarhus,Mali,2025,1
Aarhus,Malta,2025,3
Aarhus,Mexico,2025,31
Aarhus,Moldova,2025,4
Aarhus,Morocco,2025,4
Aarhus,Nepal,2025,4
Aarhus,Netherlands,2025,124
Aarhus,New Zealand,2025,13
Aarhus,Nicaragua,2025,1
Aarhus,Nigeria,2025,9
Aarhus,North Korea,2025,2
Aarhus,Norway,2025,243
Aarhus,Pakistan,2025,35
Aarhus,Panama,2025,1
Aarhus,Peru,2025,3
Aarhus,Philippines,2025,30
Aarhus,Poland,2025,178
Aarhus,Portugal,2025,59
Aarhus,Romania,2025,259
Aarhus,Russia,2025,24
Aarhus,Senegal,2025,1
Aarhus,Serbia,2025,8
Aarhus,Singapore,2025,36
Aarhus,Slovakia,2025,44
Aarhus,Slovenia,2025,16
Aarhus,Somalia,2025,1
Aarhus,South Africa,2025,7
Aarhus,South Korea,2025,29
Aarhus,Spain,2025,191
Aarhus,Sri Lanka,2025,1
Aarhus,Stateless,2025,4
Aarhus,Sudan,2025,4
Aarhus,Sweden,2025,81
Aarhus,Switzerland,2025,30
Aarhus,Syria,2025,46
Aarhus,Taiwan,2025,8
Aarhus,Tanzania,2025,1
Aarhus,Thailand,2025,20
Aarhus,Togo,2025,1
Aarhus,Tunisia,2025,2
Aarhus,Turkey,2025,45
Aarhus,USA,2025,99
Aarhus,Uganda,2025,1
Aarhus,Ukraine,2025,233
Aarhus,United Kingdom,2025,105
Aarhus,Uruguay,2025,2
Aarhus,Uzbekistan,2025,1
Aarhus,Vietnam,2025,23
Aarhus,Zambia,2025,1
Aarhus,Zimbabwe,2025,1
Albertslund,Afghanistan,2025,5
Albertslund,Argentina,2025,1
Albertslund,Bangladesh,2025,24
Albertslund,Belgium,2025,6
Albertslund,Bulgaria,2025,9
Albertslund,China,2025,5
Albertslund,Croatia,2025,1
Albertslund,Czech Republic,2025,2
Albertslund,Denmark,2025,52
Albertslund,Finland,2025,4
Albertslund,Germany,2025,12
Albertslund,Hungary,2025,4
Albertslund,India,2025,7
Albertslund,Indonesia,2025,1
Albertslund,Iran,2025,11
Albertslund,Italy,2025,11
Albertslund,Lithuania,2025,3
Albertslund,Malaysia,2025,1
Albertslund,Mexico,2025,2
Albertslund,Nepal,2025,15
Albertslund,Netherlands,2025,2
Albertslund,Nigeria,2025,1
Albertslund,Norway,2025,2
Albertslund,Pakistan,2025,16
Albertslund,Poland,2025,7
Albertslund,Portugal,2025,2
Albertslund,Romania,2025,30
Albertslund,Rwanda,2025,1
Albertslund,Serbia,2025,1
Albertslund,Slovakia,2025,1
Albertslund,Somalia,2025,1
Albertslund,Spain,2025,4
Albertslund,Sweden,2025,8
Albertslund,Taiwan,2025,1
Albertslund,Turkey,2025,5
Albertslund,USA,2025,7
Albertslund,Ukraine,2025,15
Albertslund,Vietnam,2025,1
Allerød,Afghanistan,2025,1
Allerød,Argentina,2025,2
Allerød,Australia,2025,1
Allerød,Bangladesh,2025,1
Allerød,Belgium,2025,1
Allerød,Brazil,2025,1
Allerød,Bulgaria,2025,5
Allerød,China,2025,1
Allerød,Denmark,2025,68
Allerød,Finland,2025,1
Allerød,Germany,2025,1
Allerød,Greece,2025,1
Allerød,Iceland,2025,1
Allerød,India,2025,2
Allerød,Iran,2025,4
Allerød,Ireland,2025,1
Allerød,Italy,2025,2
Allerød,Japan,2025,3
Allerød,Kenya,2025,1
Allerød,Lithuania,2025,4
Allerød,Norway,2025,1
Allerød,Philippines,2025,8
Allerød,Poland,2025,11
Allerød,Portugal,2025,1
Allerød,Romania,2025,14
Allerød,Spain,2025,2
Allerød,Stateless,2025,1
Allerød,Sweden,2025,2
Allerød,Syria,2025,7
Allerød,Thailand,2025,1
Allerød,USA,2025,8
Allerød,Ukraine,2025,14
Allerød,United Kingdom,2025,7
Assens,Afghanistan,2025,6
Assens,Bangladesh,2025,1
Assens,Bulgaria,2025,5
Assens,Canada,2025,1
Assens,Denmark,2025,85
Assens,Eritrea,2025,2
Assens,France,2025,1
Assens,Germany,2025,2
Assens,Hungary,2025,10
Assens,Iceland,2025,5
Assens,India,2025,1
Assens,Italy,2025,5
Assens,Latvia,2025,5
Assens,Lithuania,2025,15
Assens,Norway,2025,1
Assens,Poland,2025,22
Assens,Romania,2025,92
Assens,Russia,2025,1
Assens,Slovakia,2025,6
Assens,Sweden,2025,3
Assens,Switzerland,2025,1
Assens,Syria,2025,21
Assens,Thailand,2025,2
Assens,Turkey,2025,1
Assens,USA,2025,1
Assens,Ukraine,2025,22
Assens,Vietnam,2025,5
Ballerup,Afghanistan,2025,4
Ballerup,Algeria,2025,1
Ballerup,Australia,2025,1
Ballerup,Azerbaijan,2025,1
Ballerup,Bangladesh,2025,1
Ballerup,Brazil,2025,5
Ballerup,Bulgaria,2025,17
Ballerup,Canada,2025,2
Ballerup,China,2025,17
Ballerup,Colombia,2025,1
Ballerup,"Congo, Democratic Republic",2025,1
Ballerup,Croatia,2025,5
Ballerup,Czech Republic,2025,3
Ballerup,Denmark,2025,88
Ballerup,Estonia,2025,2
Ballerup,Finland,2025,2
Ballerup,France,2025,14
Ballerup,Germany,2025,12
Ballerup,Greece,2025,4
Ballerup,Hungary,2025,11
Ballerup,Iceland,2025,1
Ballerup,India,2025,91
Ballerup,Indonesia,2025,3
Ballerup,Iran,2025,13
Ballerup,Ireland,2025,4
Ballerup,Italy,2025,15
Ballerup,Japan,2025,1
Ballerup,Latvia,2025,2
Ballerup,Lithuania,2025,4
Ballerup,Luxembourg,2025,3
Ballerup,Mexico,2025,3
Ballerup,Montenegro,2025,4
Ballerup,Nepal,2025,7
Ballerup,Netherlands,2025,4
Ballerup,New Zealand,2025,1
Ballerup,Nigeria,2025,1
Ballerup,Norway,2025,3
Ballerup,Pakistan,2025,3
Ballerup,Philippines,2025,1
Ballerup,Poland,2025,19
Ballerup,Portugal,2025,6
Ballerup,Republic of North Macedonia,2025,1
Ballerup,Romania,2025,25
Ballerup,Serbia,2025,2
Ballerup,Singapore,2025,4
Ballerup,Slovakia,2025,1
Ballerup,South Africa,2025,1
Ballerup,South Korea,2025,2
Ballerup,Spain,2025,10
Ballerup,Stateless,2025,3
Ballerup,Sweden,2025,4
Ballerup,Switzerland,2025,4
Ballerup,Syria,2025,3
Ballerup,Taiwan,2025,1
Ballerup,Turkey,2025,10
Ballerup,USA,2025,18
Ballerup,Ukraine,2025,41
Ballerup,United Kingdom,2025,2
Ballerup,Yugoslavia,2025,1
Billund,Afghanistan,2025,3
Billund,Albania,2025,1
Billund,Australia,2025,1
Billund,Austria,2025,1
Billund,Bangladesh,2025,1
Billund,Belarus,2025,3
Billund,Belgium,2025,1
Billund,Brazil,2025,3
Billund,Bulgaria,2025,6
Billund,Canada,2025,4
Billund,Chile,2025,1
Billund,Colombia,2025,1
Billund,Croatia,2025,3
Billund,Cuba,2025,1
Billund,Czech Republic,2025,1
Billund,Denmark,2025,58
Billund,Finland,2025,3
Billund,France,2025,6
Billund,Germany,2025,4
Billund,Guatemala,2025,1
Billund,Hungary,2025,4
Billund,India,2025,6
Billund,Indonesia,2025,1
Billund,Ireland,2025,6
Billund,Italy,2025,29
Billund,Latvia,2025,1
Billund,Lebanon,2025,2
Billund,Lithuania,2025,2
Billund,Mexico,2025,1
Billund,Moldova,2025,1
Billund,Netherlands,2025,6
Billund,Norway,2025,3
Billund,Philippines,2025,2
Billund,Poland,2025,33
Billund,Portugal,2025,5
Billund,Romania,2025,42
Billund,Russia,2025,1
Billund,Saint Kitts and Nevis,2025,1
Billund,Singapore,2025,1
Billund,Slovakia,2025,4
Billund,South Africa,2025,2
Billund,South Korea,2025,1
Billund,Spain,2025,11
Billund,Switzerland,2025,1
Billund,Syria,2025,4
Billund,Thailand,2025,1
Billund,Turkey,2025,1
Billund,USA,2025,9
Billund,Ukraine,2025,15
Billund,United Kingdom,2025,23
Billund,Uruguay,2025,1
Billund,Venezuela,2025,1
Billund,Vietnam,2025,4
Bornholm,Argentina,2025,5
Bornholm,Belgium,2025,3
Bornholm,Bosnia and Herzegovina,2025,1
Bornholm,Bulgaria,2025,1
Bornholm,Chile,2025,1
Bornholm,China,2025,1
Bornholm,Denmark,2025,67
Bornholm,Finland,2025,2
Bornholm,France,2025,6
Bornholm,Germany,2025,10
Bornholm,Hungary,2025,3
Bornholm,Iceland,2025,5
Bornholm,Iraq,2025,1
Bornholm,Italy,2025,21
Bornholm,Japan,2025,6
Bornholm,Latvia,2025,1
Bornholm,Lithuania,2025,3
Bornholm,Netherlands,2025,3
Bornholm,Norway,2025,3
Bornholm,Philippines,2025,1
Bornholm,Poland,2025,13
Bornholm,Portugal,2025,2
Bornholm,Romania,2025,12
Bornholm,Slovakia,2025,4
Bornholm,Spain,2025,3
Bornholm,Sweden,2025,14
Bornholm,Syria,2025,5
Bornholm,Thailand,2025,1
Bornholm,USA,2025,4
Bornholm,Uganda,2025,1
Bornholm,Ukraine,2025,22
Bornholm,Vietnam,2025,4
Brøndby,Albania,2025,2
Brøndby,Argentina,2025,4
Brøndby,Australia,2025,2
Brøndby,Austria,2025,5
Brøndby,Bangladesh,2025,10
Brøndby,Belgium,2025,1
Brøndby,Bulgaria,2025,16
Brøndby,Canada,2025,1
Brøndby,Chile,2025,1
Brøndby,China,2025,13
Brøndby,Colombia,2025,3
Brøndby,Croatia,2025,3
Brøndby,Denmark,2025,137
Brøndby,Egypt,2025,1
Brøndby,Finland,2025,2
Brøndby,France,2025,8
Brøndby,Georgia,2025,2
Brøndby,Germany,2025,12
Brøndby,Ghana,2025,1
Brøndby,Greece,2025,7
Brøndby,Hungary,2025,9
Brøndby,Iceland,2025,8
Brøndby,India,2025,22
Brøndby,Indonesia,2025,1
Brøndby,Iran,2025,36
Brøndby,Iraq,2025,4
Brøndby,Ireland,2025,15
Brøndby,Italy,2025,29
Brøndby,Japan,2025,3
Brøndby,Kosovo,2025,1
Brøndby,Lithuania,2025,9
Brøndby,Mexico,2025,2
Brøndby,Myanmar,2025,1
Brøndby,Nepal,2025,23
Brøndby,Netherlands,2025,12
Brøndby,Nigeria,2025,4
Brøndby,Norway,2025,12
Brøndby,Pakistan,2025,12
Brøndby,Peru,2025,1
Brøndby,Philippines,2025,1
Brøndby,Poland,2025,16
Brøndby,Portugal,2025,17
Brøndby,Romania,2025,41
Brøndby,Serbia,2025,1
Brøndby,South Africa,2025,2
Brøndby,South Korea,2025,1
Brøndby,Spain,2025,15
Brøndby,Sri Lanka,2025,12
Brøndby,Sweden,2025,8
Brøndby,Switzerland,2025,2
Brøndby,Syria,2025,2
Brøndby,Taiwan,2025,1
Brøndby,Thailand,2025,1
Brøndby,Turkey,2025,11
Brøndby,USA,2025,4
Brøndby,Ukraine,2025,9
Brøndby,United Kingdom,2025,4
Brøndby,Uzbekistan,2025,1
Brøndby,Zimbabwe,2025,1
Brønderslev,Argentina,2025,1
Brønderslev,Belgium,2025,6
Brønderslev,Brazil,2025,1
Brønderslev,Bulgaria,2025,8
Brønderslev,Canada,2025,2
Brønderslev,China,2025,2
Brønderslev,"Congo, Democratic Republic",2025,1
Brønderslev,Denmark,2025,70
Brønderslev,Germany,2025,3
Brønderslev,Hungary,2025,2
Brønderslev,Iceland,2025,1
Brønderslev,Indonesia,2025,1
Brønderslev,Italy,2025,4
Brønderslev,Japan,2025,1
Brønderslev,Latvia,2025,1
Brønderslev,Lithuania,2025,1
Brønderslev,Mexico,2025,2
Brønderslev,Netherlands,2025,1
Brønderslev,Norway,2025,2
Brønderslev,Philippines,2025,6
Brønderslev,Poland,2025,4
Brønderslev,Portugal,2025,2
Brønderslev,Romania,2025,9
Brønderslev,Syria,2025,17
Brønderslev,Tanzania,2025,3
Brønderslev,Uganda,2025,2
Brønderslev,Ukraine,2025,17
Brønderslev,United Kingdom,2025,1
Brønderslev,Vietnam,2025,2
Copenhagen,Afghanistan,2025,14
Copenhagen,Albania,2025,3
Copenhagen,Andorra,2025,1
Copenhagen,Angola,2025,1
Copenhagen,Antigua and Barbuda,2025,1
Copenhagen,Argentina,2025,159
Copenhagen,Armenia,2025,7
Copenhagen,Australia,2025,323
Copenhagen,Austria,2025,107
Copenhagen,Azerbaijan,2025,3
Copenhagen,Bangladesh,2025,197
Copenhagen,Belarus,2025,1
Copenhagen,Belgium,2025,116
Copenhagen,Benin,2025,1
Copenhagen,Bolivia,2025,1
Copenhagen,Bosnia and Herzegovina,2025,6
Copenhagen,Brazil,2025,121
Copenhagen,Bulgaria,2025,106
Copenhagen,Cambodia,2025,1
Copenhagen,Cameroon,2025,2
Copenhagen,Canada,2025,184
Copenhagen,Chile,2025,132
Copenhagen,China,2025,416
Copenhagen,Colombia,2025,41
Copenhagen,"Congo, Republic",2025,1
Copenhagen,Costa Rica,2025,1
Copenhagen,Croatia,2025,81
Copenhagen,Cuba,2025,2
Copenhagen,Cyprus,2025,13
Copenhagen,Czech Republic,2025,85
Copenhagen,Denmark,2025,3711
Copenhagen,Dominica,2025,2
Copenhagen,Dominican Republic,2025,2
Copenhagen,East Timor,2025,1
Copenhagen,Ecuador,2025,9
Copenhagen,Egypt,2025,23
Copenhagen,El Salvador,2025,1
Copenhagen,Eritrea,2025,1
Copenhagen,Estonia,2025,20
Copenhagen,Eswatini,2025,1
Copenhagen,Ethiopia,2025,5
Copenhagen,Finland,2025,161
Copenhagen,France,2025,547
Copenhagen,"Gambia, The",2025,1
Copenhagen,Georgia,2025,5
Copenhagen,Germany,2025,1021
Copenhagen,Ghana,2025,7
Copenhagen,Greece,2025,199
Copenhagen,Guatemala,2025,4
Copenhagen,Guinea,2025,1
Copenhagen,Honduras,2025,2
Copenhagen,Hungary,2025,107
Copenhagen,Iceland,2025,251
Copenhagen,India,2025,415
Copenhagen,Indonesia,2025,17
Copenhagen,Iran,2025,86
Copenhagen,Iraq,2025,10
Copenhagen,Ireland,2025,169
Copenhagen,Israel,2025,14
Copenhagen,Italy,2025,1028
Copenhagen,Ivory Coast,2025,4
Copenhagen,Jamaica,2025,3
Copenhagen,Japan,2025,200
Copenhagen,Jordan,2025,12
Copenhagen,Kazakhstan,2025,20
Copenhagen,Kenya,2025,8
Copenhagen,Kosovo,2025,3
Copenhagen,Kyrgyzstan,2025,2
Copenhagen,Laos,2025,1
Copenhagen,Latvia,2025,47
Copenhagen,Lebanon,2025,5
Copenhagen,Liechtenstein,2025,4
Copenhagen,Lithuania,2025,117
Copenhagen,Luxembourg,2025,13
Copenhagen,Madagascar,2025,1
Copenhagen,Malawi,2025,1
Copenhagen,Malaysia,2025,17
Copenhagen,Malta,2025,5
Copenhagen,Mexico,2025,75
Copenhagen,Moldova,2025,1
Copenhagen,Mongolia,2025,4
Copenhagen,Montenegro,2025,6
Copenhagen,Morocco,2025,9
Copenhagen,Mozambique,2025,2
Copenhagen,Myanmar,2025,4
Copenhagen,Namibia,2025,1
Copenhagen,Nepal,2025,134
Copenhagen,Netherlands,2025,315
Copenhagen,New Zealand,2025,43
Copenhagen,Nicaragua,2025,1
Copenhagen,Nigeria,2025,18
Copenhagen,Norway,2025,660
Copenhagen,Not stated,2025,3
Copenhagen,Oman,2025,2
Copenhagen,Pakistan,2025,57
Copenhagen,Panama,2025,3
Copenhagen,Paraguay,2025,3
Copenhagen,Peru,2025,6
Copenhagen,Philippines,2025,75
Copenhagen,Poland,2025,355
Copenhagen,Portugal,2025,214
Copenhagen,Republic of North Macedonia,2025,12
Copenhagen,Romania,2025,226
Copenhagen,Russia,2025,62
Copenhagen,Rwanda,2025,1
Copenhagen,Saudi Arabia,2025,2
Copenhagen,Serbia,2025,11
Copenhagen,Seychelles,2025,1
Copenhagen,Singapore,2025,69
Copenhagen,Slovakia,2025,84
Copenhagen,Slovenia,2025,21
Copenhagen,Somalia,2025,6
Copenhagen,South Africa,2025,31
Copenhagen,South Korea,2025,92
Copenhagen,South Sudan,2025,1
Copenhagen,Spain,2025,611
Copenhagen,Sri Lanka,2025,3
Copenhagen,Stateless,2025,8
Copenhagen,Sudan,2025,3
Copenhagen,Sweden,2025,649
Copenhagen,Switzerland,2025,135
Copenhagen,Syria,2025,24
Copenhagen,Taiwan,2025,26
Copenhagen,Tajikistan,2025,2
Copenhagen,Tanzania,2025,1
Copenhagen,Thailand,2025,47
Copenhagen,Trinidad and Tobago,2025,1
Copenhagen,Tunisia,2025,2
Copenhagen,Turkey,2025,95
Copenhagen,USA,2025,3025
Copenhagen,Uganda,2025,3
Copenhagen,Ukraine,2025,435
Copenhagen,United Kingdom,2025,412
Copenhagen,Uruguay,2025,1
Copenhagen,Uzbekistan,2025,2
Copenhagen,Venezuela,2025,7
Copenhagen,Vietnam,2025,25
Copenhagen,Yemen,2025,1
Copenhagen,Yugoslavia,2025,2
Copenhagen,Zimbabwe,2025,3
Dragør,Afghanistan,2025,4
Dragør,Argentina,2025,3
Dragør,Bolivia,2025,1
Dragør,China,2025,1
Dragør,Denmark,2025,32
Dragør,Germany,2025,1
Dragør,Greece,2025,1
Dragør,Ireland,2025,3
Dragør,Italy,2025,2
Dragør,Ivory Coast,2025,1
Dragør,Norway,2025,1
Dragør,Pakistan,2025,3
Dragør,Philippines,2025,6
Dragør,Singapore,2025,1
Dragør,Spain,2025,2
Dragør,Sweden,2025,3
Dragør,Thailand,2025,4
Dragør,USA,2025,3
Dragør,Ukraine,2025,10
Dragør,United Kingdom,2025,3
Egedal,Afghanistan,2025,4
Egedal,Austria,2025,2
Egedal,Azerbaijan,2025,1
Egedal,Bangladesh,2025,1
Egedal,Bulgaria,2025,7
Egedal,Canada,2025,1
Egedal,Chile,2025,1
Egedal,China,2025,1
Egedal,Denmark,2025,86
Egedal,Estonia,2025,1
Egedal,Germany,2025,1
Egedal,Greece,2025,1
Egedal,Hungary,2025,1
Egedal,Iceland,2025,1
Egedal,India,2025,15
Egedal,Ireland,2025,1
Egedal,Italy,2025,2
Egedal,Japan,2025,1
Egedal,Latvia,2025,1
Egedal,Lithuania,2025,17
Egedal,Moldova,2025,1
Egedal,Nepal,2025,4
Egedal,Pakistan,2025,3
Egedal,Philippines,2025,1
Egedal,Poland,2025,8
Egedal,Portugal,2025,1
Egedal,Romania,2025,10
Egedal,Slovakia,2025,1
Egedal,South Korea,2025,1
Egedal,Spain,2025,1
Egedal,Stateless,2025,2
Egedal,Sweden,2025,9
Egedal,Syria,2025,14
Egedal,Tanzania,2025,1
Egedal,Turkey,2025,1
Egedal,USA,2025,7
Egedal,Ukraine,2025,27
Esbjerg,Angola,2025,1
Esbjerg,Argentina,2025,2
Esbjerg,Australia,2025,2
Esbjerg,Austria,2025,1
Esbjerg,Bangladesh,2025,7
Esbjerg,Belgium,2025,4
Esbjerg,Bolivia,2025,6
Esbjerg,Bosnia and Herzegovina,2025,5
Esbjerg,Brazil,2025,8
Esbjerg,Bulgaria,2025,32
Esbjerg,Cambodia,2025,1
Esbjerg,Cameroon,2025,1
Esbjerg,Canada,2025,6
Esbjerg,Chile,2025,4
Esbjerg,China,2025,10
Esbjerg,Colombia,2025,2
Esbjerg,Croatia,2025,12
Esbjerg,Czech Republic,2025,11
Esbjerg,Denmark,2025,234
Esbjerg,Dominican Republic,2025,1
Esbjerg,Egypt,2025,1
Esbjerg,Estonia,2025,6
Esbjerg,Finland,2025,6
Esbjerg,France,2025,50
Esbjerg,"Gambia, The",2025,1
Esbjerg,Georgia,2025,1
Esbjerg,Germany,2025,37
Esbjerg,Ghana,2025,5
Esbjerg,Greece,2025,3
Esbjerg,Guatemala,2025,1
Esbjerg,Guyana,2025,1
Esbjerg,Hungary,2025,7
Esbjerg,Iceland,2025,10
Esbjerg,India,2025,10
Esbjerg,Indonesia,2025,1
Esbjerg,Iran,2025,7
Esbjerg,Iraq,2025,4
Esbjerg,Ireland,2025,2
Esbjerg,Italy,2025,19
Esbjerg,Japan,2025,8
Esbjerg,Kazakhstan,2025,13
Esbjerg,Latvia,2025,4
Esbjerg,Lebanon,2025,1
Esbjerg,Lithuania,2025,17
Esbjerg,Mexico,2025,3
Esbjerg,Moldova,2025,2
Esbjerg,Morocco,2025,2
Esbjerg,Myanmar,2025,1
Esbjerg,Netherlands,2025,13
Esbjerg,Nigeria,2025,5
Esbjerg,Norway,2025,23
Esbjerg,Not stated,2025,2
Esbjerg,Pakistan,2025,2
Esbjerg,Philippines,2025,7
Esbjerg,Poland,2025,47
Esbjerg,Portugal,2025,11
Esbjerg,Romania,2025,63
Esbjerg,Russia,2025,4
Esbjerg,Senegal,2025,1
Esbjerg,Serbia,2025,2
Esbjerg,Singapore,2025,3
Esbjerg,Slovakia,2025,6
Esbjerg,Slovenia,2025,2
Esbjerg,Somalia,2025,2
Esbjerg,South Africa,2025,2
Esbjerg,South Korea,2025,3
Esbjerg,Spain,2025,23
Esbjerg,Sri Lanka,2025,1
Esbjerg,Sweden,2025,14
Esbjerg,Switzerland,2025,2
Esbjerg,Syria,2025,33
Esbjerg,Tanzania,2025,5
Esbjerg,Thailand,2025,6
Esbjerg,Tunisia,2025,1
Esbjerg,Turkey,2025,6
Esbjerg,USA,2025,12
Esbjerg,Uganda,2025,2
Esbjerg,Ukraine,2025,79
Esbjerg,United Kingdom,2025,63
Esbjerg,Venezuela,2025,1
Esbjerg,Vietnam,2025,30
Esbjerg,Yemen,2025,9
Faaborg-Midtfyn,Austria,2025,1
Faaborg-Midtfyn,Bangladesh,2025,1
Faaborg-Midtfyn,Belgium,2025,1
Faaborg-Midtfyn,Brazil,2025,2
Faaborg-Midtfyn,Bulgaria,2025,8
Faaborg-Midtfyn,Canada,2025,2
Faaborg-Midtfyn,Chile,2025,1
Faaborg-Midtfyn,Denmark,2025,70
Faaborg-Midtfyn,France,2025,1
Faaborg-Midtfyn,Germany,2025,8
Faaborg-Midtfyn,Hungary,2025,1
Faaborg-Midtfyn,Italy,2025,2
Faaborg-Midtfyn,Japan,2025,1
Faaborg-Midtfyn,Latvia,2025,2
Faaborg-Midtfyn,Lithuania,2025,6
Faaborg-Midtfyn,Norway,2025,4
Faaborg-Midtfyn,Poland,2025,19
Faaborg-Midtfyn,Romania,2025,85
Faaborg-Midtfyn,Spain,2025,2
Faaborg-Midtfyn,Sweden,2025,4
Faaborg-Midtfyn,Syria,2025,8
Faaborg-Midtfyn,Tanzania,2025,1
Faaborg-Midtfyn,Thailand,2025,3
Faaborg-Midtfyn,USA,2025,4
Faaborg-Midtfyn,Uganda,2025,1
Faaborg-Midtfyn,Ukraine,2025,43
Faaborg-Midtfyn,United Kingdom,2025,1
Faaborg-Midtfyn,Vietnam,2025,13
Fanø,Austria,2025,1
Fanø,Colombia,2025,1
Fanø,Denmark,2025,15
Fanø,Finland,2025,1
Fanø,Germany,2025,4
Fanø,United Kingdom,2025,1
Favrskov,Afghanistan,2025,3
Favrskov,Argentina,2025,1
Favrskov,Bangladesh,2025,2
Favrskov,Brazil,2025,1
Favrskov,Bulgaria,2025,2
Favrskov,China,2025,1
Favrskov,Denmark,2025,63
Favrskov,Eritrea,2025,1
Favrskov,Germany,2025,5
Favrskov,Greece,2025,1
Favrskov,Iceland,2025,2
Favrskov,India,2025,1
Favrskov,Iran,2025,4
Favrskov,Ireland,2025,1
Favrskov,Kazakhstan,2025,1
Favrskov,Latvia,2025,5
Favrskov,Lithuania,2025,13
Favrskov,Mexico,2025,1
Favrskov,Netherlands,2025,2
Favrskov,New Zealand,2025,1
Favrskov,Norway,2025,2
Favrskov,Philippines,2025,1
Favrskov,Poland,2025,33
Favrskov,Portugal,2025,1
Favrskov,Romania,2025,49
Favrskov,Slovakia,2025,3
Favrskov,Spain,2025,1
Favrskov,Stateless,2025,1
Favrskov,Syria,2025,6
Favrskov,Tanzania,2025,3
Favrskov,Thailand,2025,2
Favrskov,USA,2025,1
Favrskov,Ukraine,2025,14
Favrskov,United Kingdom,2025,1
Favrskov,Uruguay,2025,1
Favrskov,Vietnam,2025,4
Faxe,Argentina,2025,1
Faxe,Australia,2025,1
Faxe,Bosnia and Herzegovina,2025,1
Faxe,Bulgaria,2025,12
Faxe,Czech Republic,2025,1
Faxe,Denmark,2025,47
Faxe,Germany,2025,3
Faxe,Hungary,2025,1
Faxe,Iceland,2025,1
Faxe,India,2025,2
Faxe,Ireland,2025,1
Faxe,Italy,2025,7
Faxe,Japan,2025,1
Faxe,Lithuania,2025,8
Faxe,Montenegro,2025,5
Faxe,Mozambique,2025,1
Faxe,Nepal,2025,2
Faxe,Netherlands,2025,1
Faxe,Norway,2025,6
Faxe,Pakistan,2025,1
Faxe,Philippines,2025,1
Faxe,Poland,2025,154
Faxe,Portugal,2025,1
Faxe,Romania,2025,24
Faxe,Russia,2025,3
Faxe,Serbia,2025,3
Faxe,Spain,2025,3
Faxe,Sweden,2025,4
Faxe,Syria,2025,6
Faxe,Thailand,2025,1
Faxe,Turkey,2025,3
Faxe,Ukraine,2025,15
Faxe,United Kingdom,2025,1
Fredensborg,Bangladesh,2025,1
Fredensborg,Brazil,2025,1
Fredensborg,Bulgaria,2025,24
Fredensborg,Canada,2025,4
Fredensborg,China,2025,3
Fredensborg,Croatia,2025,1
Fredensborg,Czech Republic,2025,1
Fredensborg,Denmark,2025,107
Fredensborg,Egypt,2025,1
Fredensborg,Finland,2025,2
Fredensborg,Germany,2025,5
Fredensborg,Greece,2025,1
Fredensborg,India,2025,7
Fredensborg,Iran,2025,10
Fredensborg,Ireland,2025,2
Fredensborg,Italy,2025,3
Fredensborg,Japan,2025,1
Fredensborg,Latvia,2025,2
Fredensborg,Lithuania,2025,6
Fredensborg,Madagascar,2025,1
Fredensborg,Nepal,2025,2
Fredensborg,Netherlands,2025,5
Fredensborg,Norway,2025,3
Fredensborg,Peru,2025,1
Fredensborg,Philippines,2025,8
Fredensborg,Poland,2025,20
Fredensborg,Portugal,2025,1
Fredensborg,Republic of North Macedonia,2025,2
Fredensborg,Romania,2025,13
Fredensborg,Russia,2025,1
Fredensborg,Slovenia,2025,1
Fredensborg,South Africa,2025,1
Fredensborg,South Korea,2025,2
Fredensborg,Spain,2025,3
Fredensborg,Sri Lanka,2025,4
Fredensborg,Sweden,2025,2
Fredensborg,Syria,2025,6
Fredensborg,Turkey,2025,8
Fredensborg,USA,2025,5
Fredensborg,Ukraine,2025,32
Fredensborg,United Kingdom,2025,11
Fredensborg,Uzbekistan,2025,1
Fredericia,Austria,2025,2
Fredericia,Belgium,2025,7
Fredericia,Bosnia and Herzegovina,2025,2
Fredericia,Bulgaria,2025,6
Fredericia,Croatia,2025,1
Fredericia,Cuba,2025,2
Fredericia,Czech Republic,2025,3
Fredericia,Denmark,2025,103
Fredericia,France,2025,2
Fredericia,Germany,2025,8
Fredericia,Hungary,2025,6
Fredericia,Iceland,2025,5
Fredericia,India,2025,1
Fredericia,Iran,2025,6
Fredericia,Italy,2025,4
Fredericia,Japan,2025,4
Fredericia,Latvia,2025,2
Fredericia,Lithuania,2025,6
Fredericia,Moldova,2025,3
Fredericia,Netherlands,2025,2
Fredericia,Norway,2025,5
Fredericia,Philippines,2025,2
Fredericia,Poland,2025,39
Fredericia,Portugal,2025,2
Fredericia,Romania,2025,60
Fredericia,Serbia,2025,3
Fredericia,South Korea,2025,1
Fredericia,Spain,2025,7
Fredericia,Sweden,2025,5
Fredericia,Syria,2025,8
Fredericia,Thailand,2025,2
Fredericia,Turkey,2025,3
Fredericia,USA,2025,2
Fredericia,Uganda,2025,1
Fredericia,Ukraine,2025,61
Fredericia,United Kingdom,2025,1
Frederiksberg,Algeria,2025,2
Frederiksberg,Argentina,2025,11
Frederiksberg,Armenia,2025,1
Frederiksberg,Australia,2025,104
Frederiksberg,Austria,2025,27
Frederiksberg,Bangladesh,2025,12
Frederiksberg,Belarus,2025,2
Frederiksberg,Belgium,2025,13
Frederiksberg,Brazil,2025,14
Frederiksberg,Bulgaria,2025,15
Frederiksberg,Burkina Faso,2025,2
Frederiksberg,Canada,2025,87
Frederiksberg,Chile,2025,13
Frederiksberg,China,2025,126
Frederiksberg,Colombia,2025,12
Frederiksberg,Costa Rica,2025,1
Frederiksberg,Croatia,2025,6
Frederiksberg,Cuba,2025,1
Frederiksberg,Cyprus,2025,2
Frederiksberg,Czech Republic,2025,15
Frederiksberg,Denmark,2025,544
Frederiksberg,Ecuador,2025,1
Frederiksberg,Egypt,2025,6
Frederiksberg,Estonia,2025,2
Frederiksberg,Ethiopia,2025,1
Frederiksberg,Finland,2025,31
Frederiksberg,France,2025,140
Frederiksberg,Georgia,2025,2
Frederiksberg,Germany,2025,227
Frederiksberg,Ghana,2025,3
Frederiksberg,Greece,2025,23
Frederiksberg,Hungary,2025,10
Frederiksberg,Iceland,2025,29
Frederiksberg,India,2025,76
Frederiksberg,Indonesia,2025,4
Frederiksberg,Iran,2025,10
Frederiksberg,Iraq,2025,2
Frederiksberg,Ireland,2025,29
Frederiksberg,Israel,2025,2
Frederiksberg,Italy,2025,154
Frederiksberg,Japan,2025,20
Frederiksberg,Jordan,2025,1
Frederiksberg,Kazakhstan,2025,1
Frederiksberg,Kenya,2025,4
Frederiksberg,Lebanon,2025,2
Frederiksberg,Liechtenstein,2025,1
Frederiksberg,Lithuania,2025,15
Frederiksberg,Luxembourg,2025,3
Frederiksberg,Malawi,2025,2
Frederiksberg,Malaysia,2025,4
Frederiksberg,Mali,2025,1
Frederiksberg,Malta,2025,1
Frederiksberg,Mexico,2025,32
Frederiksberg,Morocco,2025,1
Frederiksberg,Myanmar,2025,1
Frederiksberg,Nepal,2025,8
Frederiksberg,Netherlands,2025,69
Frederiksberg,New Zealand,2025,19
Frederiksberg,Norway,2025,153
Frederiksberg,Not stated,2025,2
Frederiksberg,Pakistan,2025,1
Frederiksberg,Panama,2025,1
Frederiksberg,Peru,2025,1
Frederiksberg,Philippines,2025,28
Frederiksberg,Poland,2025,42
Frederiksberg,Portugal,2025,28
Frederiksberg,Romania,2025,35
Frederiksberg,Russia,2025,10
Frederiksberg,Serbia,2025,2
Frederiksberg,Singapore,2025,43
Frederiksberg,Slovakia,2025,7
Frederiksberg,Slovenia,2025,11
Frederiksberg,South Africa,2025,1
Frederiksberg,South Korea,2025,10
Frederiksberg,Spain,2025,80
Frederiksberg,Stateless,2025,1
Frederiksberg,Sweden,2025,110
Frederiksberg,Switzerland,2025,28
Frederiksberg,Syria,2025,7
Frederiksberg,Taiwan,2025,15
Frederiksberg,Tanzania,2025,11
Frederiksberg,Thailand,2025,7
Frederiksberg,Tunisia,2025,1
Frederiksberg,Turkey,2025,11
Frederiksberg,USA,2025,398
Frederiksberg,Uganda,2025,11
Frederiksberg,Ukraine,2025,73
Frederiksberg,United Kingdom,2025,72
Frederiksberg,Uruguay,2025,1
Frederiksberg,Venezuela,2025,3
Frederiksberg,Vietnam,2025,8
Frederiksberg,Zimbabwe,2025,1
Frederikshavn,Afghanistan,2025,1
Frederikshavn,Argentina,2025,1
Frederikshavn,Australia,2025,4
Frederikshavn,Belarus,2025,1
Frederikshavn,Brazil,2025,1
Frederikshavn,Bulgaria,2025,3
Frederikshavn,Canada,2025,2
Frederikshavn,"Congo, Democratic Republic",2025,1
Frederikshavn,Czech Republic,2025,1
Frederikshavn,Denmark,2025,112
Frederikshavn,Eritrea,2025,5
Frederikshavn,Finland,2025,4
Frederikshavn,Germany,2025,12
Frederikshavn,Hungary,2025,3
Frederikshavn,Iceland,2025,11
Frederikshavn,Iran,2025,4
Frederikshavn,Italy,2025,3
Frederikshavn,Kenya,2025,1
Frederikshavn,Latvia,2025,1
Frederikshavn,Lithuania,2025,13
Frederikshavn,Mexico,2025,2
Frederikshavn,Netherlands,2025,2
Frederikshavn,Nigeria,2025,1
Frederikshavn,Norway,2025,14
Frederikshavn,Pakistan,2025,1
Frederikshavn,Philippines,2025,5
Frederikshavn,Poland,2025,61
Frederikshavn,Romania,2025,118
Frederikshavn,Slovakia,2025,2
Frederikshavn,Spain,2025,1
Frederikshavn,Sweden,2025,15
Frederikshavn,Syria,2025,7
Frederikshavn,Tanzania,2025,4
Frederikshavn,Turkey,2025,1
Frederikshavn,USA,2025,1
Frederikshavn,Uganda,2025,1
Frederikshavn,Ukraine,2025,66
Frederikshavn,United Kingdom,2025,4
Frederikssund,Argentina,2025,1
Frederikssund,Bangladesh,2025,1
Frederikssund,Brazil,2025,3
Frederikssund,Bulgaria,2025,7
Frederikssund,Canada,2025,1
Frederikssund,Chile,2025,1
Frederikssund,China,2025,1
Frederikssund,Croatia,2025,1
Frederikssund,Czech Republic,2025,1
Frederikssund,Denmark,2025,68
Frederikssund,Eritrea,2025,1
Frederikssund,Estonia,2025,1
Frederikssund,Finland,2025,2
Frederikssund,Germany,2025,4
Frederikssund,Hungary,2025,1
Frederikssund,Iceland,2025,1
Frederikssund,India,2025,5
Frederikssund,Ireland,2025,12
Frederikssund,Japan,2025,1
Frederikssund,Jordan,2025,1
Frederikssund,Latvia,2025,1
Frederikssund,Lithuania,2025,5
Frederikssund,Netherlands,2025,1
Frederikssund,Pakistan,2025,1
Frederikssund,Poland,2025,19
Frederikssund,Portugal,2025,2
Frederikssund,Romania,2025,29
Frederikssund,Russia,2025,4
Frederikssund,Spain,2025,2
Frederikssund,Stateless,2025,4
Frederikssund,Syria,2025,36
Frederikssund,Thailand,2025,2
Frederikssund,Turkey,2025,4
Frederikssund,USA,2025,1
Frederikssund,Ukraine,2025,29
Frederikssund,United Kingdom,2025,1
Furesø,Afghanistan,2025,1
Furesø,Armenia,2025,1
Furesø,Belgium,2025,1
Furesø,Bulgaria,2025,26
Furesø,Canada,2025,2
Furesø,Chile,2025,3
Furesø,China,2025,8
Furesø,Cuba,2025,1
Furesø,Czech Republic,2025,1
Furesø,Denmark,2025,90
Furesø,Egypt,2025,1
Furesø,Ethiopia,2025,2
Furesø,Finland,2025,2
Furesø,France,2025,1
Furesø,Germany,2025,5
Furesø,Greece,2025,3
Furesø,Hungary,2025,2
Furesø,India,2025,5
Furesø,Iran,2025,9
Furesø,Italy,2025,1
Furesø,Ivory Coast,2025,1
Furesø,Latvia,2025,1
Furesø,Lithuania,2025,2
Furesø,Mali,2025,1
Furesø,Mexico,2025,1
Furesø,Nepal,2025,1
Furesø,Netherlands,2025,4
Furesø,Nigeria,2025,3
Furesø,Norway,2025,4
Furesø,Pakistan,2025,4
Furesø,Philippines,2025,8
Furesø,Poland,2025,17
Furesø,Portugal,2025,2
Furesø,Romania,2025,17
Furesø,Russia,2025,4
Furesø,Somalia,2025,1
Furesø,South Africa,2025,1
Furesø,Spain,2025,3
Furesø,Sweden,2025,11
Furesø,Syria,2025,1
Furesø,Thailand,2025,1
Furesø,Turkey,2025,5
Furesø,USA,2025,4
Furesø,Ukraine,2025,37
Furesø,United Kingdom,2025,1
Furesø,Yugoslavia,2025,1
Gentofte,Argentina,2025,5
Gentofte,Armenia,2025,1
Gentofte,Australia,2025,20
Gentofte,Austria,2025,5
Gentofte,Bangladesh,2025,2
Gentofte,Belgium,2025,11
Gentofte,Brazil,2025,4
Gentofte,Bulgaria,2025,4
Gentofte,Cambodia,2025,1
Gentofte,Canada,2025,4
Gentofte,Chile,2025,2
Gentofte,China,2025,26
Gentofte,Colombia,2025,2
Gentofte,Costa Rica,2025,2
Gentofte,Croatia,2025,7
Gentofte,Cuba,2025,1
Gentofte,Czech Republic,2025,3
Gentofte,Denmark,2025,381
Gentofte,Egypt,2025,2
Gentofte,Estonia,2025,5
Gentofte,Ethiopia,2025,2
Gentofte,Finland,2025,17
Gentofte,France,2025,24
Gentofte,Germany,2025,40
Gentofte,Greece,2025,10
Gentofte,Hungary,2025,8
Gentofte,Iceland,2025,7
Gentofte,India,2025,39
Gentofte,Indonesia,2025,1
Gentofte,Iran,2025,6
Gentofte,Ireland,2025,3
Gentofte,Israel,2025,7
Gentofte,Italy,2025,42
Gentofte,Japan,2025,13
Gentofte,Kenya,2025,1
Gentofte,Latvia,2025,2
Gentofte,Lebanon,2025,2
Gentofte,Lithuania,2025,21
Gentofte,Mexico,2025,6
Gentofte,Morocco,2025,2
Gentofte,Nepal,2025,4
Gentofte,Netherlands,2025,12
Gentofte,New Zealand,2025,1
Gentofte,Norway,2025,10
Gentofte,Pakistan,2025,2
Gentofte,Peru,2025,1
Gentofte,Philippines,2025,150
Gentofte,Poland,2025,21
Gentofte,Portugal,2025,11
Gentofte,Romania,2025,15
Gentofte,Russia,2025,1
Gentofte,Serbia,2025,1
Gentofte,Singapore,2025,3
Gentofte,Slovenia,2025,1
Gentofte,South Africa,2025,4
Gentofte,South Korea,2025,13
Gentofte,Spain,2025,24
Gentofte,Sri Lanka,2025,3
Gentofte,Stateless,2025,2
Gentofte,Sweden,2025,41
Gentofte,Switzerland,2025,5
Gentofte,Syria,2025,3
Gentofte,Taiwan,2025,2
Gentofte,Thailand,2025,7
Gentofte,Turkey,2025,6
Gentofte,USA,2025,49
Gentofte,Ukraine,2025,39
Gentofte,United Kingdom,2025,44
Gentofte,Venezuela,2025,1
Gladsaxe,Afghanistan,2025,1
Gladsaxe,Albania,2025,2
Gladsaxe,Argentina,2025,3
Gladsaxe,Australia,2025,3
Gladsaxe,Austria,2025,6
Gladsaxe,Bangladesh,2025,12
Gladsaxe,Belgium,2025,2
Gladsaxe,Benin,2025,2
Gladsaxe,Bosnia and Herzegovina,2025,4
Gladsaxe,Brazil,2025,9
Gladsaxe,Bulgaria,2025,21
Gladsaxe,Cameroon,2025,3
Gladsaxe,Canada,2025,1
Gladsaxe,Chile,2025,6
Gladsaxe,China,2025,27
Gladsaxe,Croatia,2025,3
Gladsaxe,Cuba,2025,2
Gladsaxe,Czech Republic,2025,6
Gladsaxe,Denmark,2025,209
Gladsaxe,Ecuador,2025,3
Gladsaxe,Egypt,2025,1
Gladsaxe,Finland,2025,2
Gladsaxe,France,2025,16
Gladsaxe,Germany,2025,26
Gladsaxe,Greece,2025,5
Gladsaxe,Hungary,2025,9
Gladsaxe,Iceland,2025,11
Gladsaxe,India,2025,85
Gladsaxe,Indonesia,2025,3
Gladsaxe,Iran,2025,24
Gladsaxe,Iraq,2025,1
Gladsaxe,Ireland,2025,12
Gladsaxe,Italy,2025,24
Gladsaxe,Ivory Coast,2025,2
Gladsaxe,Japan,2025,5
Gladsaxe,Kazakhstan,2025,1
Gladsaxe,Latvia,2025,5
Gladsaxe,Lithuania,2025,13
Gladsaxe,Montenegro,2025,3
Gladsaxe,Morocco,2025,2
Gladsaxe,Nepal,2025,10
Gladsaxe,Netherlands,2025,6
Gladsaxe,Nigeria,2025,5
Gladsaxe,Norway,2025,8
Gladsaxe,Pakistan,2025,10
Gladsaxe,Panama,2025,4
Gladsaxe,Philippines,2025,6
Gladsaxe,Poland,2025,41
Gladsaxe,Portugal,2025,6
Gladsaxe,Republic of North Macedonia,2025,2
Gladsaxe,Romania,2025,42
Gladsaxe,Russia,2025,3
Gladsaxe,Serbia,2025,2
Gladsaxe,Slovakia,2025,4
Gladsaxe,Slovenia,2025,1
Gladsaxe,South Africa,2025,1
Gladsaxe,Spain,2025,14
Gladsaxe,Sweden,2025,20
Gladsaxe,Switzerland,2025,2
Gladsaxe,Syria,2025,13
Gladsaxe,Taiwan,2025,1
Gladsaxe,Thailand,2025,1
Gladsaxe,Turkey,2025,1
Gladsaxe,USA,2025,14
Gladsaxe,Ukraine,2025,46
Gladsaxe,United Kingdom,2025,17
Gladsaxe,Yemen,2025,1
Glostrup,Argentina,2025,1
Glostrup,Australia,2025,1
Glostrup,Azerbaijan,2025,4
Glostrup,Bangladesh,2025,14
Glostrup,Brazil,2025,1
Glostrup,Bulgaria,2025,14
Glostrup,Cambodia,2025,1
Glostrup,Chile,2025,1
Glostrup,China,2025,2
Glostrup,Croatia,2025,3
Glostrup,Czech Republic,2025,2
Glostrup,Denmark,2025,75
Glostrup,Egypt,2025,3
Glostrup,Estonia,2025,2
Glostrup,Finland,2025,1
Glostrup,France,2025,2
Glostrup,Germany,2025,3
Glostrup,Greece,2025,1
Glostrup,Iceland,2025,1
Glostrup,India,2025,51
Glostrup,Indonesia,2025,1
Glostrup,Iran,2025,14
Glostrup,Ireland,2025,1
Glostrup,Italy,2025,20
Glostrup,Lithuania,2025,2
Glostrup,Malaysia,2025,2
Glostrup,Nepal,2025,25
Glostrup,Netherlands,2025,6
Glostrup,Nigeria,2025,1
Glostrup,Not stated,2025,1
Glostrup,Pakistan,2025,12
Glostrup,Philippines,2025,3
Glostrup,Poland,2025,13
Glostrup,Portugal,2025,9
Glostrup,Romania,2025,37
Glostrup,Serbia,2025,1
Glostrup,Slovakia,2025,3
Glostrup,Spain,2025,6
Glostrup,Sri Lanka,2025,4
Glostrup,Sweden,2025,11
Glostrup,Syria,2025,4
Glostrup,Thailand,2025,2
Glostrup,Turkey,2025,3
Glostrup,USA,2025,9
Glostrup,Ukraine,2025,15
Glostrup,United Kingdom,2025,4
Glostrup,Zambia,2025,1
Greve,Afghanistan,2025,1
Greve,Albania,2025,10
Greve,Austria,2025,1
Greve,Bangladesh,2025,8
Greve,Belgium,2025,1
Greve,Brazil,2025,1
Greve,Bulgaria,2025,14
Greve,Cameroon,2025,5
Greve,China,2025,6
Greve,Croatia,2025,4
Greve,Denmark,2025,106
Greve,Eritrea,2025,1
Greve,Estonia,2025,2
Greve,Finland,2025,1
Greve,France,2025,5
Greve,Germany,2025,13
Greve,Greece,2025,1
Greve,Hungary,2025,19
Greve,India,2025,15
Greve,Indonesia,2025,1
Greve,Iran,2025,3
Greve,Ireland,2025,2
Greve,Italy,2025,17
Greve,Japan,2025,3
Greve,Kazakhstan,2025,1
Greve,Lithuania,2025,18
Greve,Nepal,2025,3
Greve,Netherlands,2025,5
Greve,Nigeria,2025,1
Greve,Norway,2025,3
Greve,Pakistan,2025,6
Greve,Philippines,2025,2
Greve,Poland,2025,45
Greve,Portugal,2025,10
Greve,Romania,2025,34
Greve,Slovakia,2025,1
Greve,Spain,2025,8
Greve,Sri Lanka,2025,1
Greve,Sweden,2025,5
Greve,Switzerland,2025,2
Greve,Syria,2025,6
Greve,Thailand,2025,2
Greve,Turkey,2025,7
Greve,USA,2025,18
Greve,Uganda,2025,1
Greve,Ukraine,2025,21
Greve,United Kingdom,2025,2
Greve,Vietnam,2025,2
Gribskov,Australia,2025,2
Gribskov,Belarus,2025,1
Gribskov,Brazil,2025,1
Gribskov,Bulgaria,2025,15
Gribskov,Chile,2025,1
Gribskov,China,2025,3
Gribskov,Croatia,2025,1
Gribskov,Czech Republic,2025,1
Gribskov,Denmark,2025,104
Gribskov,Hungary,2025,5
Gribskov,Iceland,2025,4
Gribskov,Iran,2025,1
Gribskov,Ireland,2025,1
Gribskov,Italy,2025,1
Gribskov,Japan,2025,1
Gribskov,Latvia,2025,3
Gribskov,Lithuania,2025,6
Gribskov,Moldova,2025,1
Gribskov,Nepal,2025,4
Gribskov,Netherlands,2025,1
Gribskov,Norway,2025,5
Gribskov,Philippines,2025,2
Gribskov,Poland,2025,35
Gribskov,Portugal,2025,1
Gribskov,Romania,2025,45
Gribskov,South Africa,2025,4
Gribskov,Sweden,2025,6
Gribskov,Syria,2025,5
Gribskov,Thailand,2025,5
Gribskov,USA,2025,4
Gribskov,Ukraine,2025,21
Gribskov,United Kingdom,2025,1
Gribskov,Vietnam,2025,1
Guldborgsund,Afghanistan,2025,5
Guldborgsund,Argentina,2025,1
Guldborgsund,Australia,2025,2
Guldborgsund,Austria,2025,1
Guldborgsund,Brazil,2025,1
Guldborgsund,Bulgaria,2025,20
Guldborgsund,Chile,2025,1
Guldborgsund,China,2025,5
Guldborgsund,"Congo, Democratic Republic",2025,6
Guldborgsund,Croatia,2025,1
Guldborgsund,Denmark,2025,81
Guldborgsund,Eritrea,2025,5
Guldborgsund,Finland,2025,1
Guldborgsund,France,2025,3
Guldborgsund,Germany,2025,4
Guldborgsund,Hungary,2025,1
Guldborgsund,Italy,2025,11
Guldborgsund,Kenya,2025,1
Guldborgsund,Kosovo,2025,1
Guldborgsund,Kyrgyzstan,2025,1
Guldborgsund,Latvia,2025,4
Guldborgsund,Lithuania,2025,4
Guldborgsund,Morocco,2025,1
Guldborgsund,Namibia,2025,1
Guldborgsund,Nepal,2025,1
Guldborgsund,Netherlands,2025,1
Guldborgsund,Norway,2025,8
Guldborgsund,Philippines,2025,2
Guldborgsund,Poland,2025,10
Guldborgsund,Portugal,2025,9
Guldborgsund,Romania,2025,52
Guldborgsund,Serbia,2025,1
Guldborgsund,Slovakia,2025,1
Guldborgsund,Somalia,2025,1
Guldborgsund,Spain,2025,4
Guldborgsund,Stateless,2025,1
Guldborgsund,Sweden,2025,10
Guldborgsund,Switzerland,2025,2
Guldborgsund,Syria,2025,4
Guldborgsund,Thailand,2025,2
Guldborgsund,Tunisia,2025,1
Guldborgsund,Turkey,2025,3
Guldborgsund,USA,2025,5
Guldborgsund,Uganda,2025,4
Guldborgsund,Ukraine,2025,66
Guldborgsund,United Kingdom,2025,3
Guldborgsund,Vietnam,2025,5
Haderslev,Austria,2025,2
Haderslev,Belgium,2025,3
Haderslev,Bosnia and Herzegovina,2025,3
Haderslev,Brazil,2025,7
Haderslev,Canada,2025,10
Haderslev,China,2025,2
Haderslev,Croatia,2025,1
Haderslev,Czech Republic,2025,10
Haderslev,Denmark,2025,130
Haderslev,Finland,2025,2
Haderslev,France,2025,2
Haderslev,"Gambia, The",2025,1
Haderslev,Germany,2025,81
Haderslev,Greece,2025,1
Haderslev,Hungary,2025,9
Haderslev,Iceland,2025,1
Haderslev,India,2025,1
Haderslev,Iran,2025,1
Haderslev,Ireland,2025,3
Haderslev,Italy,2025,12
Haderslev,Japan,2025,11
Haderslev,Latvia,2025,11
Haderslev,Lithuania,2025,7
Haderslev,Montenegro,2025,1
Haderslev,Netherlands,2025,6
Haderslev,Norway,2025,2
Haderslev,Philippines,2025,1
Haderslev,Poland,2025,37
Haderslev,Portugal,2025,1
Haderslev,Romania,2025,124
Haderslev,Russia,2025,2
Haderslev,Serbia,2025,4
Haderslev,Spain,2025,12
Haderslev,Stateless,2025,1
Haderslev,Sweden,2025,15
Haderslev,Switzerland,2025,4
Haderslev,Syria,2025,4
Haderslev,Tanzania,2025,1
Haderslev,Thailand,2025,2
Haderslev,Turkey,2025,2
Haderslev,USA,2025,1
Haderslev,Uganda,2025,4
Haderslev,Ukraine,2025,19
Haderslev,United Kingdom,2025,3
Haderslev,Uzbekistan,2025,1
Haderslev,Vietnam,2025,13
Halsnæs,Bangladesh,2025,1
Halsnæs,Bulgaria,2025,2
Halsnæs,China,2025,1
Halsnæs,Croatia,2025,1
Halsnæs,Denmark,2025,43
Halsnæs,Greece,2025,2
Halsnæs,Hungary,2025,1
Halsnæs,Italy,2025,1
Halsnæs,Japan,2025,1
Halsnæs,Lithuania,2025,5
Halsnæs,Norway,2025,5
Halsnæs,Pakistan,2025,1
Halsnæs,Peru,2025,1
Halsnæs,Poland,2025,15
Halsnæs,Republic of North Macedonia,2025,4
Halsnæs,Romania,2025,33
Halsnæs,Spain,2025,1
Halsnæs,Stateless,2025,1
Halsnæs,Sweden,2025,1
Halsnæs,Syria,2025,5
Halsnæs,Turkey,2025,2
Halsnæs,Ukraine,2025,14
Halsnæs,United Kingdom,2025,3
Hedensted,Brazil,2025,2
Hedensted,Bulgaria,2025,3
Hedensted,Croatia,2025,3
Hedensted,Cuba,2025,1
Hedensted,Czech Republic,2025,1
Hedensted,Denmark,2025,105
Hedensted,France,2025,6
Hedensted,Germany,2025,17
Hedensted,Hungary,2025,2
Hedensted,Iceland,2025,11
Hedensted,Ireland,2025,1
Hedensted,Italy,2025,2
Hedensted,Japan,2025,3
Hedensted,Latvia,2025,14
Hedensted,Lithuania,2025,20
Hedensted,Moldova,2025,1
Hedensted,Peru,2025,1
Hedensted,Philippines,2025,1
Hedensted,Poland,2025,57
Hedensted,Romania,2025,42
Hedensted,South Korea,2025,1
Hedensted,Spain,2025,2
Hedensted,Sweden,2025,1
Hedensted,Syria,2025,1
Hedensted,Tanzania,2025,1
Hedensted,Thailand,2025,1
Hedensted,USA,2025,3
Hedensted,Ukraine,2025,28
Helsingør,Albania,2025,1
Helsingør,Argentina,2025,1
Helsingør,Australia,2025,5
Helsingør,Austria,2025,2
Helsingør,Belarus,2025,1
Helsingør,Belgium,2025,18
Helsingør,Brazil,2025,3
Helsingør,Bulgaria,2025,5
Helsingør,Cameroon,2025,1
Helsingør,Canada,2025,2
Helsingør,China,2025,3
Helsingør,Croatia,2025,2
Helsingør,Czech Republic,2025,2
Helsingør,Denmark,2025,221
Helsingør,El Salvador,2025,2
Helsingør,Eritrea,2025,1
Helsingør,Finland,2025,2
Helsingør,France,2025,10
Helsingør,Germany,2025,31
Helsingør,Ghana,2025,7
Helsingør,Greece,2025,2
Helsingør,Guatemala,2025,1
Helsingør,Hungary,2025,1
Helsingør,Iceland,2025,5
Helsingør,India,2025,2
Helsingør,Iraq,2025,1
Helsingør,Ireland,2025,6
Helsingør,Italy,2025,19
Helsingør,Ivory Coast,2025,1
Helsingør,Japan,2025,30
Helsingør,Kenya,2025,1
Helsingør,Latvia,2025,1
Helsingør,Lithuania,2025,14
Helsingør,Luxembourg,2025,1
Helsingør,Mexico,2025,3
Helsingør,Morocco,2025,1
Helsingør,Mozambique,2025,1
Helsingør,Nepal,2025,3
Helsingør,Netherlands,2025,6
Helsingør,Nigeria,2025,2
Helsingør,Norway,2025,4
Helsingør,Philippines,2025,5
Helsingør,Poland,2025,10
Helsingør,Portugal,2025,3
Helsingør,Romania,2025,20
Helsingør,Russia,2025,1
Helsingør,Sierra Leone,2025,1
Helsingør,South Africa,2025,1
Helsingør,South Korea,2025,8
Helsingør,Spain,2025,9
Helsingør,Sri Lanka,2025,1
Helsingør,Stateless,2025,3
Helsingør,Sweden,2025,18
Helsingør,Switzerland,2025,5
Helsingør,Syria,2025,2
Helsingør,Turkey,2025,11
Helsingør,USA,2025,20
Helsingør,Ukraine,2025,46
Helsingør,United Kingdom,2025,4
Helsingør,Vietnam,2025,8
Helsingør,Yugoslavia,2025,2
Helsingør,"Yugoslavia, Federal Republic",2025,1
Helsingør,Zimbabwe,2025,1
Herlev,Argentina,2025,3
Herlev,Australia,2025,1
Herlev,Azerbaijan,2025,4
Herlev,Bangladesh,2025,2
Herlev,Brazil,2025,3
Herlev,Bulgaria,2025,3
Herlev,Canada,2025,3
Herlev,Chile,2025,1
Herlev,China,2025,3
Herlev,Croatia,2025,5
Herlev,Czech Republic,2025,2
Herlev,Denmark,2025,61
Herlev,Egypt,2025,1
Herlev,Gabon,2025,1
Herlev,Germany,2025,6
Herlev,Ghana,2025,3
Herlev,Greece,2025,2
Herlev,Hungary,2025,1
Herlev,Iceland,2025,1
Herlev,India,2025,43
Herlev,Indonesia,2025,1
Herlev,Iran,2025,12
Herlev,Ireland,2025,1
Herlev,Italy,2025,7
Herlev,Japan,2025,1
Herlev,Lebanon,2025,1
Herlev,Malaysia,2025,1
Herlev,Montenegro,2025,3
Herlev,Nepal,2025,13
Herlev,Netherlands,2025,3
Herlev,New Zealand,2025,1
Herlev,Norway,2025,4
Herlev,Philippines,2025,2
Herlev,Poland,2025,8
Herlev,Portugal,2025,1
Herlev,Republic of North Macedonia,2025,1
Herlev,Romania,2025,3
Herlev,Slovenia,2025,1
Herlev,South Africa,2025,1
Herlev,Spain,2025,3
Herlev,Sweden,2025,9
Herlev,Syria,2025,3
Herlev,Thailand,2025,1
Herlev,Turkey,2025,3
Herlev,USA,2025,5
Herlev,Ukraine,2025,23
Herlev,United Kingdom,2025,1
Herlev,Venezuela,2025,4
Herlev,Vietnam,2025,1
Herning,Austria,2025,3
Herning,Bangladesh,2025,4
Herning,Bulgaria,2025,25
Herning,Canada,2025,6
Herning,China,2025,2
Herning,Colombia,2025,1
Herning,Croatia,2025,6
Herning,Czech Republic,2025,11
Herning,Denmark,2025,148
Herning,Ethiopia,2025,1
Herning,Finland,2025,4
Herning,France,2025,2
Herning,Georgia,2025,1
Herning,Germany,2025,6
Herning,Greece,2025,1
Herning,Hungary,2025,14
Herning,Iceland,2025,6
Herning,India,2025,4
Herning,Iran,2025,6
Herning,Italy,2025,10
Herning,Japan,2025,4
Herning,Kenya,2025,1
Herning,Kyrgyzstan,2025,1
Herning,Latvia,2025,21
Herning,Lithuania,2025,16
Herning,Moldova,2025,5
Herning,Netherlands,2025,2
Herning,Norway,2025,4
Herning,Pakistan,2025,1
Herning,Paraguay,2025,1
Herning,Peru,2025,1
Herning,Philippines,2025,4
Herning,Poland,2025,62
Herning,Portugal,2025,1
Herning,Romania,2025,60
Herning,Russia,2025,10
Herning,Rwanda,2025,1
Herning,Slovakia,2025,12
Herning,Somalia,2025,1
Herning,Spain,2025,10
Herning,Sri Lanka,2025,8
Herning,Sweden,2025,8
Herning,Syria,2025,3
Herning,Tanzania,2025,1
Herning,Thailand,2025,3
Herning,Turkey,2025,4
Herning,USA,2025,5
Herning,Uganda,2025,1
Herning,Ukraine,2025,52
Herning,United Kingdom,2025,7
Herning,Venezuela,2025,1
Herning,Vietnam,2025,2
Hillerød,Algeria,2025,1
Hillerød,Argentina,2025,1
Hillerød,Austria,2025,1
Hillerød,Bangladesh,2025,1
Hillerød,Brazil,2025,2
Hillerød,Bulgaria,2025,7
Hillerød,Canada,2025,1
Hillerød,Chile,2025,2
Hillerød,China,2025,16
Hillerød,Colombia,2025,2
Hillerød,Croatia,2025,6
Hillerød,Cuba,2025,1
Hillerød,Czech Republic,2025,1
Hillerød,Denmark,2025,126
Hillerød,Estonia,2025,6
Hillerød,Finland,2025,1
Hillerød,France,2025,2
Hillerød,Germany,2025,4
Hillerød,Ghana,2025,4
Hillerød,Greece,2025,2
Hillerød,Hungary,2025,5
Hillerød,Iceland,2025,1
Hillerød,India,2025,7
Hillerød,Iran,2025,10
Hillerød,Iraq,2025,1
Hillerød,Ireland,2025,67
Hillerød,Italy,2025,13
Hillerød,Japan,2025,1
Hillerød,Kazakhstan,2025,1
Hillerød,Latvia,2025,4
Hillerød,Lithuania,2025,29
Hillerød,Mexico,2025,1
Hillerød,Mozambique,2025,1
Hillerød,Nepal,2025,1
Hillerød,Netherlands,2025,3
Hillerød,New Zealand,2025,2
Hillerød,Norway,2025,6
Hillerød,Philippines,2025,4
Hillerød,Poland,2025,51
Hillerød,Portugal,2025,8
Hillerød,Romania,2025,84
Hillerød,Serbia,2025,5
Hillerød,Slovakia,2025,3
Hillerød,Spain,2025,7
Hillerød,Sri Lanka,2025,1
Hillerød,Stateless,2025,2
Hillerød,Sweden,2025,11
Hillerød,Syria,2025,3
Hillerød,Thailand,2025,1
Hillerød,USA,2025,10
Hillerød,Ukraine,2025,27
Hillerød,United Kingdom,2025,28
Hillerød,Venezuela,2025,1
Hjørring,Algeria,2025,1
Hjørring,Belgium,2025,11
Hjørring,Brazil,2025,1
Hjørring,Bulgaria,2025,5
Hjørring,China,2025,2
Hjørring,Czech Republic,2025,2
Hjørring,Denmark,2025,143
Hjørring,France,2025,6
Hjørring,Germany,2025,8
Hjørring,Ghana,2025,3
Hjørring,Greece,2025,1
Hjørring,Iceland,2025,1
Hjørring,Italy,2025,1
Hjørring,Japan,2025,37
Hjørring,Jordan,2025,1
Hjørring,Kenya,2025,2
Hjørring,Latvia,2025,3
Hjørring,Lithuania,2025,1
Hjørring,Netherlands,2025,3
Hjørring,Nigeria,2025,1
Hjørring,Norway,2025,15
Hjørring,Philippines,2025,4
Hjørring,Poland,2025,24
Hjørring,Romania,2025,41
Hjørring,Somalia,2025,1
Hjørring,South Africa,2025,1
Hjørring,Spain,2025,2
Hjørring,Sweden,2025,6
Hjørring,Tanzania,2025,8
Hjørring,Thailand,2025,2
Hjørring,Tunisia,2025,1
Hjørring,Turkey,2025,2
Hjørring,USA,2025,4
Hjørring,Uganda,2025,4
Hjørring,Ukraine,2025,34
Hjørring,United Kingdom,2025,1
Hjørring,Uzbekistan,2025,1
Hjørring,Vietnam,2025,1
Hjørring,Zambia,2025,1
Holbæk,Argentina,2025,1
Holbæk,Bangladesh,2025,1
Holbæk,Belgium,2025,1
Holbæk,Brazil,2025,2
Holbæk,Bulgaria,2025,17
Holbæk,Canada,2025,2
Holbæk,China,2025,6
Holbæk,Croatia,2025,9
Holbæk,Czech Republic,2025,8
Holbæk,Denmark,2025,137
Holbæk,Finland,2025,2
Holbæk,France,2025,5
Holbæk,Germany,2025,4
Holbæk,Ghana,2025,2
Holbæk,Iceland,2025,9
Holbæk,India,2025,5
Holbæk,Iraq,2025,1
Holbæk,Israel,2025,1
Holbæk,Italy,2025,4
Holbæk,Japan,2025,4
Holbæk,Latvia,2025,9
Holbæk,Lithuania,2025,9
Holbæk,Luxembourg,2025,1
Holbæk,Mexico,2025,1
Holbæk,Netherlands,2025,2
Holbæk,Nigeria,2025,1
Holbæk,North Korea,2025,1
Holbæk,Norway,2025,3
Holbæk,Pakistan,2025,5
Holbæk,Philippines,2025,2
Holbæk,Poland,2025,35
Holbæk,Portugal,2025,6
Holbæk,Romania,2025,42
Holbæk,Russia,2025,1
Holbæk,Serbia,2025,2
Holbæk,Slovakia,2025,5
Holbæk,Slovenia,2025,1
Holbæk,Somalia,2025,1
Holbæk,Spain,2025,5
Holbæk,Sri Lanka,2025,1
Holbæk,Sweden,2025,7
Holbæk,Switzerland,2025,1
Holbæk,Syria,2025,5
Holbæk,Tanzania,2025,1
Holbæk,Thailand,2025,3
Holbæk,Tunisia,2025,1
Holbæk,Turkey,2025,4
Holbæk,USA,2025,4
Holbæk,Uganda,2025,2
Holbæk,Ukraine,2025,43
Holbæk,United Kingdom,2025,3
Holbæk,Uruguay,2025,1
Holbæk,Vietnam,2025,4
Holstebro,Belgium,2025,2
Holstebro,Bulgaria,2025,12
Holstebro,Canada,2025,1
Holstebro,China,2025,4
Holstebro,Costa Rica,2025,1
Holstebro,Czech Republic,2025,1
Holstebro,Denmark,2025,101
Holstebro,Eritrea,2025,3
Holstebro,Finland,2025,2
Holstebro,France,2025,3
Holstebro,Germany,2025,10
Holstebro,Ghana,2025,1
Holstebro,Hungary,2025,4
Holstebro,Iceland,2025,2
Holstebro,India,2025,2
Holstebro,Iraq,2025,4
Holstebro,Israel,2025,1
Holstebro,Italy,2025,3
Holstebro,Kyrgyzstan,2025,1
Holstebro,Latvia,2025,1
Holstebro,Lithuania,2025,3
Holstebro,Nepal,2025,5
Holstebro,New Zealand,2025,1
Holstebro,Norway,2025,7
Holstebro,Poland,2025,8
Holstebro,Portugal,2025,1
Holstebro,Romania,2025,33
Holstebro,Slovakia,2025,2
Holstebro,South Korea,2025,1
Holstebro,Spain,2025,2
Holstebro,Sweden,2025,3
Holstebro,Syria,2025,5
Holstebro,Thailand,2025,7
Holstebro,Uganda,2025,3
Holstebro,Ukraine,2025,40
Holstebro,United Kingdom,2025,4
Holstebro,Uzbekistan,2025,1
Holstebro,Vietnam,2025,1
Horsens,Afghanistan,2025,1
Horsens,Albania,2025,1
Horsens,Argentina,2025,1
Horsens,Australia,2025,1
Horsens,Austria,2025,2
Horsens,Bahamas,2025,1
Horsens,Brazil,2025,3
Horsens,Bulgaria,2025,17
Horsens,Canada,2025,5
Horsens,Chile,2025,1
Horsens,China,2025,16
Horsens,Colombia,2025,1
Horsens,Croatia,2025,21
Horsens,Cyprus,2025,1
Horsens,Czech Republic,2025,11
Horsens,Denmark,2025,168
Horsens,Eritrea,2025,2
Horsens,Estonia,2025,2
Horsens,France,2025,14
Horsens,"Gambia, The",2025,8
Horsens,Germany,2025,16
Horsens,Greece,2025,1
Horsens,Hungary,2025,10
Horsens,Iceland,2025,7
Horsens,India,2025,13
Horsens,Iran,2025,5
Horsens,Italy,2025,14
Horsens,Ivory Coast,2025,1
Horsens,Kenya,2025,3
Horsens,Latvia,2025,14
Horsens,Liberia,2025,2
Horsens,Lithuania,2025,53
Horsens,Malaysia,2025,1
Horsens,Malta,2025,7
Horsens,Mexico,2025,1
Horsens,Nepal,2025,3
Horsens,Netherlands,2025,5
Horsens,New Zealand,2025,2
Horsens,Nicaragua,2025,1
Horsens,Norway,2025,6
Horsens,Philippines,2025,1
Horsens,Poland,2025,130
Horsens,Portugal,2025,3
Horsens,Romania,2025,156
Horsens,Serbia,2025,1
Horsens,Slovakia,2025,18
Horsens,Slovenia,2025,1
Horsens,South Korea,2025,1
Horsens,Spain,2025,16
Horsens,Stateless,2025,1
Horsens,Sweden,2025,12
Horsens,Switzerland,2025,1
Horsens,Syria,2025,12
Horsens,Thailand,2025,1
Horsens,Togo,2025,1
Horsens,Turkey,2025,1
Horsens,USA,2025,8
Horsens,Uganda,2025,5
Horsens,Ukraine,2025,50
Horsens,United Kingdom,2025,5
Horsens,Vietnam,2025,4
Hvidovre,Argentina,2025,3
Hvidovre,Armenia,2025,1
Hvidovre,Austria,2025,1
Hvidovre,Bangladesh,2025,9
Hvidovre,Belgium,2025,1
Hvidovre,Bosnia and Herzegovina,2025,1
Hvidovre,Bulgaria,2025,18
Hvidovre,Canada,2025,1
Hvidovre,Chile,2025,2
Hvidovre,China,2025,36
Hvidovre,Czech Republic,2025,3
Hvidovre,Denmark,2025,141
Hvidovre,France,2025,6
Hvidovre,Georgia,2025,1
Hvidovre,Germany,2025,23
Hvidovre,Ghana,2025,1
Hvidovre,Greece,2025,3
Hvidovre,Hungary,2025,7
Hvidovre,Iceland,2025,1
Hvidovre,India,2025,13
Hvidovre,Indonesia,2025,1
Hvidovre,Iran,2025,21
Hvidovre,Iraq,2025,1
Hvidovre,Ireland,2025,1
Hvidovre,Italy,2025,20
Hvidovre,Japan,2025,2
Hvidovre,Jordan,2025,1
Hvidovre,Lebanon,2025,1
Hvidovre,Lithuania,2025,12
Hvidovre,Morocco,2025,1
Hvidovre,Nepal,2025,12
Hvidovre,Netherlands,2025,2
Hvidovre,Nigeria,2025,2
Hvidovre,Norway,2025,6
Hvidovre,Pakistan,2025,11
Hvidovre,Peru,2025,2
Hvidovre,Philippines,2025,3
Hvidovre,Poland,2025,18
Hvidovre,Portugal,2025,12
Hvidovre,Republic of North Macedonia,2025,1
Hvidovre,Romania,2025,33
Hvidovre,Senegal,2025,1
Hvidovre,Slovakia,2025,1
Hvidovre,Slovenia,2025,1
Hvidovre,Spain,2025,5
Hvidovre,Sri Lanka,2025,1
Hvidovre,Sweden,2025,14
Hvidovre,Switzerland,2025,3
Hvidovre,Syria,2025,6
Hvidovre,Thailand,2025,2
Hvidovre,Tunisia,2025,1
Hvidovre,Turkey,2025,8
Hvidovre,USA,2025,10
Hvidovre,Ukraine,2025,52
Hvidovre,United Kingdom,2025,4
Hvidovre,Uzbekistan,2025,1
Hvidovre,Vietnam,2025,1
Høje-Taastrup,Afghanistan,2025,2
Høje-Taastrup,Argentina,2025,1
Høje-Taastrup,Australia,2025,1
Høje-Taastrup,Austria,2025,5
Høje-Taastrup,Azerbaijan,2025,2
Høje-Taastrup,Bangladesh,2025,26
Høje-Taastrup,Belgium,2025,3
Høje-Taastrup,Bosnia and Herzegovina,2025,3
Høje-Taastrup,Brazil,2025,1
Høje-Taastrup,Bulgaria,2025,146
Høje-Taastrup,Cameroon,2025,13
Høje-Taastrup,China,2025,10
Høje-Taastrup,Colombia,2025,1
Høje-Taastrup,"Congo, Democratic Republic",2025,1
Høje-Taastrup,Croatia,2025,2
Høje-Taastrup,Czech Republic,2025,1
Høje-Taastrup,Denmark,2025,162
Høje-Taastrup,Egypt,2025,1
Høje-Taastrup,Eritrea,2025,2
Høje-Taastrup,Finland,2025,1
Høje-Taastrup,France,2025,5
Høje-Taastrup,Germany,2025,10
Høje-Taastrup,Ghana,2025,4
Høje-Taastrup,Greece,2025,1
Høje-Taastrup,Hungary,2025,17
Høje-Taastrup,Iceland,2025,8
Høje-Taastrup,India,2025,70
Høje-Taastrup,Iran,2025,27
Høje-Taastrup,Iraq,2025,4
Høje-Taastrup,Ireland,2025,6
Høje-Taastrup,Italy,2025,17
Høje-Taastrup,Latvia,2025,8
Høje-Taastrup,Lebanon,2025,1
Høje-Taastrup,Lithuania,2025,30
Høje-Taastrup,Mexico,2025,1
Høje-Taastrup,Morocco,2025,1
Høje-Taastrup,Nepal,2025,47
Høje-Taastrup,Netherlands,2025,10
Høje-Taastrup,Nigeria,2025,5
Høje-Taastrup,Norway,2025,10
Høje-Taastrup,Pakistan,2025,18
Høje-Taastrup,Peru,2025,1
Høje-Taastrup,Philippines,2025,7
Høje-Taastrup,Poland,2025,64
Høje-Taastrup,Portugal,2025,22
Høje-Taastrup,Republic of North Macedonia,2025,5
Høje-Taastrup,Romania,2025,181
Høje-Taastrup,Russia,2025,5
Høje-Taastrup,Serbia,2025,2
Høje-Taastrup,Slovakia,2025,4
Høje-Taastrup,South Korea,2025,1
Høje-Taastrup,Spain,2025,12
Høje-Taastrup,Sri Lanka,2025,11
Høje-Taastrup,Sweden,2025,34
Høje-Taastrup,Switzerland,2025,2
Høje-Taastrup,Syria,2025,6
Høje-Taastrup,Thailand,2025,2
Høje-Taastrup,Turkey,2025,23
Høje-Taastrup,USA,2025,10
Høje-Taastrup,Ukraine,2025,20
Høje-Taastrup,United Kingdom,2025,16
Hørsholm,Bangladesh,2025,1
Hørsholm,Brazil,2025,3
Hørsholm,Bulgaria,2025,2
Hørsholm,China,2025,5
Hørsholm,Colombia,2025,2
Hørsholm,Croatia,2025,1
Hørsholm,Denmark,2025,100
Hørsholm,Finland,2025,3
Hørsholm,France,2025,1
Hørsholm,Germany,2025,8
Hørsholm,Iceland,2025,1
Hørsholm,India,2025,9
Hørsholm,Iran,2025,7
Hørsholm,Italy,2025,2
Hørsholm,Lithuania,2025,7
Hørsholm,Malaysia,2025,1
Hørsholm,Netherlands,2025,2
Hørsholm,Norway,2025,1
Hørsholm,Pakistan,2025,4
Hørsholm,Philippines,2025,27
Hørsholm,Romania,2025,2
Hørsholm,Sierra Leone,2025,2
Hørsholm,South Africa,2025,5
Hørsholm,Spain,2025,6
Hørsholm,Sri Lanka,2025,4
Hørsholm,Sweden,2025,4
Hørsholm,Syria,2025,14
Hørsholm,Thailand,2025,1
Hørsholm,USA,2025,11
Hørsholm,Ukraine,2025,7
Hørsholm,United Kingdom,2025,5
Hørsholm,Vietnam,2025,1
Hørsholm,Zimbabwe,2025,1
Ikast-Brande,Argentina,2025,1
Ikast-Brande,Australia,2025,2
Ikast-Brande,Bosnia and Herzegovina,2025,1
Ikast-Brande,Brazil,2025,5
Ikast-Brande,Bulgaria,2025,7
Ikast-Brande,Canada,2025,3
Ikast-Brande,China,2025,1
Ikast-Brande,Croatia,2025,2
Ikast-Brande,Czech Republic,2025,4
Ikast-Brande,Denmark,2025,108
Ikast-Brande,Finland,2025,1
Ikast-Brande,France,2025,5
Ikast-Brande,Germany,2025,12
Ikast-Brande,Ghana,2025,1
Ikast-Brande,Greece,2025,2
Ikast-Brande,Hungary,2025,6
Ikast-Brande,Iceland,2025,3
Ikast-Brande,India,2025,17
Ikast-Brande,Indonesia,2025,8
Ikast-Brande,Iran,2025,1
Ikast-Brande,Iraq,2025,2
Ikast-Brande,Ireland,2025,2
Ikast-Brande,Italy,2025,7
Ikast-Brande,Japan,2025,1
Ikast-Brande,Latvia,2025,7
Ikast-Brande,Lithuania,2025,35
Ikast-Brande,Netherlands,2025,5
Ikast-Brande,Nigeria,2025,3
Ikast-Brande,Norway,2025,4
Ikast-Brande,Poland,2025,38
Ikast-Brande,Portugal,2025,6
Ikast-Brande,Romania,2025,52
Ikast-Brande,Russia,2025,1
Ikast-Brande,Serbia,2025,2
Ikast-Brande,Slovakia,2025,3
Ikast-Brande,Slovenia,2025,1
Ikast-Brande,South Africa,2025,1
Ikast-Brande,South Korea,2025,1
Ikast-Brande,Spain,2025,18
Ikast-Brande,Sri Lanka,2025,4
Ikast-Brande,Stateless,2025,2
Ikast-Brande,Sudan,2025,1
Ikast-Brande,Sweden,2025,1
Ikast-Brande,Syria,2025,4
Ikast-Brande,Turkey,2025,13
Ikast-Brande,USA,2025,2
Ikast-Brande,Uganda,2025,1
Ikast-Brande,Ukraine,2025,29
Ikast-Brande,United Kingdom,2025,9
Ishøj,Argentina,2025,1
Ishøj,Bangladesh,2025,8
Ishøj,Belgium,2025,1
Ishøj,Bulgaria,2025,21
Ishøj,China,2025,1
Ishøj,Croatia,2025,2
Ishøj,Czech Republic,2025,1
Ishøj,Denmark,2025,41
Ishøj,Egypt,2025,1
Ishøj,France,2025,1
Ishøj,Greece,2025,2
Ishøj,Hungary,2025,1
Ishøj,Iceland,2025,1
Ishøj,India,2025,8
Ishøj,Iran,2025,1
Ishøj,Iraq,2025,3
Ishøj,Italy,2025,4
Ishøj,Lithuania,2025,4
Ishøj,Nepal,2025,15
Ishøj,Niger,2025,1
Ishøj,Pakistan,2025,8
Ishøj,Poland,2025,22
Ishøj,Portugal,2025,10
Ishøj,Republic of North Macedonia,2025,2
Ishøj,Romania,2025,15
Ishøj,Slovakia,2025,3
Ishøj,Spain,2025,3
Ishøj,Sweden,2025,4
Ishøj,Syria,2025,1
Ishøj,Thailand,2025,1
Ishøj,Turkey,2025,3
Ishøj,Ukraine,2025,2
Ishøj,United Kingdom,2025,2
Jammerbugt,Argentina,2025,1
Jammerbugt,Australia,2025,1
Jammerbugt,Bulgaria,2025,5
Jammerbugt,China,2025,6
Jammerbugt,Colombia,2025,1
Jammerbugt,Denmark,2025,51
Jammerbugt,Germany,2025,7
Jammerbugt,Greece,2025,1
Jammerbugt,Hungary,2025,1
Jammerbugt,Iceland,2025,1
Jammerbugt,Indonesia,2025,1
Jammerbugt,Iran,2025,1
Jammerbugt,Israel,2025,1
Jammerbugt,Italy,2025,1
Jammerbugt,Japan,2025,1
Jammerbugt,Kenya,2025,3
Jammerbugt,Laos,2025,1
Jammerbugt,Latvia,2025,9
Jammerbugt,Lithuania,2025,1
Jammerbugt,Mexico,2025,3
Jammerbugt,Netherlands,2025,1
Jammerbugt,Norway,2025,5
Jammerbugt,Poland,2025,11
Jammerbugt,Romania,2025,21
Jammerbugt,Stateless,2025,1
Jammerbugt,Sweden,2025,1
Jammerbugt,Taiwan,2025,1
Jammerbugt,USA,2025,1
Jammerbugt,Uganda,2025,8
Jammerbugt,Ukraine,2025,35
Jammerbugt,United Kingdom,2025,1
Jammerbugt,Vietnam,2025,3
Kalundborg,Australia,2025,1
Kalundborg,Azerbaijan,2025,2
Kalundborg,Bangladesh,2025,1
Kalundborg,Belgium,2025,1
Kalundborg,Bosnia and Herzegovina,2025,7
Kalundborg,Brazil,2025,4
Kalundborg,Bulgaria,2025,8
Kalundborg,Chile,2025,1
Kalundborg,China,2025,1
Kalundborg,Colombia,2025,8
Kalundborg,Denmark,2025,77
Kalundborg,Dominican Republic,2025,2
Kalundborg,Egypt,2025,1
Kalundborg,Eritrea,2025,2
Kalundborg,France,2025,4
Kalundborg,Germany,2025,1
Kalundborg,Ghana,2025,1
Kalundborg,Greece,2025,2
Kalundborg,Hungary,2025,1
Kalundborg,India,2025,74
Kalundborg,Iran,2025,1
Kalundborg,Ireland,2025,1
Kalundborg,Italy,2025,4
Kalundborg,Jamaica,2025,1
Kalundborg,Japan,2025,2
Kalundborg,Jordan,2025,1
Kalundborg,Kazakhstan,2025,2
Kalundborg,Kyrgyzstan,2025,3
Kalundborg,Latvia,2025,5
Kalundborg,Lebanon,2025,1
Kalundborg,Lithuania,2025,11
Kalundborg,Mexico,2025,2
Kalundborg,Netherlands,2025,1
Kalundborg,Peru,2025,22
Kalundborg,Philippines,2025,6
Kalundborg,Poland,2025,26
Kalundborg,Republic of North Macedonia,2025,1
Kalundborg,Romania,2025,21
Kalundborg,Russia,2025,1
Kalundborg,Serbia,2025,2
Kalundborg,Slovakia,2025,1
Kalundborg,South Africa,2025,3
Kalundborg,Spain,2025,14
Kalundborg,Sweden,2025,8
Kalundborg,Switzerland,2025,5
Kalundborg,Syria,2025,8
Kalundborg,Tanzania,2025,1
Kalundborg,USA,2025,1
Kalundborg,Uganda,2025,5
Kalundborg,Ukraine,2025,30
Kalundborg,United Kingdom,2025,6
Kalundborg,Venezuela,2025,1
Kalundborg,Vietnam,2025,1
Kerteminde,Albania,2025,4
Kerteminde,Brazil,2025,3
Kerteminde,Canada,2025,1
Kerteminde,Chile,2025,1
Kerteminde,Denmark,2025,34
Kerteminde,France,2025,1
Kerteminde,Germany,2025,3
Kerteminde,Hungary,2025,1
Kerteminde,Iceland,2025,1
Kerteminde,Ireland,2025,1
Kerteminde,Italy,2025,1
Kerteminde,Latvia,2025,4
Kerteminde,Lithuania,2025,3
Kerteminde,Malaysia,2025,12
Kerteminde,Nepal,2025,1
Kerteminde,Netherlands,2025,1
Kerteminde,Poland,2025,20
Kerteminde,Romania,2025,67
Kerteminde,Slovakia,2025,1
Kerteminde,South Africa,2025,1
Kerteminde,Spain,2025,1
Kerteminde,Sri Lanka,2025,3
Kerteminde,Sweden,2025,1
Kerteminde,Syria,2025,10
Kerteminde,Turkey,2025,1
Kerteminde,USA,2025,3
Kerteminde,Ukraine,2025,10
Kerteminde,Vietnam,2025,13
Kolding,Afghanistan,2025,2
Kolding,Australia,2025,1
Kolding,Austria,2025,2
Kolding,Azerbaijan,2025,1
Kolding,Bangladesh,2025,61
Kolding,Belgium,2025,7
Kolding,Bosnia and Herzegovina,2025,3
Kolding,Brazil,2025,5
Kolding,Bulgaria,2025,22
Kolding,Canada,2025,5
Kolding,Chile,2025,2
Kolding,China,2025,23
Kolding,Croatia,2025,6
Kolding,Czech Republic,2025,10
Kolding,Denmark,2025,248
Kolding,Eritrea,2025,1
Kolding,Estonia,2025,5
Kolding,Ethiopia,2025,1
Kolding,Finland,2025,4
Kolding,France,2025,25
Kolding,Germany,2025,37
Kolding,Ghana,2025,1
Kolding,Greece,2025,2
Kolding,Hungary,2025,9
Kolding,Iceland,2025,8
Kolding,India,2025,108
Kolding,Iran,2025,22
Kolding,Iraq,2025,4
Kolding,Ireland,2025,5
Kolding,Israel,2025,1
Kolding,Italy,2025,17
Kolding,Japan,2025,3
Kolding,Latvia,2025,8
Kolding,Lithuania,2025,29
Kolding,Luxembourg,2025,1
Kolding,Moldova,2025,4
Kolding,Morocco,2025,1
Kolding,Myanmar,2025,2
Kolding,Nepal,2025,23
Kolding,Netherlands,2025,11
Kolding,Nigeria,2025,5
Kolding,Norway,2025,11
Kolding,Pakistan,2025,2
Kolding,Peru,2025,1
Kolding,Philippines,2025,16
Kolding,Poland,2025,75
Kolding,Portugal,2025,10
Kolding,Republic of North Macedonia,2025,1
Kolding,Romania,2025,109
Kolding,Russia,2025,8
Kolding,Serbia,2025,1
Kolding,Slovakia,2025,15
Kolding,Slovenia,2025,1
Kolding,Somalia,2025,3
Kolding,Spain,2025,28
Kolding,Sudan,2025,1
Kolding,Sweden,2025,18
Kolding,Switzerland,2025,3
Kolding,Syria,2025,29
Kolding,Taiwan,2025,1
Kolding,Thailand,2025,3
Kolding,Tunisia,2025,2
Kolding,Turkey,2025,4
Kolding,USA,2025,19
Kolding,Uganda,2025,2
Kolding,Ukraine,2025,51
Kolding,United Kingdom,2025,14
Kolding,Venezuela,2025,1
Kolding,Vietnam,2025,13
Kolding,Zambia,2025,3
Køge,Albania,2025,12
Køge,Algeria,2025,1
Køge,Australia,2025,1
Køge,Austria,2025,1
Køge,Bangladesh,2025,2
Køge,Bulgaria,2025,25
Køge,Canada,2025,2
Køge,China,2025,4
Køge,Croatia,2025,6
Køge,Czech Republic,2025,1
Køge,Denmark,2025,103
Køge,Egypt,2025,1
Køge,Eritrea,2025,1
Køge,Estonia,2025,1
Køge,Finland,2025,2
Køge,France,2025,2
Køge,Germany,2025,3
Køge,Hungary,2025,1
Køge,Iceland,2025,1
Køge,India,2025,9
Køge,Iran,2025,2
Køge,Ireland,2025,8
Køge,Italy,2025,12
Køge,Kosovo,2025,5
Køge,Lithuania,2025,16
Køge,Malaysia,2025,1
Køge,Nepal,2025,1
Køge,Netherlands,2025,3
Køge,New Zealand,2025,1
Køge,Nigeria,2025,1
Køge,Norway,2025,4
Køge,Philippines,2025,3
Køge,Poland,2025,34
Køge,Portugal,2025,1
Køge,Romania,2025,44
Køge,Slovakia,2025,2
Køge,Spain,2025,1
Køge,Stateless,2025,1
Køge,Sweden,2025,8
Køge,Syria,2025,4
Køge,Turkey,2025,2
Køge,USA,2025,5
Køge,Ukraine,2025,25
Køge,United Kingdom,2025,6
Langeland,Bangladesh,2025,1
Langeland,Bosnia and Herzegovina,2025,1
Langeland,Denmark,2025,25
Langeland,Germany,2025,4
Langeland,Iceland,2025,1
Langeland,Lithuania,2025,4
Langeland,Netherlands,2025,1
Langeland,New Zealand,2025,1
Langeland,Pakistan,2025,2
Langeland,Philippines,2025,1
Langeland,Poland,2025,22
Langeland,Romania,2025,5
Langeland,Spain,2025,2
Langeland,Sweden,2025,4
Langeland,Syria,2025,5
Langeland,USA,2025,1
Langeland,Ukraine,2025,11
Lejre,Australia,2025,1
Lejre,Austria,2025,1
Lejre,Belgium,2025,2
Lejre,Bulgaria,2025,17
Lejre,Croatia,2025,2
Lejre,Denmark,2025,45
Lejre,France,2025,2
Lejre,Germany,2025,1
Lejre,Greece,2025,1
Lejre,Iran,2025,3
Lejre,Iraq,2025,1
Lejre,Ireland,2025,2
Lejre,Italy,2025,3
Lejre,Jordan,2025,1
Lejre,Latvia,2025,6
Lejre,Lithuania,2025,16
Lejre,Philippines,2025,1
Lejre,Poland,2025,26
Lejre,Portugal,2025,1
Lejre,Romania,2025,41
Lejre,Russia,2025,1
Lejre,Serbia,2025,1
Lejre,Slovakia,2025,2
Lejre,Spain,2025,2
Lejre,Stateless,2025,4
Lejre,Sweden,2025,3
Lejre,Syria,2025,2
Lejre,Thailand,2025,1
Lejre,Ukraine,2025,36
Lejre,United Kingdom,2025,2
Lejre,Vietnam,2025,1
Lemvig,Bangladesh,2025,2
Lemvig,Bulgaria,2025,1
Lemvig,Denmark,2025,24
Lemvig,Finland,2025,1
Lemvig,Germany,2025,4
Lemvig,Iceland,2025,2
Lemvig,India,2025,1
Lemvig,Indonesia,2025,1
Lemvig,Iran,2025,4
Lemvig,Ireland,2025,1
Lemvig,Italy,2025,1
Lemvig,Kenya,2025,2
Lemvig,Lithuania,2025,2
Lemvig,Nigeria,2025,1
Lemvig,Norway,2025,1
Lemvig,Pakistan,2025,1
Lemvig,Philippines,2025,1
Lemvig,Poland,2025,20
Lemvig,Romania,2025,24
Lemvig,Spain,2025,8
Lemvig,Sweden,2025,2
Lemvig,Tanzania,2025,1
Lemvig,Uganda,2025,1
Lemvig,Ukraine,2025,15
Lemvig,Uzbekistan,2025,2
Lemvig,Vietnam,2025,6
Lolland,Belgium,2025,1
Lolland,Bolivia,2025,1
Lolland,Brazil,2025,1
Lolland,Bulgaria,2025,9
Lolland,Canada,2025,2
Lolland,China,2025,8
Lolland,Croatia,2025,2
Lolland,Denmark,2025,66
Lolland,Finland,2025,1
Lolland,France,2025,10
Lolland,Germany,2025,6
Lolland,Ghana,2025,1
Lolland,Greece,2025,1
Lolland,Iceland,2025,4
Lolland,India,2025,7
Lolland,Italy,2025,8
Lolland,Japan,2025,1
Lolland,Kosovo,2025,5
Lolland,Lithuania,2025,5
Lolland,Mexico,2025,1
Lolland,Moldova,2025,2
Lolland,Netherlands,2025,3
Lolland,Norway,2025,1
Lolland,Pakistan,2025,6
Lolland,Philippines,2025,5
Lolland,Poland,2025,20
Lolland,Portugal,2025,32
Lolland,Romania,2025,14
Lolland,Serbia,2025,1
Lolland,Spain,2025,6
Lolland,Syria,2025,1
Lolland,Tanzania,2025,1
Lolland,Thailand,2025,3
Lolland,Turkey,2025,2
Lolland,Uganda,2025,3
Lolland,Ukraine,2025,27
Lolland,United Kingdom,2025,3
Lyngby-Taarbæk,Argentina,2025,1
Lyngby-Taarbæk,Australia,2025,57
Lyngby-Taarbæk,Austria,2025,8
Lyngby-Taarbæk,Bangladesh,2025,9
Lyngby-Taarbæk,Belgium,2025,15
Lyngby-Taarbæk,Bolivia,2025,1
Lyngby-Taarbæk,Bosnia and Herzegovina,2025,1
Lyngby-Taarbæk,Brazil,2025,20
Lyngby-Taarbæk,Bulgaria,2025,1
Lyngby-Taarbæk,Canada,2025,19
Lyngby-Taarbæk,Chile,2025,3
Lyngby-Taarbæk,China,2025,129
Lyngby-Taarbæk,Colombia,2025,7
Lyngby-Taarbæk,Croatia,2025,2
Lyngby-Taarbæk,Czech Republic,2025,11
Lyngby-Taarbæk,Denmark,2025,237
Lyngby-Taarbæk,Egypt,2025,3
Lyngby-Taarbæk,Eritrea,2025,1
Lyngby-Taarbæk,Estonia,2025,8
Lyngby-Taarbæk,Finland,2025,2
Lyngby-Taarbæk,France,2025,42
Lyngby-Taarbæk,Georgia,2025,2
Lyngby-Taarbæk,Germany,2025,84
Lyngby-Taarbæk,Ghana,2025,2
Lyngby-Taarbæk,Greece,2025,21
Lyngby-Taarbæk,Hungary,2025,4
Lyngby-Taarbæk,Iceland,2025,20
Lyngby-Taarbæk,India,2025,69
Lyngby-Taarbæk,Indonesia,2025,10
Lyngby-Taarbæk,Iran,2025,27
Lyngby-Taarbæk,Ireland,2025,10
Lyngby-Taarbæk,Israel,2025,3
Lyngby-Taarbæk,Italy,2025,79
Lyngby-Taarbæk,Japan,2025,13
Lyngby-Taarbæk,Kazakhstan,2025,1
Lyngby-Taarbæk,Kenya,2025,1
Lyngby-Taarbæk,Latvia,2025,4
Lyngby-Taarbæk,Lebanon,2025,4
Lyngby-Taarbæk,Lithuania,2025,4
Lyngby-Taarbæk,Luxembourg,2025,1
Lyngby-Taarbæk,Malaysia,2025,6
Lyngby-Taarbæk,Mauritius,2025,1
Lyngby-Taarbæk,Mexico,2025,27
Lyngby-Taarbæk,Morocco,2025,3
Lyngby-Taarbæk,Nepal,2025,3
Lyngby-Taarbæk,Netherlands,2025,27
Lyngby-Taarbæk,New Zealand,2025,3
Lyngby-Taarbæk,Nigeria,2025,1
Lyngby-Taarbæk,Norway,2025,14
Lyngby-Taarbæk,Pakistan,2025,11
Lyngby-Taarbæk,Peru,2025,1
Lyngby-Taarbæk,Philippines,2025,49
Lyngby-Taarbæk,Poland,2025,23
Lyngby-Taarbæk,Portugal,2025,28
Lyngby-Taarbæk,Romania,2025,22
Lyngby-Taarbæk,Russia,2025,6
Lyngby-Taarbæk,Saudi Arabia,2025,1
Lyngby-Taarbæk,Serbia,2025,2
Lyngby-Taarbæk,Singapore,2025,42
Lyngby-Taarbæk,Slovakia,2025,4
Lyngby-Taarbæk,Slovenia,2025,2
Lyngby-Taarbæk,Somalia,2025,1
Lyngby-Taarbæk,South Africa,2025,3
Lyngby-Taarbæk,South Korea,2025,10
Lyngby-Taarbæk,Spain,2025,56
Lyngby-Taarbæk,Sri Lanka,2025,1
Lyngby-Taarbæk,Sweden,2025,6
Lyngby-Taarbæk,Switzerland,2025,18
Lyngby-Taarbæk,Syria,2025,5
Lyngby-Taarbæk,Taiwan,2025,12
Lyngby-Taarbæk,Thailand,2025,7
Lyngby-Taarbæk,Tunisia,2025,2
Lyngby-Taarbæk,Turkey,2025,15
Lyngby-Taarbæk,USA,2025,261
Lyngby-Taarbæk,Ukraine,2025,31
Lyngby-Taarbæk,United Kingdom,2025,18
Lyngby-Taarbæk,Uzbekistan,2025,4
Lyngby-Taarbæk,Vietnam,2025,2
Læsø,Denmark,2025,8
Læsø,Sweden,2025,3
Læsø,Ukraine,2025,1
Mariagerfjord,Australia,2025,1
Mariagerfjord,Bangladesh,2025,1
Mariagerfjord,Bosnia and Herzegovina,2025,1
Mariagerfjord,Bulgaria,2025,4
Mariagerfjord,Burkina Faso,2025,1
Mariagerfjord,Canada,2025,1
Mariagerfjord,Chile,2025,1
Mariagerfjord,China,2025,3
Mariagerfjord,Colombia,2025,1
Mariagerfjord,Croatia,2025,1
Mariagerfjord,Cyprus,2025,1
Mariagerfjord,Czech Republic,2025,7
Mariagerfjord,Denmark,2025,68
Mariagerfjord,Estonia,2025,2
Mariagerfjord,Germany,2025,7
Mariagerfjord,Hungary,2025,6
Mariagerfjord,Iceland,2025,4
Mariagerfjord,India,2025,3
Mariagerfjord,Italy,2025,7
Mariagerfjord,Japan,2025,1
Mariagerfjord,Kenya,2025,4
Mariagerfjord,Latvia,2025,2
Mariagerfjord,Lithuania,2025,1
Mariagerfjord,Myanmar,2025,1
Mariagerfjord,Netherlands,2025,1
Mariagerfjord,Norway,2025,3
Mariagerfjord,Philippines,2025,15
Mariagerfjord,Poland,2025,36
Mariagerfjord,Romania,2025,32
Mariagerfjord,Russia,2025,1
Mariagerfjord,Sierra Leone,2025,1
Mariagerfjord,Slovakia,2025,4
Mariagerfjord,Spain,2025,3
Mariagerfjord,Sweden,2025,1
Mariagerfjord,Syria,2025,3
Mariagerfjord,Tanzania,2025,3
Mariagerfjord,Thailand,2025,2
Mariagerfjord,USA,2025,2
Mariagerfjord,Uganda,2025,5
Mariagerfjord,Ukraine,2025,37
Mariagerfjord,United Kingdom,2025,2
Mariagerfjord,Uzbekistan,2025,3
Mariagerfjord,Vietnam,2025,10
Middelfart,Afghanistan,2025,1
Middelfart,Armenia,2025,2
Middelfart,Belgium,2025,5
Middelfart,Canada,2025,3
Middelfart,Chile,2025,1
Middelfart,Colombia,2025,1
Middelfart,Croatia,2025,1
Middelfart,Denmark,2025,92
Middelfart,France,2025,2
Middelfart,Germany,2025,4
Middelfart,Hungary,2025,1
Middelfart,Iceland,2025,1
Middelfart,Ireland,2025,1
Middelfart,Italy,2025,2
Middelfart,Japan,2025,5
Middelfart,Kenya,2025,1
Middelfart,Latvia,2025,1
Middelfart,Lithuania,2025,13
Middelfart,Mexico,2025,1
Middelfart,Moldova,2025,1
Middelfart,Nepal,2025,1
Middelfart,North Korea,2025,1
Middelfart,Philippines,2025,3
Middelfart,Poland,2025,13
Middelfart,Portugal,2025,1
Middelfart,Romania,2025,15
Middelfart,Somalia,2025,4
Middelfart,South Sudan,2025,1
Middelfart,Stateless,2025,2
Middelfart,Sweden,2025,3
Middelfart,Switzerland,2025,1
Middelfart,Syria,2025,3
Middelfart,Turkey,2025,1
Middelfart,USA,2025,3
Middelfart,Uganda,2025,1
Middelfart,Ukraine,2025,35
Middelfart,Vietnam,2025,9
Morsø,Australia,2025,1
Morsø,Denmark,2025,70
Morsø,Germany,2025,1
Morsø,Greece,2025,1
Morsø,Iceland,2025,1
Morsø,Japan,2025,2
Morsø,Lithuania,2025,3
Morsø,Netherlands,2025,2
Morsø,Norway,2025,3
Morsø,Poland,2025,2
Morsø,Romania,2025,3
Morsø,Sweden,2025,2
Morsø,Uganda,2025,3
Morsø,Ukraine,2025,3
Morsø,Uzbekistan,2025,2
Morsø,Vietnam,2025,1
Norddjurs,Australia,2025,1
Norddjurs,Austria,2025,1
Norddjurs,Bangladesh,2025,1
Norddjurs,Bosnia and Herzegovina,2025,1
Norddjurs,Bulgaria,2025,2
Norddjurs,Croatia,2025,1
Norddjurs,Czech Republic,2025,11
Norddjurs,Denmark,2025,62
Norddjurs,Eritrea,2025,2
Norddjurs,Estonia,2025,3
Norddjurs,Germany,2025,8
Norddjurs,Greece,2025,1
Norddjurs,Hungary,2025,8
Norddjurs,Iceland,2025,1
Norddjurs,India,2025,1
Norddjurs,Ireland,2025,2
Norddjurs,Italy,2025,12
Norddjurs,Latvia,2025,14
Norddjurs,Lithuania,2025,92
Norddjurs,Mexico,2025,2
Norddjurs,Netherlands,2025,1
Norddjurs,Norway,2025,1
Norddjurs,Philippines,2025,4
Norddjurs,Poland,2025,32
Norddjurs,Portugal,2025,1
Norddjurs,Romania,2025,29
Norddjurs,Slovakia,2025,3
Norddjurs,Spain,2025,3
Norddjurs,Syria,2025,5
Norddjurs,Tanzania,2025,3
Norddjurs,Turkey,2025,1
Norddjurs,Ukraine,2025,29
Norddjurs,United Kingdom,2025,1
Norddjurs,Vietnam,2025,3
Nordfyns,Australia,2025,1
Nordfyns,Cameroon,2025,2
Nordfyns,Canada,2025,2
Nordfyns,China,2025,1
Nordfyns,Denmark,2025,52
Nordfyns,France,2025,1
Nordfyns,Germany,2025,1
Nordfyns,Iraq,2025,1
Nordfyns,Ireland,2025,1
Nordfyns,Japan,2025,11
Nordfyns,Kenya,2025,1
Nordfyns,Latvia,2025,3
Nordfyns,Lithuania,2025,13
Nordfyns,Mexico,2025,1
Nordfyns,Netherlands,2025,2
Nordfyns,Norway,2025,3
Nordfyns,Philippines,2025,1
Nordfyns,Poland,2025,24
Nordfyns,Romania,2025,39
Nordfyns,Slovenia,2025,2
Nordfyns,South Korea,2025,1
Nordfyns,Sweden,2025,1
Nordfyns,Switzerland,2025,1
Nordfyns,Syria,2025,14
Nordfyns,Tanzania,2025,1
Nordfyns,Thailand,2025,1
Nordfyns,USA,2025,1
Nordfyns,Ukraine,2025,14
Nordfyns,United Kingdom,2025,1
Nordfyns,Vietnam,2025,7
Nyborg,Belarus,2025,1
Nyborg,Czech Republic,2025,1
Nyborg,Denmark,2025,59
Nyborg,Estonia,2025,1
Nyborg,France,2025,1
Nyborg,Germany,2025,8
Nyborg,Greece,2025,4
Nyborg,Hungary,2025,2
Nyborg,Iceland,2025,2
Nyborg,Italy,2025,7
Nyborg,Latvia,2025,11
Nyborg,Lithuania,2025,18
Nyborg,Moldova,2025,1
Nyborg,Netherlands,2025,1
Nyborg,Norway,2025,1
Nyborg,Philippines,2025,1
Nyborg,Poland,2025,10
Nyborg,Portugal,2025,1
Nyborg,Romania,2025,19
Nyborg,Serbia,2025,1
Nyborg,Slovakia,2025,1
Nyborg,Spain,2025,10
Nyborg,Sri Lanka,2025,1
Nyborg,Sweden,2025,1
Nyborg,Switzerland,2025,1
Nyborg,Syria,2025,5
Nyborg,Thailand,2025,1
Nyborg,Turkey,2025,1
Nyborg,USA,2025,2
Nyborg,Ukraine,2025,14
Nyborg,United Kingdom,2025,1
Nyborg,Vietnam,2025,2
Næstved,Afghanistan,2025,1
Næstved,Albania,2025,4
Næstved,Argentina,2025,1
Næstved,Austria,2025,1
Næstved,Bangladesh,2025,2
Næstved,Belarus,2025,1
Næstved,Brazil,2025,1
Næstved,Bulgaria,2025,14
Næstved,Canada,2025,2
Næstved,Chile,2025,1
Næstved,China,2025,3
Næstved,Croatia,2025,5
Næstved,Czech Republic,2025,4
Næstved,Denmark,2025,146
Næstved,Eritrea,2025,6
Næstved,Ethiopia,2025,7
Næstved,Finland,2025,1
Næstved,France,2025,6
Næstved,Germany,2025,8
Næstved,Greece,2025,1
Næstved,Hungary,2025,1
Næstved,India,2025,1
Næstved,Iran,2025,3
Næstved,Iraq,2025,2
Næstved,Israel,2025,1
Næstved,Italy,2025,5
Næstved,Latvia,2025,1
Næstved,Lithuania,2025,6
Næstved,Montenegro,2025,1
Næstved,Nepal,2025,1
Næstved,Netherlands,2025,6
Næstved,Norway,2025,5
Næstved,Philippines,2025,3
Næstved,Poland,2025,37
Næstved,Portugal,2025,4
Næstved,Romania,2025,61
Næstved,Russia,2025,1
Næstved,Serbia,2025,4
Næstved,South Korea,2025,1
Næstved,Spain,2025,4
Næstved,Stateless,2025,1
Næstved,Sweden,2025,11
Næstved,Switzerland,2025,1
Næstved,Syria,2025,7
Næstved,Tanzania,2025,1
Næstved,Thailand,2025,1
Næstved,Turkey,2025,6
Næstved,USA,2025,9
Næstved,Uganda,2025,2
Næstved,Ukraine,2025,65
Næstved,United Kingdom,2025,2
Næstved,Vietnam,2025,2
Odder,Argentina,2025,2
Odder,Australia,2025,1
Odder,Brazil,2025,3
Odder,Canada,2025,1
Odder,Denmark,2025,55
Odder,Germany,2025,4
Odder,Ghana,2025,1
Odder,Ireland,2025,1
Odder,Italy,2025,7
Odder,Japan,2025,24
Odder,Lithuania,2025,1
Odder,Mexico,2025,4
Odder,Nepal,2025,1
Odder,New Zealand,2025,2
Odder,North Korea,2025,1
Odder,Norway,2025,1
Odder,Philippines,2025,1
Odder,Poland,2025,7
Odder,Romania,2025,7
Odder,Russia,2025,1
Odder,Singapore,2025,1
Odder,Spain,2025,1
Odder,Stateless,2025,4
Odder,Syria,2025,7
Odder,Turkey,2025,2
Odder,USA,2025,3
Odder,Ukraine,2025,10
Odder,United Kingdom,2025,1
Odder,Vietnam,2025,1
Odense,Afghanistan,2025,6
Odense,Albania,2025,55
Odense,Algeria,2025,1
Odense,Angola,2025,4
Odense,Argentina,2025,3
Odense,Armenia,2025,1
Odense,Australia,2025,15
Odense,Austria,2025,22
Odense,Azerbaijan,2025,1
Odense,Bangladesh,2025,34
Odense,Belarus,2025,1
Odense,Belgium,2025,25
Odense,Bosnia and Herzegovina,2025,4
Odense,Brazil,2025,13
Odense,Bulgaria,2025,25
Odense,Cambodia,2025,1
Odense,Canada,2025,19
Odense,China,2025,70
Odense,Colombia,2025,3
Odense,Croatia,2025,11
Odense,Cyprus,2025,5
Odense,Czech Republic,2025,32
Odense,Denmark,2025,590
Odense,Dominican Republic,2025,2
Odense,Ecuador,2025,1
Odense,Egypt,2025,3
Odense,Eritrea,2025,1
Odense,Estonia,2025,5
Odense,Ethiopia,2025,1
Odense,Finland,2025,19
Odense,France,2025,163
Odense,"Gambia, The",2025,1
Odense,Germany,2025,184
Odense,Greece,2025,16
Odense,Haiti,2025,1
Odense,Hungary,2025,28
Odense,Iceland,2025,40
Odense,India,2025,30
Odense,Indonesia,2025,12
Odense,Iran,2025,43
Odense,Iraq,2025,19
Odense,Ireland,2025,20
Odense,Israel,2025,1
Odense,Italy,2025,165
Odense,Japan,2025,16
Odense,Jordan,2025,1
Odense,Kazakhstan,2025,1
Odense,Kosovo,2025,8
Odense,Latvia,2025,15
Odense,Lebanon,2025,1
Odense,Lithuania,2025,52
Odense,Malaysia,2025,26
Odense,Mexico,2025,7
Odense,Moldova,2025,1
Odense,Mongolia,2025,2
Odense,Nepal,2025,16
Odense,Netherlands,2025,45
Odense,North Korea,2025,3
Odense,Norway,2025,76
Odense,Pakistan,2025,29
Odense,Panama,2025,1
Odense,Paraguay,2025,1
Odense,Peru,2025,2
Odense,Philippines,2025,11
Odense,Poland,2025,97
Odense,Portugal,2025,42
Odense,Romania,2025,126
Odense,Russia,2025,11
Odense,Serbia,2025,4
Odense,Sierra Leone,2025,2
Odense,Singapore,2025,10
Odense,Slovakia,2025,24
Odense,Slovenia,2025,10
Odense,Somalia,2025,7
Odense,South Africa,2025,1
Odense,South Korea,2025,30
Odense,Spain,2025,118
Odense,Sri Lanka,2025,1
Odense,Stateless,2025,5
Odense,Sweden,2025,37
Odense,Switzerland,2025,10
Odense,Syria,2025,67
Odense,Taiwan,2025,17
Odense,Thailand,2025,21
Odense,Togo,2025,2
Odense,Turkey,2025,24
Odense,USA,2025,40
Odense,Uganda,2025,1
Odense,Ukraine,2025,180
Odense,United Kingdom,2025,24
Odense,Vietnam,2025,42
Odsherred,Argentina,2025,1
Odsherred,Australia,2025,1
Odsherred,Austria,2025,1
Odsherred,Bangladesh,2025,7
Odsherred,Brazil,2025,3
Odsherred,Bulgaria,2025,1
Odsherred,Chile,2025,1
Odsherred,Czech Republic,2025,2
Odsherred,Denmark,2025,49
Odsherred,France,2025,2
Odsherred,Germany,2025,1
Odsherred,Hungary,2025,3
Odsherred,Iceland,2025,1
Odsherred,Italy,2025,4
Odsherred,Japan,2025,1
Odsherred,Latvia,2025,2
Odsherred,Lithuania,2025,9
Odsherred,Netherlands,2025,1
Odsherred,Norway,2025,3
Odsherred,Poland,2025,19
Odsherred,Romania,2025,5
Odsherred,Spain,2025,1
Odsherred,Sweden,2025,2
Odsherred,Syria,2025,7
Odsherred,Taiwan,2025,1
Odsherred,Turkey,2025,1
Odsherred,USA,2025,1
Odsherred,Uganda,2025,1
Odsherred,Ukraine,2025,31
Odsherred,United Kingdom,2025,1
Randers,Argentina,2025,2
Randers,Australia,2025,2
Randers,Belgium,2025,1
Randers,Bosnia and Herzegovina,2025,2
Randers,Brazil,2025,4
Randers,Bulgaria,2025,6
Randers,Canada,2025,2
Randers,China,2025,6
Randers,Czech Republic,2025,4
Randers,Denmark,2025,166
Randers,Eritrea,2025,4
Randers,France,2025,2
Randers,Germany,2025,8
Randers,Ghana,2025,3
Randers,Hungary,2025,7
Randers,Iceland,2025,2
Randers,India,2025,3
Randers,Iran,2025,5
Randers,Iraq,2025,2
Randers,Italy,2025,12
Randers,Japan,2025,8
Randers,Kosovo,2025,2
Randers,Latvia,2025,3
Randers,Lithuania,2025,25
Randers,Malaysia,2025,4
Randers,Maldives,2025,1
Randers,Nepal,2025,3
Randers,Netherlands,2025,4
Randers,Nigeria,2025,1
Randers,Norway,2025,10
Randers,Philippines,2025,1
Randers,Poland,2025,65
Randers,Portugal,2025,6
Randers,Romania,2025,163
Randers,Russia,2025,2
Randers,Saudi Arabia,2025,1
Randers,Slovakia,2025,1
Randers,Somalia,2025,1
Randers,Spain,2025,3
Randers,Sri Lanka,2025,6
Randers,Stateless,2025,3
Randers,Sweden,2025,10
Randers,Switzerland,2025,1
Randers,Syria,2025,15
Randers,Thailand,2025,2
Randers,Turkey,2025,1
Randers,USA,2025,13
Randers,Ukraine,2025,89
Randers,United Kingdom,2025,1
Randers,Uzbekistan,2025,1
Rebild,Australia,2025,1
Rebild,Austria,2025,4
Rebild,Bulgaria,2025,7
Rebild,Canada,2025,1
Rebild,Croatia,2025,1
Rebild,Denmark,2025,39
Rebild,Eritrea,2025,1
Rebild,Germany,2025,1
Rebild,Hungary,2025,1
Rebild,India,2025,4
Rebild,Japan,2025,1
Rebild,Kenya,2025,1
Rebild,Kyrgyzstan,2025,2
Rebild,Latvia,2025,1
Rebild,Lebanon,2025,2
Rebild,Netherlands,2025,1
Rebild,New Zealand,2025,1
Rebild,Philippines,2025,2
Rebild,Poland,2025,11
Rebild,Portugal,2025,1
Rebild,Romania,2025,6
Rebild,Singapore,2025,1
Rebild,Slovakia,2025,1
Rebild,Sweden,2025,3
Rebild,Switzerland,2025,1
Rebild,Tanzania,2025,1
Rebild,Thailand,2025,1
Rebild,Uganda,2025,3
Rebild,Ukraine,2025,18
Rebild,Vietnam,2025,6
Ringkøbing-Skjern,Australia,2025,3
Ringkøbing-Skjern,Bangladesh,2025,1
Ringkøbing-Skjern,Belgium,2025,2
Ringkøbing-Skjern,Brazil,2025,3
Ringkøbing-Skjern,Bulgaria,2025,1
Ringkøbing-Skjern,Canada,2025,1
Ringkøbing-Skjern,Chile,2025,1
Ringkøbing-Skjern,Colombia,2025,1
Ringkøbing-Skjern,"Congo, Democratic Republic",2025,1
Ringkøbing-Skjern,Croatia,2025,1
Ringkøbing-Skjern,Cyprus,2025,2
Ringkøbing-Skjern,Denmark,2025,116
Ringkøbing-Skjern,Eritrea,2025,5
Ringkøbing-Skjern,Finland,2025,1
Ringkøbing-Skjern,France,2025,3
Ringkøbing-Skjern,Germany,2025,31
Ringkøbing-Skjern,Ghana,2025,3
Ringkøbing-Skjern,Greece,2025,2
Ringkøbing-Skjern,Hungary,2025,9
Ringkøbing-Skjern,Iceland,2025,3
Ringkøbing-Skjern,India,2025,12
Ringkøbing-Skjern,Italy,2025,5
Ringkøbing-Skjern,Japan,2025,10
Ringkøbing-Skjern,Kyrgyzstan,2025,1
Ringkøbing-Skjern,Latvia,2025,8
Ringkøbing-Skjern,Lithuania,2025,10
Ringkøbing-Skjern,Mexico,2025,1
Ringkøbing-Skjern,Moldova,2025,1
Ringkøbing-Skjern,Nepal,2025,1
Ringkøbing-Skjern,Netherlands,2025,4
Ringkøbing-Skjern,Norway,2025,4
Ringkøbing-Skjern,Philippines,2025,1
Ringkøbing-Skjern,Poland,2025,41
Ringkøbing-Skjern,Portugal,2025,2
Ringkøbing-Skjern,Romania,2025,147
Ringkøbing-Skjern,Russia,2025,1
Ringkøbing-Skjern,Slovakia,2025,2
Ringkøbing-Skjern,South Africa,2025,1
Ringkøbing-Skjern,South Korea,2025,2
Ringkøbing-Skjern,Spain,2025,1
Ringkøbing-Skjern,Sri Lanka,2025,5
Ringkøbing-Skjern,Sweden,2025,2
Ringkøbing-Skjern,Syria,2025,3
Ringkøbing-Skjern,Tanzania,2025,6
Ringkøbing-Skjern,Thailand,2025,4
Ringkøbing-Skjern,Turkey,2025,2
Ringkøbing-Skjern,USA,2025,2
Ringkøbing-Skjern,Uganda,2025,8
Ringkøbing-Skjern,Ukraine,2025,53
Ringkøbing-Skjern,United Kingdom,2025,2
Ringkøbing-Skjern,Vietnam,2025,21
Ringsted,Australia,2025,1
Ringsted,Bangladesh,2025,6
Ringsted,Brazil,2025,2
Ringsted,Bulgaria,2025,21
Ringsted,Canada,2025,1
Ringsted,China,2025,1
Ringsted,Croatia,2025,2
Ringsted,Czech Republic,2025,2
Ringsted,Denmark,2025,71
Ringsted,Finland,2025,1
Ringsted,France,2025,1
Ringsted,Germany,2025,3
Ringsted,Hungary,2025,1
Ringsted,Iceland,2025,1
Ringsted,India,2025,10
Ringsted,Iraq,2025,5
Ringsted,Ireland,2025,1
Ringsted,Italy,2025,6
Ringsted,Latvia,2025,2
Ringsted,Lithuania,2025,26
Ringsted,Mexico,2025,1
Ringsted,Morocco,2025,1
Ringsted,Nepal,2025,4
Ringsted,Norway,2025,1
Ringsted,Pakistan,2025,11
Ringsted,Philippines,2025,2
Ringsted,Poland,2025,119
Ringsted,Portugal,2025,10
Ringsted,Romania,2025,33
Ringsted,Slovakia,2025,4
Ringsted,Slovenia,2025,1
Ringsted,Spain,2025,2
Ringsted,Sweden,2025,14
Ringsted,Syria,2025,4
Ringsted,Turkey,2025,3
Ringsted,USA,2025,1
Ringsted,Ukraine,2025,17
Ringsted,United Kingdom,2025,1
Roskilde,Afghanistan,2025,1
Roskilde,Argentina,2025,2
Roskilde,Australia,2025,4
Roskilde,Austria,2025,4
Roskilde,Bangladesh,2025,1
Roskilde,Belgium,2025,3
Roskilde,Brazil,2025,11
Roskilde,Bulgaria,2025,23
Roskilde,Canada,2025,2
Roskilde,Chile,2025,2
Roskilde,China,2025,8
Roskilde,Colombia,2025,3
Roskilde,Croatia,2025,5
Roskilde,Czech Republic,2025,14
Roskilde,Denmark,2025,213
Roskilde,Eritrea,2025,7
Roskilde,Estonia,2025,2
Roskilde,Finland,2025,8
Roskilde,France,2025,25
Roskilde,Germany,2025,47
Roskilde,Greece,2025,1
Roskilde,Honduras,2025,2
Roskilde,Hungary,2025,7
Roskilde,Iceland,2025,8
Roskilde,India,2025,21
Roskilde,Iran,2025,4
Roskilde,Iraq,2025,1
Roskilde,Ireland,2025,9
Roskilde,Italy,2025,18
Roskilde,Japan,2025,5
Roskilde,Kenya,2025,1
Roskilde,Kosovo,2025,3
Roskilde,Latvia,2025,12
Roskilde,Lithuania,2025,23
Roskilde,Malaysia,2025,1
Roskilde,Mexico,2025,3
Roskilde,Moldova,2025,1
Roskilde,Morocco,2025,1
Roskilde,Nepal,2025,1
Roskilde,Netherlands,2025,15
Roskilde,Norway,2025,11
Roskilde,Pakistan,2025,4
Roskilde,Peru,2025,2
Roskilde,Philippines,2025,2
Roskilde,Poland,2025,42
Roskilde,Portugal,2025,11
Roskilde,Romania,2025,64
Roskilde,Russia,2025,2
Roskilde,Senegal,2025,1
Roskilde,Singapore,2025,1
Roskilde,Slovakia,2025,6
Roskilde,South Africa,2025,1
Roskilde,South Korea,2025,6
Roskilde,Spain,2025,20
Roskilde,Stateless,2025,1
Roskilde,Sweden,2025,19
Roskilde,Switzerland,2025,6
Roskilde,Syria,2025,9
Roskilde,Taiwan,2025,3
Roskilde,Tajikistan,2025,1
Roskilde,Thailand,2025,2
Roskilde,Turkey,2025,10
Roskilde,USA,2025,30
Roskilde,Uganda,2025,3
Roskilde,Ukraine,2025,41
Roskilde,United Kingdom,2025,13
Roskilde,Vietnam,2025,6
Roskilde,Zambia,2025,1
Rudersdal,Afghanistan,2025,3
Rudersdal,Australia,2025,7
Rudersdal,Austria,2025,3
Rudersdal,Azerbaijan,2025,1
Rudersdal,Bangladesh,2025,2
Rudersdal,Belgium,2025,3
Rudersdal,Brazil,2025,4
Rudersdal,Bulgaria,2025,8
Rudersdal,Canada,2025,9
Rudersdal,Chile,2025,2
Rudersdal,China,2025,23
Rudersdal,Colombia,2025,1
Rudersdal,Cyprus,2025,1
Rudersdal,Czech Republic,2025,1
Rudersdal,Denmark,2025,234
Rudersdal,Finland,2025,11
Rudersdal,France,2025,11
Rudersdal,Germany,2025,14
Rudersdal,Greece,2025,1
Rudersdal,Hungary,2025,4
Rudersdal,Iceland,2025,3
Rudersdal,India,2025,48
Rudersdal,Indonesia,2025,5
Rudersdal,Iran,2025,5
Rudersdal,Iraq,2025,1
Rudersdal,Ireland,2025,7
Rudersdal,Italy,2025,22
Rudersdal,Japan,2025,11
Rudersdal,Kenya,2025,3
Rudersdal,Lebanon,2025,2
Rudersdal,Lithuania,2025,6
Rudersdal,Malaysia,2025,2
Rudersdal,Mexico,2025,4
Rudersdal,Moldova,2025,3
Rudersdal,Mozambique,2025,1
Rudersdal,Nepal,2025,1
Rudersdal,Netherlands,2025,11
Rudersdal,New Zealand,2025,2
Rudersdal,Norway,2025,4
Rudersdal,Pakistan,2025,2
Rudersdal,Philippines,2025,29
Rudersdal,Poland,2025,10
Rudersdal,Portugal,2025,9
Rudersdal,Romania,2025,6
Rudersdal,Russia,2025,3
Rudersdal,Singapore,2025,5
Rudersdal,Slovakia,2025,5
Rudersdal,South Africa,2025,2
Rudersdal,South Korea,2025,4
Rudersdal,Spain,2025,16
Rudersdal,Sweden,2025,6
Rudersdal,Switzerland,2025,2
Rudersdal,Taiwan,2025,1
Rudersdal,Thailand,2025,4
Rudersdal,Tunisia,2025,1
Rudersdal,Turkey,2025,7
Rudersdal,USA,2025,29
Rudersdal,Ukraine,2025,30
Rudersdal,United Kingdom,2025,9
Rudersdal,Vietnam,2025,2
Rødovre,Afghanistan,2025,2
Rødovre,Argentina,2025,2
Rødovre,Austria,2025,1
Rødovre,Bangladesh,2025,17
Rødovre,Bosnia and Herzegovina,2025,2
Rødovre,Brazil,2025,2
Rødovre,Bulgaria,2025,20
Rødovre,Canada,2025,1
Rødovre,Chile,2025,1
Rødovre,China,2025,7
Rødovre,"Congo, Democratic Republic",2025,1
Rødovre,Croatia,2025,3
Rødovre,Cyprus,2025,1
Rødovre,Czech Republic,2025,2
Rødovre,Denmark,2025,112
Rødovre,Ethiopia,2025,1
Rødovre,Finland,2025,5
Rødovre,France,2025,7
Rødovre,Georgia,2025,1
Rødovre,Germany,2025,2
Rødovre,Greece,2025,7
Rødovre,Hungary,2025,10
Rødovre,Iceland,2025,5
Rødovre,India,2025,67
Rødovre,Iran,2025,28
Rødovre,Iraq,2025,4
Rødovre,Ireland,2025,4
Rødovre,Italy,2025,21
Rødovre,Japan,2025,4
Rødovre,Kazakhstan,2025,4
Rødovre,Latvia,2025,4
Rødovre,Lithuania,2025,11
Rødovre,Mexico,2025,1
Rødovre,Montenegro,2025,1
Rødovre,Nepal,2025,13
Rødovre,Netherlands,2025,1
Rødovre,Norway,2025,6
Rødovre,Not stated,2025,1
Rødovre,Pakistan,2025,9
Rødovre,Philippines,2025,2
Rødovre,Poland,2025,21
Rødovre,Portugal,2025,18
Rødovre,Republic of North Macedonia,2025,1
Rødovre,Romania,2025,41
Rødovre,Russia,2025,4
Rødovre,Slovakia,2025,1
Rødovre,Slovenia,2025,1
Rødovre,South Africa,2025,1
Rødovre,South Korea,2025,2
Rødovre,Spain,2025,13
Rødovre,Sri Lanka,2025,3
Rødovre,Stateless,2025,1
Rødovre,Sweden,2025,15
Rødovre,Switzerland,2025,1
Rødovre,Syria,2025,4
Rødovre,Turkey,2025,6
Rødovre,USA,2025,7
Rødovre,Ukraine,2025,29
Rødovre,United Kingdom,2025,9
Rødovre,Uruguay,2025,1
Rødovre,Vietnam,2025,3
Rødovre,Zimbabwe,2025,1
Samsø,Denmark,2025,13
Samsø,France,2025,1
Samsø,Germany,2025,5
Samsø,Italy,2025,1
Samsø,Lithuania,2025,2
Samsø,Norway,2025,1
Samsø,Poland,2025,4
Samsø,Spain,2025,1
Silkeborg,Argentina,2025,1
Silkeborg,Australia,2025,2
Silkeborg,Azerbaijan,2025,1
Silkeborg,Bangladesh,2025,1
Silkeborg,Bosnia and Herzegovina,2025,2
Silkeborg,Brazil,2025,4
Silkeborg,Canada,2025,2
Silkeborg,Chile,2025,1
Silkeborg,China,2025,5
Silkeborg,"Congo, Democratic Republic",2025,1
Silkeborg,Denmark,2025,184
Silkeborg,Eritrea,2025,4
Silkeborg,Finland,2025,1
Silkeborg,Germany,2025,5
Silkeborg,Hungary,2025,6
Silkeborg,Iceland,2025,9
Silkeborg,India,2025,3
Silkeborg,Iran,2025,1
Silkeborg,Italy,2025,8
Silkeborg,Japan,2025,10
Silkeborg,Kazakhstan,2025,2
Silkeborg,Kenya,2025,1
Silkeborg,Latvia,2025,6
Silkeborg,Lithuania,2025,18
Silkeborg,Malaysia,2025,1
Silkeborg,Mexico,2025,1
Silkeborg,Nepal,2025,1
Silkeborg,Netherlands,2025,3
Silkeborg,Norway,2025,3
Silkeborg,Peru,2025,1
Silkeborg,Philippines,2025,2
Silkeborg,Poland,2025,45
Silkeborg,Romania,2025,56
Silkeborg,Russia,2025,1
Silkeborg,Serbia,2025,3
Silkeborg,Slovakia,2025,1
Silkeborg,South Korea,2025,1
Silkeborg,Stateless,2025,1
Silkeborg,Sweden,2025,5
Silkeborg,Syria,2025,22
Silkeborg,Tanzania,2025,4
Silkeborg,Thailand,2025,2
Silkeborg,Turkey,2025,4
Silkeborg,USA,2025,2
Silkeborg,Ukraine,2025,56
Silkeborg,United Kingdom,2025,1
Silkeborg,Vietnam,2025,6
Silkeborg,Zambia,2025,2
Skanderborg,Afghanistan,2025,7
Skanderborg,Australia,2025,3
Skanderborg,Brazil,2025,2
Skanderborg,Bulgaria,2025,1
Skanderborg,Canada,2025,1
Skanderborg,Chile,2025,2
Skanderborg,Czech Republic,2025,2
Skanderborg,Denmark,2025,135
Skanderborg,Eritrea,2025,3
Skanderborg,Germany,2025,7
Skanderborg,Hungary,2025,2
Skanderborg,Iceland,2025,1
Skanderborg,India,2025,5
Skanderborg,Italy,2025,8
Skanderborg,Japan,2025,2
Skanderborg,Latvia,2025,2
Skanderborg,Lithuania,2025,1
Skanderborg,Netherlands,2025,2
Skanderborg,Norway,2025,4
Skanderborg,Philippines,2025,1
Skanderborg,Poland,2025,36
Skanderborg,Romania,2025,9
Skanderborg,Russia,2025,2
Skanderborg,Slovakia,2025,3
Skanderborg,Spain,2025,1
Skanderborg,Syria,2025,16
Skanderborg,Tanzania,2025,1
Skanderborg,Thailand,2025,1
Skanderborg,Turkey,2025,4
Skanderborg,USA,2025,2
Skanderborg,Ukraine,2025,33
Skanderborg,United Kingdom,2025,1
Skive,Albania,2025,1
Skive,Denmark,2025,75
Skive,Eritrea,2025,2
Skive,France,2025,2
Skive,Germany,2025,7
Skive,Ghana,2025,1
Skive,Greece,2025,3
Skive,Iceland,2025,7
Skive,India,2025,4
Skive,Italy,2025,4
Skive,Japan,2025,1
Skive,Kenya,2025,1
Skive,Latvia,2025,5
Skive,Lithuania,2025,6
Skive,Norway,2025,6
Skive,Poland,2025,24
Skive,Portugal,2025,1
Skive,Romania,2025,34
Skive,Slovenia,2025,1
Skive,Spain,2025,1
Skive,Sweden,2025,2
Skive,Syria,2025,15
Skive,Tanzania,2025,1
Skive,USA,2025,2
Skive,Uganda,2025,3
Skive,Ukraine,2025,27
Skive,Uzbekistan,2025,1
Skive,Venezuela,2025,1
Skive,Vietnam,2025,3
Slagelse,Argentina,2025,2
Slagelse,Bangladesh,2025,3
Slagelse,Bulgaria,2025,16
Slagelse,Canada,2025,5
Slagelse,China,2025,2
Slagelse,Croatia,2025,3
Slagelse,Denmark,2025,180
Slagelse,Eritrea,2025,6
Slagelse,Estonia,2025,1
Slagelse,France,2025,2
Slagelse,Germany,2025,2
Slagelse,Ghana,2025,3
Slagelse,Greece,2025,4
Slagelse,Hungary,2025,3
Slagelse,Iceland,2025,2
Slagelse,India,2025,16
Slagelse,Iran,2025,5
Slagelse,Ireland,2025,6
Slagelse,Italy,2025,4
Slagelse,Japan,2025,1
Slagelse,Latvia,2025,5
Slagelse,Lithuania,2025,7
Slagelse,Netherlands,2025,4
Slagelse,Nigeria,2025,1
Slagelse,Norway,2025,5
Slagelse,Pakistan,2025,8
Slagelse,Philippines,2025,1
Slagelse,Poland,2025,16
Slagelse,Republic of North Macedonia,2025,3
Slagelse,Romania,2025,38
Slagelse,Serbia,2025,1
Slagelse,South Africa,2025,1
Slagelse,Spain,2025,8
Slagelse,Sri Lanka,2025,1
Slagelse,Stateless,2025,2
Slagelse,Sweden,2025,17
Slagelse,Syria,2025,25
Slagelse,Thailand,2025,2
Slagelse,Tunisia,2025,1
Slagelse,Turkey,2025,8
Slagelse,USA,2025,5
Slagelse,Ukraine,2025,60
Slagelse,United Kingdom,2025,3
Slagelse,Uzbekistan,2025,1
Slagelse,Vietnam,2025,2
Solrød,Albania,2025,5
Solrød,Australia,2025,1
Solrød,Bangladesh,2025,2
Solrød,Belgium,2025,1
Solrød,Bulgaria,2025,2
Solrød,China,2025,4
Solrød,Czech Republic,2025,1
Solrød,Denmark,2025,33
Solrød,Germany,2025,3
Solrød,Greece,2025,1
Solrød,Hungary,2025,2
Solrød,Iceland,2025,1
Solrød,India,2025,2
Solrød,Iran,2025,2
Solrød,Latvia,2025,3
Solrød,Lithuania,2025,8
Solrød,Mexico,2025,1
Solrød,Netherlands,2025,1
Solrød,Norway,2025,1
Solrød,Poland,2025,28
Solrød,Romania,2025,4
Solrød,South Africa,2025,2
Solrød,Stateless,2025,1
Solrød,Sweden,2025,3
Solrød,Syria,2025,13
Solrød,Turkey,2025,3
Solrød,USA,2025,2
Solrød,Ukraine,2025,10
Solrød,United Kingdom,2025,2
Sorø,Belarus,2025,2
Sorø,Bulgaria,2025,3
Sorø,Cameroon,2025,2
Sorø,Chile,2025,1
Sorø,Denmark,2025,49
Sorø,Eritrea,2025,3
Sorø,Germany,2025,1
Sorø,Italy,2025,4
Sorø,Japan,2025,1
Sorø,Kosovo,2025,1
Sorø,Lithuania,2025,8
Sorø,Moldova,2025,1
Sorø,Panama,2025,1
Sorø,Poland,2025,9
Sorø,Romania,2025,25
Sorø,Russia,2025,2
Sorø,Sweden,2025,2
Sorø,Syria,2025,6
Sorø,Turkey,2025,1
Sorø,USA,2025,1
Sorø,Ukraine,2025,8
Stevns,Albania,2025,1
Stevns,Argentina,2025,1
Stevns,Brazil,2025,1
Stevns,Bulgaria,2025,7
Stevns,Croatia,2025,1
Stevns,Denmark,2025,42
Stevns,Eritrea,2025,5
Stevns,Greece,2025,3
Stevns,Hungary,2025,3
Stevns,India,2025,7
Stevns,Iraq,2025,1
Stevns,Italy,2025,3
Stevns,Latvia,2025,5
Stevns,Lithuania,2025,19
Stevns,Moldova,2025,1
Stevns,Netherlands,2025,4
Stevns,Nigeria,2025,1
Stevns,Norway,2025,1
Stevns,Poland,2025,4
Stevns,Romania,2025,32
Stevns,Somalia,2025,1
Stevns,Sweden,2025,4
Stevns,Turkey,2025,2
Stevns,Ukraine,2025,19
Stevns,United Kingdom,2025,2
Stevns,Uzbekistan,2025,2
Stevns,Venezuela,2025,1
Stevns,Vietnam,2025,1
Struer,Afghanistan,2025,4
Struer,Australia,2025,1
Struer,Brazil,2025,1
Struer,Bulgaria,2025,5
Struer,Cyprus,2025,1
Struer,Czech Republic,2025,11
Struer,Denmark,2025,37
Struer,Egypt,2025,1
Struer,Estonia,2025,3
Struer,France,2025,3
Struer,Hungary,2025,4
Struer,India,2025,5
Struer,Iraq,2025,1
Struer,Italy,2025,4
Struer,Latvia,2025,7
Struer,Lithuania,2025,3
Struer,Norway,2025,2
Struer,Poland,2025,18
Struer,Romania,2025,47
Struer,Slovakia,2025,2
Struer,Spain,2025,2
Struer,Sweden,2025,1
Struer,Syria,2025,6
Struer,Tanzania,2025,4
Struer,Thailand,2025,1
Struer,USA,2025,1
Struer,Uganda,2025,1
Struer,Ukraine,2025,8
Struer,Vietnam,2025,2
Svendborg,Argentina,2025,4
Svendborg,Australia,2025,8
Svendborg,Austria,2025,1
Svendborg,Bangladesh,2025,3
Svendborg,Belgium,2025,1
Svendborg,Brazil,2025,2
Svendborg,Canada,2025,5
Svendborg,Colombia,2025,1
Svendborg,Costa Rica,2025,2
Svendborg,Czech Republic,2025,2
Svendborg,Denmark,2025,124
Svendborg,Eritrea,2025,2
Svendborg,Estonia,2025,2
Svendborg,France,2025,1
Svendborg,Germany,2025,10
Svendborg,Hungary,2025,1
Svendborg,Iceland,2025,3
Svendborg,Iran,2025,1
Svendborg,Italy,2025,3
Svendborg,Japan,2025,7
Svendborg,Kosovo,2025,2
Svendborg,Lithuania,2025,3
Svendborg,Mexico,2025,4
Svendborg,Mozambique,2025,1
Svendborg,Nepal,2025,2
Svendborg,New Zealand,2025,3
Svendborg,Norway,2025,1
Svendborg,Philippines,2025,1
Svendborg,Poland,2025,15
Svendborg,Romania,2025,3
Svendborg,Slovakia,2025,1
Svendborg,Spain,2025,3
Svendborg,Sweden,2025,6
Svendborg,Switzerland,2025,1
Svendborg,Syria,2025,1
Svendborg,USA,2025,7
Svendborg,Ukraine,2025,67
Svendborg,United Kingdom,2025,5
Svendborg,Uruguay,2025,1
Svendborg,Vietnam,2025,2
Syddjurs,Australia,2025,2
Syddjurs,Austria,2025,3
Syddjurs,Belgium,2025,3
Syddjurs,Brazil,2025,2
Syddjurs,Bulgaria,2025,1
Syddjurs,Canada,2025,2
Syddjurs,Denmark,2025,126
Syddjurs,France,2025,2
Syddjurs,Germany,2025,18
Syddjurs,Hungary,2025,3
Syddjurs,Iceland,2025,3
Syddjurs,India,2025,2
Syddjurs,Italy,2025,6
Syddjurs,Japan,2025,23
Syddjurs,Kenya,2025,2
Syddjurs,Lithuania,2025,15
Syddjurs,Luxembourg,2025,2
Syddjurs,Mexico,2025,1
Syddjurs,Netherlands,2025,18
Syddjurs,Norway,2025,15
Syddjurs,Poland,2025,12
Syddjurs,Portugal,2025,2
Syddjurs,Romania,2025,12
Syddjurs,Singapore,2025,1
Syddjurs,South Korea,2025,1
Syddjurs,Spain,2025,2
Syddjurs,Stateless,2025,1
Syddjurs,Sweden,2025,3
Syddjurs,Syria,2025,5
Syddjurs,Thailand,2025,1
Syddjurs,USA,2025,4
Syddjurs,Ukraine,2025,45
Syddjurs,United Kingdom,2025,2
Syddjurs,Vietnam,2025,1
Sønderborg,Australia,2025,5
Sønderborg,Bangladesh,2025,5
Sønderborg,Bosnia and Herzegovina,2025,1
Sønderborg,Brazil,2025,8
Sønderborg,Bulgaria,2025,6
Sønderborg,Cameroon,2025,1
Sønderborg,Canada,2025,1
Sønderborg,Chile,2025,1
Sønderborg,China,2025,5
Sønderborg,Colombia,2025,2
Sønderborg,Croatia,2025,6
Sønderborg,Cyprus,2025,3
Sønderborg,Czech Republic,2025,14
Sønderborg,Denmark,2025,188
Sønderborg,Egypt,2025,2
Sønderborg,Estonia,2025,1
Sønderborg,Ethiopia,2025,1
Sønderborg,Finland,2025,1
Sønderborg,France,2025,6
Sønderborg,Germany,2025,117
Sønderborg,Greece,2025,6
Sønderborg,Hungary,2025,18
Sønderborg,Iceland,2025,11
Sønderborg,India,2025,17
Sønderborg,Iran,2025,7
Sønderborg,Iraq,2025,3
Sønderborg,Ireland,2025,4
Sønderborg,Italy,2025,16
Sønderborg,Jordan,2025,3
Sønderborg,Kazakhstan,2025,1
Sønderborg,Kenya,2025,1
Sønderborg,Kosovo,2025,2
Sønderborg,Latvia,2025,6
Sønderborg,Lithuania,2025,14
Sønderborg,Malaysia,2025,1
Sønderborg,Mexico,2025,8
Sønderborg,Netherlands,2025,5
Sønderborg,Norway,2025,4
Sønderborg,Pakistan,2025,6
Sønderborg,Philippines,2025,2
Sønderborg,Poland,2025,49
Sønderborg,Portugal,2025,8
Sønderborg,Romania,2025,29
Sønderborg,Russia,2025,3
Sønderborg,Singapore,2025,2
Sønderborg,Slovakia,2025,17
Sønderborg,Slovenia,2025,1
Sønderborg,South Korea,2025,2
Sønderborg,Spain,2025,15
Sønderborg,Stateless,2025,1
Sønderborg,Sweden,2025,6
Sønderborg,Switzerland,2025,2
Sønderborg,Syria,2025,16
Sønderborg,Taiwan,2025,1
Sønderborg,Thailand,2025,2
Sønderborg,Tunisia,2025,3
Sønderborg,Turkey,2025,2
Sønderborg,USA,2025,13
Sønderborg,Uganda,2025,2
Sønderborg,Ukraine,2025,73
Sønderborg,United Kingdom,2025,2
Sønderborg,Uzbekistan,2025,2
Sønderborg,Venezuela,2025,2
Thisted,Afghanistan,2025,3
Thisted,Bosnia and Herzegovina,2025,2
Thisted,Bulgaria,2025,1
Thisted,China,2025,2
Thisted,"Congo, Democratic Republic",2025,1
Thisted,Croatia,2025,2
Thisted,Denmark,2025,47
Thisted,Eritrea,2025,1
Thisted,Estonia,2025,2
Thisted,Finland,2025,1
Thisted,Georgia,2025,1
Thisted,Germany,2025,7
Thisted,Ghana,2025,1
Thisted,Iceland,2025,1
Thisted,India,2025,1
Thisted,Lithuania,2025,13
Thisted,Netherlands,2025,2
Thisted,Nigeria,2025,1
Thisted,Norway,2025,3
Thisted,Poland,2025,35
Thisted,Romania,2025,8
Thisted,Serbia,2025,1
Thisted,Slovakia,2025,2
Thisted,Somalia,2025,4
Thisted,Spain,2025,5
Thisted,Stateless,2025,1
Thisted,Sweden,2025,1
Thisted,Switzerland,2025,1
Thisted,Syria,2025,13
Thisted,Tanzania,2025,3
Thisted,Thailand,2025,1
Thisted,Uganda,2025,2
Thisted,Ukraine,2025,34
Thisted,United Kingdom,2025,5
Thisted,Vietnam,2025,2
Tårnby,Australia,2025,2
Tårnby,Bangladesh,2025,9
Tårnby,Belgium,2025,5
Tårnby,Bosnia and Herzegovina,2025,2
Tårnby,Brazil,2025,3
Tårnby,Bulgaria,2025,17
Tårnby,Canada,2025,3
Tårnby,Chile,2025,2
Tårnby,China,2025,13
Tårnby,Costa Rica,2025,1
Tårnby,Croatia,2025,1
Tårnby,Czech Republic,2025,7
Tårnby,Denmark,2025,92
Tårnby,Eritrea,2025,1
Tårnby,Estonia,2025,1
Tårnby,France,2025,3
Tårnby,Germany,2025,5
Tårnby,Greece,2025,2
Tårnby,Hungary,2025,3
Tårnby,Iceland,2025,6
Tårnby,India,2025,2
Tårnby,Indonesia,2025,1
Tårnby,Iran,2025,5
Tårnby,Ireland,2025,3
Tårnby,Italy,2025,21
Tårnby,Latvia,2025,1
Tårnby,Lithuania,2025,1
Tårnby,Moldova,2025,1
Tårnby,Nepal,2025,1
Tårnby,Netherlands,2025,2
Tårnby,Norway,2025,6
Tårnby,Philippines,2025,1
Tårnby,Poland,2025,5
Tårnby,Portugal,2025,3
Tårnby,Romania,2025,14
Tårnby,Russia,2025,2
Tårnby,Slovakia,2025,2
Tårnby,South Korea,2025,2
Tårnby,Spain,2025,8
Tårnby,Sweden,2025,11
Tårnby,Switzerland,2025,1
Tårnby,Syria,2025,1
Tårnby,Thailand,2025,2
Tårnby,Turkey,2025,2
Tårnby,USA,2025,11
Tårnby,Uganda,2025,1
Tårnby,Ukraine,2025,27
Tårnby,United Kingdom,2025,3
Tårnby,Vietnam,2025,2
Tønder,Australia,2025,1
Tønder,Bangladesh,2025,1
Tønder,Belgium,2025,1
Tønder,Bosnia and Herzegovina,2025,1
Tønder,Brazil,2025,7
Tønder,Bulgaria,2025,1
Tønder,Cameroon,2025,1
Tønder,Colombia,2025,1
Tønder,Croatia,2025,1
Tønder,Czech Republic,2025,3
Tønder,Denmark,2025,51
Tønder,France,2025,5
Tønder,Germany,2025,92
Tønder,Ghana,2025,2
Tønder,Hungary,2025,2
Tønder,India,2025,17
Tønder,Iran,2025,4
Tønder,Ireland,2025,1
Tønder,Italy,2025,5
Tønder,Japan,2025,28
Tønder,Kosovo,2025,1
Tønder,Latvia,2025,3
Tønder,Lithuania,2025,3
Tønder,Malaysia,2025,1
Tønder,Netherlands,2025,1
Tønder,New Zealand,2025,1
Tønder,Poland,2025,23
Tønder,Portugal,2025,3
Tønder,Romania,2025,62
Tønder,Serbia,2025,1
Tønder,South Africa,2025,1
Tønder,Spain,2025,1
Tønder,Syria,2025,1
Tønder,Tanzania,2025,2
Tønder,Thailand,2025,2
Tønder,Turkey,2025,1
Tønder,USA,2025,1
Tønder,Uganda,2025,5
Tønder,Ukraine,2025,32
Tønder,United Kingdom,2025,2
Tønder,Uzbekistan,2025,5
Tønder,Vietnam,2025,11
Vallensbæk,Argentina,2025,1
Vallensbæk,Armenia,2025,1
Vallensbæk,Bangladesh,2025,11
Vallensbæk,Belgium,2025,1
Vallensbæk,Bulgaria,2025,20
Vallensbæk,Chile,2025,5
Vallensbæk,China,2025,3
Vallensbæk,Croatia,2025,2
Vallensbæk,Czech Republic,2025,1
Vallensbæk,Denmark,2025,59
Vallensbæk,Egypt,2025,2
Vallensbæk,Eritrea,2025,4
Vallensbæk,Finland,2025,1
Vallensbæk,France,2025,2
Vallensbæk,Germany,2025,1
Vallensbæk,Greece,2025,2
Vallensbæk,Hungary,2025,1
Vallensbæk,India,2025,19
Vallensbæk,Iran,2025,15
Vallensbæk,Iraq,2025,3
Vallensbæk,Ireland,2025,3
Vallensbæk,Italy,2025,4
Vallensbæk,Japan,2025,2
Vallensbæk,Lithuania,2025,3
Vallensbæk,Moldova,2025,1
Vallensbæk,Nepal,2025,14
Vallensbæk,New Zealand,2025,2
Vallensbæk,Norway,2025,6
Vallensbæk,Pakistan,2025,18
Vallensbæk,Poland,2025,12
Vallensbæk,Portugal,2025,8
Vallensbæk,Romania,2025,20
Vallensbæk,Slovakia,2025,2
Vallensbæk,South Africa,2025,1
Vallensbæk,Spain,2025,6
Vallensbæk,Sri Lanka,2025,12
Vallensbæk,Sweden,2025,6
Vallensbæk,Trinidad and Tobago,2025,1
Vallensbæk,Turkey,2025,8
Vallensbæk,USA,2025,5
Vallensbæk,Ukraine,2025,21
Vallensbæk,United Kingdom,2025,3
Vallensbæk,Vietnam,2025,1
Varde,Austria,2025,1
Varde,Bosnia and Herzegovina,2025,1
Varde,Brazil,2025,3
Varde,Bulgaria,2025,2
Varde,Canada,2025,3
Varde,Croatia,2025,1
Varde,Czech Republic,2025,2
Varde,Denmark,2025,71
Varde,Finland,2025,2
Varde,France,2025,1
Varde,Germany,2025,13
Varde,Hungary,2025,4
Varde,Iceland,2025,3
Varde,India,2025,1
Varde,Italy,2025,3
Varde,Kenya,2025,1
Varde,Kyrgyzstan,2025,1
Varde,Latvia,2025,1
Varde,Lithuania,2025,5
Varde,Netherlands,2025,16
Varde,Philippines,2025,3
Varde,Poland,2025,25
Varde,Portugal,2025,3
Varde,Republic of North Macedonia,2025,2
Varde,Romania,2025,78
Varde,Russia,2025,1
Varde,Slovakia,2025,1
Varde,Spain,2025,2
Varde,Sweden,2025,1
Varde,Syria,2025,3
Varde,Tanzania,2025,3
Varde,Thailand,2025,1
Varde,USA,2025,1
Varde,Uganda,2025,5
Varde,Ukraine,2025,32
Varde,United Kingdom,2025,1
Varde,Vietnam,2025,7
Vejen,Argentina,2025,1
Vejen,Bangladesh,2025,3
Vejen,Brazil,2025,3
Vejen,Bulgaria,2025,5
Vejen,Canada,2025,1
Vejen,Croatia,2025,2
Vejen,Czech Republic,2025,1
Vejen,Denmark,2025,56
Vejen,Estonia,2025,1
Vejen,France,2025,1
Vejen,Germany,2025,6
Vejen,Ghana,2025,1
Vejen,Hungary,2025,12
Vejen,Iceland,2025,8
Vejen,India,2025,10
Vejen,Italy,2025,2
Vejen,Japan,2025,1
Vejen,Latvia,2025,1
Vejen,Lithuania,2025,5
Vejen,Morocco,2025,1
Vejen,Nepal,2025,1
Vejen,Netherlands,2025,2
Vejen,Norway,2025,1
Vejen,Philippines,2025,1
Vejen,Poland,2025,53
Vejen,Romania,2025,125
Vejen,Russia,2025,1
Vejen,South Africa,2025,1
Vejen,South Korea,2025,1
Vejen,Stateless,2025,2
Vejen,Sudan,2025,1
Vejen,Switzerland,2025,1
Vejen,Syria,2025,3
Vejen,Tanzania,2025,2
Vejen,USA,2025,3
Vejen,Uganda,2025,2
Vejen,Ukraine,2025,21
Vejen,United Kingdom,2025,1
Vejen,Vietnam,2025,14
Vejle,Afghanistan,2025,5
Vejle,Albania,2025,1
Vejle,Argentina,2025,3
Vejle,Australia,2025,4
Vejle,Austria,2025,2
Vejle,Belgium,2025,15
Vejle,Bosnia and Herzegovina,2025,6
Vejle,Brazil,2025,6
Vejle,Bulgaria,2025,16
Vejle,Cameroon,2025,2
Vejle,Canada,2025,3
Vejle,Chile,2025,3
Vejle,China,2025,12
Vejle,"Congo, Democratic Republic",2025,1
Vejle,Costa Rica,2025,1
Vejle,Croatia,2025,5
Vejle,Czech Republic,2025,4
Vejle,Denmark,2025,249
Vejle,Estonia,2025,3
Vejle,Finland,2025,4
Vejle,France,2025,11
Vejle,"Gambia, The",2025,1
Vejle,Germany,2025,15
Vejle,Ghana,2025,2
Vejle,Greece,2025,3
Vejle,Hungary,2025,19
Vejle,Iceland,2025,19
Vejle,India,2025,7
Vejle,Indonesia,2025,1
Vejle,Iran,2025,16
Vejle,Iraq,2025,7
Vejle,Ireland,2025,5
Vejle,Italy,2025,20
Vejle,Japan,2025,40
Vejle,Kazakhstan,2025,1
Vejle,Kenya,2025,2
Vejle,Latvia,2025,6
Vejle,Lithuania,2025,43
Vejle,Mexico,2025,7
Vejle,Moldova,2025,2
Vejle,Morocco,2025,1
Vejle,Nepal,2025,2
Vejle,Netherlands,2025,19
Vejle,New Zealand,2025,2
Vejle,Norway,2025,14
Vejle,Philippines,2025,12
Vejle,Poland,2025,136
Vejle,Portugal,2025,10
Vejle,Romania,2025,166
Vejle,Russia,2025,5
Vejle,Saudi Arabia,2025,1
Vejle,Serbia,2025,2
Vejle,Sierra Leone,2025,2
Vejle,Slovakia,2025,2
Vejle,Slovenia,2025,2
Vejle,South Africa,2025,1
Vejle,Spain,2025,31
Vejle,Sri Lanka,2025,12
Vejle,Stateless,2025,2
Vejle,Sweden,2025,5
Vejle,Syria,2025,28
Vejle,Tunisia,2025,1
Vejle,Turkey,2025,7
Vejle,USA,2025,22
Vejle,Uganda,2025,6
Vejle,Ukraine,2025,100
Vejle,United Kingdom,2025,10
Vejle,Uzbekistan,2025,1
Vejle,Venezuela,2025,1
Vejle,Vietnam,2025,14
Vejle,"Yugoslavia, Federal Republic",2025,1
Vejle,Zimbabwe,2025,1
Vesthimmerlands,Argentina,2025,2
Vesthimmerlands,Brazil,2025,1
Vesthimmerlands,Bulgaria,2025,9
Vesthimmerlands,Costa Rica,2025,1
Vesthimmerlands,Denmark,2025,53
Vesthimmerlands,Finland,2025,1
Vesthimmerlands,France,2025,1
Vesthimmerlands,Germany,2025,12
Vesthimmerlands,Ghana,2025,4
Vesthimmerlands,Hungary,2025,1
Vesthimmerlands,India,2025,13
Vesthimmerlands,Iran,2025,1
Vesthimmerlands,Italy,2025,5
Vesthimmerlands,Kenya,2025,2
Vesthimmerlands,Latvia,2025,3
Vesthimmerlands,Lithuania,2025,10
Vesthimmerlands,Mexico,2025,30
Vesthimmerlands,Moldova,2025,3
Vesthimmerlands,Nepal,2025,3
Vesthimmerlands,Netherlands,2025,2
Vesthimmerlands,Norway,2025,5
Vesthimmerlands,Philippines,2025,1
Vesthimmerlands,Poland,2025,29
Vesthimmerlands,Portugal,2025,3
Vesthimmerlands,Romania,2025,31
Vesthimmerlands,Russia,2025,1
Vesthimmerlands,Slovakia,2025,1
Vesthimmerlands,Spain,2025,2
Vesthimmerlands,Switzerland,2025,1
Vesthimmerlands,Syria,2025,2
Vesthimmerlands,Tanzania,2025,1
Vesthimmerlands,Thailand,2025,10
Vesthimmerlands,Turkey,2025,3
Vesthimmerlands,USA,2025,1
Vesthimmerlands,Uganda,2025,8
Vesthimmerlands,Ukraine,2025,33
Vesthimmerlands,United Kingdom,2025,1
Vesthimmerlands,Uzbekistan,2025,1
Vesthimmerlands,Vietnam,2025,3
Viborg,Afghanistan,2025,1
Viborg,Australia,2025,8
Viborg,Bahrain,2025,1
Viborg,Bangladesh,2025,1
Viborg,Belarus,2025,1
Viborg,Belgium,2025,6
Viborg,Brazil,2025,2
Viborg,Bulgaria,2025,7
Viborg,Canada,2025,1
Viborg,China,2025,15
Viborg,"Congo, Democratic Republic",2025,1
Viborg,Czech Republic,2025,7
Viborg,Denmark,2025,213
Viborg,Egypt,2025,1
Viborg,El Salvador,2025,2
Viborg,Eritrea,2025,1
Viborg,Estonia,2025,4
Viborg,Finland,2025,1
Viborg,France,2025,12
Viborg,"Gambia, The",2025,1
Viborg,Germany,2025,24
Viborg,Ghana,2025,1
Viborg,Guatemala,2025,1
Viborg,Hungary,2025,8
Viborg,Iceland,2025,4
Viborg,India,2025,20
Viborg,Iran,2025,8
Viborg,Iraq,2025,4
Viborg,Ireland,2025,14
Viborg,Italy,2025,13
Viborg,Japan,2025,20
Viborg,Kenya,2025,2
Viborg,Kyrgyzstan,2025,1
Viborg,Latvia,2025,8
Viborg,Lesotho,2025,1
Viborg,Lithuania,2025,32
Viborg,Moldova,2025,1
Viborg,Netherlands,2025,11
Viborg,New Zealand,2025,3
Viborg,Nigeria,2025,2
Viborg,Norway,2025,8
Viborg,Pakistan,2025,7
Viborg,Peru,2025,2
Viborg,Philippines,2025,4
Viborg,Poland,2025,69
Viborg,Portugal,2025,12
Viborg,Romania,2025,166
Viborg,Russia,2025,1
Viborg,Serbia and Montenegro,2025,1
Viborg,Slovakia,2025,9
Viborg,Slovenia,2025,7
Viborg,Somalia,2025,2
Viborg,South Africa,2025,1
Viborg,Spain,2025,15
Viborg,Stateless,2025,3
Viborg,Sweden,2025,7
Viborg,Switzerland,2025,1
Viborg,Syria,2025,19
Viborg,Tanzania,2025,10
Viborg,Thailand,2025,6
Viborg,Tunisia,2025,1
Viborg,Turkey,2025,1
Viborg,USA,2025,9
Viborg,Uganda,2025,9
Viborg,Ukraine,2025,91
Viborg,United Kingdom,2025,13
Viborg,Vietnam,2025,8
Vordingborg,Algeria,2025,2
Vordingborg,Argentina,2025,1
Vordingborg,Austria,2025,1
Vordingborg,Bangladesh,2025,4
Vordingborg,Belgium,2025,1
Vordingborg,Brazil,2025,3
Vordingborg,Bulgaria,2025,12
Vordingborg,China,2025,9
Vordingborg,Colombia,2025,2
Vordingborg,Croatia,2025,3
Vordingborg,Czech Republic,2025,1
Vordingborg,Denmark,2025,62
Vordingborg,Egypt,2025,9
Vordingborg,Estonia,2025,1
Vordingborg,Ethiopia,2025,26
Vordingborg,France,2025,1
Vordingborg,Germany,2025,11
Vordingborg,Greece,2025,3
Vordingborg,Hungary,2025,1
Vordingborg,Iceland,2025,6
Vordingborg,India,2025,81
Vordingborg,Iraq,2025,1
Vordingborg,Ireland,2025,2
Vordingborg,Italy,2025,49
Vordingborg,Japan,2025,12
Vordingborg,Jordan,2025,1
Vordingborg,Latvia,2025,8
Vordingborg,Lithuania,2025,3
Vordingborg,Malaysia,2025,1
Vordingborg,Mexico,2025,2
Vordingborg,Moldova,2025,1
Vordingborg,Mozambique,2025,1
Vordingborg,Nepal,2025,5
Vordingborg,Netherlands,2025,4
Vordingborg,Nigeria,2025,3
Vordingborg,Norway,2025,4
Vordingborg,Pakistan,2025,37
Vordingborg,Philippines,2025,9
Vordingborg,Poland,2025,22
Vordingborg,Portugal,2025,18
Vordingborg,Romania,2025,80
Vordingborg,Slovakia,2025,2
Vordingborg,Somalia,2025,1
Vordingborg,South Africa,2025,2
Vordingborg,South Korea,2025,2
Vordingborg,Spain,2025,7
Vordingborg,Stateless,2025,1
Vordingborg,Sweden,2025,2
Vordingborg,Syria,2025,18
Vordingborg,Thailand,2025,52
Vordingborg,USA,2025,3
Vordingborg,Uganda,2025,1
Vordingborg,Ukraine,2025,27
Vordingborg,United Kingdom,2025,1
Vordingborg,Vietnam,2025,1
Ærø,Argentina,2025,1
Ærø,Denmark,2025,39
Ærø,Finland,2025,1
Ærø,France,2025,1
Ærø,Germany,2025,10
Ærø,Hungary,2025,2
Ærø,Ireland,2025,1
Ærø,Italy,2025,1
Ærø,Japan,2025,1
Ærø,Norway,2025,1
Ærø,Philippines,2025,1
Ærø,Poland,2025,3
Ærø,Romania,2025,11
Ærø,Spain,2025,3
Ærø,USA,2025,1
Ærø,Ukraine,2025,2
