kommune,citizenship,year,count
Aabenraa,Afghanistan,2020,1
Aabenraa,Albania,2020,1
Aabenraa,Australia,2020,1
Aabenraa,Austria,2020,1
Aabenraa,Belgium,2020,2
Aabenraa,Bosnia and Herzegovina,2020,1
Aabenraa,Brazil,2020,11
Aabenraa,Bulgaria,2020,5
Aabenraa,Canada,2020,1
Aabenraa,Chile,2020,1
Aabenraa,China,2020,4
Aabenraa,Colombia,2020,1
Aabenraa,Croatia,2020,5
Aabenraa,Czech Republic,2020,1
Aabenraa,Denmark,2020,247
Aabenraa,France,2020,2
Aabenraa,"Gambia, The",2020,2
Aabenraa,Germany,2020,243
Aabenraa,Hungary,2020,11
Aabenraa,Iceland,2020,2
Aabenraa,India,2020,2
Aabenraa,Iraq,2020,1
Aabenraa,Ireland,2020,4
Aabenraa,Italy,2020,4
Aabenraa,Jamaica,2020,1
Aabenraa,Japan,2020,1
Aabenraa,Kenya,2020,1
Aabenraa,Latvia,2020,11
Aabenraa,Lebanon,2020,1
Aabenraa,Lithuania,2020,11
Aabenraa,Netherlands,2020,5
Aabenraa,Norway,2020,3
Aabenraa,Not stated,2020,3
Aabenraa,Philippines,2020,1
Aabenraa,Poland,2020,16
Aabenraa,Portugal,2020,1
Aabenraa,Republic of North Macedonia,2020,1
Aabenraa,Romania,2020,76
Aabenraa,Russia,2020,1
Aabenraa,South Africa,2020,1
Aabenraa,Spain,2020,10
Aabenraa,Sri Lanka,2020,1
Aabenraa,Sweden,2020,3
Aabenraa,Syria,2020,10
Aabenraa,Thailand,2020,6
Aabenraa,Turkey,2020,1
Aabenraa,Ukraine,2020,26
Aabenraa,United Kingdom,2020,4
Aabenraa,Vietnam,2020,6
Aalborg,Afghanistan,2020,7
Aalborg,Albania,2020,3
Aalborg,Algeria,2020,2
Aalborg,Argentina,2020,32
Aalborg,Armenia,2020,1
Aalborg,Australia,2020,4
Aalborg,Austria,2020,5
Aalborg,Bangladesh,2020,21
Aalborg,Belarus,2020,2
Aalborg,Belgium,2020,7
Aalborg,Bhutan,2020,1
Aalborg,Bosnia and Herzegovina,2020,1
Aalborg,Brazil,2020,14
Aalborg,Bulgaria,2020,59
Aalborg,Burundi,2020,1
Aalborg,Cameroon,2020,1
Aalborg,Canada,2020,13
Aalborg,Chile,2020,3
Aalborg,China,2020,116
Aalborg,Colombia,2020,3
Aalborg,Croatia,2020,31
Aalborg,Cuba,2020,1
Aalborg,Cyprus,2020,1
Aalborg,Czech Republic,2020,36
Aalborg,Denmark,2020,865
Aalborg,Dominican Republic,2020,1
Aalborg,Ecuador,2020,1
Aalborg,Egypt,2020,7
Aalborg,Eritrea,2020,7
Aalborg,Estonia,2020,19
Aalborg,Finland,2020,10
Aalborg,France,2020,45
Aalborg,Georgia,2020,2
Aalborg,Germany,2020,99
Aalborg,Ghana,2020,10
Aalborg,Greece,2020,17
Aalborg,Haiti,2020,1
Aalborg,Hungary,2020,50
Aalborg,Iceland,2020,20
Aalborg,India,2020,60
Aalborg,Indonesia,2020,6
Aalborg,Iran,2020,78
Aalborg,Iraq,2020,9
Aalborg,Ireland,2020,4
Aalborg,Israel,2020,1
Aalborg,Italy,2020,74
Aalborg,Ivory Coast,2020,1
Aalborg,Japan,2020,9
Aalborg,Jordan,2020,1
Aalborg,Kenya,2020,2
Aalborg,Latvia,2020,23
Aalborg,Lebanon,2020,5
Aalborg,Lithuania,2020,37
Aalborg,Malaysia,2020,5
Aalborg,Malta,2020,2
Aalborg,Mexico,2020,12
Aalborg,Morocco,2020,3
Aalborg,Nepal,2020,2
Aalborg,Netherlands,2020,25
Aalborg,Nigeria,2020,8
Aalborg,Norway,2020,90
Aalborg,Not stated,2020,1
Aalborg,Pakistan,2020,18
Aalborg,Panama,2020,1
Aalborg,Philippines,2020,20
Aalborg,Poland,2020,142
Aalborg,Portugal,2020,22
Aalborg,Romania,2020,133
Aalborg,Russia,2020,10
Aalborg,Rwanda,2020,3
Aalborg,Serbia,2020,4
Aalborg,Slovakia,2020,85
Aalborg,Slovenia,2020,5
Aalborg,South Africa,2020,3
Aalborg,South Korea,2020,6
Aalborg,South Sudan,2020,1
Aalborg,Spain,2020,57
Aalborg,Sri Lanka,2020,1
Aalborg,Stateless,2020,1
Aalborg,Sudan,2020,2
Aalborg,Sweden,2020,58
Aalborg,Switzerland,2020,4
Aalborg,Syria,2020,14
Aalborg,Taiwan,2020,3
Aalborg,Tanzania,2020,2
Aalborg,Thailand,2020,12
Aalborg,Togo,2020,3
Aalborg,Trinidad and Tobago,2020,1
Aalborg,Tunisia,2020,4
Aalborg,Turkey,2020,20
Aalborg,USA,2020,41
Aalborg,Uganda,2020,3
Aalborg,Ukraine,2020,32
Aalborg,United Kingdom,2020,37
Aalborg,Vietnam,2020,18
Aalborg,Zambia,2020,1
Aalborg,Zimbabwe,2020,3
Aarhus,Afghanistan,2020,3
Aarhus,Albania,2020,3
Aarhus,Algeria,2020,1
Aarhus,Argentina,2020,93
Aarhus,Armenia,2020,2
Aarhus,Asia not stated,2020,2
Aarhus,Australia,2020,47
Aarhus,Austria,2020,38
Aarhus,Azerbaijan,2020,1
Aarhus,Bangladesh,2020,17
Aarhus,Belarus,2020,5
Aarhus,Belgium,2020,69
Aarhus,Bosnia and Herzegovina,2020,2
Aarhus,Brazil,2020,34
Aarhus,Bulgaria,2020,62
Aarhus,Cameroon,2020,3
Aarhus,Canada,2020,43
Aarhus,Chile,2020,35
Aarhus,China,2020,131
Aarhus,Colombia,2020,8
Aarhus,Costa Rica,2020,2
Aarhus,Croatia,2020,33
Aarhus,Cuba,2020,1
Aarhus,Cyprus,2020,2
Aarhus,Czech Republic,2020,51
Aarhus,Denmark,2020,1796
Aarhus,Dominica,2020,1
Aarhus,Dominican Republic,2020,1
Aarhus,Ecuador,2020,1
Aarhus,Egypt,2020,14
Aarhus,Eritrea,2020,2
Aarhus,Estonia,2020,9
Aarhus,Ethiopia,2020,1
Aarhus,Finland,2020,53
Aarhus,France,2020,125
Aarhus,"Gambia, The",2020,3
Aarhus,Georgia,2020,4
Aarhus,Germany,2020,440
Aarhus,Ghana,2020,4
Aarhus,Greece,2020,37
Aarhus,Guatemala,2020,1
Aarhus,Guinea-Bissau,2020,1
Aarhus,Hungary,2020,93
Aarhus,Iceland,2020,94
Aarhus,India,2020,144
Aarhus,Indonesia,2020,8
Aarhus,Iran,2020,70
Aarhus,Iraq,2020,11
Aarhus,Ireland,2020,22
Aarhus,Israel,2020,6
Aarhus,Italy,2020,183
Aarhus,Japan,2020,26
Aarhus,Jordan,2020,3
Aarhus,Kazakhstan,2020,4
Aarhus,Kenya,2020,3
Aarhus,Kosovo,2020,1
Aarhus,Kyrgyzstan,2020,1
Aarhus,Latvia,2020,27
Aarhus,Lebanon,2020,11
Aarhus,Lithuania,2020,32
Aarhus,Luxembourg,2020,1
Aarhus,Malaysia,2020,4
Aarhus,Malta,2020,2
Aarhus,Mexico,2020,9
Aarhus,Montenegro,2020,2
Aarhus,Morocco,2020,8
Aarhus,Mozambique,2020,2
Aarhus,Myanmar,2020,1
Aarhus,Nepal,2020,3
Aarhus,Netherlands,2020,77
Aarhus,New Zealand,2020,6
Aarhus,Nicaragua,2020,1
Aarhus,Nigeria,2020,5
Aarhus,North Korea,2020,2
Aarhus,Norway,2020,231
Aarhus,Not stated,2020,42
Aarhus,Pakistan,2020,13
Aarhus,Panama,2020,1
Aarhus,Peru,2020,5
Aarhus,Philippines,2020,43
Aarhus,Poland,2020,197
Aarhus,Portugal,2020,38
Aarhus,Republic of North Macedonia,2020,2
Aarhus,Romania,2020,226
Aarhus,Russia,2020,26
Aarhus,Rwanda,2020,1
Aarhus,Samoa,2020,1
Aarhus,Saudi Arabia,2020,1
Aarhus,Serbia,2020,4
Aarhus,Singapore,2020,11
Aarhus,Slovakia,2020,65
Aarhus,Slovenia,2020,13
Aarhus,Somalia,2020,2
Aarhus,South Africa,2020,5
Aarhus,South Korea,2020,22
Aarhus,Spain,2020,173
Aarhus,Sri Lanka,2020,2
Aarhus,Stateless,2020,9
Aarhus,Sudan,2020,1
Aarhus,Sweden,2020,78
Aarhus,Switzerland,2020,34
Aarhus,Syria,2020,29
Aarhus,Taiwan,2020,9
Aarhus,Thailand,2020,21
Aarhus,Togo,2020,1
Aarhus,Tunisia,2020,2
Aarhus,Turkey,2020,49
Aarhus,USA,2020,108
Aarhus,Uganda,2020,4
Aarhus,Ukraine,2020,32
Aarhus,United Kingdom,2020,135
Aarhus,Vietnam,2020,20
Aarhus,Yemen,2020,2
Aarhus,Zambia,2020,1
Aarhus,Zimbabwe,2020,3
Albertslund,Bangladesh,2020,4
Albertslund,Belgium,2020,1
Albertslund,Bulgaria,2020,12
Albertslund,China,2020,5
Albertslund,Croatia,2020,3
Albertslund,Czech Republic,2020,2
Albertslund,Denmark,2020,79
Albertslund,Finland,2020,1
Albertslund,France,2020,3
Albertslund,"Gambia, The",2020,1
Albertslund,Germany,2020,12
Albertslund,Greece,2020,4
Albertslund,Hungary,2020,2
Albertslund,India,2020,8
Albertslund,Indonesia,2020,1
Albertslund,Iran,2020,3
Albertslund,Italy,2020,5
Albertslund,Jordan,2020,1
Albertslund,Latvia,2020,5
Albertslund,Lithuania,2020,4
Albertslund,Mexico,2020,1
Albertslund,Netherlands,2020,2
Albertslund,Nigeria,2020,1
Albertslund,Norway,2020,1
Albertslund,Not stated,2020,1
Albertslund,Pakistan,2020,11
Albertslund,Poland,2020,9
Albertslund,Portugal,2020,4
Albertslund,Romania,2020,15
Albertslund,Serbia,2020,1
Albertslund,Slovakia,2020,2
Albertslund,South Korea,2020,1
Albertslund,Spain,2020,10
Albertslund,Stateless,2020,2
Albertslund,Sweden,2020,13
Albertslund,Syria,2020,1
Albertslund,Thailand,2020,2
Albertslund,Turkey,2020,16
Albertslund,USA,2020,3
Albertslund,United Kingdom,2020,5
Allerød,Brazil,2020,2
Allerød,Bulgaria,2020,2
Allerød,China,2020,1
Allerød,Denmark,2020,105
Allerød,France,2020,1
Allerød,Germany,2020,2
Allerød,Ghana,2020,1
Allerød,Indonesia,2020,1
Allerød,Iran,2020,17
Allerød,Italy,2020,3
Allerød,Latvia,2020,1
Allerød,Lithuania,2020,7
Allerød,Malaysia,2020,1
Allerød,Netherlands,2020,2
Allerød,Philippines,2020,2
Allerød,Poland,2020,5
Allerød,Romania,2020,4
Allerød,Russia,2020,1
Allerød,Serbia,2020,1
Allerød,Singapore,2020,1
Allerød,Slovenia,2020,1
Allerød,Spain,2020,1
Allerød,Sweden,2020,3
Allerød,Syria,2020,9
Allerød,Thailand,2020,1
Allerød,Turkey,2020,8
Allerød,USA,2020,6
Allerød,United Kingdom,2020,4
Allerød,Vietnam,2020,1
Assens,Argentina,2020,1
Assens,Austria,2020,1
Assens,Brazil,2020,2
Assens,Bulgaria,2020,1
Assens,"Congo, Democratic Republic",2020,1
Assens,Denmark,2020,97
Assens,France,2020,1
Assens,Germany,2020,3
Assens,Hungary,2020,2
Assens,Iceland,2020,3
Assens,Italy,2020,1
Assens,Japan,2020,1
Assens,Lithuania,2020,28
Assens,Mexico,2020,1
Assens,Nepal,2020,4
Assens,Netherlands,2020,2
Assens,New Zealand,2020,1
Assens,Norway,2020,3
Assens,Panama,2020,1
Assens,Philippines,2020,1
Assens,Poland,2020,16
Assens,Romania,2020,35
Assens,Russia,2020,1
Assens,Slovakia,2020,10
Assens,Somalia,2020,1
Assens,Spain,2020,4
Assens,Sweden,2020,2
Assens,Syria,2020,9
Assens,Taiwan,2020,1
Assens,Thailand,2020,5
Assens,Ukraine,2020,13
Assens,United Kingdom,2020,5
Assens,Vietnam,2020,3
Ballerup,Afghanistan,2020,3
Ballerup,Algeria,2020,2
Ballerup,Argentina,2020,1
Ballerup,Bangladesh,2020,2
Ballerup,Brazil,2020,2
Ballerup,Bulgaria,2020,26
Ballerup,Cameroon,2020,1
Ballerup,Chile,2020,3
Ballerup,China,2020,4
Ballerup,Croatia,2020,1
Ballerup,Czech Republic,2020,1
Ballerup,Denmark,2020,101
Ballerup,Egypt,2020,1
Ballerup,Germany,2020,2
Ballerup,Honduras,2020,1
Ballerup,Hungary,2020,2
Ballerup,Iceland,2020,3
Ballerup,India,2020,22
Ballerup,Iraq,2020,1
Ballerup,Italy,2020,6
Ballerup,Japan,2020,2
Ballerup,Jordan,2020,1
Ballerup,Kazakhstan,2020,1
Ballerup,Lebanon,2020,1
Ballerup,Lithuania,2020,9
Ballerup,Morocco,2020,3
Ballerup,Netherlands,2020,5
Ballerup,Nigeria,2020,2
Ballerup,Norway,2020,3
Ballerup,Not stated,2020,3
Ballerup,Pakistan,2020,3
Ballerup,Philippines,2020,3
Ballerup,Poland,2020,7
Ballerup,Republic of North Macedonia,2020,4
Ballerup,Romania,2020,5
Ballerup,Serbia,2020,2
Ballerup,Slovakia,2020,2
Ballerup,Spain,2020,7
Ballerup,Stateless,2020,2
Ballerup,Sweden,2020,7
Ballerup,Thailand,2020,3
Ballerup,Trinidad and Tobago,2020,1
Ballerup,Turkey,2020,9
Ballerup,USA,2020,11
Ballerup,Ukraine,2020,4
Ballerup,United Kingdom,2020,3
Ballerup,Zambia,2020,1
Ballerup,Zimbabwe,2020,1
Billund,Australia,2020,2
Billund,Austria,2020,1
Billund,Brazil,2020,1
Billund,Bulgaria,2020,10
Billund,Canada,2020,3
Billund,China,2020,5
Billund,Colombia,2020,2
Billund,Croatia,2020,1
Billund,Cuba,2020,1
Billund,Czech Republic,2020,1
Billund,Denmark,2020,67
Billund,Finland,2020,1
Billund,France,2020,2
Billund,Germany,2020,12
Billund,Honduras,2020,1
Billund,Hungary,2020,1
Billund,Iceland,2020,6
Billund,India,2020,15
Billund,Ireland,2020,6
Billund,Italy,2020,9
Billund,Latvia,2020,4
Billund,Lithuania,2020,7
Billund,Mexico,2020,7
Billund,Moldova,2020,1
Billund,Netherlands,2020,7
Billund,Norway,2020,3
Billund,Philippines,2020,2
Billund,Poland,2020,28
Billund,Portugal,2020,6
Billund,Romania,2020,33
Billund,Russia,2020,1
Billund,Slovenia,2020,1
Billund,Spain,2020,4
Billund,Sweden,2020,3
Billund,Syria,2020,11
Billund,Turkey,2020,5
Billund,USA,2020,13
Billund,Ukraine,2020,13
Billund,United Kingdom,2020,40
Billund,Vietnam,2020,1
Bornholm,Albania,2020,1
Bornholm,Argentina,2020,9
Bornholm,Australia,2020,2
Bornholm,Belgium,2020,1
Bornholm,Bosnia and Herzegovina,2020,1
Bornholm,Brazil,2020,3
Bornholm,Bulgaria,2020,4
Bornholm,Colombia,2020,1
Bornholm,Croatia,2020,6
Bornholm,Cuba,2020,1
Bornholm,Czech Republic,2020,2
Bornholm,Denmark,2020,114
Bornholm,Egypt,2020,1
Bornholm,Eritrea,2020,8
Bornholm,Estonia,2020,1
Bornholm,Finland,2020,3
Bornholm,France,2020,7
Bornholm,Germany,2020,31
Bornholm,Ghana,2020,1
Bornholm,Iceland,2020,1
Bornholm,Iran,2020,2
Bornholm,Italy,2020,8
Bornholm,Japan,2020,3
Bornholm,Lithuania,2020,1
Bornholm,Myanmar,2020,1
Bornholm,Netherlands,2020,11
Bornholm,Norway,2020,6
Bornholm,Not stated,2020,2
Bornholm,Philippines,2020,4
Bornholm,Poland,2020,14
Bornholm,Portugal,2020,3
Bornholm,Romania,2020,18
Bornholm,Russia,2020,1
Bornholm,Sweden,2020,28
Bornholm,Syria,2020,7
Bornholm,Thailand,2020,1
Bornholm,Turkey,2020,1
Bornholm,Ukraine,2020,2
Bornholm,United Kingdom,2020,7
Bornholm,Zambia,2020,1
Brøndby,Argentina,2020,3
Brøndby,Austria,2020,1
Brøndby,Bangladesh,2020,7
Brøndby,Bulgaria,2020,20
Brøndby,Burundi,2020,1
Brøndby,Canada,2020,4
Brøndby,Chile,2020,1
Brøndby,China,2020,3
Brøndby,Croatia,2020,3
Brøndby,Denmark,2020,92
Brøndby,Egypt,2020,2
Brøndby,France,2020,2
Brøndby,Germany,2020,2
Brøndby,Ghana,2020,6
Brøndby,Greece,2020,1
Brøndby,Hungary,2020,2
Brøndby,Iceland,2020,1
Brøndby,India,2020,10
Brøndby,Iran,2020,4
Brøndby,Ireland,2020,3
Brøndby,Italy,2020,8
Brøndby,Latvia,2020,1
Brøndby,Lithuania,2020,3
Brøndby,Morocco,2020,1
Brøndby,Nepal,2020,3
Brøndby,Netherlands,2020,1
Brøndby,Norway,2020,2
Brøndby,Pakistan,2020,10
Brøndby,Philippines,2020,3
Brøndby,Poland,2020,20
Brøndby,Portugal,2020,7
Brøndby,Republic of North Macedonia,2020,1
Brøndby,Romania,2020,52
Brøndby,Russia,2020,1
Brøndby,Serbia,2020,1
Brøndby,Slovakia,2020,1
Brøndby,Slovenia,2020,1
Brøndby,South Korea,2020,1
Brøndby,Spain,2020,11
Brøndby,Sweden,2020,26
Brøndby,Switzerland,2020,1
Brøndby,Syria,2020,1
Brøndby,Thailand,2020,2
Brøndby,Tunisia,2020,1
Brøndby,Turkey,2020,14
Brøndby,USA,2020,2
Brøndby,Ukraine,2020,1
Brøndby,United Kingdom,2020,14
Brøndby,Vietnam,2020,1
Brønderslev,Argentina,2020,1
Brønderslev,Belgium,2020,2
Brønderslev,Bulgaria,2020,5
Brønderslev,Cambodia,2020,1
Brønderslev,Cameroon,2020,1
Brønderslev,Canada,2020,2
Brønderslev,Colombia,2020,1
Brønderslev,Croatia,2020,2
Brønderslev,Denmark,2020,78
Brønderslev,Eritrea,2020,2
Brønderslev,Finland,2020,1
Brønderslev,France,2020,1
Brønderslev,Germany,2020,3
Brønderslev,Iceland,2020,4
Brønderslev,Indonesia,2020,1
Brønderslev,Italy,2020,3
Brønderslev,Latvia,2020,1
Brønderslev,Lithuania,2020,8
Brønderslev,Myanmar,2020,1
Brønderslev,Netherlands,2020,3
Brønderslev,Nigeria,2020,3
Brønderslev,Norway,2020,2
Brønderslev,Philippines,2020,3
Brønderslev,Poland,2020,11
Brønderslev,Romania,2020,22
Brønderslev,Stateless,2020,3
Brønderslev,Sudan,2020,3
Brønderslev,Sweden,2020,2
Brønderslev,Syria,2020,2
Brønderslev,Thailand,2020,1
Brønderslev,Ukraine,2020,13
Brønderslev,Vietnam,2020,7
Christiansø,Denmark,2020,1
Copenhagen,Afghanistan,2020,11
Copenhagen,Albania,2020,6
Copenhagen,Algeria,2020,3
Copenhagen,Argentina,2020,765
Copenhagen,Armenia,2020,5
Copenhagen,Australia,2020,131
Copenhagen,Austria,2020,92
Copenhagen,Azerbaijan,2020,7
Copenhagen,Bahamas,2020,1
Copenhagen,Bahrain,2020,1
Copenhagen,Bangladesh,2020,51
Copenhagen,Belarus,2020,8
Copenhagen,Belgium,2020,121
Copenhagen,Benin,2020,1
Copenhagen,Bolivia,2020,5
Copenhagen,Bosnia and Herzegovina,2020,12
Copenhagen,Brazil,2020,143
Copenhagen,Bulgaria,2020,152
Copenhagen,Burundi,2020,1
Copenhagen,Cameroon,2020,6
Copenhagen,Canada,2020,134
Copenhagen,Chile,2020,142
Copenhagen,China,2020,474
Copenhagen,Colombia,2020,24
Copenhagen,"Congo, Republic",2020,1
Copenhagen,Costa Rica,2020,2
Copenhagen,Croatia,2020,111
Copenhagen,Cuba,2020,6
Copenhagen,Cyprus,2020,13
Copenhagen,Czech Republic,2020,76
Copenhagen,Denmark,2020,4069
Copenhagen,Dominica,2020,1
Copenhagen,Dominican Republic,2020,3
Copenhagen,Ecuador,2020,4
Copenhagen,Egypt,2020,26
Copenhagen,El Salvador,2020,1
Copenhagen,Eritrea,2020,1
Copenhagen,Estonia,2020,34
Copenhagen,Ethiopia,2020,6
Copenhagen,Finland,2020,178
Copenhagen,France,2020,544
Copenhagen,"Gambia, The",2020,3
Copenhagen,Georgia,2020,8
Copenhagen,Germany,2020,994
Copenhagen,Ghana,2020,18
Copenhagen,Greece,2020,214
Copenhagen,Guatemala,2020,2
Copenhagen,Guinea,2020,3
Copenhagen,Honduras,2020,2
Copenhagen,Hungary,2020,116
Copenhagen,Iceland,2020,239
Copenhagen,India,2020,559
Copenhagen,Indonesia,2020,32
Copenhagen,Iran,2020,103
Copenhagen,Iraq,2020,23
Copenhagen,Ireland,2020,107
Copenhagen,Israel,2020,23
Copenhagen,Italy,2020,989
Copenhagen,Ivory Coast,2020,1
Copenhagen,Jamaica,2020,1
Copenhagen,Japan,2020,59
Copenhagen,Jordan,2020,12
Copenhagen,Kazakhstan,2020,3
Copenhagen,Kenya,2020,10
Copenhagen,Kosovo,2020,6
Copenhagen,Kuwait,2020,1
Copenhagen,Kyrgyzstan,2020,3
Copenhagen,Laos,2020,1
Copenhagen,Latvia,2020,50
Copenhagen,Lebanon,2020,16
Copenhagen,Lithuania,2020,114
Copenhagen,Luxembourg,2020,14
Copenhagen,Malawi,2020,1
Copenhagen,Malaysia,2020,16
Copenhagen,Malta,2020,1
Copenhagen,Mauritius,2020,1
Copenhagen,Mexico,2020,58
Copenhagen,Moldova,2020,1
Copenhagen,Mongolia,2020,2
Copenhagen,Montenegro,2020,2
Copenhagen,Morocco,2020,25
Copenhagen,Mozambique,2020,2
Copenhagen,Myanmar,2020,3
Copenhagen,Nepal,2020,85
Copenhagen,Netherlands,2020,213
Copenhagen,New Zealand,2020,21
Copenhagen,Nigeria,2020,18
Copenhagen,North Korea,2020,1
Copenhagen,Norway,2020,671
Copenhagen,Not stated,2020,22
Copenhagen,Pakistan,2020,95
Copenhagen,Panama,2020,5
Copenhagen,Peru,2020,11
Copenhagen,Philippines,2020,114
Copenhagen,Poland,2020,346
Copenhagen,Portugal,2020,372
Copenhagen,Qatar,2020,1
Copenhagen,Republic of North Macedonia,2020,14
Copenhagen,Romania,2020,261
Copenhagen,Russia,2020,77
Copenhagen,Rwanda,2020,3
Copenhagen,Saint Kitts and Nevis,2020,1
Copenhagen,Saint Lucia,2020,1
Copenhagen,Saudi Arabia,2020,2
Copenhagen,Senegal,2020,5
Copenhagen,Serbia,2020,24
Copenhagen,Sierra Leone,2020,2
Copenhagen,Singapore,2020,37
Copenhagen,Slovakia,2020,86
Copenhagen,Slovenia,2020,17
Copenhagen,Somalia,2020,1
Copenhagen,South Africa,2020,39
Copenhagen,South Korea,2020,77
Copenhagen,Spain,2020,599
Copenhagen,Sri Lanka,2020,7
Copenhagen,Stateless,2020,10
Copenhagen,Sudan,2020,4
Copenhagen,Sweden,2020,811
Copenhagen,Switzerland,2020,113
Copenhagen,Syria,2020,23
Copenhagen,Taiwan,2020,23
Copenhagen,Tajikistan,2020,1
Copenhagen,Tanzania,2020,2
Copenhagen,Thailand,2020,57
Copenhagen,Trinidad and Tobago,2020,1
Copenhagen,Tunisia,2020,10
Copenhagen,Turkey,2020,90
Copenhagen,Turkmenistan,2020,1
Copenhagen,USA,2020,542
Copenhagen,Uganda,2020,10
Copenhagen,Ukraine,2020,81
Copenhagen,United Kingdom,2020,734
Copenhagen,Uruguay,2020,2
Copenhagen,Venezuela,2020,15
Copenhagen,Vietnam,2020,19
Copenhagen,Yemen,2020,1
Copenhagen,Yugoslavia,2020,2
Copenhagen,Zambia,2020,3
Copenhagen,Zimbabwe,2020,1
Dragør,Afghanistan,2020,2
Dragør,Belgium,2020,1
Dragør,Canada,2020,1
Dragør,China,2020,1
Dragør,Denmark,2020,59
Dragør,Eritrea,2020,1
Dragør,Finland,2020,1
Dragør,Germany,2020,3
Dragør,Greece,2020,2
Dragør,Guinea,2020,1
Dragør,Iran,2020,1
Dragør,Italy,2020,4
Dragør,Latvia,2020,1
Dragør,Norway,2020,6
Dragør,Philippines,2020,4
Dragør,Poland,2020,2
Dragør,Portugal,2020,1
Dragør,Russia,2020,1
Dragør,Spain,2020,2
Dragør,Sweden,2020,10
Dragør,Switzerland,2020,2
Dragør,Syria,2020,1
Dragør,USA,2020,4
Dragør,United Kingdom,2020,4
Egedal,Afghanistan,2020,3
Egedal,Belgium,2020,1
Egedal,Brazil,2020,1
Egedal,Bulgaria,2020,18
Egedal,China,2020,4
Egedal,Denmark,2020,98
Egedal,Estonia,2020,1
Egedal,Ethiopia,2020,1
Egedal,Finland,2020,1
Egedal,Germany,2020,1
Egedal,India,2020,6
Egedal,Iran,2020,2
Egedal,Italy,2020,2
Egedal,Kosovo,2020,1
Egedal,Lithuania,2020,14
Egedal,Mexico,2020,1
Egedal,New Zealand,2020,1
Egedal,Norway,2020,6
Egedal,Not stated,2020,1
Egedal,Pakistan,2020,1
Egedal,Peru,2020,1
Egedal,Poland,2020,11
Egedal,Portugal,2020,1
Egedal,Romania,2020,8
Egedal,Russia,2020,1
Egedal,Spain,2020,2
Egedal,Stateless,2020,1
Egedal,Sweden,2020,5
Egedal,Syria,2020,1
Egedal,Thailand,2020,3
Egedal,Turkey,2020,3
Egedal,USA,2020,7
Egedal,Ukraine,2020,1
Egedal,United Kingdom,2020,6
Esbjerg,Afghanistan,2020,4
Esbjerg,Australia,2020,3
Esbjerg,Austria,2020,4
Esbjerg,Bangladesh,2020,4
Esbjerg,Belgium,2020,1
Esbjerg,Bosnia and Herzegovina,2020,2
Esbjerg,Brazil,2020,7
Esbjerg,Bulgaria,2020,28
Esbjerg,Cameroon,2020,1
Esbjerg,Canada,2020,7
Esbjerg,China,2020,12
Esbjerg,Costa Rica,2020,1
Esbjerg,Croatia,2020,12
Esbjerg,Cuba,2020,1
Esbjerg,Czech Republic,2020,12
Esbjerg,Denmark,2020,339
Esbjerg,Ecuador,2020,1
Esbjerg,Egypt,2020,1
Esbjerg,Eritrea,2020,2
Esbjerg,Ethiopia,2020,1
Esbjerg,Finland,2020,5
Esbjerg,France,2020,23
Esbjerg,Germany,2020,45
Esbjerg,Ghana,2020,1
Esbjerg,Greece,2020,7
Esbjerg,Hungary,2020,16
Esbjerg,Iceland,2020,14
Esbjerg,India,2020,8
Esbjerg,Iran,2020,9
Esbjerg,Iraq,2020,3
Esbjerg,Italy,2020,9
Esbjerg,Japan,2020,1
Esbjerg,Kazakhstan,2020,9
Esbjerg,Kosovo,2020,1
Esbjerg,Kyrgyzstan,2020,1
Esbjerg,Latvia,2020,9
Esbjerg,Lebanon,2020,1
Esbjerg,Lithuania,2020,15
Esbjerg,Malaysia,2020,3
Esbjerg,Mauritius,2020,1
Esbjerg,Moldova,2020,5
Esbjerg,Myanmar,2020,3
Esbjerg,Netherlands,2020,6
Esbjerg,New Zealand,2020,1
Esbjerg,Norway,2020,16
Esbjerg,Not stated,2020,3
Esbjerg,Pakistan,2020,5
Esbjerg,Philippines,2020,10
Esbjerg,Poland,2020,48
Esbjerg,Portugal,2020,11
Esbjerg,Republic of North Macedonia,2020,1
Esbjerg,Romania,2020,73
Esbjerg,Russia,2020,4
Esbjerg,Serbia,2020,2
Esbjerg,Singapore,2020,4
Esbjerg,Slovakia,2020,6
Esbjerg,Slovenia,2020,3
Esbjerg,Somalia,2020,1
Esbjerg,South Africa,2020,5
Esbjerg,Spain,2020,18
Esbjerg,Stateless,2020,4
Esbjerg,Sweden,2020,16
Esbjerg,Switzerland,2020,1
Esbjerg,Syria,2020,12
Esbjerg,Tanzania,2020,1
Esbjerg,Thailand,2020,2
Esbjerg,Trinidad and Tobago,2020,1
Esbjerg,Turkey,2020,16
Esbjerg,USA,2020,15
Esbjerg,Ukraine,2020,49
Esbjerg,United Kingdom,2020,36
Esbjerg,Vietnam,2020,9
Faaborg-Midtfyn,Afghanistan,2020,1
Faaborg-Midtfyn,Bulgaria,2020,12
Faaborg-Midtfyn,Colombia,2020,1
Faaborg-Midtfyn,Denmark,2020,129
Faaborg-Midtfyn,Eritrea,2020,3
Faaborg-Midtfyn,Estonia,2020,3
Faaborg-Midtfyn,Finland,2020,1
Faaborg-Midtfyn,France,2020,1
Faaborg-Midtfyn,Germany,2020,7
Faaborg-Midtfyn,Hungary,2020,2
Faaborg-Midtfyn,Iceland,2020,3
Faaborg-Midtfyn,India,2020,1
Faaborg-Midtfyn,Iran,2020,2
Faaborg-Midtfyn,Israel,2020,1
Faaborg-Midtfyn,Italy,2020,8
Faaborg-Midtfyn,Japan,2020,1
Faaborg-Midtfyn,Latvia,2020,4
Faaborg-Midtfyn,Lithuania,2020,12
Faaborg-Midtfyn,Moldova,2020,1
Faaborg-Midtfyn,Morocco,2020,1
Faaborg-Midtfyn,New Zealand,2020,1
Faaborg-Midtfyn,Norway,2020,2
Faaborg-Midtfyn,Philippines,2020,1
Faaborg-Midtfyn,Poland,2020,22
Faaborg-Midtfyn,Portugal,2020,10
Faaborg-Midtfyn,Romania,2020,36
Faaborg-Midtfyn,Somalia,2020,6
Faaborg-Midtfyn,Spain,2020,1
Faaborg-Midtfyn,Stateless,2020,2
Faaborg-Midtfyn,Sweden,2020,1
Faaborg-Midtfyn,Syria,2020,16
Faaborg-Midtfyn,Thailand,2020,3
Faaborg-Midtfyn,Turkey,2020,1
Faaborg-Midtfyn,Ukraine,2020,46
Faaborg-Midtfyn,United Kingdom,2020,4
Faaborg-Midtfyn,Vietnam,2020,7
Fanø,Denmark,2020,20
Fanø,Finland,2020,1
Fanø,Germany,2020,4
Fanø,Norway,2020,1
Fanø,Spain,2020,2
Fanø,Syria,2020,3
Fanø,Thailand,2020,1
Fanø,United Kingdom,2020,1
Favrskov,Albania,2020,1
Favrskov,Australia,2020,1
Favrskov,Brazil,2020,2
Favrskov,Bulgaria,2020,10
Favrskov,Canada,2020,1
Favrskov,Colombia,2020,2
Favrskov,Croatia,2020,1
Favrskov,Denmark,2020,110
Favrskov,Eritrea,2020,2
Favrskov,France,2020,1
Favrskov,Germany,2020,1
Favrskov,Hungary,2020,3
Favrskov,Iceland,2020,1
Favrskov,Iran,2020,1
Favrskov,Israel,2020,1
Favrskov,Italy,2020,3
Favrskov,Latvia,2020,1
Favrskov,Lebanon,2020,1
Favrskov,Lithuania,2020,13
Favrskov,Luxembourg,2020,1
Favrskov,Morocco,2020,1
Favrskov,Mozambique,2020,1
Favrskov,Norway,2020,2
Favrskov,Not stated,2020,3
Favrskov,Pakistan,2020,1
Favrskov,Philippines,2020,3
Favrskov,Poland,2020,33
Favrskov,Portugal,2020,1
Favrskov,Romania,2020,51
Favrskov,Slovakia,2020,3
Favrskov,Somalia,2020,3
Favrskov,Spain,2020,3
Favrskov,Sweden,2020,5
Favrskov,Thailand,2020,3
Favrskov,USA,2020,2
Favrskov,Ukraine,2020,24
Favrskov,United Kingdom,2020,4
Favrskov,Uruguay,2020,1
Favrskov,Vietnam,2020,2
Favrskov,Zambia,2020,1
Faxe,Afghanistan,2020,1
Faxe,Australia,2020,2
Faxe,Brazil,2020,1
Faxe,Bulgaria,2020,14
Faxe,Chile,2020,1
Faxe,Croatia,2020,2
Faxe,Czech Republic,2020,2
Faxe,Denmark,2020,90
Faxe,Eritrea,2020,2
Faxe,Estonia,2020,1
Faxe,France,2020,2
Faxe,Germany,2020,3
Faxe,Hungary,2020,2
Faxe,Iceland,2020,1
Faxe,Ireland,2020,2
Faxe,Italy,2020,4
Faxe,Jordan,2020,1
Faxe,Latvia,2020,6
Faxe,Lithuania,2020,9
Faxe,Norway,2020,6
Faxe,Not stated,2020,1
Faxe,Philippines,2020,2
Faxe,Poland,2020,157
Faxe,Romania,2020,28
Faxe,Slovakia,2020,4
Faxe,Spain,2020,3
Faxe,Sweden,2020,3
Faxe,Syria,2020,2
Faxe,Thailand,2020,2
Faxe,Turkey,2020,1
Faxe,USA,2020,1
Faxe,Ukraine,2020,6
Faxe,United Kingdom,2020,7
Faxe,Vietnam,2020,1
Faxe,Zambia,2020,1
Fredensborg,Afghanistan,2020,2
Fredensborg,Angola,2020,1
Fredensborg,Argentina,2020,1
Fredensborg,Armenia,2020,1
Fredensborg,Australia,2020,2
Fredensborg,Bangladesh,2020,1
Fredensborg,Brazil,2020,1
Fredensborg,Bulgaria,2020,34
Fredensborg,Cameroon,2020,1
Fredensborg,Canada,2020,1
Fredensborg,China,2020,6
Fredensborg,Cuba,2020,1
Fredensborg,Cyprus,2020,1
Fredensborg,Czech Republic,2020,3
Fredensborg,Denmark,2020,206
Fredensborg,Egypt,2020,2
Fredensborg,Estonia,2020,1
Fredensborg,Finland,2020,5
Fredensborg,"Gambia, The",2020,1
Fredensborg,Germany,2020,3
Fredensborg,Ghana,2020,1
Fredensborg,Greece,2020,6
Fredensborg,Hungary,2020,3
Fredensborg,Iceland,2020,2
Fredensborg,India,2020,10
Fredensborg,Iran,2020,5
Fredensborg,Italy,2020,2
Fredensborg,Japan,2020,5
Fredensborg,Lithuania,2020,14
Fredensborg,Maldives,2020,1
Fredensborg,Morocco,2020,1
Fredensborg,Mozambique,2020,1
Fredensborg,Nepal,2020,1
Fredensborg,Netherlands,2020,4
Fredensborg,Nigeria,2020,2
Fredensborg,Norway,2020,4
Fredensborg,Pakistan,2020,4
Fredensborg,Philippines,2020,5
Fredensborg,Poland,2020,21
Fredensborg,Portugal,2020,3
Fredensborg,Republic of North Macedonia,2020,1
Fredensborg,Romania,2020,31
Fredensborg,Slovakia,2020,1
Fredensborg,Spain,2020,5
Fredensborg,Sri Lanka,2020,1
Fredensborg,Sweden,2020,16
Fredensborg,Switzerland,2020,1
Fredensborg,Syria,2020,1
Fredensborg,Taiwan,2020,1
Fredensborg,Turkey,2020,7
Fredensborg,USA,2020,4
Fredensborg,Uganda,2020,1
Fredensborg,Ukraine,2020,1
Fredensborg,United Kingdom,2020,15
Fredensborg,Uzbekistan,2020,1
Fredericia,Afghanistan,2020,3
Fredericia,Australia,2020,1
Fredericia,Austria,2020,6
Fredericia,Belarus,2020,2
Fredericia,Belgium,2020,7
Fredericia,Bulgaria,2020,8
Fredericia,Canada,2020,3
Fredericia,China,2020,2
Fredericia,Croatia,2020,3
Fredericia,Denmark,2020,122
Fredericia,Egypt,2020,1
Fredericia,Eritrea,2020,1
Fredericia,Finland,2020,2
Fredericia,France,2020,3
Fredericia,Georgia,2020,1
Fredericia,Germany,2020,1
Fredericia,Ghana,2020,2
Fredericia,Greece,2020,1
Fredericia,Hungary,2020,13
Fredericia,Iceland,2020,2
Fredericia,India,2020,1
Fredericia,Iran,2020,4
Fredericia,Iraq,2020,1
Fredericia,Ireland,2020,26
Fredericia,Italy,2020,3
Fredericia,Japan,2020,1
Fredericia,Kenya,2020,1
Fredericia,Latvia,2020,3
Fredericia,Lithuania,2020,3
Fredericia,Netherlands,2020,4
Fredericia,Norway,2020,12
Fredericia,Not stated,2020,1
Fredericia,Philippines,2020,1
Fredericia,Poland,2020,25
Fredericia,Portugal,2020,3
Fredericia,Romania,2020,73
Fredericia,Russia,2020,2
Fredericia,Serbia,2020,11
Fredericia,Singapore,2020,1
Fredericia,Slovakia,2020,1
Fredericia,Spain,2020,2
Fredericia,Stateless,2020,1
Fredericia,Sweden,2020,3
Fredericia,Syria,2020,5
Fredericia,Thailand,2020,2
Fredericia,Turkey,2020,3
Fredericia,USA,2020,10
Fredericia,Uganda,2020,1
Fredericia,Ukraine,2020,16
Fredericia,United Kingdom,2020,15
Fredericia,Vietnam,2020,3
Fredericia,Zambia,2020,1
Fredericia,Zimbabwe,2020,1
Frederiksberg,Afghanistan,2020,6
Frederiksberg,Algeria,2020,3
Frederiksberg,Angola,2020,1
Frederiksberg,Argentina,2020,64
Frederiksberg,Australia,2020,25
Frederiksberg,Austria,2020,23
Frederiksberg,Azerbaijan,2020,2
Frederiksberg,Bangladesh,2020,5
Frederiksberg,Belgium,2020,14
Frederiksberg,Bolivia,2020,1
Frederiksberg,Bosnia and Herzegovina,2020,1
Frederiksberg,Botswana,2020,1
Frederiksberg,Brazil,2020,20
Frederiksberg,Bulgaria,2020,9
Frederiksberg,Cameroon,2020,1
Frederiksberg,Canada,2020,32
Frederiksberg,Chile,2020,12
Frederiksberg,China,2020,121
Frederiksberg,Colombia,2020,4
Frederiksberg,Croatia,2020,8
Frederiksberg,Cyprus,2020,5
Frederiksberg,Czech Republic,2020,3
Frederiksberg,Czechoslovakia,2020,1
Frederiksberg,Denmark,2020,671
Frederiksberg,Egypt,2020,2
Frederiksberg,Eritrea,2020,1
Frederiksberg,Estonia,2020,3
Frederiksberg,Ethiopia,2020,2
Frederiksberg,Finland,2020,37
Frederiksberg,France,2020,144
Frederiksberg,Georgia,2020,2
Frederiksberg,Germany,2020,205
Frederiksberg,Ghana,2020,6
Frederiksberg,Greece,2020,19
Frederiksberg,Guatemala,2020,1
Frederiksberg,Hungary,2020,20
Frederiksberg,Iceland,2020,22
Frederiksberg,India,2020,126
Frederiksberg,Indonesia,2020,4
Frederiksberg,Iran,2020,8
Frederiksberg,Iraq,2020,2
Frederiksberg,Ireland,2020,14
Frederiksberg,Israel,2020,3
Frederiksberg,Italy,2020,165
Frederiksberg,Japan,2020,7
Frederiksberg,Kenya,2020,2
Frederiksberg,Latvia,2020,3
Frederiksberg,Lebanon,2020,5
Frederiksberg,Libya,2020,2
Frederiksberg,Liechtenstein,2020,1
Frederiksberg,Lithuania,2020,8
Frederiksberg,Luxembourg,2020,1
Frederiksberg,Malaysia,2020,1
Frederiksberg,Maldives,2020,1
Frederiksberg,Malta,2020,1
Frederiksberg,Mexico,2020,8
Frederiksberg,Morocco,2020,1
Frederiksberg,Nepal,2020,3
Frederiksberg,Netherlands,2020,28
Frederiksberg,New Zealand,2020,6
Frederiksberg,Nicaragua,2020,3
Frederiksberg,Norway,2020,125
Frederiksberg,Not stated,2020,10
Frederiksberg,Pakistan,2020,11
Frederiksberg,Panama,2020,4
Frederiksberg,Philippines,2020,27
Frederiksberg,Poland,2020,23
Frederiksberg,Portugal,2020,21
Frederiksberg,Republic of North Macedonia,2020,3
Frederiksberg,Romania,2020,24
Frederiksberg,Russia,2020,14
Frederiksberg,Serbia,2020,5
Frederiksberg,Singapore,2020,8
Frederiksberg,Slovakia,2020,7
Frederiksberg,Slovenia,2020,7
Frederiksberg,Somalia,2020,1
Frederiksberg,South Africa,2020,5
Frederiksberg,South Korea,2020,9
Frederiksberg,Spain,2020,92
Frederiksberg,Sri Lanka,2020,1
Frederiksberg,Stateless,2020,6
Frederiksberg,Sudan,2020,1
Frederiksberg,Sweden,2020,130
Frederiksberg,Switzerland,2020,34
Frederiksberg,Syria,2020,7
Frederiksberg,Taiwan,2020,9
Frederiksberg,Tanzania,2020,9
Frederiksberg,Thailand,2020,10
Frederiksberg,Tunisia,2020,2
Frederiksberg,Turkey,2020,16
Frederiksberg,USA,2020,115
Frederiksberg,Uganda,2020,4
Frederiksberg,Ukraine,2020,8
Frederiksberg,United Kingdom,2020,96
Frederiksberg,Venezuela,2020,1
Frederiksberg,Vietnam,2020,8
Frederiksberg,Yemen,2020,1
Frederikshavn,Afghanistan,2020,1
Frederikshavn,Argentina,2020,6
Frederikshavn,Belarus,2020,1
Frederikshavn,Brazil,2020,2
Frederikshavn,Bulgaria,2020,5
Frederikshavn,Canada,2020,5
Frederikshavn,China,2020,2
Frederikshavn,"Congo, Democratic Republic",2020,1
Frederikshavn,Costa Rica,2020,2
Frederikshavn,Denmark,2020,177
Frederikshavn,Ecuador,2020,1
Frederikshavn,Eritrea,2020,18
Frederikshavn,Finland,2020,3
Frederikshavn,Germany,2020,7
Frederikshavn,Hungary,2020,3
Frederikshavn,Iran,2020,3
Frederikshavn,Iraq,2020,1
Frederikshavn,Italy,2020,1
Frederikshavn,Kenya,2020,3
Frederikshavn,Latvia,2020,5
Frederikshavn,Lithuania,2020,13
Frederikshavn,Myanmar,2020,1
Frederikshavn,Nauru,2020,1
Frederikshavn,Netherlands,2020,3
Frederikshavn,Norway,2020,12
Frederikshavn,Philippines,2020,2
Frederikshavn,Poland,2020,43
Frederikshavn,Portugal,2020,1
Frederikshavn,Romania,2020,100
Frederikshavn,Russia,2020,2
Frederikshavn,Serbia,2020,1
Frederikshavn,Spain,2020,1
Frederikshavn,Sweden,2020,16
Frederikshavn,Switzerland,2020,1
Frederikshavn,Syria,2020,4
Frederikshavn,Taiwan,2020,1
Frederikshavn,Thailand,2020,1
Frederikshavn,Turkey,2020,1
Frederikshavn,USA,2020,2
Frederikshavn,Uganda,2020,1
Frederikshavn,Ukraine,2020,6
Frederikshavn,United Kingdom,2020,3
Frederikssund,Belgium,2020,1
Frederikssund,Brazil,2020,1
Frederikssund,Bulgaria,2020,8
Frederikssund,Canada,2020,1
Frederikssund,Denmark,2020,127
Frederikssund,Eritrea,2020,4
Frederikssund,"Gambia, The",2020,1
Frederikssund,Georgia,2020,1
Frederikssund,Germany,2020,1
Frederikssund,Greece,2020,1
Frederikssund,Hungary,2020,2
Frederikssund,Iceland,2020,2
Frederikssund,India,2020,2
Frederikssund,Iran,2020,2
Frederikssund,Iraq,2020,1
Frederikssund,Israel,2020,1
Frederikssund,Jordan,2020,1
Frederikssund,Kenya,2020,1
Frederikssund,Latvia,2020,5
Frederikssund,Lithuania,2020,5
Frederikssund,Nigeria,2020,1
Frederikssund,Norway,2020,4
Frederikssund,Pakistan,2020,2
Frederikssund,Philippines,2020,4
Frederikssund,Poland,2020,14
Frederikssund,Portugal,2020,2
Frederikssund,Romania,2020,21
Frederikssund,Spain,2020,1
Frederikssund,Stateless,2020,4
Frederikssund,Sweden,2020,4
Frederikssund,Syria,2020,7
Frederikssund,Thailand,2020,3
Frederikssund,Turkey,2020,1
Frederikssund,USA,2020,6
Frederikssund,United Kingdom,2020,3
Frederikssund,Vietnam,2020,1
Furesø,Afghanistan,2020,1
Furesø,Argentina,2020,3
Furesø,Australia,2020,2
Furesø,Brazil,2020,1
Furesø,Bulgaria,2020,23
Furesø,Cameroon,2020,5
Furesø,Chile,2020,2
Furesø,China,2020,2
Furesø,Croatia,2020,1
Furesø,Czech Republic,2020,3
Furesø,Denmark,2020,147
Furesø,Eritrea,2020,3
Furesø,Finland,2020,1
Furesø,France,2020,3
Furesø,Germany,2020,5
Furesø,Ghana,2020,8
Furesø,Greece,2020,1
Furesø,Hungary,2020,4
Furesø,India,2020,7
Furesø,Iran,2020,13
Furesø,Italy,2020,2
Furesø,Ivory Coast,2020,4
Furesø,Japan,2020,1
Furesø,Lithuania,2020,4
Furesø,Morocco,2020,1
Furesø,Nepal,2020,3
Furesø,Netherlands,2020,5
Furesø,Nigeria,2020,11
Furesø,Norway,2020,2
Furesø,Pakistan,2020,2
Furesø,Philippines,2020,6
Furesø,Poland,2020,30
Furesø,Portugal,2020,3
Furesø,Republic of North Macedonia,2020,3
Furesø,Romania,2020,21
Furesø,Singapore,2020,5
Furesø,Slovakia,2020,4
Furesø,Somalia,2020,1
Furesø,South Africa,2020,1
Furesø,South Sudan,2020,1
Furesø,Spain,2020,4
Furesø,Sweden,2020,10
Furesø,Switzerland,2020,1
Furesø,Syria,2020,7
Furesø,Thailand,2020,2
Furesø,Tunisia,2020,1
Furesø,Turkey,2020,13
Furesø,USA,2020,15
Furesø,Ukraine,2020,2
Furesø,United Kingdom,2020,10
Furesø,Vietnam,2020,1
Gentofte,Afghanistan,2020,6
Gentofte,Argentina,2020,22
Gentofte,Australia,2020,9
Gentofte,Belgium,2020,9
Gentofte,Brazil,2020,8
Gentofte,Bulgaria,2020,10
Gentofte,Cameroon,2020,1
Gentofte,Canada,2020,2
Gentofte,Chile,2020,7
Gentofte,China,2020,34
Gentofte,Colombia,2020,2
Gentofte,Croatia,2020,2
Gentofte,Czech Republic,2020,7
Gentofte,Denmark,2020,588
Gentofte,El Salvador,2020,1
Gentofte,Eritrea,2020,2
Gentofte,Estonia,2020,3
Gentofte,Finland,2020,11
Gentofte,France,2020,23
Gentofte,Germany,2020,35
Gentofte,Ghana,2020,1
Gentofte,Greece,2020,12
Gentofte,Hungary,2020,2
Gentofte,Iceland,2020,9
Gentofte,India,2020,53
Gentofte,Indonesia,2020,2
Gentofte,Iran,2020,22
Gentofte,Ireland,2020,6
Gentofte,Italy,2020,31
Gentofte,Japan,2020,3
Gentofte,Kenya,2020,3
Gentofte,Latvia,2020,4
Gentofte,Lithuania,2020,19
Gentofte,Malaysia,2020,1
Gentofte,Mexico,2020,5
Gentofte,Morocco,2020,1
Gentofte,Nepal,2020,5
Gentofte,Netherlands,2020,20
Gentofte,Norway,2020,16
Gentofte,Not stated,2020,1
Gentofte,Philippines,2020,157
Gentofte,Poland,2020,23
Gentofte,Portugal,2020,22
Gentofte,Republic of North Macedonia,2020,3
Gentofte,Romania,2020,23
Gentofte,Russia,2020,8
Gentofte,Seychelles,2020,1
Gentofte,Slovakia,2020,4
Gentofte,Somalia,2020,1
Gentofte,South Africa,2020,1
Gentofte,South Korea,2020,2
Gentofte,Spain,2020,20
Gentofte,Sri Lanka,2020,1
Gentofte,Stateless,2020,1
Gentofte,Sudan,2020,2
Gentofte,Sweden,2020,34
Gentofte,Switzerland,2020,7
Gentofte,Syria,2020,8
Gentofte,Taiwan,2020,2
Gentofte,Thailand,2020,8
Gentofte,Turkey,2020,3
Gentofte,USA,2020,34
Gentofte,Ukraine,2020,4
Gentofte,United Kingdom,2020,60
Gladsaxe,Afghanistan,2020,6
Gladsaxe,Algeria,2020,1
Gladsaxe,Argentina,2020,18
Gladsaxe,Australia,2020,1
Gladsaxe,Austria,2020,2
Gladsaxe,Azerbaijan,2020,5
Gladsaxe,Bahrain,2020,1
Gladsaxe,Bangladesh,2020,9
Gladsaxe,Belgium,2020,3
Gladsaxe,Brazil,2020,9
Gladsaxe,Bulgaria,2020,19
Gladsaxe,Burkina Faso,2020,1
Gladsaxe,Canada,2020,3
Gladsaxe,Chile,2020,2
Gladsaxe,China,2020,25
Gladsaxe,Colombia,2020,1
Gladsaxe,Croatia,2020,16
Gladsaxe,Czech Republic,2020,5
Gladsaxe,Denmark,2020,255
Gladsaxe,Eritrea,2020,1
Gladsaxe,Ethiopia,2020,1
Gladsaxe,Finland,2020,5
Gladsaxe,France,2020,15
Gladsaxe,Germany,2020,30
Gladsaxe,Ghana,2020,3
Gladsaxe,Greece,2020,16
Gladsaxe,Hungary,2020,8
Gladsaxe,Iceland,2020,14
Gladsaxe,India,2020,71
Gladsaxe,Indonesia,2020,2
Gladsaxe,Iran,2020,33
Gladsaxe,Iraq,2020,2
Gladsaxe,Ireland,2020,3
Gladsaxe,Italy,2020,31
Gladsaxe,Ivory Coast,2020,2
Gladsaxe,Japan,2020,4
Gladsaxe,Jordan,2020,1
Gladsaxe,Lebanon,2020,2
Gladsaxe,Lithuania,2020,29
Gladsaxe,Mexico,2020,2
Gladsaxe,Montenegro,2020,2
Gladsaxe,Morocco,2020,2
Gladsaxe,Nepal,2020,12
Gladsaxe,Netherlands,2020,3
Gladsaxe,Nicaragua,2020,1
Gladsaxe,Nigeria,2020,4
Gladsaxe,Norway,2020,12
Gladsaxe,Pakistan,2020,13
Gladsaxe,Philippines,2020,12
Gladsaxe,Poland,2020,46
Gladsaxe,Portugal,2020,22
Gladsaxe,Republic of North Macedonia,2020,13
Gladsaxe,Romania,2020,19
Gladsaxe,Russia,2020,5
Gladsaxe,Serbia,2020,3
Gladsaxe,Singapore,2020,3
Gladsaxe,Slovakia,2020,1
Gladsaxe,South Africa,2020,2
Gladsaxe,South Korea,2020,3
Gladsaxe,Spain,2020,29
Gladsaxe,Sri Lanka,2020,4
Gladsaxe,Sweden,2020,23
Gladsaxe,Switzerland,2020,3
Gladsaxe,Syria,2020,2
Gladsaxe,Taiwan,2020,1
Gladsaxe,Thailand,2020,4
Gladsaxe,Turkey,2020,4
Gladsaxe,USA,2020,5
Gladsaxe,Ukraine,2020,2
Gladsaxe,United Kingdom,2020,17
Gladsaxe,Vietnam,2020,1
Gladsaxe,Yemen,2020,4
Glostrup,Afghanistan,2020,2
Glostrup,Argentina,2020,4
Glostrup,Bangladesh,2020,7
Glostrup,Bosnia and Herzegovina,2020,1
Glostrup,Bulgaria,2020,16
Glostrup,Cameroon,2020,1
Glostrup,China,2020,4
Glostrup,Croatia,2020,2
Glostrup,Czech Republic,2020,1
Glostrup,Denmark,2020,60
Glostrup,Ethiopia,2020,2
Glostrup,Fiji,2020,1
Glostrup,France,2020,1
Glostrup,Germany,2020,5
Glostrup,Hungary,2020,6
Glostrup,India,2020,26
Glostrup,Indonesia,2020,1
Glostrup,Iran,2020,13
Glostrup,Iraq,2020,3
Glostrup,Ireland,2020,3
Glostrup,Italy,2020,8
Glostrup,Latvia,2020,2
Glostrup,Lithuania,2020,7
Glostrup,Nepal,2020,8
Glostrup,Netherlands,2020,4
Glostrup,Nigeria,2020,3
Glostrup,Norway,2020,2
Glostrup,Pakistan,2020,9
Glostrup,Peru,2020,1
Glostrup,Philippines,2020,4
Glostrup,Poland,2020,12
Glostrup,Portugal,2020,6
Glostrup,Republic of North Macedonia,2020,1
Glostrup,Romania,2020,15
Glostrup,Russia,2020,4
Glostrup,Slovenia,2020,1
Glostrup,Spain,2020,3
Glostrup,Sri Lanka,2020,2
Glostrup,Sweden,2020,7
Glostrup,Thailand,2020,1
Glostrup,Turkey,2020,5
Glostrup,USA,2020,7
Glostrup,United Kingdom,2020,3
Greve,Afghanistan,2020,3
Greve,Bangladesh,2020,2
Greve,Bulgaria,2020,28
Greve,Cameroon,2020,3
Greve,Chile,2020,1
Greve,China,2020,3
Greve,Colombia,2020,1
Greve,Croatia,2020,1
Greve,Czech Republic,2020,3
Greve,Denmark,2020,114
Greve,Egypt,2020,1
Greve,Eritrea,2020,1
Greve,Finland,2020,1
Greve,France,2020,3
Greve,Germany,2020,6
Greve,Ghana,2020,1
Greve,Greece,2020,1
Greve,Hungary,2020,10
Greve,India,2020,2
Greve,Indonesia,2020,1
Greve,Iran,2020,9
Greve,Iraq,2020,2
Greve,Italy,2020,12
Greve,Latvia,2020,1
Greve,Lithuania,2020,16
Greve,Montenegro,2020,1
Greve,Nepal,2020,1
Greve,Netherlands,2020,2
Greve,Nigeria,2020,2
Greve,Norway,2020,2
Greve,Pakistan,2020,3
Greve,Paraguay,2020,1
Greve,Peru,2020,1
Greve,Philippines,2020,1
Greve,Poland,2020,30
Greve,Portugal,2020,4
Greve,Romania,2020,24
Greve,Russia,2020,2
Greve,Slovakia,2020,2
Greve,Spain,2020,3
Greve,Sri Lanka,2020,1
Greve,Sweden,2020,10
Greve,Switzerland,2020,2
Greve,Syria,2020,2
Greve,Thailand,2020,2
Greve,Turkey,2020,2
Greve,USA,2020,13
Greve,Ukraine,2020,4
Greve,United Kingdom,2020,13
Greve,Vietnam,2020,1
Gribskov,Albania,2020,1
Gribskov,Belarus,2020,1
Gribskov,Belgium,2020,1
Gribskov,Brazil,2020,1
Gribskov,Bulgaria,2020,6
Gribskov,Canada,2020,1
Gribskov,Colombia,2020,1
Gribskov,Denmark,2020,224
Gribskov,Estonia,2020,2
Gribskov,Germany,2020,4
Gribskov,Hungary,2020,1
Gribskov,Iceland,2020,9
Gribskov,Italy,2020,11
Gribskov,Japan,2020,2
Gribskov,Latvia,2020,3
Gribskov,Lithuania,2020,9
Gribskov,Mexico,2020,1
Gribskov,Netherlands,2020,2
Gribskov,Norway,2020,4
Gribskov,Philippines,2020,3
Gribskov,Poland,2020,11
Gribskov,Republic of North Macedonia,2020,2
Gribskov,Romania,2020,27
Gribskov,Russia,2020,1
Gribskov,Spain,2020,3
Gribskov,Stateless,2020,4
Gribskov,Sweden,2020,5
Gribskov,Syria,2020,4
Gribskov,Thailand,2020,6
Gribskov,USA,2020,3
Gribskov,Ukraine,2020,4
Gribskov,United Kingdom,2020,2
Guldborgsund,Argentina,2020,2
Guldborgsund,Belgium,2020,1
Guldborgsund,Brazil,2020,2
Guldborgsund,Bulgaria,2020,6
Guldborgsund,Canada,2020,1
Guldborgsund,China,2020,1
Guldborgsund,Croatia,2020,4
Guldborgsund,Czech Republic,2020,2
Guldborgsund,Denmark,2020,169
Guldborgsund,Eritrea,2020,8
Guldborgsund,Finland,2020,1
Guldborgsund,France,2020,1
Guldborgsund,Germany,2020,2
Guldborgsund,Greece,2020,2
Guldborgsund,Hungary,2020,4
Guldborgsund,Iceland,2020,4
Guldborgsund,Iran,2020,2
Guldborgsund,Ireland,2020,1
Guldborgsund,Italy,2020,12
Guldborgsund,Japan,2020,1
Guldborgsund,Latvia,2020,1
Guldborgsund,Lithuania,2020,2
Guldborgsund,Malaysia,2020,1
Guldborgsund,Netherlands,2020,1
Guldborgsund,Norway,2020,3
Guldborgsund,Philippines,2020,2
Guldborgsund,Poland,2020,27
Guldborgsund,Romania,2020,42
Guldborgsund,Serbia,2020,2
Guldborgsund,Slovakia,2020,1
Guldborgsund,Somalia,2020,1
Guldborgsund,South Africa,2020,3
Guldborgsund,Spain,2020,2
Guldborgsund,Sweden,2020,14
Guldborgsund,Syria,2020,4
Guldborgsund,Thailand,2020,1
Guldborgsund,Turkey,2020,3
Guldborgsund,Uganda,2020,2
Guldborgsund,Ukraine,2020,13
Guldborgsund,United Kingdom,2020,4
Guldborgsund,Vietnam,2020,3
Haderslev,Afghanistan,2020,1
Haderslev,Argentina,2020,1
Haderslev,Austria,2020,4
Haderslev,Belgium,2020,9
Haderslev,Brazil,2020,3
Haderslev,Bulgaria,2020,9
Haderslev,Canada,2020,2
Haderslev,Chile,2020,1
Haderslev,China,2020,2
Haderslev,Croatia,2020,2
Haderslev,Denmark,2020,169
Haderslev,Ecuador,2020,1
Haderslev,Egypt,2020,1
Haderslev,Estonia,2020,1
Haderslev,Finland,2020,1
Haderslev,France,2020,3
Haderslev,Germany,2020,31
Haderslev,Greece,2020,2
Haderslev,Hungary,2020,6
Haderslev,Iceland,2020,1
Haderslev,Iran,2020,5
Haderslev,Italy,2020,16
Haderslev,Japan,2020,1
Haderslev,Latvia,2020,19
Haderslev,Lebanon,2020,2
Haderslev,Lithuania,2020,3
Haderslev,Mexico,2020,1
Haderslev,Moldova,2020,3
Haderslev,Netherlands,2020,6
Haderslev,Nigeria,2020,1
Haderslev,Norway,2020,2
Haderslev,Philippines,2020,1
Haderslev,Poland,2020,38
Haderslev,Portugal,2020,2
Haderslev,Romania,2020,95
Haderslev,Russia,2020,1
Haderslev,Rwanda,2020,1
Haderslev,Slovakia,2020,3
Haderslev,Slovenia,2020,1
Haderslev,Spain,2020,6
Haderslev,Stateless,2020,3
Haderslev,Sudan,2020,1
Haderslev,Sweden,2020,9
Haderslev,Switzerland,2020,7
Haderslev,Syria,2020,8
Haderslev,Thailand,2020,5
Haderslev,USA,2020,3
Haderslev,Ukraine,2020,16
Haderslev,United Kingdom,2020,6
Haderslev,Vietnam,2020,7
Halsnæs,Afghanistan,2020,2
Halsnæs,Bulgaria,2020,13
Halsnæs,Cameroon,2020,2
Halsnæs,Chile,2020,2
Halsnæs,China,2020,1
Halsnæs,Croatia,2020,2
Halsnæs,Cyprus,2020,1
Halsnæs,Denmark,2020,133
Halsnæs,Estonia,2020,2
Halsnæs,Finland,2020,1
Halsnæs,Germany,2020,1
Halsnæs,Ghana,2020,1
Halsnæs,Greece,2020,1
Halsnæs,Hungary,2020,4
Halsnæs,Iran,2020,2
Halsnæs,Italy,2020,1
Halsnæs,Jamaica,2020,1
Halsnæs,Kenya,2020,1
Halsnæs,Lithuania,2020,5
Halsnæs,Nepal,2020,1
Halsnæs,Netherlands,2020,2
Halsnæs,Norway,2020,3
Halsnæs,Pakistan,2020,2
Halsnæs,Philippines,2020,2
Halsnæs,Poland,2020,19
Halsnæs,Romania,2020,58
Halsnæs,Russia,2020,2
Halsnæs,Serbia,2020,10
Halsnæs,Serbia and Montenegro,2020,1
Halsnæs,Spain,2020,1
Halsnæs,Sweden,2020,2
Halsnæs,Switzerland,2020,1
Halsnæs,Syria,2020,3
Halsnæs,Thailand,2020,3
Halsnæs,United Kingdom,2020,4
Halsnæs,Vietnam,2020,1
Hedensted,Afghanistan,2020,2
Hedensted,Australia,2020,1
Hedensted,Austria,2020,1
Hedensted,Brazil,2020,4
Hedensted,Bulgaria,2020,3
Hedensted,China,2020,1
Hedensted,Croatia,2020,1
Hedensted,Czech Republic,2020,1
Hedensted,Denmark,2020,163
Hedensted,Eritrea,2020,6
Hedensted,Finland,2020,2
Hedensted,France,2020,1
Hedensted,Germany,2020,10
Hedensted,Greece,2020,2
Hedensted,Hungary,2020,8
Hedensted,Iceland,2020,4
Hedensted,Iran,2020,5
Hedensted,Ireland,2020,1
Hedensted,Israel,2020,1
Hedensted,Italy,2020,2
Hedensted,Japan,2020,1
Hedensted,Jordan,2020,2
Hedensted,Latvia,2020,24
Hedensted,Lithuania,2020,13
Hedensted,Netherlands,2020,1
Hedensted,Norway,2020,1
Hedensted,Not stated,2020,3
Hedensted,Philippines,2020,5
Hedensted,Poland,2020,64
Hedensted,Romania,2020,80
Hedensted,Serbia,2020,4
Hedensted,Somalia,2020,2
Hedensted,Sweden,2020,2
Hedensted,Syria,2020,10
Hedensted,Thailand,2020,2
Hedensted,USA,2020,2
Hedensted,Ukraine,2020,10
Hedensted,United Kingdom,2020,2
Hedensted,Vietnam,2020,4
Helsingør,Argentina,2020,1
Helsingør,Australia,2020,3
Helsingør,Austria,2020,1
Helsingør,Bangladesh,2020,2
Helsingør,Belgium,2020,33
Helsingør,Brazil,2020,4
Helsingør,Bulgaria,2020,5
Helsingør,Canada,2020,1
Helsingør,Chile,2020,3
Helsingør,China,2020,4
Helsingør,Denmark,2020,267
Helsingør,Eritrea,2020,5
Helsingør,Estonia,2020,2
Helsingør,Finland,2020,3
Helsingør,France,2020,9
Helsingør,Germany,2020,14
Helsingør,Greece,2020,2
Helsingør,Hungary,2020,4
Helsingør,Iceland,2020,5
Helsingør,India,2020,2
Helsingør,Ireland,2020,2
Helsingør,Italy,2020,10
Helsingør,Japan,2020,17
Helsingør,Kosovo,2020,1
Helsingør,Latvia,2020,1
Helsingør,Lebanon,2020,1
Helsingør,Lithuania,2020,13
Helsingør,Luxembourg,2020,2
Helsingør,Mexico,2020,7
Helsingør,Morocco,2020,1
Helsingør,Netherlands,2020,8
Helsingør,New Zealand,2020,2
Helsingør,Norway,2020,8
Helsingør,Not stated,2020,1
Helsingør,Pakistan,2020,5
Helsingør,Peru,2020,3
Helsingør,Philippines,2020,4
Helsingør,Poland,2020,10
Helsingør,Portugal,2020,1
Helsingør,Romania,2020,15
Helsingør,Russia,2020,4
Helsingør,Serbia,2020,8
Helsingør,South Korea,2020,7
Helsingør,Spain,2020,5
Helsingør,Stateless,2020,2
Helsingør,Sweden,2020,22
Helsingør,Syria,2020,3
Helsingør,Tanzania,2020,1
Helsingør,Thailand,2020,13
Helsingør,Turkey,2020,2
Helsingør,USA,2020,11
Helsingør,Ukraine,2020,1
Helsingør,United Kingdom,2020,12
Helsingør,Vietnam,2020,5
Helsingør,"Yugoslavia, Federal Republic",2020,1
Helsingør,Zambia,2020,1
Herlev,Afghanistan,2020,1
Herlev,Argentina,2020,2
Herlev,Austria,2020,2
Herlev,Belarus,2020,1
Herlev,Belgium,2020,2
Herlev,Bulgaria,2020,12
Herlev,China,2020,5
Herlev,Croatia,2020,1
Herlev,Denmark,2020,66
Herlev,Estonia,2020,4
Herlev,Finland,2020,1
Herlev,France,2020,3
Herlev,Germany,2020,4
Herlev,Ghana,2020,3
Herlev,Greece,2020,1
Herlev,Iceland,2020,4
Herlev,India,2020,9
Herlev,Iran,2020,2
Herlev,Israel,2020,1
Herlev,Italy,2020,3
Herlev,Latvia,2020,3
Herlev,Lebanon,2020,2
Herlev,Lithuania,2020,3
Herlev,Montenegro,2020,3
Herlev,Morocco,2020,2
Herlev,Nepal,2020,4
Herlev,Netherlands,2020,2
Herlev,Norway,2020,2
Herlev,Pakistan,2020,2
Herlev,Peru,2020,1
Herlev,Philippines,2020,3
Herlev,Poland,2020,2
Herlev,Portugal,2020,5
Herlev,Republic of North Macedonia,2020,1
Herlev,Romania,2020,4
Herlev,Russia,2020,1
Herlev,Serbia,2020,1
Herlev,Singapore,2020,1
Herlev,Slovakia,2020,2
Herlev,Slovenia,2020,1
Herlev,Spain,2020,10
Herlev,Sri Lanka,2020,1
Herlev,Stateless,2020,1
Herlev,Sweden,2020,22
Herlev,Switzerland,2020,1
Herlev,Syria,2020,3
Herlev,Thailand,2020,1
Herlev,Turkey,2020,3
Herlev,USA,2020,2
Herlev,Vietnam,2020,2
Herning,Afghanistan,2020,1
Herning,Armenia,2020,2
Herning,Austria,2020,4
Herning,Belarus,2020,1
Herning,Belgium,2020,5
Herning,Bosnia and Herzegovina,2020,1
Herning,Brazil,2020,3
Herning,Bulgaria,2020,29
Herning,Canada,2020,12
Herning,China,2020,1
Herning,Croatia,2020,4
Herning,Czech Republic,2020,7
Herning,Denmark,2020,208
Herning,Egypt,2020,2
Herning,Eritrea,2020,5
Herning,Finland,2020,11
Herning,France,2020,3
Herning,Germany,2020,28
Herning,Ghana,2020,3
Herning,Greece,2020,2
Herning,Hungary,2020,13
Herning,Iceland,2020,1
Herning,India,2020,3
Herning,Iran,2020,5
Herning,Iraq,2020,5
Herning,Ireland,2020,1
Herning,Italy,2020,12
Herning,Latvia,2020,11
Herning,Lithuania,2020,11
Herning,Mexico,2020,2
Herning,Netherlands,2020,9
Herning,New Zealand,2020,1
Herning,Norway,2020,11
Herning,Not stated,2020,4
Herning,Pakistan,2020,4
Herning,Peru,2020,1
Herning,Philippines,2020,12
Herning,Poland,2020,54
Herning,Portugal,2020,14
Herning,Republic of North Macedonia,2020,1
Herning,Romania,2020,97
Herning,Russia,2020,5
Herning,Serbia,2020,1
Herning,Slovakia,2020,16
Herning,South Korea,2020,1
Herning,Spain,2020,13
Herning,Sri Lanka,2020,7
Herning,Sudan,2020,1
Herning,Sweden,2020,4
Herning,Syria,2020,15
Herning,Taiwan,2020,1
Herning,Thailand,2020,6
Herning,Turkey,2020,5
Herning,USA,2020,5
Herning,Uganda,2020,2
Herning,Ukraine,2020,34
Herning,United Kingdom,2020,3
Herning,Vietnam,2020,3
Hillerød,Afghanistan,2020,2
Hillerød,Argentina,2020,3
Hillerød,Bangladesh,2020,2
Hillerød,Belgium,2020,1
Hillerød,Bosnia and Herzegovina,2020,1
Hillerød,Brazil,2020,1
Hillerød,Bulgaria,2020,16
Hillerød,China,2020,4
Hillerød,Croatia,2020,1
Hillerød,Cuba,2020,1
Hillerød,Czech Republic,2020,3
Hillerød,Denmark,2020,128
Hillerød,Estonia,2020,4
Hillerød,Finland,2020,3
Hillerød,Germany,2020,5
Hillerød,Hungary,2020,4
Hillerød,Iceland,2020,1
Hillerød,India,2020,2
Hillerød,Iran,2020,1
Hillerød,Iraq,2020,1
Hillerød,Israel,2020,1
Hillerød,Italy,2020,5
Hillerød,Japan,2020,1
Hillerød,Kenya,2020,1
Hillerød,Lebanon,2020,1
Hillerød,Lithuania,2020,15
Hillerød,Mexico,2020,1
Hillerød,Nepal,2020,1
Hillerød,Netherlands,2020,1
Hillerød,Norway,2020,2
Hillerød,Not stated,2020,1
Hillerød,Philippines,2020,5
Hillerød,Poland,2020,23
Hillerød,Romania,2020,53
Hillerød,Russia,2020,2
Hillerød,Slovakia,2020,8
Hillerød,South Africa,2020,1
Hillerød,South Korea,2020,3
Hillerød,Spain,2020,4
Hillerød,Sweden,2020,9
Hillerød,Syria,2020,2
Hillerød,Thailand,2020,3
Hillerød,USA,2020,21
Hillerød,Ukraine,2020,1
Hillerød,United Kingdom,2020,6
Hjørring,Afghanistan,2020,1
Hjørring,Argentina,2020,6
Hjørring,Australia,2020,1
Hjørring,Austria,2020,2
Hjørring,Belarus,2020,1
Hjørring,Bosnia and Herzegovina,2020,1
Hjørring,Brazil,2020,1
Hjørring,Bulgaria,2020,7
Hjørring,Cameroon,2020,1
Hjørring,Chile,2020,3
Hjørring,China,2020,5
Hjørring,Croatia,2020,1
Hjørring,Czech Republic,2020,1
Hjørring,Denmark,2020,164
Hjørring,Egypt,2020,1
Hjørring,El Salvador,2020,1
Hjørring,Eritrea,2020,6
Hjørring,Finland,2020,1
Hjørring,France,2020,1
Hjørring,Germany,2020,17
Hjørring,Greece,2020,2
Hjørring,Hungary,2020,3
Hjørring,Iceland,2020,5
Hjørring,India,2020,2
Hjørring,Indonesia,2020,2
Hjørring,Ireland,2020,2
Hjørring,Italy,2020,8
Hjørring,Japan,2020,6
Hjørring,Kenya,2020,2
Hjørring,Lithuania,2020,6
Hjørring,Morocco,2020,1
Hjørring,Myanmar,2020,1
Hjørring,Netherlands,2020,3
Hjørring,New Zealand,2020,2
Hjørring,Nicaragua,2020,1
Hjørring,Norway,2020,16
Hjørring,Philippines,2020,2
Hjørring,Poland,2020,48
Hjørring,Portugal,2020,1
Hjørring,Romania,2020,33
Hjørring,Slovakia,2020,2
Hjørring,Sri Lanka,2020,3
Hjørring,Sweden,2020,13
Hjørring,Switzerland,2020,1
Hjørring,Syria,2020,8
Hjørring,Taiwan,2020,1
Hjørring,Tanzania,2020,1
Hjørring,Thailand,2020,6
Hjørring,USA,2020,5
Hjørring,Ukraine,2020,14
Hjørring,United Kingdom,2020,4
Hjørring,Vietnam,2020,3
Holbæk,Afghanistan,2020,4
Holbæk,Australia,2020,2
Holbæk,Bulgaria,2020,21
Holbæk,Canada,2020,1
Holbæk,Chile,2020,1
Holbæk,China,2020,1
Holbæk,Croatia,2020,1
Holbæk,Czech Republic,2020,4
Holbæk,Czechoslovakia,2020,1
Holbæk,Denmark,2020,176
Holbæk,Egypt,2020,1
Holbæk,Eritrea,2020,3
Holbæk,Estonia,2020,2
Holbæk,Ethiopia,2020,1
Holbæk,Finland,2020,2
Holbæk,France,2020,4
Holbæk,Germany,2020,1
Holbæk,Greece,2020,1
Holbæk,Honduras,2020,1
Holbæk,Hungary,2020,1
Holbæk,Iceland,2020,1
Holbæk,Iran,2020,4
Holbæk,Iraq,2020,8
Holbæk,Ireland,2020,2
Holbæk,Italy,2020,4
Holbæk,Japan,2020,5
Holbæk,Jordan,2020,1
Holbæk,Kuwait,2020,1
Holbæk,Latvia,2020,3
Holbæk,Lithuania,2020,42
Holbæk,Luxembourg,2020,1
Holbæk,Malta,2020,1
Holbæk,Mexico,2020,2
Holbæk,Moldova,2020,1
Holbæk,Morocco,2020,1
Holbæk,Netherlands,2020,3
Holbæk,Norway,2020,4
Holbæk,Pakistan,2020,3
Holbæk,Philippines,2020,6
Holbæk,Poland,2020,26
Holbæk,Romania,2020,18
Holbæk,Somalia,2020,1
Holbæk,Spain,2020,10
Holbæk,Sri Lanka,2020,2
Holbæk,Sweden,2020,17
Holbæk,Syria,2020,3
Holbæk,Thailand,2020,7
Holbæk,Turkey,2020,5
Holbæk,USA,2020,7
Holbæk,Ukraine,2020,18
Holbæk,United Kingdom,2020,6
Holbæk,Vietnam,2020,3
Holstebro,Australia,2020,2
Holstebro,Austria,2020,1
Holstebro,Bosnia and Herzegovina,2020,1
Holstebro,Bulgaria,2020,9
Holstebro,China,2020,2
Holstebro,Croatia,2020,1
Holstebro,Czech Republic,2020,2
Holstebro,Denmark,2020,136
Holstebro,Egypt,2020,2
Holstebro,Eritrea,2020,9
Holstebro,Ethiopia,2020,1
Holstebro,Finland,2020,1
Holstebro,France,2020,5
Holstebro,Georgia,2020,1
Holstebro,Germany,2020,10
Holstebro,Guatemala,2020,1
Holstebro,Hungary,2020,3
Holstebro,Iceland,2020,1
Holstebro,Indonesia,2020,1
Holstebro,Iran,2020,3
Holstebro,Italy,2020,14
Holstebro,Kenya,2020,2
Holstebro,Latvia,2020,5
Holstebro,Lithuania,2020,4
Holstebro,Netherlands,2020,3
Holstebro,New Zealand,2020,1
Holstebro,Norway,2020,11
Holstebro,Pakistan,2020,1
Holstebro,Philippines,2020,4
Holstebro,Poland,2020,16
Holstebro,Portugal,2020,3
Holstebro,Romania,2020,42
Holstebro,Russia,2020,1
Holstebro,Sierra Leone,2020,1
Holstebro,Slovakia,2020,1
Holstebro,Spain,2020,5
Holstebro,Stateless,2020,5
Holstebro,Sweden,2020,3
Holstebro,Switzerland,2020,1
Holstebro,Syria,2020,5
Holstebro,Thailand,2020,5
Holstebro,Tunisia,2020,1
Holstebro,Turkey,2020,5
Holstebro,USA,2020,3
Holstebro,Ukraine,2020,12
Holstebro,United Kingdom,2020,2
Holstebro,Vietnam,2020,6
Horsens,Afghanistan,2020,8
Horsens,Algeria,2020,1
Horsens,Argentina,2020,1
Horsens,Australia,2020,3
Horsens,Austria,2020,5
Horsens,Bangladesh,2020,1
Horsens,Belarus,2020,1
Horsens,Belgium,2020,3
Horsens,Bosnia and Herzegovina,2020,2
Horsens,Bulgaria,2020,30
Horsens,Canada,2020,3
Horsens,China,2020,39
Horsens,Croatia,2020,13
Horsens,Czech Republic,2020,19
Horsens,Denmark,2020,251
Horsens,Egypt,2020,1
Horsens,Eritrea,2020,1
Horsens,Estonia,2020,6
Horsens,Finland,2020,2
Horsens,France,2020,68
Horsens,"Gambia, The",2020,1
Horsens,Germany,2020,58
Horsens,Ghana,2020,1
Horsens,Greece,2020,2
Horsens,Guinea,2020,1
Horsens,Hungary,2020,24
Horsens,Iceland,2020,7
Horsens,India,2020,15
Horsens,Iraq,2020,6
Horsens,Ireland,2020,1
Horsens,Israel,2020,1
Horsens,Italy,2020,25
Horsens,Kenya,2020,3
Horsens,Kosovo,2020,2
Horsens,Latvia,2020,23
Horsens,Lithuania,2020,69
Horsens,Malaysia,2020,1
Horsens,Malta,2020,5
Horsens,Mexico,2020,1
Horsens,Moldova,2020,5
Horsens,Morocco,2020,5
Horsens,Nepal,2020,3
Horsens,Netherlands,2020,6
Horsens,New Zealand,2020,1
Horsens,Nigeria,2020,1
Horsens,Norway,2020,9
Horsens,Not stated,2020,5
Horsens,Philippines,2020,10
Horsens,Poland,2020,166
Horsens,Portugal,2020,9
Horsens,Romania,2020,198
Horsens,Serbia,2020,2
Horsens,Slovakia,2020,52
Horsens,Slovenia,2020,3
Horsens,South Korea,2020,1
Horsens,Spain,2020,42
Horsens,Sri Lanka,2020,2
Horsens,Stateless,2020,4
Horsens,Sweden,2020,8
Horsens,Switzerland,2020,1
Horsens,Syria,2020,4
Horsens,Thailand,2020,5
Horsens,Trinidad and Tobago,2020,1
Horsens,Turkey,2020,2
Horsens,USA,2020,10
Horsens,Ukraine,2020,22
Horsens,United Kingdom,2020,13
Horsens,Vietnam,2020,9
Horsens,Zambia,2020,1
Hvidovre,Afghanistan,2020,3
Hvidovre,Albania,2020,1
Hvidovre,Argentina,2020,16
Hvidovre,Austria,2020,3
Hvidovre,Bangladesh,2020,4
Hvidovre,Bulgaria,2020,19
Hvidovre,Canada,2020,3
Hvidovre,Chile,2020,4
Hvidovre,China,2020,17
Hvidovre,Croatia,2020,6
Hvidovre,Cyprus,2020,1
Hvidovre,Denmark,2020,155
Hvidovre,Egypt,2020,5
Hvidovre,Eritrea,2020,1
Hvidovre,Estonia,2020,2
Hvidovre,Finland,2020,1
Hvidovre,France,2020,2
Hvidovre,Germany,2020,15
Hvidovre,Greece,2020,5
Hvidovre,Hungary,2020,4
Hvidovre,Iceland,2020,7
Hvidovre,India,2020,15
Hvidovre,Indonesia,2020,3
Hvidovre,Iran,2020,3
Hvidovre,Iraq,2020,5
Hvidovre,Italy,2020,13
Hvidovre,Japan,2020,2
Hvidovre,Kenya,2020,3
Hvidovre,Latvia,2020,4
Hvidovre,Lebanon,2020,1
Hvidovre,Lithuania,2020,21
Hvidovre,Malaysia,2020,1
Hvidovre,Mexico,2020,1
Hvidovre,Nepal,2020,16
Hvidovre,Netherlands,2020,2
Hvidovre,Norway,2020,7
Hvidovre,Not stated,2020,1
Hvidovre,Pakistan,2020,6
Hvidovre,Philippines,2020,3
Hvidovre,Poland,2020,25
Hvidovre,Portugal,2020,13
Hvidovre,Romania,2020,39
Hvidovre,Russia,2020,3
Hvidovre,Serbia,2020,3
Hvidovre,Slovakia,2020,6
Hvidovre,Spain,2020,4
Hvidovre,Sri Lanka,2020,1
Hvidovre,Sweden,2020,14
Hvidovre,Syria,2020,3
Hvidovre,Thailand,2020,3
Hvidovre,Turkey,2020,9
Hvidovre,USA,2020,12
Hvidovre,United Kingdom,2020,10
Hvidovre,Vietnam,2020,3
Hvidovre,Yugoslavia,2020,2
Høje-Taastrup,Afghanistan,2020,1
Høje-Taastrup,Argentina,2020,3
Høje-Taastrup,Azerbaijan,2020,2
Høje-Taastrup,Bangladesh,2020,15
Høje-Taastrup,Belgium,2020,1
Høje-Taastrup,Bosnia and Herzegovina,2020,1
Høje-Taastrup,Bulgaria,2020,87
Høje-Taastrup,Cameroon,2020,12
Høje-Taastrup,Chile,2020,1
Høje-Taastrup,China,2020,10
Høje-Taastrup,Croatia,2020,6
Høje-Taastrup,Czech Republic,2020,2
Høje-Taastrup,Denmark,2020,138
Høje-Taastrup,Egypt,2020,1
Høje-Taastrup,France,2020,3
Høje-Taastrup,Germany,2020,14
Høje-Taastrup,Ghana,2020,10
Høje-Taastrup,Greece,2020,8
Høje-Taastrup,Guatemala,2020,1
Høje-Taastrup,Hungary,2020,4
Høje-Taastrup,Iceland,2020,3
Høje-Taastrup,India,2020,33
Høje-Taastrup,Iran,2020,11
Høje-Taastrup,Iraq,2020,2
Høje-Taastrup,Ireland,2020,4
Høje-Taastrup,Italy,2020,17
Høje-Taastrup,Ivory Coast,2020,1
Høje-Taastrup,Jordan,2020,1
Høje-Taastrup,Kenya,2020,1
Høje-Taastrup,Latvia,2020,7
Høje-Taastrup,Lebanon,2020,3
Høje-Taastrup,Lithuania,2020,25
Høje-Taastrup,Morocco,2020,2
Høje-Taastrup,Nepal,2020,13
Høje-Taastrup,Netherlands,2020,6
Høje-Taastrup,Nigeria,2020,2
Høje-Taastrup,Norway,2020,4
Høje-Taastrup,Not stated,2020,3
Høje-Taastrup,Pakistan,2020,7
Høje-Taastrup,Philippines,2020,1
Høje-Taastrup,Poland,2020,50
Høje-Taastrup,Portugal,2020,12
Høje-Taastrup,Romania,2020,49
Høje-Taastrup,Russia,2020,1
Høje-Taastrup,Slovakia,2020,3
Høje-Taastrup,Spain,2020,16
Høje-Taastrup,Sri Lanka,2020,2
Høje-Taastrup,Stateless,2020,2
Høje-Taastrup,Sudan,2020,2
Høje-Taastrup,Sweden,2020,27
Høje-Taastrup,Syria,2020,2
Høje-Taastrup,Thailand,2020,2
Høje-Taastrup,Turkey,2020,27
Høje-Taastrup,USA,2020,13
Høje-Taastrup,Uganda,2020,3
Høje-Taastrup,Ukraine,2020,10
Høje-Taastrup,United Kingdom,2020,16
Høje-Taastrup,Vietnam,2020,4
Hørsholm,Algeria,2020,1
Hørsholm,Argentina,2020,4
Hørsholm,Australia,2020,1
Hørsholm,Bulgaria,2020,6
Hørsholm,Canada,2020,1
Hørsholm,Chile,2020,1
Hørsholm,China,2020,5
Hørsholm,Colombia,2020,2
Hørsholm,Croatia,2020,1
Hørsholm,Czech Republic,2020,1
Hørsholm,Denmark,2020,154
Hørsholm,Eritrea,2020,5
Hørsholm,Estonia,2020,1
Hørsholm,France,2020,2
Hørsholm,Germany,2020,6
Hørsholm,Iceland,2020,1
Hørsholm,India,2020,4
Hørsholm,Iran,2020,3
Hørsholm,Italy,2020,5
Hørsholm,Ivory Coast,2020,3
Hørsholm,Lithuania,2020,7
Hørsholm,Malaysia,2020,1
Hørsholm,Netherlands,2020,2
Hørsholm,New Zealand,2020,3
Hørsholm,Norway,2020,1
Hørsholm,Not stated,2020,1
Hørsholm,Philippines,2020,20
Hørsholm,Poland,2020,3
Hørsholm,Portugal,2020,1
Hørsholm,Romania,2020,2
Hørsholm,Russia,2020,2
Hørsholm,South Korea,2020,1
Hørsholm,Spain,2020,5
Hørsholm,Stateless,2020,9
Hørsholm,Sweden,2020,1
Hørsholm,Syria,2020,1
Hørsholm,Thailand,2020,2
Hørsholm,Turkey,2020,1
Hørsholm,USA,2020,8
Hørsholm,Uganda,2020,1
Hørsholm,Ukraine,2020,1
Hørsholm,United Kingdom,2020,2
Ikast-Brande,Afghanistan,2020,2
Ikast-Brande,Belarus,2020,1
Ikast-Brande,Belgium,2020,1
Ikast-Brande,Bulgaria,2020,3
Ikast-Brande,Canada,2020,3
Ikast-Brande,China,2020,1
Ikast-Brande,Colombia,2020,3
Ikast-Brande,Croatia,2020,1
Ikast-Brande,Denmark,2020,110
Ikast-Brande,Eritrea,2020,1
Ikast-Brande,Finland,2020,1
Ikast-Brande,France,2020,2
Ikast-Brande,Germany,2020,15
Ikast-Brande,Hungary,2020,4
Ikast-Brande,Iceland,2020,4
Ikast-Brande,India,2020,53
Ikast-Brande,Iran,2020,3
Ikast-Brande,Italy,2020,9
Ikast-Brande,Ivory Coast,2020,2
Ikast-Brande,Jordan,2020,1
Ikast-Brande,Kazakhstan,2020,1
Ikast-Brande,Latvia,2020,5
Ikast-Brande,Lithuania,2020,34
Ikast-Brande,Moldova,2020,1
Ikast-Brande,Morocco,2020,1
Ikast-Brande,Netherlands,2020,1
Ikast-Brande,New Zealand,2020,2
Ikast-Brande,Nigeria,2020,2
Ikast-Brande,Norway,2020,13
Ikast-Brande,Not stated,2020,1
Ikast-Brande,Philippines,2020,2
Ikast-Brande,Poland,2020,27
Ikast-Brande,Portugal,2020,3
Ikast-Brande,Romania,2020,44
Ikast-Brande,Serbia,2020,2
Ikast-Brande,Slovakia,2020,1
Ikast-Brande,Spain,2020,14
Ikast-Brande,Sri Lanka,2020,4
Ikast-Brande,Stateless,2020,1
Ikast-Brande,Sweden,2020,3
Ikast-Brande,Syria,2020,10
Ikast-Brande,Thailand,2020,5
Ikast-Brande,Turkey,2020,8
Ikast-Brande,USA,2020,4
Ikast-Brande,Ukraine,2020,30
Ikast-Brande,United Kingdom,2020,13
Ikast-Brande,Venezuela,2020,3
Ikast-Brande,Vietnam,2020,2
Ishøj,Afghanistan,2020,1
Ishøj,Argentina,2020,4
Ishøj,Australia,2020,1
Ishøj,Bangladesh,2020,12
Ishøj,Belgium,2020,1
Ishøj,Bosnia and Herzegovina,2020,1
Ishøj,Bulgaria,2020,40
Ishøj,Chile,2020,1
Ishøj,Croatia,2020,1
Ishøj,Czech Republic,2020,2
Ishøj,Denmark,2020,68
Ishøj,Eritrea,2020,1
Ishøj,Germany,2020,2
Ishøj,Ghana,2020,2
Ishøj,Greece,2020,1
Ishøj,Hungary,2020,2
Ishøj,Iceland,2020,2
Ishøj,India,2020,9
Ishøj,Iran,2020,2
Ishøj,Italy,2020,7
Ishøj,Kenya,2020,1
Ishøj,Latvia,2020,1
Ishøj,Lithuania,2020,6
Ishøj,Nepal,2020,9
Ishøj,Netherlands,2020,2
Ishøj,Nigeria,2020,3
Ishøj,Pakistan,2020,15
Ishøj,Philippines,2020,1
Ishøj,Poland,2020,28
Ishøj,Portugal,2020,11
Ishøj,Romania,2020,26
Ishøj,Slovakia,2020,1
Ishøj,Spain,2020,4
Ishøj,Sweden,2020,9
Ishøj,Turkey,2020,16
Ishøj,USA,2020,4
Ishøj,Uganda,2020,1
Ishøj,United Kingdom,2020,2
Ishøj,Vietnam,2020,1
Jammerbugt,Argentina,2020,1
Jammerbugt,Azerbaijan,2020,1
Jammerbugt,Bulgaria,2020,4
Jammerbugt,Cambodia,2020,1
Jammerbugt,Denmark,2020,90
Jammerbugt,Eritrea,2020,2
Jammerbugt,France,2020,1
Jammerbugt,Germany,2020,9
Jammerbugt,Greece,2020,2
Jammerbugt,India,2020,1
Jammerbugt,Latvia,2020,2
Jammerbugt,Lithuania,2020,4
Jammerbugt,Norway,2020,5
Jammerbugt,Poland,2020,5
Jammerbugt,Romania,2020,20
Jammerbugt,Syria,2020,1
Jammerbugt,Thailand,2020,6
Jammerbugt,USA,2020,1
Jammerbugt,Ukraine,2020,25
Jammerbugt,United Kingdom,2020,3
Jammerbugt,Vietnam,2020,4
Kalundborg,Algeria,2020,1
Kalundborg,Argentina,2020,1
Kalundborg,Brazil,2020,2
Kalundborg,Bulgaria,2020,11
Kalundborg,China,2020,2
Kalundborg,Croatia,2020,2
Kalundborg,Denmark,2020,144
Kalundborg,Finland,2020,1
Kalundborg,France,2020,2
Kalundborg,Germany,2020,3
Kalundborg,Greece,2020,1
Kalundborg,Hungary,2020,4
Kalundborg,Iceland,2020,3
Kalundborg,India,2020,13
Kalundborg,Indonesia,2020,1
Kalundborg,Iran,2020,1
Kalundborg,Iraq,2020,3
Kalundborg,Italy,2020,5
Kalundborg,Japan,2020,10
Kalundborg,Jordan,2020,1
Kalundborg,Lithuania,2020,9
Kalundborg,Malta,2020,1
Kalundborg,Mexico,2020,1
Kalundborg,Myanmar,2020,6
Kalundborg,Netherlands,2020,3
Kalundborg,Norway,2020,9
Kalundborg,Philippines,2020,2
Kalundborg,Poland,2020,11
Kalundborg,Portugal,2020,4
Kalundborg,Romania,2020,22
Kalundborg,Serbia,2020,1
Kalundborg,Somalia,2020,1
Kalundborg,South Africa,2020,2
Kalundborg,Spain,2020,9
Kalundborg,Sweden,2020,12
Kalundborg,Syria,2020,8
Kalundborg,Tanzania,2020,1
Kalundborg,Togo,2020,1
Kalundborg,Turkey,2020,2
Kalundborg,Ukraine,2020,6
Kalundborg,United Kingdom,2020,14
Kalundborg,Uzbekistan,2020,1
Kalundborg,Vietnam,2020,3
Kalundborg,Zimbabwe,2020,1
Kerteminde,Austria,2020,1
Kerteminde,Belarus,2020,1
Kerteminde,Bulgaria,2020,1
Kerteminde,Denmark,2020,75
Kerteminde,Dominican Republic,2020,1
Kerteminde,France,2020,1
Kerteminde,Germany,2020,3
Kerteminde,Iceland,2020,1
Kerteminde,Ireland,2020,2
Kerteminde,Italy,2020,6
Kerteminde,Latvia,2020,4
Kerteminde,Lithuania,2020,2
Kerteminde,Norway,2020,2
Kerteminde,Philippines,2020,2
Kerteminde,Poland,2020,11
Kerteminde,Portugal,2020,7
Kerteminde,Romania,2020,22
Kerteminde,Spain,2020,2
Kerteminde,Stateless,2020,4
Kerteminde,Syria,2020,1
Kerteminde,Tanzania,2020,1
Kerteminde,Thailand,2020,1
Kerteminde,USA,2020,4
Kerteminde,Ukraine,2020,26
Kerteminde,United Kingdom,2020,5
Kerteminde,Vietnam,2020,2
Kolding,Afghanistan,2020,4
Kolding,Argentina,2020,1
Kolding,Armenia,2020,2
Kolding,Australia,2020,2
Kolding,Austria,2020,4
Kolding,Bangladesh,2020,10
Kolding,Belarus,2020,1
Kolding,Belgium,2020,13
Kolding,Bosnia and Herzegovina,2020,5
Kolding,Brazil,2020,3
Kolding,Bulgaria,2020,18
Kolding,Canada,2020,2
Kolding,China,2020,15
Kolding,Colombia,2020,3
Kolding,"Congo, Democratic Republic",2020,2
Kolding,Croatia,2020,17
Kolding,Czech Republic,2020,25
Kolding,Denmark,2020,318
Kolding,Eritrea,2020,3
Kolding,Estonia,2020,2
Kolding,Ethiopia,2020,1
Kolding,Finland,2020,3
Kolding,France,2020,15
Kolding,Germany,2020,47
Kolding,Ghana,2020,2
Kolding,Greece,2020,1
Kolding,Guatemala,2020,1
Kolding,Honduras,2020,1
Kolding,Hungary,2020,26
Kolding,Iceland,2020,8
Kolding,India,2020,46
Kolding,Indonesia,2020,2
Kolding,Iran,2020,3
Kolding,Iraq,2020,2
Kolding,Ireland,2020,9
Kolding,Italy,2020,19
Kolding,Kazakhstan,2020,1
Kolding,Kenya,2020,3
Kolding,Kosovo,2020,2
Kolding,Kyrgyzstan,2020,1
Kolding,Latvia,2020,18
Kolding,Lithuania,2020,26
Kolding,Luxembourg,2020,1
Kolding,Mexico,2020,3
Kolding,Moldova,2020,2
Kolding,Morocco,2020,1
Kolding,Namibia,2020,1
Kolding,Nepal,2020,4
Kolding,Netherlands,2020,8
Kolding,New Zealand,2020,1
Kolding,Norway,2020,11
Kolding,Pakistan,2020,2
Kolding,Peru,2020,1
Kolding,Philippines,2020,9
Kolding,Poland,2020,88
Kolding,Portugal,2020,7
Kolding,Romania,2020,58
Kolding,Russia,2020,9
Kolding,Serbia,2020,1
Kolding,Slovakia,2020,39
Kolding,Slovenia,2020,2
Kolding,South Korea,2020,1
Kolding,Spain,2020,22
Kolding,Stateless,2020,3
Kolding,Sweden,2020,19
Kolding,Switzerland,2020,1
Kolding,Syria,2020,2
Kolding,Taiwan,2020,3
Kolding,Tanzania,2020,1
Kolding,Thailand,2020,6
Kolding,Turkey,2020,3
Kolding,USA,2020,6
Kolding,Uganda,2020,2
Kolding,Ukraine,2020,15
Kolding,United Kingdom,2020,14
Kolding,Uruguay,2020,1
Kolding,Vietnam,2020,3
Køge,Afghanistan,2020,2
Køge,Brazil,2020,3
Køge,Bulgaria,2020,55
Køge,Cameroon,2020,2
Køge,China,2020,3
Køge,Croatia,2020,2
Køge,Czech Republic,2020,12
Køge,Denmark,2020,139
Køge,France,2020,2
Køge,Germany,2020,3
Køge,Ghana,2020,3
Køge,Greece,2020,2
Køge,Hungary,2020,1
Køge,Iceland,2020,4
Køge,India,2020,1
Køge,Indonesia,2020,1
Køge,Iran,2020,4
Køge,Iraq,2020,2
Køge,Ireland,2020,2
Køge,Italy,2020,8
Køge,Ivory Coast,2020,1
Køge,Latvia,2020,6
Køge,Lebanon,2020,3
Køge,Lithuania,2020,18
Køge,Morocco,2020,2
Køge,Netherlands,2020,2
Køge,Niger,2020,1
Køge,Nigeria,2020,1
Køge,Norway,2020,2
Køge,Pakistan,2020,2
Køge,Philippines,2020,6
Køge,Poland,2020,35
Køge,Portugal,2020,3
Køge,Republic of North Macedonia,2020,3
Køge,Romania,2020,30
Køge,Rwanda,2020,1
Køge,Serbia,2020,2
Køge,Sierra Leone,2020,1
Køge,Slovakia,2020,7
Køge,Spain,2020,1
Køge,Sweden,2020,14
Køge,Switzerland,2020,3
Køge,Syria,2020,5
Køge,Thailand,2020,5
Køge,Tunisia,2020,1
Køge,Turkey,2020,9
Køge,USA,2020,11
Køge,Ukraine,2020,5
Køge,United Kingdom,2020,4
Køge,Zambia,2020,1
Langeland,Argentina,2020,3
Langeland,Brazil,2020,2
Langeland,Bulgaria,2020,1
Langeland,Chile,2020,4
Langeland,Croatia,2020,1
Langeland,Denmark,2020,56
Langeland,France,2020,1
Langeland,Germany,2020,7
Langeland,Hungary,2020,1
Langeland,Latvia,2020,1
Langeland,Lithuania,2020,6
Langeland,Moldova,2020,2
Langeland,Netherlands,2020,3
Langeland,Norway,2020,2
Langeland,Not stated,2020,3
Langeland,Philippines,2020,2
Langeland,Poland,2020,17
Langeland,Republic of North Macedonia,2020,1
Langeland,Romania,2020,11
Langeland,Russia,2020,1
Langeland,Sweden,2020,1
Langeland,Syria,2020,5
Langeland,Ukraine,2020,10
Langeland,United Kingdom,2020,1
Langeland,Vietnam,2020,2
Lejre,Afghanistan,2020,1
Lejre,Australia,2020,1
Lejre,Bulgaria,2020,1
Lejre,Burundi,2020,1
Lejre,China,2020,1
Lejre,Denmark,2020,60
Lejre,Eritrea,2020,1
Lejre,Estonia,2020,1
Lejre,Finland,2020,1
Lejre,Germany,2020,4
Lejre,Hungary,2020,3
Lejre,Iceland,2020,1
Lejre,Iran,2020,3
Lejre,Italy,2020,1
Lejre,Latvia,2020,2
Lejre,Lithuania,2020,9
Lejre,Netherlands,2020,1
Lejre,Norway,2020,1
Lejre,Philippines,2020,3
Lejre,Poland,2020,13
Lejre,Portugal,2020,1
Lejre,Romania,2020,4
Lejre,Spain,2020,3
Lejre,Sweden,2020,6
Lejre,USA,2020,4
Lejre,Ukraine,2020,3
Lejre,United Kingdom,2020,3
Lemvig,Belgium,2020,1
Lemvig,Bulgaria,2020,1
Lemvig,Denmark,2020,66
Lemvig,France,2020,1
Lemvig,Germany,2020,3
Lemvig,Hungary,2020,1
Lemvig,Iceland,2020,1
Lemvig,Israel,2020,1
Lemvig,Kyrgyzstan,2020,2
Lemvig,Latvia,2020,8
Lemvig,Lithuania,2020,2
Lemvig,Netherlands,2020,1
Lemvig,Norway,2020,1
Lemvig,Poland,2020,9
Lemvig,Romania,2020,33
Lemvig,Russia,2020,1
Lemvig,Spain,2020,1
Lemvig,Sweden,2020,1
Lemvig,Syria,2020,1
Lemvig,Thailand,2020,3
Lemvig,USA,2020,2
Lemvig,Ukraine,2020,17
Lemvig,United Kingdom,2020,1
Lemvig,Uruguay,2020,1
Lemvig,Venezuela,2020,1
Lemvig,Vietnam,2020,1
Lolland,Argentina,2020,1
Lolland,Bosnia and Herzegovina,2020,3
Lolland,Canada,2020,3
Lolland,Chile,2020,1
Lolland,China,2020,1
Lolland,Denmark,2020,97
Lolland,Eritrea,2020,3
Lolland,Germany,2020,7
Lolland,Iceland,2020,5
Lolland,India,2020,2
Lolland,Iran,2020,2
Lolland,Kosovo,2020,3
Lolland,Latvia,2020,1
Lolland,Lithuania,2020,2
Lolland,Montenegro,2020,1
Lolland,Nigeria,2020,2
Lolland,Norway,2020,2
Lolland,Pakistan,2020,2
Lolland,Peru,2020,2
Lolland,Philippines,2020,2
Lolland,Poland,2020,20
Lolland,Romania,2020,7
Lolland,Serbia,2020,2
Lolland,Spain,2020,1
Lolland,Stateless,2020,1
Lolland,Sweden,2020,5
Lolland,Syria,2020,12
Lolland,Thailand,2020,1
Lolland,Turkey,2020,2
Lolland,USA,2020,2
Lolland,Uganda,2020,1
Lolland,Ukraine,2020,3
Lolland,United Kingdom,2020,5
Lolland,Vietnam,2020,2
Lyngby-Taarbæk,Afghanistan,2020,8
Lyngby-Taarbæk,Albania,2020,1
Lyngby-Taarbæk,Argentina,2020,7
Lyngby-Taarbæk,Australia,2020,9
Lyngby-Taarbæk,Austria,2020,3
Lyngby-Taarbæk,Bangladesh,2020,4
Lyngby-Taarbæk,Belarus,2020,2
Lyngby-Taarbæk,Belgium,2020,11
Lyngby-Taarbæk,Bosnia and Herzegovina,2020,1
Lyngby-Taarbæk,Brazil,2020,8
Lyngby-Taarbæk,Bulgaria,2020,5
Lyngby-Taarbæk,Canada,2020,5
Lyngby-Taarbæk,Chile,2020,2
Lyngby-Taarbæk,China,2020,142
Lyngby-Taarbæk,Colombia,2020,2
Lyngby-Taarbæk,Costa Rica,2020,1
Lyngby-Taarbæk,Croatia,2020,13
Lyngby-Taarbæk,Cyprus,2020,2
Lyngby-Taarbæk,Czech Republic,2020,7
Lyngby-Taarbæk,Denmark,2020,312
Lyngby-Taarbæk,Ecuador,2020,1
Lyngby-Taarbæk,Egypt,2020,2
Lyngby-Taarbæk,Eritrea,2020,4
Lyngby-Taarbæk,Estonia,2020,7
Lyngby-Taarbæk,Ethiopia,2020,1
Lyngby-Taarbæk,Fiji,2020,1
Lyngby-Taarbæk,Finland,2020,11
Lyngby-Taarbæk,France,2020,76
Lyngby-Taarbæk,Germany,2020,79
Lyngby-Taarbæk,Greece,2020,47
Lyngby-Taarbæk,Hungary,2020,19
Lyngby-Taarbæk,Iceland,2020,20
Lyngby-Taarbæk,India,2020,51
Lyngby-Taarbæk,Indonesia,2020,5
Lyngby-Taarbæk,Iran,2020,46
Lyngby-Taarbæk,Iraq,2020,3
Lyngby-Taarbæk,Ireland,2020,4
Lyngby-Taarbæk,Italy,2020,84
Lyngby-Taarbæk,Japan,2020,2
Lyngby-Taarbæk,Kazakhstan,2020,1
Lyngby-Taarbæk,Kenya,2020,3
Lyngby-Taarbæk,Kyrgyzstan,2020,1
Lyngby-Taarbæk,Latvia,2020,3
Lyngby-Taarbæk,Lithuania,2020,10
Lyngby-Taarbæk,Malaysia,2020,1
Lyngby-Taarbæk,Mexico,2020,17
Lyngby-Taarbæk,Morocco,2020,3
Lyngby-Taarbæk,Netherlands,2020,23
Lyngby-Taarbæk,New Zealand,2020,1
Lyngby-Taarbæk,North Korea,2020,1
Lyngby-Taarbæk,Norway,2020,13
Lyngby-Taarbæk,Not stated,2020,4
Lyngby-Taarbæk,Pakistan,2020,2
Lyngby-Taarbæk,Panama,2020,1
Lyngby-Taarbæk,Peru,2020,1
Lyngby-Taarbæk,Philippines,2020,22
Lyngby-Taarbæk,Poland,2020,41
Lyngby-Taarbæk,Portugal,2020,16
Lyngby-Taarbæk,Republic of North Macedonia,2020,2
Lyngby-Taarbæk,Romania,2020,18
Lyngby-Taarbæk,Russia,2020,16
Lyngby-Taarbæk,Saudi Arabia,2020,1
Lyngby-Taarbæk,Serbia,2020,1
Lyngby-Taarbæk,Singapore,2020,13
Lyngby-Taarbæk,Slovakia,2020,3
Lyngby-Taarbæk,South Africa,2020,1
Lyngby-Taarbæk,South Korea,2020,7
Lyngby-Taarbæk,Spain,2020,109
Lyngby-Taarbæk,Sri Lanka,2020,2
Lyngby-Taarbæk,Sweden,2020,13
Lyngby-Taarbæk,Switzerland,2020,5
Lyngby-Taarbæk,Syria,2020,6
Lyngby-Taarbæk,Tanzania,2020,1
Lyngby-Taarbæk,Thailand,2020,7
Lyngby-Taarbæk,Trinidad and Tobago,2020,2
Lyngby-Taarbæk,Tunisia,2020,1
Lyngby-Taarbæk,Turkey,2020,19
Lyngby-Taarbæk,USA,2020,60
Lyngby-Taarbæk,Ukraine,2020,5
Lyngby-Taarbæk,United Kingdom,2020,29
Lyngby-Taarbæk,Venezuela,2020,1
Lyngby-Taarbæk,Vietnam,2020,3
Læsø,Denmark,2020,11
Læsø,Iceland,2020,2
Læsø,Lithuania,2020,1
Læsø,Nepal,2020,1
Læsø,Netherlands,2020,2
Læsø,Norway,2020,2
Læsø,Philippines,2020,1
Læsø,Sweden,2020,1
Mariagerfjord,Australia,2020,1
Mariagerfjord,Bosnia and Herzegovina,2020,1
Mariagerfjord,Bulgaria,2020,6
Mariagerfjord,Burundi,2020,1
Mariagerfjord,Croatia,2020,3
Mariagerfjord,Denmark,2020,95
Mariagerfjord,Eritrea,2020,1
Mariagerfjord,Estonia,2020,4
Mariagerfjord,France,2020,1
Mariagerfjord,Germany,2020,6
Mariagerfjord,India,2020,5
Mariagerfjord,Iran,2020,1
Mariagerfjord,Italy,2020,5
Mariagerfjord,Kosovo,2020,2
Mariagerfjord,Lebanon,2020,1
Mariagerfjord,Lithuania,2020,9
Mariagerfjord,Moldova,2020,1
Mariagerfjord,Morocco,2020,2
Mariagerfjord,Norway,2020,2
Mariagerfjord,Philippines,2020,1
Mariagerfjord,Poland,2020,28
Mariagerfjord,Romania,2020,27
Mariagerfjord,Russia,2020,3
Mariagerfjord,Slovakia,2020,2
Mariagerfjord,Spain,2020,2
Mariagerfjord,Sweden,2020,5
Mariagerfjord,Syria,2020,2
Mariagerfjord,Tanzania,2020,1
Mariagerfjord,Thailand,2020,7
Mariagerfjord,Trinidad and Tobago,2020,1
Mariagerfjord,USA,2020,2
Mariagerfjord,Ukraine,2020,34
Mariagerfjord,United Kingdom,2020,2
Mariagerfjord,Vietnam,2020,11
Middelfart,Afghanistan,2020,1
Middelfart,Argentina,2020,2
Middelfart,Australia,2020,2
Middelfart,Belgium,2020,4
Middelfart,Brazil,2020,1
Middelfart,Canada,2020,4
Middelfart,China,2020,1
Middelfart,Colombia,2020,1
Middelfart,Costa Rica,2020,3
Middelfart,Czech Republic,2020,1
Middelfart,Denmark,2020,123
Middelfart,Eritrea,2020,5
Middelfart,Estonia,2020,1
Middelfart,Finland,2020,3
Middelfart,France,2020,3
Middelfart,Germany,2020,13
Middelfart,Ghana,2020,1
Middelfart,Greece,2020,1
Middelfart,Hungary,2020,16
Middelfart,Iceland,2020,1
Middelfart,India,2020,1
Middelfart,Iran,2020,1
Middelfart,Ireland,2020,5
Middelfart,Italy,2020,3
Middelfart,Japan,2020,7
Middelfart,Kenya,2020,1
Middelfart,Latvia,2020,9
Middelfart,Lithuania,2020,33
Middelfart,Malaysia,2020,2
Middelfart,Mexico,2020,1
Middelfart,Nepal,2020,1
Middelfart,Netherlands,2020,2
Middelfart,Norway,2020,6
Middelfart,Philippines,2020,4
Middelfart,Poland,2020,11
Middelfart,Romania,2020,18
Middelfart,Russia,2020,1
Middelfart,South Korea,2020,1
Middelfart,Spain,2020,1
Middelfart,Sweden,2020,1
Middelfart,Syria,2020,12
Middelfart,Taiwan,2020,1
Middelfart,Thailand,2020,4
Middelfart,Turkey,2020,1
Middelfart,USA,2020,4
Middelfart,Ukraine,2020,8
Middelfart,United Kingdom,2020,7
Middelfart,Vietnam,2020,1
Morsø,Africa not stated,2020,1
Morsø,Austria,2020,1
Morsø,Denmark,2020,91
Morsø,Eritrea,2020,2
Morsø,France,2020,1
Morsø,Georgia,2020,1
Morsø,Germany,2020,1
Morsø,Iran,2020,1
Morsø,Israel,2020,1
Morsø,Latvia,2020,2
Morsø,Lithuania,2020,1
Morsø,Netherlands,2020,6
Morsø,Norway,2020,10
Morsø,Poland,2020,2
Morsø,Romania,2020,15
Morsø,Spain,2020,1
Morsø,Syria,2020,1
Morsø,Thailand,2020,2
Morsø,USA,2020,2
Morsø,Ukraine,2020,16
Morsø,United Kingdom,2020,1
Norddjurs,Afghanistan,2020,1
Norddjurs,Bolivia,2020,1
Norddjurs,Bosnia and Herzegovina,2020,3
Norddjurs,Bulgaria,2020,2
Norddjurs,Canada,2020,1
Norddjurs,China,2020,2
Norddjurs,Czech Republic,2020,3
Norddjurs,Denmark,2020,95
Norddjurs,Eritrea,2020,2
Norddjurs,Estonia,2020,1
Norddjurs,Ethiopia,2020,1
Norddjurs,Finland,2020,1
Norddjurs,France,2020,1
Norddjurs,Germany,2020,5
Norddjurs,Honduras,2020,1
Norddjurs,Hungary,2020,4
Norddjurs,Iceland,2020,1
Norddjurs,Iran,2020,3
Norddjurs,Italy,2020,7
Norddjurs,Kyrgyzstan,2020,2
Norddjurs,Latvia,2020,10
Norddjurs,Libya,2020,1
Norddjurs,Lithuania,2020,64
Norddjurs,Netherlands,2020,2
Norddjurs,Norway,2020,4
Norddjurs,Not stated,2020,1
Norddjurs,Philippines,2020,3
Norddjurs,Poland,2020,10
Norddjurs,Portugal,2020,1
Norddjurs,Romania,2020,30
Norddjurs,Slovakia,2020,4
Norddjurs,Spain,2020,1
Norddjurs,Stateless,2020,1
Norddjurs,Sweden,2020,9
Norddjurs,Syria,2020,4
Norddjurs,Thailand,2020,2
Norddjurs,USA,2020,1
Norddjurs,Ukraine,2020,27
Norddjurs,United Kingdom,2020,7
Norddjurs,Vietnam,2020,3
Nordfyns,Australia,2020,1
Nordfyns,Bulgaria,2020,3
Nordfyns,Denmark,2020,72
Nordfyns,France,2020,3
Nordfyns,Germany,2020,4
Nordfyns,Greece,2020,1
Nordfyns,Hungary,2020,3
Nordfyns,Iceland,2020,1
Nordfyns,Iraq,2020,1
Nordfyns,Italy,2020,8
Nordfyns,Jamaica,2020,2
Nordfyns,Japan,2020,18
Nordfyns,Kenya,2020,1
Nordfyns,Latvia,2020,9
Nordfyns,Lithuania,2020,77
Nordfyns,Moldova,2020,1
Nordfyns,Norway,2020,3
Nordfyns,Philippines,2020,1
Nordfyns,Poland,2020,22
Nordfyns,Portugal,2020,11
Nordfyns,Romania,2020,22
Nordfyns,Russia,2020,1
Nordfyns,Slovenia,2020,1
Nordfyns,Spain,2020,3
Nordfyns,Stateless,2020,1
Nordfyns,Sweden,2020,2
Nordfyns,Syria,2020,9
Nordfyns,Thailand,2020,3
Nordfyns,Uganda,2020,1
Nordfyns,Ukraine,2020,33
Nordfyns,United Kingdom,2020,5
Nordfyns,Vietnam,2020,3
Nyborg,Australia,2020,2
Nyborg,Austria,2020,1
Nyborg,Bulgaria,2020,3
Nyborg,Canada,2020,2
Nyborg,Chile,2020,2
Nyborg,China,2020,3
Nyborg,"Congo, Democratic Republic",2020,1
Nyborg,"Congo, Republic",2020,1
Nyborg,Croatia,2020,1
Nyborg,Czech Republic,2020,4
Nyborg,Denmark,2020,105
Nyborg,Eritrea,2020,7
Nyborg,Estonia,2020,2
Nyborg,Finland,2020,1
Nyborg,France,2020,4
Nyborg,Germany,2020,5
Nyborg,Greece,2020,1
Nyborg,Hungary,2020,8
Nyborg,Iceland,2020,5
Nyborg,Iran,2020,4
Nyborg,Iraq,2020,1
Nyborg,Italy,2020,4
Nyborg,Latvia,2020,7
Nyborg,Lithuania,2020,17
Nyborg,Netherlands,2020,1
Nyborg,Norway,2020,1
Nyborg,Philippines,2020,1
Nyborg,Poland,2020,4
Nyborg,Romania,2020,10
Nyborg,Russia,2020,2
Nyborg,Somalia,2020,2
Nyborg,Spain,2020,3
Nyborg,Sweden,2020,1
Nyborg,Syria,2020,11
Nyborg,Thailand,2020,2
Nyborg,Turkey,2020,5
Nyborg,USA,2020,2
Nyborg,Ukraine,2020,2
Nyborg,United Kingdom,2020,2
Nyborg,Vietnam,2020,3
Næstved,Afghanistan,2020,4
Næstved,Albania,2020,4
Næstved,Argentina,2020,4
Næstved,Australia,2020,1
Næstved,Austria,2020,1
Næstved,Bangladesh,2020,3
Næstved,Bosnia and Herzegovina,2020,1
Næstved,Brazil,2020,3
Næstved,Bulgaria,2020,15
Næstved,Canada,2020,1
Næstved,Chile,2020,2
Næstved,China,2020,3
Næstved,Croatia,2020,5
Næstved,Czech Republic,2020,8
Næstved,Denmark,2020,225
Næstved,El Salvador,2020,1
Næstved,Eritrea,2020,12
Næstved,France,2020,3
Næstved,Germany,2020,13
Næstved,Ghana,2020,7
Næstved,India,2020,2
Næstved,Iran,2020,6
Næstved,Iraq,2020,2
Næstved,Ireland,2020,1
Næstved,Israel,2020,1
Næstved,Italy,2020,4
Næstved,Ivory Coast,2020,1
Næstved,Kenya,2020,1
Næstved,Kosovo,2020,1
Næstved,Lithuania,2020,10
Næstved,Morocco,2020,3
Næstved,Nepal,2020,1
Næstved,Netherlands,2020,6
Næstved,Nigeria,2020,1
Næstved,Norway,2020,2
Næstved,Not stated,2020,3
Næstved,Philippines,2020,7
Næstved,Poland,2020,34
Næstved,Portugal,2020,6
Næstved,Romania,2020,39
Næstved,Russia,2020,3
Næstved,Rwanda,2020,1
Næstved,Serbia,2020,1
Næstved,Slovakia,2020,4
Næstved,Somalia,2020,9
Næstved,Spain,2020,12
Næstved,Stateless,2020,1
Næstved,Sudan,2020,1
Næstved,Sweden,2020,8
Næstved,Syria,2020,4
Næstved,Thailand,2020,13
Næstved,Trinidad and Tobago,2020,1
Næstved,Turkey,2020,6
Næstved,USA,2020,8
Næstved,Ukraine,2020,12
Næstved,United Kingdom,2020,7
Næstved,Vietnam,2020,5
Odder,Argentina,2020,3
Odder,Australia,2020,1
Odder,Belgium,2020,4
Odder,Bulgaria,2020,2
Odder,Canada,2020,1
Odder,Denmark,2020,92
Odder,Finland,2020,1
Odder,France,2020,1
Odder,Germany,2020,5
Odder,Hungary,2020,3
Odder,Iceland,2020,2
Odder,Iraq,2020,1
Odder,Ireland,2020,1
Odder,Italy,2020,3
Odder,Jamaica,2020,1
Odder,Japan,2020,7
Odder,Kenya,2020,1
Odder,Lithuania,2020,5
Odder,Mexico,2020,1
Odder,Norway,2020,2
Odder,Philippines,2020,1
Odder,Poland,2020,1
Odder,Romania,2020,10
Odder,Russia,2020,1
Odder,South Korea,2020,3
Odder,Spain,2020,1
Odder,Stateless,2020,1
Odder,Syria,2020,2
Odder,Thailand,2020,2
Odder,USA,2020,1
Odder,Ukraine,2020,4
Odder,Vietnam,2020,2
Odder,Zimbabwe,2020,1
Odense,Afghanistan,2020,11
Odense,Algeria,2020,2
Odense,Argentina,2020,4
Odense,Australia,2020,6
Odense,Austria,2020,19
Odense,Azerbaijan,2020,1
Odense,Bangladesh,2020,13
Odense,Belarus,2020,1
Odense,Belgium,2020,14
Odense,Bolivia,2020,1
Odense,Bosnia and Herzegovina,2020,10
Odense,Brazil,2020,27
Odense,Bulgaria,2020,40
Odense,Burundi,2020,2
Odense,Canada,2020,16
Odense,Chile,2020,3
Odense,China,2020,40
Odense,Colombia,2020,1
Odense,Croatia,2020,13
Odense,Cyprus,2020,3
Odense,Czech Republic,2020,25
Odense,Denmark,2020,785
Odense,Dominican Republic,2020,1
Odense,Ecuador,2020,1
Odense,Egypt,2020,5
Odense,Eritrea,2020,12
Odense,Estonia,2020,4
Odense,Ethiopia,2020,2
Odense,Finland,2020,24
Odense,France,2020,76
Odense,Georgia,2020,1
Odense,Germany,2020,232
Odense,Ghana,2020,6
Odense,Greece,2020,15
Odense,Honduras,2020,2
Odense,Hungary,2020,49
Odense,Iceland,2020,66
Odense,India,2020,40
Odense,Indonesia,2020,4
Odense,Iran,2020,35
Odense,Iraq,2020,12
Odense,Ireland,2020,20
Odense,Israel,2020,1
Odense,Italy,2020,126
Odense,Ivory Coast,2020,2
Odense,Japan,2020,6
Odense,Kazakhstan,2020,1
Odense,Kosovo,2020,1
Odense,Latvia,2020,25
Odense,Lebanon,2020,5
Odense,Lithuania,2020,66
Odense,Luxembourg,2020,1
Odense,Malaysia,2020,4
Odense,Malta,2020,1
Odense,Mexico,2020,11
Odense,Mongolia,2020,1
Odense,Morocco,2020,3
Odense,Mozambique,2020,2
Odense,Myanmar,2020,1
Odense,Nepal,2020,22
Odense,Netherlands,2020,25
Odense,Nigeria,2020,3
Odense,North Korea,2020,8
Odense,Norway,2020,104
Odense,Not stated,2020,3
Odense,Pakistan,2020,6
Odense,Philippines,2020,9
Odense,Poland,2020,88
Odense,Portugal,2020,30
Odense,Republic of North Macedonia,2020,1
Odense,Romania,2020,186
Odense,Russia,2020,4
Odense,Serbia,2020,5
Odense,Singapore,2020,1
Odense,Slovakia,2020,36
Odense,Slovenia,2020,4
Odense,South Africa,2020,2
Odense,South Korea,2020,19
Odense,Spain,2020,83
Odense,Sri Lanka,2020,2
Odense,Stateless,2020,4
Odense,Sudan,2020,3
Odense,Sweden,2020,45
Odense,Switzerland,2020,15
Odense,Syria,2020,11
Odense,Taiwan,2020,2
Odense,Tajikistan,2020,2
Odense,Thailand,2020,19
Odense,Turkey,2020,24
Odense,USA,2020,26
Odense,Ukraine,2020,95
Odense,United Kingdom,2020,48
Odense,Vietnam,2020,23
Odsherred,Argentina,2020,6
Odsherred,Bulgaria,2020,4
Odsherred,Chile,2020,4
Odsherred,China,2020,1
Odsherred,Czech Republic,2020,1
Odsherred,Denmark,2020,114
Odsherred,France,2020,1
Odsherred,Germany,2020,1
Odsherred,Hungary,2020,3
Odsherred,Iceland,2020,3
Odsherred,Italy,2020,4
Odsherred,Latvia,2020,3
Odsherred,Lithuania,2020,4
Odsherred,Myanmar,2020,1
Odsherred,Netherlands,2020,3
Odsherred,Norway,2020,6
Odsherred,Poland,2020,14
Odsherred,Romania,2020,11
Odsherred,Russia,2020,1
Odsherred,Serbia,2020,1
Odsherred,Spain,2020,4
Odsherred,Sri Lanka,2020,1
Odsherred,Sweden,2020,6
Odsherred,Switzerland,2020,2
Odsherred,Syria,2020,4
Odsherred,Thailand,2020,2
Odsherred,Turkey,2020,3
Odsherred,USA,2020,3
Odsherred,United Kingdom,2020,7
Odsherred,Venezuela,2020,1
Randers,Afghanistan,2020,6
Randers,Argentina,2020,1
Randers,Armenia,2020,5
Randers,Australia,2020,3
Randers,Belgium,2020,1
Randers,Bosnia and Herzegovina,2020,4
Randers,Brazil,2020,1
Randers,Bulgaria,2020,8
Randers,China,2020,7
Randers,Croatia,2020,2
Randers,Czech Republic,2020,9
Randers,Denmark,2020,260
Randers,Egypt,2020,2
Randers,Eritrea,2020,2
Randers,Finland,2020,2
Randers,France,2020,3
Randers,Germany,2020,4
Randers,Ghana,2020,1
Randers,Guinea,2020,1
Randers,Hungary,2020,19
Randers,Iceland,2020,3
Randers,India,2020,1
Randers,Iran,2020,9
Randers,Iraq,2020,1
Randers,Ireland,2020,2
Randers,Italy,2020,7
Randers,Ivory Coast,2020,1
Randers,Japan,2020,4
Randers,Kenya,2020,1
Randers,Kosovo,2020,3
Randers,Kuwait,2020,1
Randers,Kyrgyzstan,2020,1
Randers,Latvia,2020,10
Randers,Lithuania,2020,25
Randers,Mexico,2020,1
Randers,Morocco,2020,2
Randers,Netherlands,2020,2
Randers,New Zealand,2020,1
Randers,Norway,2020,7
Randers,Not stated,2020,1
Randers,Philippines,2020,12
Randers,Poland,2020,42
Randers,Romania,2020,95
Randers,Russia,2020,2
Randers,Slovakia,2020,16
Randers,Slovenia,2020,1
Randers,South Africa,2020,1
Randers,South Korea,2020,2
Randers,Spain,2020,1
Randers,Sri Lanka,2020,1
Randers,Stateless,2020,1
Randers,Sweden,2020,5
Randers,Switzerland,2020,2
Randers,Syria,2020,11
Randers,Thailand,2020,10
Randers,Turkey,2020,3
Randers,USA,2020,7
Randers,Ukraine,2020,25
Randers,United Kingdom,2020,7
Randers,Vietnam,2020,2
Rebild,Argentina,2020,1
Rebild,Australia,2020,1
Rebild,Bulgaria,2020,3
Rebild,"Congo, Democratic Republic",2020,1
Rebild,Czech Republic,2020,1
Rebild,Denmark,2020,76
Rebild,Eritrea,2020,4
Rebild,Germany,2020,1
Rebild,India,2020,2
Rebild,Iran,2020,2
Rebild,Kenya,2020,1
Rebild,Kosovo,2020,1
Rebild,Kyrgyzstan,2020,2
Rebild,Latvia,2020,2
Rebild,Lithuania,2020,1
Rebild,Montenegro,2020,1
Rebild,Not stated,2020,1
Rebild,Philippines,2020,2
Rebild,Poland,2020,11
Rebild,Republic of North Macedonia,2020,2
Rebild,Romania,2020,20
Rebild,Serbia,2020,3
Rebild,Slovakia,2020,2
Rebild,Spain,2020,1
Rebild,Sweden,2020,1
Rebild,Thailand,2020,5
Rebild,Turkey,2020,1
Rebild,Ukraine,2020,47
Rebild,United Kingdom,2020,3
Rebild,Uzbekistan,2020,1
Rebild,Venezuela,2020,1
Rebild,Vietnam,2020,5
Ringkøbing-Skjern,Azerbaijan,2020,1
Ringkøbing-Skjern,Bangladesh,2020,2
Ringkøbing-Skjern,Belarus,2020,1
Ringkøbing-Skjern,Belgium,2020,3
Ringkøbing-Skjern,Brazil,2020,4
Ringkøbing-Skjern,Bulgaria,2020,5
Ringkøbing-Skjern,Canada,2020,1
Ringkøbing-Skjern,China,2020,1
Ringkøbing-Skjern,"Congo, Democratic Republic",2020,1
Ringkøbing-Skjern,Denmark,2020,143
Ringkøbing-Skjern,France,2020,4
Ringkøbing-Skjern,Germany,2020,29
Ringkøbing-Skjern,Hungary,2020,3
Ringkøbing-Skjern,Iceland,2020,4
Ringkøbing-Skjern,India,2020,5
Ringkøbing-Skjern,Iran,2020,1
Ringkøbing-Skjern,Italy,2020,6
Ringkøbing-Skjern,Japan,2020,4
Ringkøbing-Skjern,Kenya,2020,1
Ringkøbing-Skjern,Kyrgyzstan,2020,1
Ringkøbing-Skjern,Latvia,2020,2
Ringkøbing-Skjern,Lithuania,2020,15
Ringkøbing-Skjern,Luxembourg,2020,1
Ringkøbing-Skjern,Mexico,2020,1
Ringkøbing-Skjern,Moldova,2020,2
Ringkøbing-Skjern,Netherlands,2020,2
Ringkøbing-Skjern,Norway,2020,6
Ringkøbing-Skjern,Panama,2020,4
Ringkøbing-Skjern,Philippines,2020,6
Ringkøbing-Skjern,Poland,2020,29
Ringkøbing-Skjern,Portugal,2020,4
Ringkøbing-Skjern,Romania,2020,144
Ringkøbing-Skjern,Russia,2020,2
Ringkøbing-Skjern,Rwanda,2020,1
Ringkøbing-Skjern,Slovakia,2020,1
Ringkøbing-Skjern,Spain,2020,3
Ringkøbing-Skjern,Stateless,2020,1
Ringkøbing-Skjern,Sweden,2020,5
Ringkøbing-Skjern,Syria,2020,11
Ringkøbing-Skjern,Thailand,2020,1
Ringkøbing-Skjern,Turkey,2020,4
Ringkøbing-Skjern,USA,2020,5
Ringkøbing-Skjern,Ukraine,2020,83
Ringkøbing-Skjern,United Kingdom,2020,6
Ringkøbing-Skjern,Vietnam,2020,4
Ringsted,Afghanistan,2020,2
Ringsted,Bangladesh,2020,2
Ringsted,Belgium,2020,1
Ringsted,Bulgaria,2020,13
Ringsted,China,2020,2
Ringsted,Croatia,2020,2
Ringsted,Czech Republic,2020,1
Ringsted,Denmark,2020,73
Ringsted,Egypt,2020,1
Ringsted,Eritrea,2020,1
Ringsted,France,2020,1
Ringsted,Germany,2020,1
Ringsted,Ghana,2020,1
Ringsted,Greece,2020,1
Ringsted,Hungary,2020,4
Ringsted,Iceland,2020,5
Ringsted,India,2020,3
Ringsted,Iran,2020,3
Ringsted,Iraq,2020,3
Ringsted,Italy,2020,1
Ringsted,Latvia,2020,1
Ringsted,Lithuania,2020,17
Ringsted,Malta,2020,1
Ringsted,Nepal,2020,1
Ringsted,Norway,2020,2
Ringsted,Pakistan,2020,1
Ringsted,Philippines,2020,1
Ringsted,Poland,2020,52
Ringsted,Portugal,2020,24
Ringsted,Romania,2020,50
Ringsted,Spain,2020,4
Ringsted,Sweden,2020,7
Ringsted,Switzerland,2020,2
Ringsted,Syria,2020,1
Ringsted,Thailand,2020,1
Ringsted,Turkey,2020,3
Ringsted,USA,2020,1
Ringsted,Ukraine,2020,5
Ringsted,United Kingdom,2020,3
Roskilde,Afghanistan,2020,7
Roskilde,Albania,2020,2
Roskilde,Argentina,2020,1
Roskilde,Armenia,2020,1
Roskilde,Australia,2020,2
Roskilde,Austria,2020,3
Roskilde,Belgium,2020,10
Roskilde,Bosnia and Herzegovina,2020,1
Roskilde,Brazil,2020,7
Roskilde,Bulgaria,2020,25
Roskilde,Canada,2020,3
Roskilde,China,2020,23
Roskilde,Colombia,2020,4
Roskilde,Croatia,2020,5
Roskilde,Czech Republic,2020,15
Roskilde,Denmark,2020,298
Roskilde,Dominica,2020,1
Roskilde,Dominican Republic,2020,1
Roskilde,Egypt,2020,1
Roskilde,Eritrea,2020,5
Roskilde,Estonia,2020,4
Roskilde,Ethiopia,2020,1
Roskilde,Finland,2020,3
Roskilde,France,2020,16
Roskilde,"Gambia, The",2020,1
Roskilde,Germany,2020,50
Roskilde,Greece,2020,2
Roskilde,Hungary,2020,10
Roskilde,Iceland,2020,7
Roskilde,India,2020,10
Roskilde,Indonesia,2020,4
Roskilde,Iran,2020,7
Roskilde,Ireland,2020,4
Roskilde,Italy,2020,14
Roskilde,Ivory Coast,2020,1
Roskilde,Jamaica,2020,1
Roskilde,Japan,2020,1
Roskilde,Kenya,2020,2
Roskilde,Latvia,2020,8
Roskilde,Lesotho,2020,1
Roskilde,Lithuania,2020,18
Roskilde,Malaysia,2020,1
Roskilde,Mexico,2020,1
Roskilde,Moldova,2020,2
Roskilde,Morocco,2020,3
Roskilde,Netherlands,2020,22
Roskilde,New Zealand,2020,1
Roskilde,Nigeria,2020,1
Roskilde,Norway,2020,6
Roskilde,Not stated,2020,3
Roskilde,Pakistan,2020,3
Roskilde,Philippines,2020,10
Roskilde,Poland,2020,38
Roskilde,Portugal,2020,10
Roskilde,Romania,2020,29
Roskilde,Russia,2020,9
Roskilde,Serbia,2020,1
Roskilde,Slovakia,2020,13
Roskilde,Somalia,2020,9
Roskilde,South Africa,2020,9
Roskilde,South Korea,2020,7
Roskilde,Spain,2020,14
Roskilde,Stateless,2020,1
Roskilde,Sweden,2020,14
Roskilde,Switzerland,2020,2
Roskilde,Syria,2020,10
Roskilde,Taiwan,2020,1
Roskilde,Thailand,2020,3
Roskilde,Turkey,2020,14
Roskilde,USA,2020,31
Roskilde,Ukraine,2020,9
Roskilde,United Kingdom,2020,23
Roskilde,Vietnam,2020,2
Roskilde,Zimbabwe,2020,1
Rudersdal,Afghanistan,2020,1
Rudersdal,Argentina,2020,5
Rudersdal,Armenia,2020,1
Rudersdal,Australia,2020,7
Rudersdal,Austria,2020,1
Rudersdal,Bahrain,2020,1
Rudersdal,Belgium,2020,8
Rudersdal,Brazil,2020,11
Rudersdal,Bulgaria,2020,12
Rudersdal,Cameroon,2020,4
Rudersdal,Canada,2020,7
Rudersdal,Chile,2020,1
Rudersdal,China,2020,47
Rudersdal,Colombia,2020,5
Rudersdal,Cyprus,2020,2
Rudersdal,Czech Republic,2020,3
Rudersdal,Denmark,2020,389
Rudersdal,Egypt,2020,2
Rudersdal,Estonia,2020,1
Rudersdal,Finland,2020,1
Rudersdal,France,2020,44
Rudersdal,Germany,2020,24
Rudersdal,Greece,2020,19
Rudersdal,Hungary,2020,2
Rudersdal,Iceland,2020,5
Rudersdal,India,2020,29
Rudersdal,Iran,2020,10
Rudersdal,Iraq,2020,1
Rudersdal,Ireland,2020,5
Rudersdal,Italy,2020,32
Rudersdal,Jordan,2020,1
Rudersdal,Kenya,2020,2
Rudersdal,Lebanon,2020,2
Rudersdal,Lithuania,2020,13
Rudersdal,Malaysia,2020,3
Rudersdal,Mexico,2020,6
Rudersdal,Moldova,2020,1
Rudersdal,Morocco,2020,2
Rudersdal,Netherlands,2020,14
Rudersdal,New Zealand,2020,1
Rudersdal,Nicaragua,2020,1
Rudersdal,Nigeria,2020,2
Rudersdal,Norway,2020,8
Rudersdal,Not stated,2020,1
Rudersdal,Pakistan,2020,2
Rudersdal,Philippines,2020,44
Rudersdal,Poland,2020,16
Rudersdal,Portugal,2020,8
Rudersdal,Republic of North Macedonia,2020,1
Rudersdal,Romania,2020,22
Rudersdal,Russia,2020,6
Rudersdal,Saudi Arabia,2020,1
Rudersdal,Singapore,2020,1
Rudersdal,Slovakia,2020,1
Rudersdal,South Africa,2020,3
Rudersdal,South Korea,2020,4
Rudersdal,Spain,2020,55
Rudersdal,Sudan,2020,1
Rudersdal,Sweden,2020,21
Rudersdal,Switzerland,2020,7
Rudersdal,Syria,2020,2
Rudersdal,Taiwan,2020,1
Rudersdal,Thailand,2020,5
Rudersdal,Tunisia,2020,1
Rudersdal,Turkey,2020,8
Rudersdal,USA,2020,38
Rudersdal,Ukraine,2020,1
Rudersdal,United Kingdom,2020,19
Rødovre,Afghanistan,2020,1
Rødovre,Argentina,2020,35
Rødovre,Bangladesh,2020,5
Rødovre,Belgium,2020,2
Rødovre,Brazil,2020,2
Rødovre,Bulgaria,2020,32
Rødovre,Canada,2020,2
Rødovre,Chile,2020,9
Rødovre,China,2020,8
Rødovre,Croatia,2020,7
Rødovre,Cyprus,2020,1
Rødovre,Czech Republic,2020,2
Rødovre,Denmark,2020,111
Rødovre,Egypt,2020,2
Rødovre,Estonia,2020,2
Rødovre,Ethiopia,2020,2
Rødovre,Finland,2020,2
Rødovre,France,2020,5
Rødovre,Germany,2020,11
Rødovre,Ghana,2020,3
Rødovre,Greece,2020,2
Rødovre,Hungary,2020,6
Rødovre,Iceland,2020,2
Rødovre,India,2020,53
Rødovre,Iran,2020,5
Rødovre,Iraq,2020,2
Rødovre,Ireland,2020,1
Rødovre,Italy,2020,18
Rødovre,Japan,2020,2
Rødovre,Latvia,2020,7
Rødovre,Lebanon,2020,1
Rødovre,Lithuania,2020,11
Rødovre,Mexico,2020,1
Rødovre,Montenegro,2020,3
Rødovre,Morocco,2020,1
Rødovre,Nepal,2020,6
Rødovre,Netherlands,2020,3
Rødovre,Nigeria,2020,1
Rødovre,Not stated,2020,1
Rødovre,Pakistan,2020,4
Rødovre,Philippines,2020,1
Rødovre,Poland,2020,15
Rødovre,Portugal,2020,15
Rødovre,Republic of North Macedonia,2020,5
Rødovre,Romania,2020,20
Rødovre,Serbia,2020,2
Rødovre,Singapore,2020,1
Rødovre,Slovakia,2020,6
Rødovre,Somalia,2020,2
Rødovre,South Korea,2020,1
Rødovre,Spain,2020,10
Rødovre,Stateless,2020,1
Rødovre,Sweden,2020,17
Rødovre,Syria,2020,1
Rødovre,Taiwan,2020,2
Rødovre,Thailand,2020,2
Rødovre,Tunisia,2020,1
Rødovre,Turkey,2020,8
Rødovre,USA,2020,8
Rødovre,United Kingdom,2020,6
Rødovre,Vietnam,2020,3
Samsø,Belgium,2020,1
Samsø,Bulgaria,2020,9
Samsø,Colombia,2020,1
Samsø,Czech Republic,2020,4
Samsø,Denmark,2020,34
Samsø,Germany,2020,6
Samsø,Greece,2020,1
Samsø,Lithuania,2020,3
Samsø,Poland,2020,3
Samsø,Romania,2020,1
Samsø,Slovakia,2020,1
Samsø,Sweden,2020,1
Samsø,Ukraine,2020,2
Samsø,United Kingdom,2020,2
Silkeborg,Afghanistan,2020,5
Silkeborg,Argentina,2020,2
Silkeborg,Australia,2020,2
Silkeborg,Belgium,2020,2
Silkeborg,Bolivia,2020,1
Silkeborg,Brazil,2020,1
Silkeborg,Bulgaria,2020,5
Silkeborg,Burundi,2020,1
Silkeborg,Canada,2020,1
Silkeborg,Chile,2020,1
Silkeborg,China,2020,10
Silkeborg,Colombia,2020,1
Silkeborg,Czech Republic,2020,2
Silkeborg,Denmark,2020,290
Silkeborg,Eritrea,2020,3
Silkeborg,France,2020,9
Silkeborg,Germany,2020,8
Silkeborg,Hungary,2020,5
Silkeborg,Iceland,2020,6
Silkeborg,Indonesia,2020,2
Silkeborg,Iran,2020,2
Silkeborg,Ireland,2020,1
Silkeborg,Italy,2020,8
Silkeborg,Japan,2020,3
Silkeborg,Kenya,2020,1
Silkeborg,Kosovo,2020,1
Silkeborg,Kyrgyzstan,2020,1
Silkeborg,Latvia,2020,13
Silkeborg,Lebanon,2020,1
Silkeborg,Lithuania,2020,33
Silkeborg,Moldova,2020,1
Silkeborg,Morocco,2020,2
Silkeborg,Netherlands,2020,2
Silkeborg,Nigeria,2020,1
Silkeborg,Norway,2020,7
Silkeborg,Not stated,2020,3
Silkeborg,Philippines,2020,8
Silkeborg,Poland,2020,53
Silkeborg,Romania,2020,99
Silkeborg,Russia,2020,2
Silkeborg,Serbia,2020,1
Silkeborg,Slovakia,2020,1
Silkeborg,Somalia,2020,1
Silkeborg,South Africa,2020,1
Silkeborg,Spain,2020,4
Silkeborg,Sweden,2020,8
Silkeborg,Switzerland,2020,1
Silkeborg,Syria,2020,15
Silkeborg,Thailand,2020,5
Silkeborg,Turkey,2020,1
Silkeborg,USA,2020,5
Silkeborg,Ukraine,2020,20
Silkeborg,United Kingdom,2020,8
Silkeborg,Uruguay,2020,1
Silkeborg,Vietnam,2020,6
Skanderborg,Afghanistan,2020,2
Skanderborg,Australia,2020,1
Skanderborg,Austria,2020,3
Skanderborg,Brazil,2020,2
Skanderborg,Chile,2020,6
Skanderborg,China,2020,4
Skanderborg,Colombia,2020,2
Skanderborg,Cuba,2020,1
Skanderborg,Denmark,2020,175
Skanderborg,Eritrea,2020,4
Skanderborg,Finland,2020,1
Skanderborg,France,2020,1
Skanderborg,Germany,2020,10
Skanderborg,Greece,2020,1
Skanderborg,Iceland,2020,1
Skanderborg,India,2020,3
Skanderborg,Iran,2020,1
Skanderborg,Italy,2020,14
Skanderborg,Kenya,2020,1
Skanderborg,Latvia,2020,1
Skanderborg,New Zealand,2020,1
Skanderborg,Norway,2020,5
Skanderborg,Philippines,2020,1
Skanderborg,Poland,2020,19
Skanderborg,Portugal,2020,1
Skanderborg,Romania,2020,18
Skanderborg,Russia,2020,1
Skanderborg,Serbia,2020,4
Skanderborg,Slovakia,2020,1
Skanderborg,Somalia,2020,4
Skanderborg,South Africa,2020,1
Skanderborg,Spain,2020,1
Skanderborg,Sweden,2020,6
Skanderborg,Syria,2020,10
Skanderborg,Taiwan,2020,2
Skanderborg,Thailand,2020,1
Skanderborg,Trinidad and Tobago,2020,1
Skanderborg,Turkey,2020,1
Skanderborg,Ukraine,2020,7
Skanderborg,Vietnam,2020,1
Skive,Belarus,2020,1
Skive,Bulgaria,2020,3
Skive,China,2020,3
Skive,Colombia,2020,1
Skive,Denmark,2020,104
Skive,Eritrea,2020,4
Skive,Finland,2020,1
Skive,France,2020,4
Skive,Georgia,2020,2
Skive,Germany,2020,3
Skive,Iceland,2020,1
Skive,India,2020,1
Skive,Iran,2020,2
Skive,Japan,2020,5
Skive,Latvia,2020,4
Skive,Lithuania,2020,6
Skive,Mexico,2020,1
Skive,Netherlands,2020,6
Skive,Norway,2020,2
Skive,Not stated,2020,2
Skive,Poland,2020,35
Skive,Romania,2020,42
Skive,Russia,2020,2
Skive,Slovakia,2020,1
Skive,Sweden,2020,2
Skive,Syria,2020,7
Skive,Thailand,2020,5
Skive,Turkey,2020,1
Skive,Ukraine,2020,24
Skive,United Kingdom,2020,3
Skive,Uzbekistan,2020,1
Skive,Vietnam,2020,1
Skive,Zambia,2020,1
Slagelse,Afghanistan,2020,1
Slagelse,Argentina,2020,4
Slagelse,Austria,2020,1
Slagelse,Bosnia and Herzegovina,2020,1
Slagelse,Brazil,2020,1
Slagelse,Bulgaria,2020,55
Slagelse,Canada,2020,1
Slagelse,China,2020,3
Slagelse,Colombia,2020,2
Slagelse,Croatia,2020,2
Slagelse,Czech Republic,2020,1
Slagelse,Denmark,2020,236
Slagelse,Eritrea,2020,7
Slagelse,Finland,2020,1
Slagelse,France,2020,3
Slagelse,Germany,2020,6
Slagelse,Ghana,2020,3
Slagelse,Greece,2020,1
Slagelse,Hungary,2020,3
Slagelse,Iceland,2020,1
Slagelse,India,2020,13
Slagelse,Iran,2020,5
Slagelse,Iraq,2020,3
Slagelse,Italy,2020,3
Slagelse,Ivory Coast,2020,1
Slagelse,Latvia,2020,2
Slagelse,Lebanon,2020,2
Slagelse,Lithuania,2020,6
Slagelse,Nepal,2020,1
Slagelse,Netherlands,2020,1
Slagelse,Nicaragua,2020,1
Slagelse,Nigeria,2020,3
Slagelse,Norway,2020,7
Slagelse,Not stated,2020,2
Slagelse,Pakistan,2020,2
Slagelse,Philippines,2020,10
Slagelse,Poland,2020,18
Slagelse,Republic of North Macedonia,2020,1
Slagelse,Romania,2020,39
Slagelse,Serbia,2020,1
Slagelse,Somalia,2020,6
Slagelse,South Korea,2020,1
Slagelse,Spain,2020,5
Slagelse,Stateless,2020,1
Slagelse,Sweden,2020,19
Slagelse,Syria,2020,8
Slagelse,Thailand,2020,5
Slagelse,Tunisia,2020,1
Slagelse,Turkey,2020,12
Slagelse,USA,2020,7
Slagelse,Uganda,2020,1
Slagelse,Ukraine,2020,3
Slagelse,United Kingdom,2020,6
Slagelse,Vietnam,2020,1
Slagelse,Zambia,2020,1
Solrød,Armenia,2020,1
Solrød,Bulgaria,2020,1
Solrød,Chile,2020,1
Solrød,China,2020,1
Solrød,Denmark,2020,46
Solrød,Germany,2020,1
Solrød,Honduras,2020,1
Solrød,Indonesia,2020,1
Solrød,Iran,2020,1
Solrød,Iraq,2020,3
Solrød,Italy,2020,2
Solrød,Latvia,2020,1
Solrød,Lithuania,2020,3
Solrød,Norway,2020,3
Solrød,Philippines,2020,2
Solrød,Poland,2020,15
Solrød,Portugal,2020,1
Solrød,Romania,2020,9
Solrød,Spain,2020,2
Solrød,Sweden,2020,3
Solrød,Syria,2020,6
Solrød,Thailand,2020,1
Solrød,Turkey,2020,1
Solrød,USA,2020,6
Solrød,Ukraine,2020,1
Sorø,Afghanistan,2020,2
Sorø,Australia,2020,1
Sorø,Bulgaria,2020,3
Sorø,Croatia,2020,2
Sorø,Denmark,2020,88
Sorø,France,2020,2
Sorø,Germany,2020,3
Sorø,Ghana,2020,1
Sorø,Hungary,2020,6
Sorø,Iceland,2020,4
Sorø,India,2020,1
Sorø,Iran,2020,2
Sorø,Italy,2020,2
Sorø,Lebanon,2020,1
Sorø,Lithuania,2020,7
Sorø,Norway,2020,1
Sorø,Philippines,2020,3
Sorø,Poland,2020,23
Sorø,Portugal,2020,1
Sorø,Romania,2020,44
Sorø,Serbia,2020,1
Sorø,Slovakia,2020,1
Sorø,Stateless,2020,1
Sorø,Sudan,2020,2
Sorø,Sweden,2020,5
Sorø,Syria,2020,15
Sorø,Thailand,2020,1
Sorø,USA,2020,3
Sorø,United Kingdom,2020,2
Stevns,Argentina,2020,2
Stevns,Brazil,2020,1
Stevns,Bulgaria,2020,10
Stevns,Canada,2020,1
Stevns,China,2020,1
Stevns,Croatia,2020,2
Stevns,Czech Republic,2020,2
Stevns,Denmark,2020,54
Stevns,Eritrea,2020,6
Stevns,Germany,2020,1
Stevns,Hungary,2020,1
Stevns,India,2020,1
Stevns,Ireland,2020,1
Stevns,Kyrgyzstan,2020,2
Stevns,Latvia,2020,3
Stevns,Liberia,2020,1
Stevns,Lithuania,2020,22
Stevns,Myanmar,2020,2
Stevns,Norway,2020,2
Stevns,Philippines,2020,2
Stevns,Poland,2020,11
Stevns,Romania,2020,6
Stevns,Slovakia,2020,3
Stevns,Sudan,2020,1
Stevns,Sweden,2020,4
Stevns,Syria,2020,1
Stevns,USA,2020,2
Stevns,Uganda,2020,1
Stevns,Ukraine,2020,4
Stevns,United Kingdom,2020,1
Struer,Brazil,2020,1
Struer,Bulgaria,2020,5
Struer,Czech Republic,2020,13
Struer,Denmark,2020,69
Struer,Egypt,2020,1
Struer,Eritrea,2020,4
Struer,Estonia,2020,4
Struer,France,2020,2
Struer,Germany,2020,1
Struer,India,2020,10
Struer,Indonesia,2020,1
Struer,Italy,2020,1
Struer,Latvia,2020,9
Struer,Moldova,2020,2
Struer,Netherlands,2020,3
Struer,Norway,2020,1
Struer,Pakistan,2020,1
Struer,Philippines,2020,2
Struer,Poland,2020,8
Struer,Romania,2020,35
Struer,Slovakia,2020,1
Struer,Slovenia,2020,1
Struer,Spain,2020,1
Struer,Stateless,2020,2
Struer,Syria,2020,1
Struer,Thailand,2020,3
Struer,Turkey,2020,3
Struer,USA,2020,1
Struer,Ukraine,2020,7
Struer,United Kingdom,2020,2
Svendborg,Argentina,2020,1
Svendborg,Australia,2020,2
Svendborg,Austria,2020,1
Svendborg,Bahamas,2020,1
Svendborg,Brazil,2020,10
Svendborg,Bulgaria,2020,12
Svendborg,Colombia,2020,1
Svendborg,Costa Rica,2020,1
Svendborg,Cyprus,2020,2
Svendborg,Czech Republic,2020,1
Svendborg,Denmark,2020,214
Svendborg,Eritrea,2020,2
Svendborg,Estonia,2020,2
Svendborg,France,2020,3
Svendborg,Germany,2020,4
Svendborg,Greece,2020,2
Svendborg,Hungary,2020,3
Svendborg,Iceland,2020,8
Svendborg,India,2020,5
Svendborg,Iran,2020,11
Svendborg,Iraq,2020,1
Svendborg,Ireland,2020,1
Svendborg,Israel,2020,1
Svendborg,Italy,2020,4
Svendborg,Japan,2020,4
Svendborg,Kosovo,2020,1
Svendborg,Latvia,2020,3
Svendborg,Lithuania,2020,3
Svendborg,Mexico,2020,4
Svendborg,Netherlands,2020,1
Svendborg,New Zealand,2020,1
Svendborg,North Korea,2020,1
Svendborg,Norway,2020,16
Svendborg,Not stated,2020,2
Svendborg,Philippines,2020,3
Svendborg,Poland,2020,10
Svendborg,Portugal,2020,1
Svendborg,Romania,2020,14
Svendborg,Russia,2020,3
Svendborg,Spain,2020,1
Svendborg,Sri Lanka,2020,1
Svendborg,Sudan,2020,1
Svendborg,Sweden,2020,9
Svendborg,Syria,2020,5
Svendborg,Thailand,2020,5
Svendborg,Tonga,2020,1
Svendborg,Turkey,2020,3
Svendborg,USA,2020,5
Svendborg,Ukraine,2020,6
Svendborg,United Kingdom,2020,8
Svendborg,Vietnam,2020,1
Svendborg,Zambia,2020,1
Syddjurs,Albania,2020,1
Syddjurs,Argentina,2020,2
Syddjurs,Austria,2020,2
Syddjurs,Brazil,2020,2
Syddjurs,Bulgaria,2020,9
Syddjurs,Canada,2020,2
Syddjurs,Chile,2020,1
Syddjurs,China,2020,1
Syddjurs,Denmark,2020,179
Syddjurs,Eritrea,2020,4
Syddjurs,Ethiopia,2020,1
Syddjurs,Finland,2020,2
Syddjurs,France,2020,5
Syddjurs,Germany,2020,19
Syddjurs,Hungary,2020,1
Syddjurs,Iceland,2020,3
Syddjurs,India,2020,1
Syddjurs,Iran,2020,1
Syddjurs,Israel,2020,1
Syddjurs,Italy,2020,10
Syddjurs,Japan,2020,18
Syddjurs,Latvia,2020,2
Syddjurs,Lithuania,2020,12
Syddjurs,Luxembourg,2020,2
Syddjurs,Netherlands,2020,16
Syddjurs,Norway,2020,10
Syddjurs,Pakistan,2020,1
Syddjurs,Philippines,2020,2
Syddjurs,Poland,2020,10
Syddjurs,Portugal,2020,3
Syddjurs,Romania,2020,46
Syddjurs,Rwanda,2020,1
Syddjurs,Senegal,2020,1
Syddjurs,Slovakia,2020,5
Syddjurs,South Africa,2020,1
Syddjurs,South Korea,2020,1
Syddjurs,Spain,2020,4
Syddjurs,Stateless,2020,2
Syddjurs,Sweden,2020,6
Syddjurs,Switzerland,2020,4
Syddjurs,Syria,2020,13
Syddjurs,Tajikistan,2020,1
Syddjurs,Thailand,2020,2
Syddjurs,Turkey,2020,1
Syddjurs,USA,2020,4
Syddjurs,Ukraine,2020,6
Syddjurs,United Kingdom,2020,11
Syddjurs,Vietnam,2020,2
Sønderborg,Afghanistan,2020,1
Sønderborg,Algeria,2020,2
Sønderborg,Austria,2020,2
Sønderborg,Bangladesh,2020,7
Sønderborg,Brazil,2020,8
Sønderborg,Bulgaria,2020,2
Sønderborg,Cameroon,2020,2
Sønderborg,Canada,2020,3
Sønderborg,China,2020,7
Sønderborg,Croatia,2020,6
Sønderborg,Czech Republic,2020,3
Sønderborg,Denmark,2020,293
Sønderborg,Egypt,2020,5
Sønderborg,Estonia,2020,1
Sønderborg,Finland,2020,1
Sønderborg,France,2020,6
Sønderborg,"Gambia, The",2020,1
Sønderborg,Germany,2020,171
Sønderborg,Greece,2020,5
Sønderborg,Hungary,2020,13
Sønderborg,Iceland,2020,26
Sønderborg,India,2020,25
Sønderborg,Indonesia,2020,1
Sønderborg,Iran,2020,10
Sønderborg,Iraq,2020,1
Sønderborg,Ireland,2020,6
Sønderborg,Italy,2020,15
Sønderborg,Kazakhstan,2020,1
Sønderborg,Kenya,2020,1
Sønderborg,Kosovo,2020,1
Sønderborg,Latvia,2020,3
Sønderborg,Lithuania,2020,6
Sønderborg,Mexico,2020,2
Sønderborg,Morocco,2020,1
Sønderborg,Netherlands,2020,2
Sønderborg,Nigeria,2020,3
Sønderborg,Norway,2020,7
Sønderborg,Not stated,2020,5
Sønderborg,Pakistan,2020,6
Sønderborg,Philippines,2020,5
Sønderborg,Poland,2020,30
Sønderborg,Portugal,2020,1
Sønderborg,Romania,2020,42
Sønderborg,Russia,2020,5
Sønderborg,Serbia,2020,2
Sønderborg,Serbia and Montenegro,2020,2
Sønderborg,Slovakia,2020,5
Sønderborg,South Korea,2020,4
Sønderborg,Spain,2020,22
Sønderborg,Sri Lanka,2020,1
Sønderborg,Stateless,2020,5
Sønderborg,Sweden,2020,8
Sønderborg,Switzerland,2020,6
Sønderborg,Syria,2020,6
Sønderborg,Thailand,2020,2
Sønderborg,Turkey,2020,6
Sønderborg,USA,2020,12
Sønderborg,Uganda,2020,1
Sønderborg,Ukraine,2020,16
Sønderborg,United Kingdom,2020,6
Sønderborg,Venezuela,2020,1
Sønderborg,Vietnam,2020,11
Thisted,Afghanistan,2020,1
Thisted,Argentina,2020,1
Thisted,Brazil,2020,3
Thisted,Canada,2020,2
Thisted,Colombia,2020,1
Thisted,Denmark,2020,86
Thisted,Finland,2020,3
Thisted,Germany,2020,13
Thisted,Iceland,2020,5
Thisted,India,2020,1
Thisted,Indonesia,2020,1
Thisted,Iran,2020,5
Thisted,Italy,2020,3
Thisted,Lithuania,2020,2
Thisted,Nepal,2020,2
Thisted,Netherlands,2020,1
Thisted,Norway,2020,11
Thisted,Peru,2020,1
Thisted,Philippines,2020,2
Thisted,Poland,2020,41
Thisted,Romania,2020,8
Thisted,Russia,2020,3
Thisted,Slovakia,2020,3
Thisted,Somalia,2020,1
Thisted,Spain,2020,3
Thisted,Sweden,2020,3
Thisted,Syria,2020,6
Thisted,Tanzania,2020,1
Thisted,Thailand,2020,2
Thisted,USA,2020,2
Thisted,Ukraine,2020,24
Thisted,United Kingdom,2020,5
Thisted,Vietnam,2020,5
Tårnby,Afghanistan,2020,2
Tårnby,Albania,2020,1
Tårnby,Algeria,2020,1
Tårnby,Argentina,2020,14
Tårnby,Bangladesh,2020,1
Tårnby,Bhutan,2020,1
Tårnby,Brazil,2020,3
Tårnby,Bulgaria,2020,15
Tårnby,Cameroon,2020,1
Tårnby,Canada,2020,2
Tårnby,Chile,2020,6
Tårnby,China,2020,10
Tårnby,Croatia,2020,2
Tårnby,Cyprus,2020,1
Tårnby,Denmark,2020,93
Tårnby,Dominican Republic,2020,1
Tårnby,Eritrea,2020,1
Tårnby,France,2020,6
Tårnby,Greece,2020,1
Tårnby,Hungary,2020,2
Tårnby,Iceland,2020,7
Tårnby,India,2020,6
Tårnby,Iran,2020,6
Tårnby,Iraq,2020,1
Tårnby,Italy,2020,14
Tårnby,Kenya,2020,1
Tårnby,Lithuania,2020,4
Tårnby,Malta,2020,1
Tårnby,Morocco,2020,1
Tårnby,Nepal,2020,3
Tårnby,Netherlands,2020,3
Tårnby,Norway,2020,5
Tårnby,Pakistan,2020,5
Tårnby,Philippines,2020,6
Tårnby,Poland,2020,11
Tårnby,Portugal,2020,6
Tårnby,Romania,2020,14
Tårnby,Russia,2020,2
Tårnby,Slovakia,2020,1
Tårnby,Spain,2020,5
Tårnby,Stateless,2020,4
Tårnby,Sweden,2020,16
Tårnby,Switzerland,2020,1
Tårnby,Syria,2020,1
Tårnby,Taiwan,2020,1
Tårnby,Thailand,2020,3
Tårnby,Turkey,2020,3
Tårnby,USA,2020,5
Tårnby,Uganda,2020,1
Tårnby,Ukraine,2020,3
Tårnby,United Kingdom,2020,7
Tårnby,Vietnam,2020,1
Tønder,Afghanistan,2020,1
Tønder,Albania,2020,1
Tønder,Argentina,2020,3
Tønder,Australia,2020,1
Tønder,Austria,2020,2
Tønder,Belgium,2020,2
Tønder,Bosnia and Herzegovina,2020,1
Tønder,Bulgaria,2020,2
Tønder,Denmark,2020,105
Tønder,France,2020,1
Tønder,Germany,2020,106
Tønder,Hungary,2020,9
Tønder,Iceland,2020,2
Tønder,India,2020,4
Tønder,Indonesia,2020,4
Tønder,Iran,2020,6
Tønder,Italy,2020,9
Tønder,Japan,2020,2
Tønder,Kenya,2020,1
Tønder,Latvia,2020,5
Tønder,Lithuania,2020,6
Tønder,Morocco,2020,3
Tønder,Norway,2020,2
Tønder,Philippines,2020,1
Tønder,Poland,2020,15
Tønder,Portugal,2020,2
Tønder,Romania,2020,78
Tønder,Russia,2020,4
Tønder,Slovakia,2020,2
Tønder,South Korea,2020,3
Tønder,Spain,2020,2
Tønder,Sweden,2020,3
Tønder,Switzerland,2020,3
Tønder,Syria,2020,12
Tønder,Thailand,2020,3
Tønder,USA,2020,5
Tønder,Ukraine,2020,53
Tønder,United Kingdom,2020,10
Tønder,Vietnam,2020,6
Vallensbæk,Argentina,2020,3
Vallensbæk,Austria,2020,1
Vallensbæk,Azerbaijan,2020,1
Vallensbæk,Bangladesh,2020,5
Vallensbæk,Belgium,2020,1
Vallensbæk,Bulgaria,2020,23
Vallensbæk,Chile,2020,1
Vallensbæk,Croatia,2020,4
Vallensbæk,Czech Republic,2020,1
Vallensbæk,Denmark,2020,75
Vallensbæk,Germany,2020,4
Vallensbæk,Hungary,2020,2
Vallensbæk,India,2020,8
Vallensbæk,Iran,2020,1
Vallensbæk,Iraq,2020,1
Vallensbæk,Italy,2020,1
Vallensbæk,Japan,2020,1
Vallensbæk,Latvia,2020,1
Vallensbæk,Lithuania,2020,2
Vallensbæk,Malta,2020,1
Vallensbæk,Morocco,2020,1
Vallensbæk,Nepal,2020,13
Vallensbæk,Norway,2020,2
Vallensbæk,Pakistan,2020,8
Vallensbæk,Poland,2020,3
Vallensbæk,Portugal,2020,7
Vallensbæk,Romania,2020,20
Vallensbæk,Slovakia,2020,3
Vallensbæk,South Korea,2020,1
Vallensbæk,Spain,2020,2
Vallensbæk,Sri Lanka,2020,3
Vallensbæk,Sweden,2020,12
Vallensbæk,Switzerland,2020,2
Vallensbæk,Syria,2020,1
Vallensbæk,Turkey,2020,4
Vallensbæk,USA,2020,3
Vallensbæk,United Kingdom,2020,3
Varde,Australia,2020,2
Varde,Bosnia and Herzegovina,2020,5
Varde,Brazil,2020,2
Varde,Bulgaria,2020,4
Varde,Canada,2020,3
Varde,Denmark,2020,123
Varde,Eritrea,2020,2
Varde,Estonia,2020,2
Varde,France,2020,3
Varde,Germany,2020,23
Varde,Greece,2020,2
Varde,Hungary,2020,5
Varde,Iceland,2020,2
Varde,India,2020,1
Varde,Iraq,2020,1
Varde,Ireland,2020,1
Varde,Italy,2020,7
Varde,Kenya,2020,1
Varde,Kosovo,2020,3
Varde,Latvia,2020,2
Varde,Lebanon,2020,1
Varde,Lithuania,2020,10
Varde,Morocco,2020,1
Varde,Netherlands,2020,8
Varde,Nicaragua,2020,4
Varde,Norway,2020,1
Varde,Philippines,2020,9
Varde,Poland,2020,26
Varde,Portugal,2020,1
Varde,Romania,2020,134
Varde,Spain,2020,6
Varde,Sweden,2020,1
Varde,Thailand,2020,3
Varde,USA,2020,3
Varde,Ukraine,2020,61
Varde,United Kingdom,2020,7
Varde,Uzbekistan,2020,1
Varde,Vietnam,2020,6
Varde,Zambia,2020,1
Vejen,Afghanistan,2020,2
Vejen,Argentina,2020,2
Vejen,Austria,2020,1
Vejen,Bosnia and Herzegovina,2020,1
Vejen,Brazil,2020,1
Vejen,Bulgaria,2020,2
Vejen,China,2020,3
Vejen,Croatia,2020,2
Vejen,Denmark,2020,93
Vejen,Eritrea,2020,2
Vejen,Estonia,2020,1
Vejen,Ethiopia,2020,2
Vejen,Finland,2020,1
Vejen,France,2020,1
Vejen,Germany,2020,18
Vejen,Hungary,2020,4
Vejen,Iceland,2020,2
Vejen,India,2020,3
Vejen,Indonesia,2020,1
Vejen,Iran,2020,2
Vejen,Japan,2020,1
Vejen,Kenya,2020,1
Vejen,Kyrgyzstan,2020,2
Vejen,Lithuania,2020,18
Vejen,Mexico,2020,1
Vejen,Moldova,2020,2
Vejen,Nepal,2020,1
Vejen,Netherlands,2020,2
Vejen,Nigeria,2020,1
Vejen,Norway,2020,2
Vejen,Not stated,2020,2
Vejen,Philippines,2020,5
Vejen,Poland,2020,55
Vejen,Portugal,2020,1
Vejen,Romania,2020,106
Vejen,Serbia,2020,2
Vejen,Spain,2020,1
Vejen,Sweden,2020,5
Vejen,Syria,2020,8
Vejen,Thailand,2020,1
Vejen,USA,2020,2
Vejen,Ukraine,2020,40
Vejen,United Kingdom,2020,4
Vejen,Vietnam,2020,4
Vejle,Afghanistan,2020,12
Vejle,Argentina,2020,3
Vejle,Australia,2020,2
Vejle,Austria,2020,1
Vejle,Bangladesh,2020,1
Vejle,Belarus,2020,3
Vejle,Belgium,2020,3
Vejle,Bosnia and Herzegovina,2020,2
Vejle,Brazil,2020,9
Vejle,Bulgaria,2020,11
Vejle,Cameroon,2020,1
Vejle,Canada,2020,6
Vejle,Chile,2020,1
Vejle,China,2020,1
Vejle,Colombia,2020,1
Vejle,Croatia,2020,6
Vejle,Cuba,2020,1
Vejle,Cyprus,2020,1
Vejle,Czech Republic,2020,6
Vejle,Denmark,2020,384
Vejle,Egypt,2020,1
Vejle,Eritrea,2020,1
Vejle,Estonia,2020,1
Vejle,Finland,2020,1
Vejle,France,2020,12
Vejle,Germany,2020,25
Vejle,Ghana,2020,2
Vejle,Greece,2020,9
Vejle,Guatemala,2020,1
Vejle,Hungary,2020,18
Vejle,Iceland,2020,22
Vejle,India,2020,8
Vejle,Iran,2020,28
Vejle,Iraq,2020,1
Vejle,Ireland,2020,21
Vejle,Italy,2020,27
Vejle,Japan,2020,11
Vejle,Jordan,2020,2
Vejle,Kenya,2020,2
Vejle,Kosovo,2020,1
Vejle,Laos,2020,1
Vejle,Latvia,2020,28
Vejle,Lebanon,2020,3
Vejle,Lithuania,2020,47
Vejle,Mexico,2020,7
Vejle,Morocco,2020,5
Vejle,Netherlands,2020,12
Vejle,New Zealand,2020,1
Vejle,Nigeria,2020,5
Vejle,Norway,2020,16
Vejle,Not stated,2020,5
Vejle,Pakistan,2020,1
Vejle,Peru,2020,1
Vejle,Philippines,2020,19
Vejle,Poland,2020,123
Vejle,Portugal,2020,9
Vejle,Romania,2020,91
Vejle,Russia,2020,5
Vejle,Serbia,2020,3
Vejle,Singapore,2020,1
Vejle,Slovakia,2020,7
Vejle,Somalia,2020,1
Vejle,Spain,2020,14
Vejle,Sri Lanka,2020,1
Vejle,Stateless,2020,3
Vejle,Sweden,2020,19
Vejle,Switzerland,2020,1
Vejle,Syria,2020,14
Vejle,Tanzania,2020,1
Vejle,Thailand,2020,3
Vejle,Turkey,2020,9
Vejle,USA,2020,10
Vejle,Ukraine,2020,48
Vejle,United Kingdom,2020,24
Vejle,Uzbekistan,2020,1
Vejle,Venezuela,2020,1
Vejle,Vietnam,2020,9
Vesthimmerlands,Afghanistan,2020,4
Vesthimmerlands,Brazil,2020,2
Vesthimmerlands,Bulgaria,2020,6
Vesthimmerlands,Canada,2020,1
Vesthimmerlands,"Congo, Democratic Republic",2020,1
Vesthimmerlands,Denmark,2020,90
Vesthimmerlands,Ecuador,2020,1
Vesthimmerlands,Eritrea,2020,3
Vesthimmerlands,Eswantini,2020,1
Vesthimmerlands,France,2020,1
Vesthimmerlands,Germany,2020,8
Vesthimmerlands,Hungary,2020,1
Vesthimmerlands,India,2020,4
Vesthimmerlands,Iran,2020,2
Vesthimmerlands,Italy,2020,1
Vesthimmerlands,Latvia,2020,3
Vesthimmerlands,Lithuania,2020,8
Vesthimmerlands,Mexico,2020,7
Vesthimmerlands,Norway,2020,4
Vesthimmerlands,Poland,2020,20
Vesthimmerlands,Romania,2020,42
Vesthimmerlands,Spain,2020,4
Vesthimmerlands,Sweden,2020,1
Vesthimmerlands,Syria,2020,6
Vesthimmerlands,Thailand,2020,1
Vesthimmerlands,Turkey,2020,1
Vesthimmerlands,Ukraine,2020,57
Vesthimmerlands,United Kingdom,2020,1
Vesthimmerlands,Vietnam,2020,3
Viborg,Afghanistan,2020,2
Viborg,Albania,2020,1
Viborg,Algeria,2020,1
Viborg,Argentina,2020,1
Viborg,Austria,2020,1
Viborg,Bangladesh,2020,5
Viborg,Belgium,2020,4
Viborg,Bulgaria,2020,8
Viborg,Canada,2020,1
Viborg,China,2020,16
Viborg,Colombia,2020,2
Viborg,Croatia,2020,3
Viborg,Cuba,2020,1
Viborg,Czech Republic,2020,7
Viborg,Denmark,2020,284
Viborg,Eritrea,2020,2
Viborg,Estonia,2020,1
Viborg,Finland,2020,1
Viborg,France,2020,6
Viborg,Germany,2020,16
Viborg,Greece,2020,4
Viborg,Hungary,2020,11
Viborg,Iceland,2020,11
Viborg,India,2020,21
Viborg,Iran,2020,13
Viborg,Iraq,2020,1
Viborg,Ireland,2020,5
Viborg,Italy,2020,11
Viborg,Japan,2020,8
Viborg,Kenya,2020,2
Viborg,Kosovo,2020,1
Viborg,Latvia,2020,1
Viborg,Lithuania,2020,20
Viborg,Nepal,2020,1
Viborg,Netherlands,2020,1
Viborg,Nigeria,2020,1
Viborg,Norway,2020,13
Viborg,Not stated,2020,3
Viborg,Peru,2020,1
Viborg,Philippines,2020,4
Viborg,Poland,2020,47
Viborg,Portugal,2020,8
Viborg,Romania,2020,103
Viborg,Slovakia,2020,5
Viborg,Spain,2020,12
Viborg,Stateless,2020,5
Viborg,Sweden,2020,8
Viborg,Switzerland,2020,3
Viborg,Syria,2020,13
Viborg,Thailand,2020,4
Viborg,Turkey,2020,1
Viborg,USA,2020,7
Viborg,Uganda,2020,1
Viborg,Ukraine,2020,67
Viborg,United Kingdom,2020,6
Viborg,Uruguay,2020,1
Viborg,Vietnam,2020,7
Vordingborg,Argentina,2020,5
Vordingborg,Australia,2020,2
Vordingborg,Bulgaria,2020,3
Vordingborg,Cape Verde,2020,1
Vordingborg,China,2020,2
Vordingborg,Croatia,2020,4
Vordingborg,Czech Republic,2020,3
Vordingborg,Denmark,2020,140
Vordingborg,France,2020,1
Vordingborg,Germany,2020,13
Vordingborg,Hungary,2020,4
Vordingborg,Iceland,2020,1
Vordingborg,India,2020,1
Vordingborg,Iran,2020,3
Vordingborg,Iraq,2020,1
Vordingborg,Italy,2020,41
Vordingborg,Japan,2020,6
Vordingborg,Latvia,2020,1
Vordingborg,Lithuania,2020,8
Vordingborg,Netherlands,2020,3
Vordingborg,Norway,2020,5
Vordingborg,Pakistan,2020,1
Vordingborg,Philippines,2020,5
Vordingborg,Poland,2020,13
Vordingborg,Portugal,2020,2
Vordingborg,Romania,2020,96
Vordingborg,Russia,2020,1
Vordingborg,Serbia,2020,1
Vordingborg,Serbia and Montenegro,2020,1
Vordingborg,Slovakia,2020,1
Vordingborg,Spain,2020,4
Vordingborg,Sweden,2020,5
Vordingborg,Syria,2020,5
Vordingborg,Thailand,2020,3
Vordingborg,Turkey,2020,2
Vordingborg,USA,2020,2
Vordingborg,Ukraine,2020,10
Vordingborg,United Kingdom,2020,12
Vordingborg,Vietnam,2020,4
Vordingborg,Yemen,2020,1
Ærø,Denmark,2020,24
Ærø,Germany,2020,25
Ærø,Ghana,2020,1
Ærø,Ireland,2020,1
Ærø,Italy,2020,1
Ærø,Kenya,2020,1
Ærø,Netherlands,2020,4
Ærø,Norway,2020,1
Ærø,Not stated,2020,2
Ærø,Poland,2020,3
Ærø,Sweden,2020,3
Ærø,Switzerland,2020,1
Ærø,Ukraine,2020,1
Ærø,United Kingdom,2020,4
Aabenraa,Afghanistan,2021,2
Aabenraa,Austria,2021,3
Aabenraa,Bosnia and Herzegovina,2021,2
Aabenraa,Brazil,2021,14
Aabenraa,Bulgaria,2021,6
Aabenraa,China,2021,1
Aabenraa,Croatia,2021,4
Aabenraa,Czech Republic,2021,1
Aabenraa,Denmark,2021,236
Aabenraa,Finland,2021,1
Aabenraa,France,2021,2
Aabenraa,Germany,2021,497
Aabenraa,Hungary,2021,9
Aabenraa,Iceland,2021,1
Aabenraa,India,2021,2
Aabenraa,Iran,2021,4
Aabenraa,Ireland,2021,3
Aabenraa,Italy,2021,6
Aabenraa,Japan,2021,2
Aabenraa,Latvia,2021,7
Aabenraa,Lithuania,2021,2
Aabenraa,Mexico,2021,1
Aabenraa,Netherlands,2021,13
Aabenraa,Norway,2021,12
Aabenraa,Not stated,2021,5
Aabenraa,Philippines,2021,5
Aabenraa,Poland,2021,38
Aabenraa,Portugal,2021,2
Aabenraa,Republic of North Macedonia,2021,1
Aabenraa,Romania,2021,60
Aabenraa,Russia,2021,4
Aabenraa,Serbia,2021,4
Aabenraa,Slovakia,2021,1
Aabenraa,Slovenia,2021,1
Aabenraa,South Africa,2021,4
Aabenraa,Spain,2021,12
Aabenraa,Sri Lanka,2021,1
Aabenraa,Stateless,2021,1
Aabenraa,Sweden,2021,7
Aabenraa,Syria,2021,7
Aabenraa,Thailand,2021,5
Aabenraa,Turkey,2021,5
Aabenraa,USA,2021,2
Aabenraa,Ukraine,2021,34
Aabenraa,United Kingdom,2021,3
Aabenraa,Vietnam,2021,8
Aalborg,Afghanistan,2021,4
Aalborg,Albania,2021,1
Aalborg,Algeria,2021,1
Aalborg,Argentina,2021,6
Aalborg,Australia,2021,7
Aalborg,Austria,2021,7
Aalborg,Bangladesh,2021,26
Aalborg,Belarus,2021,1
Aalborg,Belgium,2021,14
Aalborg,Bosnia and Herzegovina,2021,1
Aalborg,Brazil,2021,27
Aalborg,Bulgaria,2021,72
Aalborg,Cameroon,2021,3
Aalborg,Canada,2021,13
Aalborg,Chile,2021,5
Aalborg,China,2021,167
Aalborg,Colombia,2021,11
Aalborg,"Congo, Republic",2021,1
Aalborg,Croatia,2021,41
Aalborg,Cyprus,2021,1
Aalborg,Czech Republic,2021,32
Aalborg,Denmark,2021,726
Aalborg,Ecuador,2021,2
Aalborg,Egypt,2021,3
Aalborg,El Salvador,2021,1
Aalborg,Eritrea,2021,10
Aalborg,Estonia,2021,2
Aalborg,Finland,2021,15
Aalborg,France,2021,36
Aalborg,Georgia,2021,2
Aalborg,Germany,2021,107
Aalborg,Ghana,2021,4
Aalborg,Greece,2021,23
Aalborg,Hungary,2021,49
Aalborg,Iceland,2021,25
Aalborg,India,2021,77
Aalborg,Indonesia,2021,4
Aalborg,Iran,2021,77
Aalborg,Iraq,2021,14
Aalborg,Ireland,2021,3
Aalborg,Israel,2021,2
Aalborg,Italy,2021,85
Aalborg,Japan,2021,9
Aalborg,Kazakhstan,2021,1
Aalborg,Kenya,2021,2
Aalborg,Laos,2021,1
Aalborg,Latvia,2021,18
Aalborg,Lebanon,2021,5
Aalborg,Liberia,2021,1
Aalborg,Liechtenstein,2021,1
Aalborg,Lithuania,2021,45
Aalborg,Malaysia,2021,1
Aalborg,Mexico,2021,5
Aalborg,Morocco,2021,6
Aalborg,Myanmar,2021,1
Aalborg,Nepal,2021,15
Aalborg,Netherlands,2021,19
Aalborg,New Zealand,2021,2
Aalborg,Nicaragua,2021,1
Aalborg,Nigeria,2021,2
Aalborg,North Korea,2021,1
Aalborg,Norway,2021,88
Aalborg,Not stated,2021,4
Aalborg,Pakistan,2021,6
Aalborg,Philippines,2021,23
Aalborg,Poland,2021,127
Aalborg,Portugal,2021,30
Aalborg,Republic of North Macedonia,2021,3
Aalborg,Romania,2021,141
Aalborg,Russia,2021,5
Aalborg,Rwanda,2021,1
Aalborg,Serbia,2021,2
Aalborg,Singapore,2021,5
Aalborg,Slovakia,2021,104
Aalborg,Slovenia,2021,4
Aalborg,Somalia,2021,1
Aalborg,South Africa,2021,2
Aalborg,South Korea,2021,2
Aalborg,Spain,2021,78
Aalborg,Sri Lanka,2021,1
Aalborg,Stateless,2021,3
Aalborg,Sweden,2021,39
Aalborg,Switzerland,2021,3
Aalborg,Syria,2021,12
Aalborg,Tanzania,2021,2
Aalborg,Thailand,2021,13
Aalborg,Trinidad and Tobago,2021,1
Aalborg,Tunisia,2021,2
Aalborg,Turkey,2021,33
Aalborg,USA,2021,36
Aalborg,Uganda,2021,5
Aalborg,Ukraine,2021,36
Aalborg,United Kingdom,2021,13
Aalborg,Uzbekistan,2021,1
Aalborg,Venezuela,2021,1
Aalborg,Vietnam,2021,8
Aalborg,Yemen,2021,1
Aalborg,Yugoslavia,2021,1
Aalborg,Zimbabwe,2021,1
Aarhus,Afghanistan,2021,9
Aarhus,Albania,2021,5
Aarhus,Algeria,2021,3
Aarhus,Argentina,2021,26
Aarhus,Australia,2021,13
Aarhus,Austria,2021,39
Aarhus,Bahamas,2021,1
Aarhus,Bangladesh,2021,4
Aarhus,Belarus,2021,5
Aarhus,Belgium,2021,56
Aarhus,Bhutan,2021,2
Aarhus,Bolivia,2021,1
Aarhus,Bosnia and Herzegovina,2021,3
Aarhus,Brazil,2021,29
Aarhus,Bulgaria,2021,87
Aarhus,Cameroon,2021,9
Aarhus,Canada,2021,29
Aarhus,Chile,2021,12
Aarhus,China,2021,159
Aarhus,Colombia,2021,9
Aarhus,"Congo, Democratic Republic",2021,1
Aarhus,Croatia,2021,44
Aarhus,Cuba,2021,1
Aarhus,Cyprus,2021,6
Aarhus,Czech Republic,2021,63
Aarhus,Denmark,2021,1325
Aarhus,Egypt,2021,10
Aarhus,Eritrea,2021,6
Aarhus,Estonia,2021,11
Aarhus,Ethiopia,2021,4
Aarhus,Finland,2021,49
Aarhus,France,2021,118
Aarhus,"Gambia, The",2021,1
Aarhus,Georgia,2021,2
Aarhus,Germany,2021,404
Aarhus,Ghana,2021,4
Aarhus,Greece,2021,33
Aarhus,Guatemala,2021,1
Aarhus,Honduras,2021,1
Aarhus,Hungary,2021,123
Aarhus,Iceland,2021,95
Aarhus,India,2021,199
Aarhus,Indonesia,2021,5
Aarhus,Iran,2021,103
Aarhus,Iraq,2021,10
Aarhus,Ireland,2021,42
Aarhus,Israel,2021,7
Aarhus,Italy,2021,210
Aarhus,Japan,2021,41
Aarhus,Jordan,2021,3
Aarhus,Kazakhstan,2021,3
Aarhus,Kenya,2021,3
Aarhus,Kyrgyzstan,2021,1
Aarhus,Latvia,2021,27
Aarhus,Lebanon,2021,15
Aarhus,Liberia,2021,1
Aarhus,Lithuania,2021,65
Aarhus,Malaysia,2021,3
Aarhus,Mexico,2021,17
Aarhus,Moldova,2021,2
Aarhus,Montenegro,2021,2
Aarhus,Morocco,2021,8
Aarhus,Nepal,2021,11
Aarhus,Netherlands,2021,88
Aarhus,New Zealand,2021,3
Aarhus,Nigeria,2021,5
Aarhus,Norway,2021,233
Aarhus,Not stated,2021,32
Aarhus,Pakistan,2021,24
Aarhus,Panama,2021,1
Aarhus,Peru,2021,6
Aarhus,Philippines,2021,18
Aarhus,Poland,2021,241
Aarhus,Portugal,2021,52
Aarhus,Republic of North Macedonia,2021,1
Aarhus,Romania,2021,336
Aarhus,Russia,2021,31
Aarhus,Senegal,2021,1
Aarhus,Serbia,2021,1
Aarhus,Sierra Leone,2021,1
Aarhus,Singapore,2021,4
Aarhus,Slovakia,2021,64
Aarhus,Slovenia,2021,17
Aarhus,Somalia,2021,2
Aarhus,South Africa,2021,8
Aarhus,South Korea,2021,13
Aarhus,Spain,2021,225
Aarhus,Sri Lanka,2021,4
Aarhus,Stateless,2021,8
Aarhus,Sudan,2021,2
Aarhus,Sweden,2021,88
Aarhus,Switzerland,2021,32
Aarhus,Syria,2021,9
Aarhus,Taiwan,2021,3
Aarhus,Thailand,2021,16
Aarhus,Tunisia,2021,2
Aarhus,Turkey,2021,47
Aarhus,USA,2021,107
Aarhus,Uganda,2021,2
Aarhus,Ukraine,2021,34
Aarhus,United Kingdom,2021,120
Aarhus,Uzbekistan,2021,1
Aarhus,Venezuela,2021,1
Aarhus,Vietnam,2021,15
Aarhus,Yemen,2021,2
Aarhus,Zambia,2021,2
Albertslund,Argentina,2021,2
Albertslund,Austria,2021,3
Albertslund,Bangladesh,2021,8
Albertslund,Belarus,2021,1
Albertslund,Bosnia and Herzegovina,2021,1
Albertslund,Bulgaria,2021,41
Albertslund,Cameroon,2021,2
Albertslund,Colombia,2021,1
Albertslund,Croatia,2021,3
Albertslund,Cuba,2021,1
Albertslund,Czech Republic,2021,3
Albertslund,Denmark,2021,70
Albertslund,Estonia,2021,1
Albertslund,France,2021,3
Albertslund,Georgia,2021,1
Albertslund,Germany,2021,11
Albertslund,Ghana,2021,2
Albertslund,Greece,2021,9
Albertslund,Hungary,2021,4
Albertslund,Iceland,2021,1
Albertslund,India,2021,24
Albertslund,Iran,2021,4
Albertslund,Italy,2021,18
Albertslund,Latvia,2021,8
Albertslund,Lithuania,2021,6
Albertslund,Mexico,2021,1
Albertslund,Montenegro,2021,1
Albertslund,Nepal,2021,20
Albertslund,Netherlands,2021,3
Albertslund,Nigeria,2021,1
Albertslund,Norway,2021,10
Albertslund,Pakistan,2021,13
Albertslund,Philippines,2021,3
Albertslund,Poland,2021,19
Albertslund,Portugal,2021,18
Albertslund,Romania,2021,45
Albertslund,Slovakia,2021,3
Albertslund,Spain,2021,12
Albertslund,Sweden,2021,11
Albertslund,Taiwan,2021,1
Albertslund,Thailand,2021,1
Albertslund,Turkey,2021,12
Albertslund,USA,2021,3
Albertslund,United Kingdom,2021,1
Albertslund,Vietnam,2021,3
Allerød,Afghanistan,2021,1
Allerød,Belarus,2021,1
Allerød,Bulgaria,2021,6
Allerød,China,2021,1
Allerød,"Congo, Democratic Republic",2021,2
Allerød,Denmark,2021,59
Allerød,Eritrea,2021,2
Allerød,Finland,2021,4
Allerød,Germany,2021,3
Allerød,Greece,2021,2
Allerød,Hungary,2021,1
Allerød,Iran,2021,3
Allerød,Iraq,2021,1
Allerød,Ireland,2021,1
Allerød,Italy,2021,3
Allerød,Latvia,2021,2
Allerød,Lithuania,2021,4
Allerød,Mexico,2021,2
Allerød,Netherlands,2021,2
Allerød,Not stated,2021,1
Allerød,Pakistan,2021,1
Allerød,Philippines,2021,4
Allerød,Poland,2021,9
Allerød,Romania,2021,16
Allerød,Slovakia,2021,1
Allerød,Spain,2021,1
Allerød,Sweden,2021,3
Allerød,Syria,2021,4
Allerød,Thailand,2021,1
Allerød,USA,2021,8
Allerød,Ukraine,2021,1
Assens,Albania,2021,1
Assens,Brazil,2021,1
Assens,Bulgaria,2021,11
Assens,Denmark,2021,94
Assens,Eritrea,2021,1
Assens,France,2021,3
Assens,Germany,2021,12
Assens,Hungary,2021,1
Assens,Iceland,2021,2
Assens,Iran,2021,2
Assens,Iraq,2021,2
Assens,Ireland,2021,1
Assens,Italy,2021,1
Assens,Latvia,2021,7
Assens,Lithuania,2021,44
Assens,Moldova,2021,4
Assens,Morocco,2021,1
Assens,Nepal,2021,3
Assens,Netherlands,2021,8
Assens,Norway,2021,4
Assens,Not stated,2021,1
Assens,Philippines,2021,1
Assens,Poland,2021,29
Assens,Portugal,2021,4
Assens,Romania,2021,84
Assens,Slovakia,2021,6
Assens,South Africa,2021,1
Assens,Spain,2021,2
Assens,Stateless,2021,1
Assens,Syria,2021,16
Assens,Tanzania,2021,1
Assens,Thailand,2021,2
Assens,Uganda,2021,1
Assens,Ukraine,2021,30
Assens,Vietnam,2021,4
Assens,Yemen,2021,3
Assens,Zambia,2021,1
Ballerup,Albania,2021,1
Ballerup,Argentina,2021,1
Ballerup,Bangladesh,2021,1
Ballerup,Belgium,2021,1
Ballerup,Bosnia and Herzegovina,2021,5
Ballerup,Brazil,2021,6
Ballerup,Bulgaria,2021,19
Ballerup,Canada,2021,1
Ballerup,Chile,2021,1
Ballerup,China,2021,11
Ballerup,Colombia,2021,2
Ballerup,"Congo, Democratic Republic",2021,1
Ballerup,Croatia,2021,4
Ballerup,Denmark,2021,101
Ballerup,Ecuador,2021,1
Ballerup,Finland,2021,2
Ballerup,France,2021,9
Ballerup,Germany,2021,11
Ballerup,Ghana,2021,3
Ballerup,Greece,2021,16
Ballerup,Hungary,2021,3
Ballerup,Iceland,2021,1
Ballerup,India,2021,34
Ballerup,Indonesia,2021,1
Ballerup,Iran,2021,13
Ballerup,Iraq,2021,1
Ballerup,Ireland,2021,2
Ballerup,Italy,2021,16
Ballerup,Japan,2021,1
Ballerup,Jordan,2021,1
Ballerup,Latvia,2021,1
Ballerup,Lebanon,2021,1
Ballerup,Lithuania,2021,13
Ballerup,Mexico,2021,3
Ballerup,Moldova,2021,1
Ballerup,Mongolia,2021,1
Ballerup,Montenegro,2021,3
Ballerup,Nepal,2021,9
Ballerup,Netherlands,2021,2
Ballerup,Nigeria,2021,1
Ballerup,Norway,2021,5
Ballerup,Pakistan,2021,1
Ballerup,Philippines,2021,6
Ballerup,Poland,2021,13
Ballerup,Portugal,2021,8
Ballerup,Republic of North Macedonia,2021,5
Ballerup,Romania,2021,25
Ballerup,Serbia,2021,1
Ballerup,Slovakia,2021,1
Ballerup,South Korea,2021,1
Ballerup,Spain,2021,12
Ballerup,Sri Lanka,2021,2
Ballerup,Stateless,2021,2
Ballerup,Sweden,2021,14
Ballerup,Taiwan,2021,1
Ballerup,Thailand,2021,2
Ballerup,Tunisia,2021,1
Ballerup,Turkey,2021,8
Ballerup,USA,2021,18
Ballerup,Ukraine,2021,1
Ballerup,United Kingdom,2021,1
Billund,Argentina,2021,1
Billund,Australia,2021,2
Billund,Belgium,2021,2
Billund,Brazil,2021,3
Billund,Bulgaria,2021,8
Billund,Canada,2021,1
Billund,China,2021,1
Billund,Colombia,2021,3
Billund,Denmark,2021,56
Billund,France,2021,3
Billund,Germany,2021,15
Billund,Hungary,2021,6
Billund,Iceland,2021,4
Billund,India,2021,13
Billund,Iraq,2021,2
Billund,Ireland,2021,3
Billund,Italy,2021,7
Billund,Kenya,2021,2
Billund,Latvia,2021,4
Billund,Lithuania,2021,5
Billund,Malaysia,2021,3
Billund,Mexico,2021,4
Billund,Moldova,2021,3
Billund,Mozambique,2021,1
Billund,Netherlands,2021,13
Billund,North Korea,2021,1
Billund,Norway,2021,2
Billund,Pakistan,2021,1
Billund,Philippines,2021,5
Billund,Poland,2021,20
Billund,Portugal,2021,2
Billund,Romania,2021,89
Billund,Russia,2021,4
Billund,Sierra Leone,2021,1
Billund,Singapore,2021,3
Billund,Slovakia,2021,2
Billund,South Korea,2021,1
Billund,Spain,2021,17
Billund,Sri Lanka,2021,1
Billund,Stateless,2021,1
Billund,Sweden,2021,2
Billund,Syria,2021,4
Billund,Thailand,2021,2
Billund,Tunisia,2021,4
Billund,Turkey,2021,3
Billund,USA,2021,19
Billund,Uganda,2021,2
Billund,Ukraine,2021,13
Billund,United Kingdom,2021,9
Billund,Vietnam,2021,6
Bornholm,Albania,2021,1
Bornholm,Argentina,2021,6
Bornholm,Austria,2021,1
Bornholm,Belarus,2021,1
Bornholm,Brazil,2021,2
Bornholm,Bulgaria,2021,1
Bornholm,China,2021,1
Bornholm,Croatia,2021,1
Bornholm,Cuba,2021,1
Bornholm,Denmark,2021,104
Bornholm,Eritrea,2021,5
Bornholm,Finland,2021,3
Bornholm,France,2021,12
Bornholm,Germany,2021,57
Bornholm,Hungary,2021,6
Bornholm,Iceland,2021,2
Bornholm,Indonesia,2021,1
Bornholm,Israel,2021,1
Bornholm,Italy,2021,35
Bornholm,Japan,2021,4
Bornholm,Kenya,2021,1
Bornholm,Latvia,2021,1
Bornholm,Lithuania,2021,2
Bornholm,Netherlands,2021,15
Bornholm,Norway,2021,8
Bornholm,Poland,2021,22
Bornholm,Portugal,2021,2
Bornholm,Republic of North Macedonia,2021,1
Bornholm,Romania,2021,17
Bornholm,Serbia,2021,1
Bornholm,Slovakia,2021,1
Bornholm,South Korea,2021,1
Bornholm,Spain,2021,8
Bornholm,Sweden,2021,22
Bornholm,Syria,2021,3
Bornholm,Thailand,2021,1
Bornholm,USA,2021,4
Bornholm,Ukraine,2021,6
Bornholm,United Kingdom,2021,2
Brøndby,Algeria,2021,1
Brøndby,Austria,2021,2
Brøndby,Bangladesh,2021,10
Brøndby,Belgium,2021,3
Brøndby,Bulgaria,2021,35
Brøndby,Cameroon,2021,1
Brøndby,Chile,2021,1
Brøndby,Colombia,2021,2
Brøndby,Croatia,2021,1
Brøndby,Czech Republic,2021,1
Brøndby,Denmark,2021,108
Brøndby,Egypt,2021,1
Brøndby,France,2021,1
Brøndby,Germany,2021,7
Brøndby,Ghana,2021,4
Brøndby,Hungary,2021,5
Brøndby,Iceland,2021,2
Brøndby,India,2021,12
Brøndby,Iran,2021,2
Brøndby,Iraq,2021,4
Brøndby,Ireland,2021,1
Brøndby,Italy,2021,11
Brøndby,Latvia,2021,3
Brøndby,Lithuania,2021,14
Brøndby,Nepal,2021,17
Brøndby,Netherlands,2021,3
Brøndby,Nigeria,2021,1
Brøndby,Norway,2021,8
Brøndby,Pakistan,2021,24
Brøndby,Philippines,2021,3
Brøndby,Poland,2021,21
Brøndby,Portugal,2021,13
Brøndby,Republic of North Macedonia,2021,1
Brøndby,Romania,2021,61
Brøndby,Slovakia,2021,1
Brøndby,Spain,2021,17
Brøndby,Sri Lanka,2021,9
Brøndby,Stateless,2021,1
Brøndby,Sweden,2021,11
Brøndby,Switzerland,2021,4
Brøndby,Thailand,2021,1
Brøndby,Tunisia,2021,1
Brøndby,Turkey,2021,12
Brøndby,USA,2021,1
Brøndby,Vietnam,2021,1
Brøndby,Yemen,2021,1
Brønderslev,Australia,2021,1
Brønderslev,Belgium,2021,1
Brønderslev,Bulgaria,2021,4
Brønderslev,Colombia,2021,1
Brønderslev,Denmark,2021,68
Brønderslev,Eritrea,2021,2
Brønderslev,Finland,2021,1
Brønderslev,Germany,2021,9
Brønderslev,Hungary,2021,6
Brønderslev,Iceland,2021,2
Brønderslev,Iran,2021,2
Brønderslev,Italy,2021,3
Brønderslev,Latvia,2021,1
Brønderslev,Lithuania,2021,4
Brønderslev,Moldova,2021,1
Brønderslev,Netherlands,2021,3
Brønderslev,Norway,2021,8
Brønderslev,Not stated,2021,1
Brønderslev,Philippines,2021,10
Brønderslev,Poland,2021,5
Brønderslev,Portugal,2021,1
Brønderslev,Romania,2021,30
Brønderslev,Spain,2021,3
Brønderslev,Stateless,2021,4
Brønderslev,Sweden,2021,1
Brønderslev,Syria,2021,3
Brønderslev,USA,2021,2
Brønderslev,Uganda,2021,3
Brønderslev,Ukraine,2021,29
Brønderslev,Vietnam,2021,2
Christiansø,Russia,2021,2
Copenhagen,Afghanistan,2021,6
Copenhagen,Albania,2021,5
Copenhagen,Algeria,2021,5
Copenhagen,Argentina,2021,128
Copenhagen,Armenia,2021,3
Copenhagen,Australia,2021,60
Copenhagen,Austria,2021,92
Copenhagen,Azerbaijan,2021,2
Copenhagen,Bangladesh,2021,72
Copenhagen,Barbados,2021,1
Copenhagen,Belarus,2021,31
Copenhagen,Belgium,2021,132
Copenhagen,Bhutan,2021,1
Copenhagen,Bolivia,2021,1
Copenhagen,Bosnia and Herzegovina,2021,4
Copenhagen,Brazil,2021,126
Copenhagen,Bulgaria,2021,181
Copenhagen,Cambodia,2021,1
Copenhagen,Cameroon,2021,9
Copenhagen,Canada,2021,107
Copenhagen,Chile,2021,45
Copenhagen,China,2021,450
Copenhagen,Colombia,2021,50
Copenhagen,Costa Rica,2021,2
Copenhagen,Croatia,2021,131
Copenhagen,Cuba,2021,3
Copenhagen,Cyprus,2021,16
Copenhagen,Czech Republic,2021,80
Copenhagen,Denmark,2021,3433
Copenhagen,Dominican Republic,2021,4
Copenhagen,Ecuador,2021,12
Copenhagen,Egypt,2021,33
Copenhagen,El Salvador,2021,1
Copenhagen,Estonia,2021,35
Copenhagen,Eswantini,2021,1
Copenhagen,Ethiopia,2021,6
Copenhagen,Finland,2021,174
Copenhagen,France,2021,650
Copenhagen,"Gambia, The",2021,2
Copenhagen,Georgia,2021,11
Copenhagen,Germany,2021,1037
Copenhagen,Ghana,2021,27
Copenhagen,Greece,2021,261
Copenhagen,Guatemala,2021,5
Copenhagen,Honduras,2021,3
Copenhagen,Hungary,2021,147
Copenhagen,Iceland,2021,245
Copenhagen,India,2021,713
Copenhagen,Indonesia,2021,15
Copenhagen,Iran,2021,131
Copenhagen,Iraq,2021,11
Copenhagen,Ireland,2021,170
Copenhagen,Israel,2021,31
Copenhagen,Italy,2021,1645
Copenhagen,Ivory Coast,2021,1
Copenhagen,Jamaica,2021,2
Copenhagen,Japan,2021,72
Copenhagen,Jordan,2021,6
Copenhagen,Kazakhstan,2021,10
Copenhagen,Kenya,2021,6
Copenhagen,Kosovo,2021,1
Copenhagen,Kuwait,2021,1
Copenhagen,Kyrgyzstan,2021,2
Copenhagen,Latvia,2021,81
Copenhagen,Lebanon,2021,34
Copenhagen,Lithuania,2021,136
Copenhagen,Luxembourg,2021,14
Copenhagen,Malawi,2021,1
Copenhagen,Malaysia,2021,14
Copenhagen,Malta,2021,8
Copenhagen,Mauritius,2021,2
Copenhagen,Mexico,2021,71
Copenhagen,Middle East not stated,2021,1
Copenhagen,Moldova,2021,4
Copenhagen,Mongolia,2021,1
Copenhagen,Montenegro,2021,2
Copenhagen,Morocco,2021,22
Copenhagen,Myanmar,2021,4
Copenhagen,Namibia,2021,2
Copenhagen,Nepal,2021,237
Copenhagen,Netherlands,2021,303
Copenhagen,New Zealand,2021,14
Copenhagen,Nicaragua,2021,2
Copenhagen,Nigeria,2021,21
Copenhagen,North Korea,2021,1
Copenhagen,Norway,2021,643
Copenhagen,Not stated,2021,14
Copenhagen,Pakistan,2021,128
Copenhagen,Panama,2021,10
Copenhagen,Paraguay,2021,2
Copenhagen,Peru,2021,12
Copenhagen,Philippines,2021,100
Copenhagen,Poland,2021,601
Copenhagen,Portugal,2021,525
Copenhagen,Republic of North Macedonia,2021,23
Copenhagen,Romania,2021,420
Copenhagen,Russia,2021,94
Copenhagen,Saudi Arabia,2021,4
Copenhagen,Senegal,2021,1
Copenhagen,Serbia,2021,26
Copenhagen,Sierra Leone,2021,2
Copenhagen,Singapore,2021,19
Copenhagen,Slovakia,2021,115
Copenhagen,Slovenia,2021,21
Copenhagen,Somalia,2021,1
Copenhagen,South Africa,2021,47
Copenhagen,South Korea,2021,46
Copenhagen,Spain,2021,978
Copenhagen,Sri Lanka,2021,5
Copenhagen,Stateless,2021,9
Copenhagen,Sudan,2021,1
Copenhagen,Sweden,2021,760
Copenhagen,Switzerland,2021,124
Copenhagen,Syria,2021,10
Copenhagen,Taiwan,2021,28
Copenhagen,Tanzania,2021,4
Copenhagen,Thailand,2021,47
Copenhagen,Tunisia,2021,11
Copenhagen,Turkey,2021,115
Copenhagen,USA,2021,624
Copenhagen,Uganda,2021,3
Copenhagen,Ukraine,2021,68
Copenhagen,United Kingdom,2021,417
Copenhagen,Uruguay,2021,2
Copenhagen,Uzbekistan,2021,1
Copenhagen,Venezuela,2021,5
Copenhagen,Vietnam,2021,27
Copenhagen,Yemen,2021,4
Copenhagen,Yugoslavia,2021,2
Copenhagen,Zimbabwe,2021,4
Dragør,Afghanistan,2021,2
Dragør,Albania,2021,1
Dragør,Brazil,2021,1
Dragør,Bulgaria,2021,2
Dragør,Croatia,2021,1
Dragør,Denmark,2021,66
Dragør,Eritrea,2021,2
Dragør,Finland,2021,1
Dragør,Germany,2021,3
Dragør,Iran,2021,2
Dragør,Italy,2021,3
Dragør,Nigeria,2021,1
Dragør,Norway,2021,4
Dragør,Pakistan,2021,2
Dragør,Philippines,2021,6
Dragør,Poland,2021,2
Dragør,Romania,2021,1
Dragør,Sweden,2021,6
Dragør,Thailand,2021,2
Dragør,USA,2021,1
Dragør,United Kingdom,2021,3
Dragør,Zambia,2021,1
Egedal,Brazil,2021,2
Egedal,Bulgaria,2021,20
Egedal,Cambodia,2021,1
Egedal,Chile,2021,1
Egedal,China,2021,3
Egedal,Croatia,2021,1
Egedal,Denmark,2021,83
Egedal,Eritrea,2021,1
Egedal,Ethiopia,2021,1
Egedal,Germany,2021,3
Egedal,Hungary,2021,1
Egedal,India,2021,8
Egedal,Iran,2021,1
Egedal,Italy,2021,3
Egedal,Latvia,2021,3
Egedal,Lithuania,2021,29
Egedal,Nepal,2021,5
Egedal,Norway,2021,2
Egedal,Not stated,2021,2
Egedal,Pakistan,2021,4
Egedal,Peru,2021,1
Egedal,Philippines,2021,1
Egedal,Poland,2021,19
Egedal,Portugal,2021,3
Egedal,Republic of North Macedonia,2021,1
Egedal,Romania,2021,48
Egedal,Russia,2021,1
Egedal,Slovakia,2021,2
Egedal,Slovenia,2021,1
Egedal,Spain,2021,1
Egedal,Sweden,2021,6
Egedal,Switzerland,2021,1
Egedal,Syria,2021,1
Egedal,Thailand,2021,1
Egedal,Turkey,2021,1
Egedal,USA,2021,5
Egedal,Ukraine,2021,2
Egedal,United Kingdom,2021,7
Esbjerg,Afghanistan,2021,5
Esbjerg,Angola,2021,1
Esbjerg,Australia,2021,3
Esbjerg,Austria,2021,8
Esbjerg,Azerbaijan,2021,1
Esbjerg,Bangladesh,2021,6
Esbjerg,Belgium,2021,12
Esbjerg,Bosnia and Herzegovina,2021,4
Esbjerg,Brazil,2021,2
Esbjerg,Brunei,2021,4
Esbjerg,Bulgaria,2021,40
Esbjerg,Cambodia,2021,1
Esbjerg,Cameroon,2021,3
Esbjerg,Canada,2021,6
Esbjerg,Chile,2021,1
Esbjerg,China,2021,8
Esbjerg,Colombia,2021,2
Esbjerg,Costa Rica,2021,1
Esbjerg,Croatia,2021,23
Esbjerg,Cyprus,2021,2
Esbjerg,Czech Republic,2021,12
Esbjerg,Denmark,2021,312
Esbjerg,Egypt,2021,5
Esbjerg,Eritrea,2021,1
Esbjerg,Estonia,2021,1
Esbjerg,Finland,2021,7
Esbjerg,France,2021,35
Esbjerg,Germany,2021,61
Esbjerg,Greece,2021,8
Esbjerg,Hungary,2021,12
Esbjerg,Iceland,2021,13
Esbjerg,India,2021,11
Esbjerg,Indonesia,2021,3
Esbjerg,Iran,2021,13
Esbjerg,Iraq,2021,3
Esbjerg,Ireland,2021,8
Esbjerg,Italy,2021,31
Esbjerg,Japan,2021,2
Esbjerg,Kazakhstan,2021,6
Esbjerg,Kenya,2021,2
Esbjerg,Kyrgyzstan,2021,3
Esbjerg,Latvia,2021,17
Esbjerg,Lithuania,2021,10
Esbjerg,Luxembourg,2021,1
Esbjerg,Mauritius,2021,1
Esbjerg,Mexico,2021,2
Esbjerg,Moldova,2021,3
Esbjerg,Myanmar,2021,2
Esbjerg,Nepal,2021,1
Esbjerg,Netherlands,2021,18
Esbjerg,Nigeria,2021,1
Esbjerg,Norway,2021,17
Esbjerg,Not stated,2021,2
Esbjerg,Pakistan,2021,6
Esbjerg,Paraguay,2021,2
Esbjerg,Peru,2021,1
Esbjerg,Philippines,2021,13
Esbjerg,Poland,2021,68
Esbjerg,Portugal,2021,14
Esbjerg,Romania,2021,94
Esbjerg,Russia,2021,4
Esbjerg,Rwanda,2021,1
Esbjerg,Serbia,2021,3
Esbjerg,Slovakia,2021,20
Esbjerg,Slovenia,2021,3
Esbjerg,Somalia,2021,1
Esbjerg,South Korea,2021,2
Esbjerg,Spain,2021,41
Esbjerg,Stateless,2021,1
Esbjerg,Sweden,2021,14
Esbjerg,Switzerland,2021,3
Esbjerg,Syria,2021,11
Esbjerg,Tanzania,2021,1
Esbjerg,Thailand,2021,10
Esbjerg,Trinidad and Tobago,2021,1
Esbjerg,Turkey,2021,7
Esbjerg,USA,2021,9
Esbjerg,Uganda,2021,2
Esbjerg,Ukraine,2021,55
Esbjerg,United Kingdom,2021,20
Esbjerg,Vietnam,2021,1
Esbjerg,Zambia,2021,1
Faaborg-Midtfyn,Australia,2021,1
Faaborg-Midtfyn,Belgium,2021,2
Faaborg-Midtfyn,Bulgaria,2021,17
Faaborg-Midtfyn,Canada,2021,1
Faaborg-Midtfyn,Chile,2021,1
Faaborg-Midtfyn,China,2021,1
Faaborg-Midtfyn,Denmark,2021,121
Faaborg-Midtfyn,Eritrea,2021,6
Faaborg-Midtfyn,France,2021,4
Faaborg-Midtfyn,Germany,2021,8
Faaborg-Midtfyn,Hungary,2021,1
Faaborg-Midtfyn,Iceland,2021,3
Faaborg-Midtfyn,India,2021,1
Faaborg-Midtfyn,Italy,2021,4
Faaborg-Midtfyn,Latvia,2021,4
Faaborg-Midtfyn,Libya,2021,5
Faaborg-Midtfyn,Lithuania,2021,27
Faaborg-Midtfyn,Nepal,2021,2
Faaborg-Midtfyn,Nigeria,2021,1
Faaborg-Midtfyn,Norway,2021,1
Faaborg-Midtfyn,Pakistan,2021,1
Faaborg-Midtfyn,Philippines,2021,3
Faaborg-Midtfyn,Poland,2021,36
Faaborg-Midtfyn,Portugal,2021,5
Faaborg-Midtfyn,Romania,2021,58
Faaborg-Midtfyn,Spain,2021,2
Faaborg-Midtfyn,Sri Lanka,2021,1
Faaborg-Midtfyn,Stateless,2021,1
Faaborg-Midtfyn,Sweden,2021,5
Faaborg-Midtfyn,Switzerland,2021,1
Faaborg-Midtfyn,Syria,2021,6
Faaborg-Midtfyn,Thailand,2021,2
Faaborg-Midtfyn,USA,2021,2
Faaborg-Midtfyn,Uganda,2021,1
Faaborg-Midtfyn,Ukraine,2021,43
Faaborg-Midtfyn,United Kingdom,2021,1
Faaborg-Midtfyn,Vietnam,2021,5
Fanø,Colombia,2021,1
Fanø,Denmark,2021,14
Fanø,Germany,2021,4
Fanø,Greece,2021,1
Fanø,United Kingdom,2021,2
Favrskov,Africa not stated,2021,1
Favrskov,Belgium,2021,1
Favrskov,Brazil,2021,3
Favrskov,Bulgaria,2021,10
Favrskov,"Congo, Democratic Republic",2021,5
Favrskov,Croatia,2021,3
Favrskov,Denmark,2021,113
Favrskov,Eritrea,2021,2
Favrskov,Estonia,2021,2
Favrskov,Finland,2021,1
Favrskov,France,2021,2
Favrskov,Germany,2021,2
Favrskov,Greece,2021,1
Favrskov,Hungary,2021,4
Favrskov,Iceland,2021,3
Favrskov,India,2021,3
Favrskov,Iran,2021,3
Favrskov,Iraq,2021,1
Favrskov,Italy,2021,3
Favrskov,Latvia,2021,4
Favrskov,Lithuania,2021,9
Favrskov,Netherlands,2021,4
Favrskov,Not stated,2021,2
Favrskov,Peru,2021,1
Favrskov,Philippines,2021,5
Favrskov,Poland,2021,41
Favrskov,Portugal,2021,2
Favrskov,Romania,2021,89
Favrskov,Sweden,2021,2
Favrskov,Syria,2021,9
Favrskov,Thailand,2021,6
Favrskov,Tunisia,2021,1
Favrskov,USA,2021,1
Favrskov,Uganda,2021,3
Favrskov,Ukraine,2021,26
Favrskov,United Kingdom,2021,3
Favrskov,Vietnam,2021,3
Faxe,Afghanistan,2021,3
Faxe,Albania,2021,2
Faxe,Belgium,2021,1
Faxe,Bulgaria,2021,15
Faxe,Canada,2021,1
Faxe,Colombia,2021,1
Faxe,"Congo, Democratic Republic",2021,3
Faxe,Czech Republic,2021,1
Faxe,Denmark,2021,59
Faxe,Eritrea,2021,1
Faxe,Estonia,2021,2
Faxe,Germany,2021,3
Faxe,Greece,2021,1
Faxe,Hungary,2021,4
Faxe,Iceland,2021,2
Faxe,Iran,2021,2
Faxe,Iraq,2021,2
Faxe,Italy,2021,6
Faxe,Latvia,2021,3
Faxe,Lithuania,2021,11
Faxe,Moldova,2021,1
Faxe,Mozambique,2021,2
Faxe,Nepal,2021,2
Faxe,Netherlands,2021,4
Faxe,Norway,2021,2
Faxe,Not stated,2021,1
Faxe,Philippines,2021,2
Faxe,Poland,2021,133
Faxe,Portugal,2021,1
Faxe,Romania,2021,68
Faxe,Russia,2021,6
Faxe,Slovakia,2021,8
Faxe,Spain,2021,8
Faxe,Stateless,2021,1
Faxe,Sweden,2021,7
Faxe,Syria,2021,2
Faxe,Thailand,2021,31
Faxe,USA,2021,1
Faxe,United Kingdom,2021,1
Faxe,Vietnam,2021,1
Fredensborg,Argentina,2021,1
Fredensborg,Austria,2021,1
Fredensborg,Bangladesh,2021,2
Fredensborg,Bosnia and Herzegovina,2021,1
Fredensborg,Bulgaria,2021,35
Fredensborg,China,2021,3
Fredensborg,Colombia,2021,3
Fredensborg,Croatia,2021,1
Fredensborg,Denmark,2021,126
Fredensborg,Eritrea,2021,2
Fredensborg,Estonia,2021,1
Fredensborg,Finland,2021,5
Fredensborg,France,2021,4
Fredensborg,Germany,2021,4
Fredensborg,Greece,2021,2
Fredensborg,Hungary,2021,5
Fredensborg,India,2021,8
Fredensborg,Indonesia,2021,1
Fredensborg,Iran,2021,2
Fredensborg,Iraq,2021,1
Fredensborg,Ireland,2021,3
Fredensborg,Italy,2021,7
Fredensborg,Japan,2021,1
Fredensborg,Latvia,2021,3
Fredensborg,Lithuania,2021,18
Fredensborg,Netherlands,2021,3
Fredensborg,Nigeria,2021,2
Fredensborg,Norway,2021,5
Fredensborg,Pakistan,2021,1
Fredensborg,Panama,2021,1
Fredensborg,Philippines,2021,13
Fredensborg,Poland,2021,35
Fredensborg,Portugal,2021,1
Fredensborg,Romania,2021,23
Fredensborg,Russia,2021,1
Fredensborg,Rwanda,2021,2
Fredensborg,Singapore,2021,1
Fredensborg,Slovakia,2021,1
Fredensborg,South Africa,2021,1
Fredensborg,Spain,2021,6
Fredensborg,Stateless,2021,1
Fredensborg,Sweden,2021,7
Fredensborg,Syria,2021,3
Fredensborg,Thailand,2021,2
Fredensborg,Tunisia,2021,1
Fredensborg,Turkey,2021,4
Fredensborg,USA,2021,4
Fredensborg,Ukraine,2021,1
Fredensborg,United Kingdom,2021,1
Fredericia,Afghanistan,2021,3
Fredericia,Albania,2021,3
Fredericia,Argentina,2021,1
Fredericia,Australia,2021,1
Fredericia,Belgium,2021,2
Fredericia,Bosnia and Herzegovina,2021,2
Fredericia,Brazil,2021,2
Fredericia,Bulgaria,2021,6
Fredericia,Croatia,2021,3
Fredericia,Denmark,2021,161
Fredericia,France,2021,3
Fredericia,Georgia,2021,1
Fredericia,Germany,2021,2
Fredericia,Hungary,2021,5
Fredericia,Iceland,2021,1
Fredericia,India,2021,1
Fredericia,Iran,2021,1
Fredericia,Ireland,2021,5
Fredericia,Italy,2021,3
Fredericia,Latvia,2021,4
Fredericia,Lithuania,2021,20
Fredericia,Nepal,2021,1
Fredericia,Netherlands,2021,4
Fredericia,Norway,2021,23
Fredericia,Pakistan,2021,1
Fredericia,Philippines,2021,3
Fredericia,Poland,2021,37
Fredericia,Portugal,2021,2
Fredericia,Romania,2021,84
Fredericia,Serbia,2021,7
Fredericia,Slovakia,2021,1
Fredericia,Spain,2021,3
Fredericia,Stateless,2021,2
Fredericia,Sweden,2021,5
Fredericia,Syria,2021,8
Fredericia,Thailand,2021,3
Fredericia,Turkey,2021,10
Fredericia,USA,2021,4
Fredericia,Uganda,2021,2
Fredericia,Ukraine,2021,11
Fredericia,United Kingdom,2021,5
Fredericia,Vietnam,2021,2
Fredericia,Yugoslavia,2021,1
Fredericia,Zambia,2021,2
Frederiksberg,Afghanistan,2021,4
Frederiksberg,Albania,2021,3
Frederiksberg,Algeria,2021,6
Frederiksberg,Argentina,2021,23
Frederiksberg,Australia,2021,7
Frederiksberg,Austria,2021,23
Frederiksberg,Bangladesh,2021,1
Frederiksberg,Belarus,2021,3
Frederiksberg,Belgium,2021,26
Frederiksberg,Bosnia and Herzegovina,2021,1
Frederiksberg,Brazil,2021,33
Frederiksberg,Bulgaria,2021,3
Frederiksberg,Burundi,2021,1
Frederiksberg,Canada,2021,23
Frederiksberg,Chile,2021,3
Frederiksberg,China,2021,95
Frederiksberg,Colombia,2021,8
Frederiksberg,Costa Rica,2021,1
Frederiksberg,Croatia,2021,11
Frederiksberg,Czech Republic,2021,5
Frederiksberg,Denmark,2021,530
Frederiksberg,Egypt,2021,4
Frederiksberg,Eritrea,2021,5
Frederiksberg,Estonia,2021,2
Frederiksberg,Ethiopia,2021,1
Frederiksberg,Finland,2021,26
Frederiksberg,France,2021,161
Frederiksberg,Georgia,2021,1
Frederiksberg,Germany,2021,185
Frederiksberg,Ghana,2021,4
Frederiksberg,Greece,2021,23
Frederiksberg,Hungary,2021,10
Frederiksberg,Iceland,2021,43
Frederiksberg,India,2021,128
Frederiksberg,Indonesia,2021,4
Frederiksberg,Iran,2021,11
Frederiksberg,Iraq,2021,2
Frederiksberg,Ireland,2021,23
Frederiksberg,Israel,2021,3
Frederiksberg,Italy,2021,161
Frederiksberg,Japan,2021,16
Frederiksberg,Kazakhstan,2021,1
Frederiksberg,Kenya,2021,1
Frederiksberg,Kosovo,2021,1
Frederiksberg,Latvia,2021,5
Frederiksberg,Lebanon,2021,2
Frederiksberg,Lithuania,2021,8
Frederiksberg,Luxembourg,2021,8
Frederiksberg,Malaysia,2021,3
Frederiksberg,Malta,2021,3
Frederiksberg,Mexico,2021,15
Frederiksberg,Morocco,2021,1
Frederiksberg,Myanmar,2021,1
Frederiksberg,Nepal,2021,3
Frederiksberg,Netherlands,2021,52
Frederiksberg,New Zealand,2021,3
Frederiksberg,Nigeria,2021,2
Frederiksberg,Norway,2021,125
Frederiksberg,Not stated,2021,10
Frederiksberg,Pakistan,2021,2
Frederiksberg,Panama,2021,1
Frederiksberg,Peru,2021,4
Frederiksberg,Philippines,2021,27
Frederiksberg,Poland,2021,42
Frederiksberg,Portugal,2021,38
Frederiksberg,Republic of North Macedonia,2021,3
Frederiksberg,Romania,2021,26
Frederiksberg,Russia,2021,18
Frederiksberg,Saudi Arabia,2021,1
Frederiksberg,Serbia,2021,6
Frederiksberg,Sierra Leone,2021,1
Frederiksberg,Singapore,2021,7
Frederiksberg,Slovakia,2021,9
Frederiksberg,Slovenia,2021,3
Frederiksberg,Somalia,2021,4
Frederiksberg,South Africa,2021,8
Frederiksberg,South Korea,2021,3
Frederiksberg,Spain,2021,86
Frederiksberg,Stateless,2021,1
Frederiksberg,Sudan,2021,1
Frederiksberg,Sweden,2021,123
Frederiksberg,Switzerland,2021,27
Frederiksberg,Syria,2021,5
Frederiksberg,Taiwan,2021,4
Frederiksberg,Tanzania,2021,3
Frederiksberg,Thailand,2021,9
Frederiksberg,Turkey,2021,20
Frederiksberg,USA,2021,167
Frederiksberg,Uganda,2021,1
Frederiksberg,Ukraine,2021,9
Frederiksberg,United Kingdom,2021,79
Frederiksberg,Uruguay,2021,1
Frederiksberg,Uzbekistan,2021,1
Frederiksberg,Venezuela,2021,1
Frederiksberg,Vietnam,2021,3
Frederiksberg,Zambia,2021,1
Frederikshavn,Argentina,2021,1
Frederikshavn,Austria,2021,1
Frederikshavn,Belgium,2021,2
Frederikshavn,Bulgaria,2021,6
Frederikshavn,Canada,2021,4
Frederikshavn,China,2021,1
Frederikshavn,Croatia,2021,8
Frederikshavn,Czech Republic,2021,1
Frederikshavn,Denmark,2021,162
Frederikshavn,Eritrea,2021,12
Frederikshavn,Finland,2021,3
Frederikshavn,Germany,2021,12
Frederikshavn,Greece,2021,1
Frederikshavn,Hungary,2021,4
Frederikshavn,Iceland,2021,2
Frederikshavn,India,2021,4
Frederikshavn,Iran,2021,1
Frederikshavn,Iraq,2021,2
Frederikshavn,Ireland,2021,1
Frederikshavn,Italy,2021,2
Frederikshavn,Jordan,2021,1
Frederikshavn,Kazakhstan,2021,1
Frederikshavn,Latvia,2021,1
Frederikshavn,Lithuania,2021,2
Frederikshavn,Luxembourg,2021,1
Frederikshavn,Netherlands,2021,16
Frederikshavn,Nigeria,2021,1
Frederikshavn,Norway,2021,16
Frederikshavn,Not stated,2021,3
Frederikshavn,Philippines,2021,5
Frederikshavn,Poland,2021,42
Frederikshavn,Romania,2021,136
Frederikshavn,Russia,2021,1
Frederikshavn,Serbia,2021,3
Frederikshavn,Spain,2021,3
Frederikshavn,Stateless,2021,1
Frederikshavn,Sweden,2021,15
Frederikshavn,Syria,2021,1
Frederikshavn,Thailand,2021,2
Frederikshavn,USA,2021,3
Frederikshavn,Ukraine,2021,19
Frederikssund,Albania,2021,5
Frederikssund,Bangladesh,2021,2
Frederikssund,Bulgaria,2021,11
Frederikssund,Burundi,2021,1
Frederikssund,Canada,2021,2
Frederikssund,Cyprus,2021,2
Frederikssund,Denmark,2021,76
Frederikssund,Eritrea,2021,1
Frederikssund,France,2021,1
Frederikssund,Germany,2021,1
Frederikssund,Hungary,2021,1
Frederikssund,Iceland,2021,2
Frederikssund,India,2021,1
Frederikssund,Indonesia,2021,1
Frederikssund,Iran,2021,2
Frederikssund,Ireland,2021,3
Frederikssund,Latvia,2021,8
Frederikssund,Lithuania,2021,10
Frederikssund,Nigeria,2021,1
Frederikssund,Norway,2021,1
Frederikssund,Philippines,2021,3
Frederikssund,Poland,2021,21
Frederikssund,Romania,2021,35
Frederikssund,Spain,2021,3
Frederikssund,Sweden,2021,4
Frederikssund,Syria,2021,7
Frederikssund,Thailand,2021,2
Frederikssund,Turkey,2021,2
Frederikssund,USA,2021,1
Frederikssund,Vietnam,2021,1
Furesø,Australia,2021,2
Furesø,Austria,2021,1
Furesø,Bangladesh,2021,1
Furesø,Brazil,2021,2
Furesø,Bulgaria,2021,48
Furesø,Cameroon,2021,3
Furesø,Canada,2021,2
Furesø,Chile,2021,1
Furesø,China,2021,3
Furesø,Denmark,2021,113
Furesø,Dominican Republic,2021,3
Furesø,Finland,2021,4
Furesø,France,2021,2
Furesø,Germany,2021,2
Furesø,Ghana,2021,4
Furesø,Greece,2021,5
Furesø,Hungary,2021,10
Furesø,India,2021,7
Furesø,Iran,2021,7
Furesø,Iraq,2021,1
Furesø,Ireland,2021,1
Furesø,Italy,2021,6
Furesø,Ivory Coast,2021,2
Furesø,Japan,2021,2
Furesø,Latvia,2021,4
Furesø,Lithuania,2021,10
Furesø,Moldova,2021,1
Furesø,Morocco,2021,1
Furesø,Nepal,2021,2
Furesø,Netherlands,2021,5
Furesø,New Zealand,2021,1
Furesø,Nigeria,2021,2
Furesø,Norway,2021,6
Furesø,Pakistan,2021,3
Furesø,Philippines,2021,7
Furesø,Poland,2021,26
Furesø,Portugal,2021,2
Furesø,Republic of North Macedonia,2021,2
Furesø,Romania,2021,27
Furesø,Senegal,2021,1
Furesø,South Africa,2021,1
Furesø,South Korea,2021,1
Furesø,Spain,2021,6
Furesø,Sweden,2021,8
Furesø,Switzerland,2021,2
Furesø,Syria,2021,3
Furesø,Thailand,2021,3
Furesø,Turkey,2021,10
Furesø,USA,2021,9
Furesø,Uganda,2021,1
Furesø,United Kingdom,2021,6
Gentofte,Afghanistan,2021,1
Gentofte,Argentina,2021,9
Gentofte,Austria,2021,1
Gentofte,Azerbaijan,2021,1
Gentofte,Bangladesh,2021,1
Gentofte,Belarus,2021,2
Gentofte,Belgium,2021,9
Gentofte,Bolivia,2021,1
Gentofte,Brazil,2021,10
Gentofte,Bulgaria,2021,7
Gentofte,Cambodia,2021,1
Gentofte,Canada,2021,6
Gentofte,Chile,2021,1
Gentofte,China,2021,28
Gentofte,Colombia,2021,3
Gentofte,Costa Rica,2021,2
Gentofte,Croatia,2021,2
Gentofte,Denmark,2021,395
Gentofte,Egypt,2021,3
Gentofte,Eritrea,2021,2
Gentofte,Estonia,2021,3
Gentofte,Finland,2021,6
Gentofte,France,2021,24
Gentofte,Germany,2021,54
Gentofte,Ghana,2021,1
Gentofte,Greece,2021,15
Gentofte,Hungary,2021,8
Gentofte,Iceland,2021,9
Gentofte,India,2021,42
Gentofte,Indonesia,2021,4
Gentofte,Iran,2021,8
Gentofte,Ireland,2021,2
Gentofte,Israel,2021,4
Gentofte,Italy,2021,35
Gentofte,Japan,2021,5
Gentofte,Kazakhstan,2021,1
Gentofte,Kenya,2021,2
Gentofte,Latvia,2021,2
Gentofte,Lebanon,2021,1
Gentofte,Lithuania,2021,25
Gentofte,Malaysia,2021,1
Gentofte,Mexico,2021,4
Gentofte,Mongolia,2021,3
Gentofte,Morocco,2021,1
Gentofte,Nepal,2021,9
Gentofte,Netherlands,2021,13
Gentofte,Nigeria,2021,1
Gentofte,Norway,2021,14
Gentofte,Not stated,2021,1
Gentofte,Pakistan,2021,6
Gentofte,Philippines,2021,139
Gentofte,Poland,2021,19
Gentofte,Portugal,2021,18
Gentofte,Romania,2021,25
Gentofte,Russia,2021,7
Gentofte,Saudi Arabia,2021,1
Gentofte,Serbia,2021,2
Gentofte,Slovakia,2021,1
Gentofte,Somalia,2021,2
Gentofte,South Africa,2021,3
Gentofte,South Korea,2021,4
Gentofte,Spain,2021,26
Gentofte,Sri Lanka,2021,4
Gentofte,Stateless,2021,1
Gentofte,Sudan,2021,1
Gentofte,Sweden,2021,36
Gentofte,Switzerland,2021,7
Gentofte,Syria,2021,2
Gentofte,Thailand,2021,4
Gentofte,Turkey,2021,1
Gentofte,USA,2021,41
Gentofte,Uganda,2021,1
Gentofte,Ukraine,2021,3
Gentofte,United Kingdom,2021,37
Gentofte,Venezuela,2021,1
Gentofte,Vietnam,2021,5
Gladsaxe,Afghanistan,2021,4
Gladsaxe,Albania,2021,1
Gladsaxe,Argentina,2021,2
Gladsaxe,Australia,2021,4
Gladsaxe,Austria,2021,2
Gladsaxe,Bangladesh,2021,11
Gladsaxe,Belgium,2021,3
Gladsaxe,Brazil,2021,5
Gladsaxe,Bulgaria,2021,39
Gladsaxe,Cameroon,2021,1
Gladsaxe,Canada,2021,2
Gladsaxe,China,2021,29
Gladsaxe,"Congo, Democratic Republic",2021,1
Gladsaxe,Croatia,2021,12
Gladsaxe,Cyprus,2021,2
Gladsaxe,Czech Republic,2021,1
Gladsaxe,Denmark,2021,289
Gladsaxe,Egypt,2021,9
Gladsaxe,Estonia,2021,5
Gladsaxe,Finland,2021,3
Gladsaxe,France,2021,6
Gladsaxe,Germany,2021,19
Gladsaxe,Greece,2021,16
Gladsaxe,Hungary,2021,13
Gladsaxe,Iceland,2021,12
Gladsaxe,India,2021,129
Gladsaxe,Indonesia,2021,2
Gladsaxe,Iran,2021,62
Gladsaxe,Iraq,2021,2
Gladsaxe,Italy,2021,40
Gladsaxe,Japan,2021,2
Gladsaxe,Jordan,2021,1
Gladsaxe,Kenya,2021,4
Gladsaxe,Kosovo,2021,1
Gladsaxe,Latvia,2021,5
Gladsaxe,Lebanon,2021,1
Gladsaxe,Lithuania,2021,25
Gladsaxe,Malaysia,2021,7
Gladsaxe,Malta,2021,1
Gladsaxe,Mexico,2021,4
Gladsaxe,Montenegro,2021,4
Gladsaxe,Morocco,2021,1
Gladsaxe,Nepal,2021,39
Gladsaxe,Netherlands,2021,9
Gladsaxe,Nigeria,2021,2
Gladsaxe,Norway,2021,5
Gladsaxe,Not stated,2021,1
Gladsaxe,Pakistan,2021,14
Gladsaxe,Philippines,2021,8
Gladsaxe,Poland,2021,41
Gladsaxe,Portugal,2021,38
Gladsaxe,Republic of North Macedonia,2021,5
Gladsaxe,Romania,2021,50
Gladsaxe,Russia,2021,4
Gladsaxe,Senegal,2021,1
Gladsaxe,Serbia,2021,1
Gladsaxe,Slovakia,2021,5
Gladsaxe,Slovenia,2021,2
Gladsaxe,Somalia,2021,1
Gladsaxe,South Africa,2021,4
Gladsaxe,South Korea,2021,2
Gladsaxe,Spain,2021,28
Gladsaxe,Stateless,2021,2
Gladsaxe,Sweden,2021,30
Gladsaxe,Switzerland,2021,2
Gladsaxe,Syria,2021,8
Gladsaxe,Thailand,2021,7
Gladsaxe,Turkey,2021,18
Gladsaxe,USA,2021,17
Gladsaxe,Ukraine,2021,3
Gladsaxe,United Kingdom,2021,16
Gladsaxe,Vietnam,2021,2
Glostrup,Afghanistan,2021,1
Glostrup,Albania,2021,1
Glostrup,Argentina,2021,2
Glostrup,Bangladesh,2021,11
Glostrup,Brazil,2021,3
Glostrup,Bulgaria,2021,21
Glostrup,Cameroon,2021,1
Glostrup,China,2021,2
Glostrup,Colombia,2021,1
Glostrup,Croatia,2021,3
Glostrup,Czech Republic,2021,1
Glostrup,Denmark,2021,69
Glostrup,Egypt,2021,1
Glostrup,Estonia,2021,1
Glostrup,Finland,2021,1
Glostrup,France,2021,4
Glostrup,Germany,2021,2
Glostrup,Greece,2021,2
Glostrup,Hungary,2021,9
Glostrup,India,2021,27
Glostrup,Iran,2021,6
Glostrup,Iraq,2021,4
Glostrup,Ireland,2021,3
Glostrup,Italy,2021,11
Glostrup,Kosovo,2021,1
Glostrup,Latvia,2021,2
Glostrup,Lebanon,2021,1
Glostrup,Lithuania,2021,19
Glostrup,Malta,2021,1
Glostrup,Moldova,2021,1
Glostrup,Montenegro,2021,1
Glostrup,Nepal,2021,24
Glostrup,Netherlands,2021,2
Glostrup,Nigeria,2021,3
Glostrup,Norway,2021,4
Glostrup,Pakistan,2021,9
Glostrup,Philippines,2021,3
Glostrup,Poland,2021,16
Glostrup,Portugal,2021,19
Glostrup,Republic of North Macedonia,2021,1
Glostrup,Romania,2021,39
Glostrup,Serbia,2021,1
Glostrup,Slovakia,2021,1
Glostrup,Slovenia,2021,1
Glostrup,South Africa,2021,1
Glostrup,Spain,2021,11
Glostrup,Sri Lanka,2021,4
Glostrup,Sweden,2021,5
Glostrup,Thailand,2021,1
Glostrup,Turkey,2021,3
Glostrup,USA,2021,1
Glostrup,United Kingdom,2021,4
Glostrup,Vietnam,2021,2
Glostrup,Zambia,2021,1
Greve,Afghanistan,2021,2
Greve,Austria,2021,1
Greve,Bangladesh,2021,7
Greve,Bulgaria,2021,26
Greve,China,2021,1
Greve,Croatia,2021,2
Greve,Czech Republic,2021,1
Greve,Denmark,2021,108
Greve,Estonia,2021,1
Greve,France,2021,11
Greve,Germany,2021,6
Greve,Ghana,2021,1
Greve,Greece,2021,2
Greve,Hungary,2021,7
Greve,India,2021,6
Greve,Indonesia,2021,1
Greve,Iran,2021,4
Greve,Iraq,2021,2
Greve,Israel,2021,1
Greve,Italy,2021,14
Greve,Japan,2021,1
Greve,Latvia,2021,3
Greve,Lithuania,2021,13
Greve,Nepal,2021,11
Greve,Netherlands,2021,2
Greve,Nigeria,2021,3
Greve,Norway,2021,7
Greve,Pakistan,2021,8
Greve,Philippines,2021,1
Greve,Poland,2021,47
Greve,Portugal,2021,17
Greve,Republic of North Macedonia,2021,1
Greve,Romania,2021,40
Greve,Russia,2021,2
Greve,Slovakia,2021,3
Greve,South Africa,2021,2
Greve,Spain,2021,9
Greve,Sri Lanka,2021,3
Greve,Sweden,2021,10
Greve,Switzerland,2021,5
Greve,Tajikistan,2021,1
Greve,Thailand,2021,2
Greve,Tunisia,2021,1
Greve,Turkey,2021,5
Greve,USA,2021,11
Greve,Ukraine,2021,4
Greve,United Kingdom,2021,3
Greve,Zambia,2021,1
Gribskov,Armenia,2021,1
Gribskov,Australia,2021,1
Gribskov,Belgium,2021,3
Gribskov,Brazil,2021,1
Gribskov,Bulgaria,2021,16
Gribskov,China,2021,1
Gribskov,Denmark,2021,205
Gribskov,Eritrea,2021,1
Gribskov,France,2021,1
Gribskov,Germany,2021,5
Gribskov,Hungary,2021,9
Gribskov,Iceland,2021,3
Gribskov,Iran,2021,5
Gribskov,Italy,2021,11
Gribskov,Ivory Coast,2021,1
Gribskov,Latvia,2021,2
Gribskov,Lithuania,2021,21
Gribskov,Moldova,2021,1
Gribskov,Netherlands,2021,2
Gribskov,Norway,2021,5
Gribskov,Philippines,2021,3
Gribskov,Poland,2021,38
Gribskov,Portugal,2021,2
Gribskov,Romania,2021,43
Gribskov,Russia,2021,1
Gribskov,Sierra Leone,2021,1
Gribskov,Singapore,2021,1
Gribskov,Slovakia,2021,2
Gribskov,Spain,2021,5
Gribskov,Sweden,2021,7
Gribskov,Switzerland,2021,1
Gribskov,Syria,2021,9
Gribskov,USA,2021,3
Gribskov,Ukraine,2021,4
Gribskov,United Kingdom,2021,2
Gribskov,Venezuela,2021,1
Gribskov,Vietnam,2021,2
Guldborgsund,Argentina,2021,2
Guldborgsund,Australia,2021,1
Guldborgsund,Austria,2021,1
Guldborgsund,Bosnia and Herzegovina,2021,1
Guldborgsund,Bulgaria,2021,24
Guldborgsund,Chile,2021,1
Guldborgsund,China,2021,2
Guldborgsund,"Congo, Democratic Republic",2021,6
Guldborgsund,Croatia,2021,10
Guldborgsund,Czech Republic,2021,1
Guldborgsund,Denmark,2021,150
Guldborgsund,Eritrea,2021,1
Guldborgsund,France,2021,1
Guldborgsund,"Gambia, The",2021,1
Guldborgsund,Germany,2021,10
Guldborgsund,Greece,2021,1
Guldborgsund,Hungary,2021,5
Guldborgsund,Iceland,2021,1
Guldborgsund,India,2021,4
Guldborgsund,Iran,2021,5
Guldborgsund,Iraq,2021,2
Guldborgsund,Italy,2021,11
Guldborgsund,Kenya,2021,1
Guldborgsund,Kyrgyzstan,2021,2
Guldborgsund,Latvia,2021,7
Guldborgsund,Lithuania,2021,5
Guldborgsund,Morocco,2021,1
Guldborgsund,Nepal,2021,1
Guldborgsund,Netherlands,2021,2
Guldborgsund,Norway,2021,5
Guldborgsund,Not stated,2021,1
Guldborgsund,Philippines,2021,7
Guldborgsund,Poland,2021,30
Guldborgsund,Romania,2021,59
Guldborgsund,Serbia,2021,1
Guldborgsund,Slovenia,2021,1
Guldborgsund,Spain,2021,10
Guldborgsund,Stateless,2021,1
Guldborgsund,Sweden,2021,14
Guldborgsund,Syria,2021,3
Guldborgsund,Thailand,2021,7
Guldborgsund,Turkey,2021,6
Guldborgsund,USA,2021,3
Guldborgsund,Uganda,2021,1
Guldborgsund,Ukraine,2021,10
Guldborgsund,United Kingdom,2021,3
Guldborgsund,Vietnam,2021,7
Haderslev,Afghanistan,2021,1
Haderslev,Australia,2021,1
Haderslev,Belarus,2021,1
Haderslev,Belgium,2021,1
Haderslev,Brazil,2021,5
Haderslev,Bulgaria,2021,4
Haderslev,Burkina Faso,2021,1
Haderslev,Cameroon,2021,2
Haderslev,Canada,2021,3
Haderslev,China,2021,2
Haderslev,Croatia,2021,5
Haderslev,Czech Republic,2021,1
Haderslev,Denmark,2021,142
Haderslev,Eritrea,2021,3
Haderslev,Finland,2021,1
Haderslev,France,2021,3
Haderslev,Germany,2021,80
Haderslev,Ghana,2021,1
Haderslev,Greece,2021,1
Haderslev,Hungary,2021,11
Haderslev,Iceland,2021,13
Haderslev,Iran,2021,3
Haderslev,Italy,2021,13
Haderslev,Kenya,2021,1
Haderslev,Kosovo,2021,3
Haderslev,Latvia,2021,25
Haderslev,Lebanon,2021,1
Haderslev,Lithuania,2021,10
Haderslev,Morocco,2021,1
Haderslev,Netherlands,2021,1
Haderslev,Nigeria,2021,1
Haderslev,Norway,2021,17
Haderslev,Not stated,2021,1
Haderslev,Panama,2021,1
Haderslev,Peru,2021,1
Haderslev,Philippines,2021,2
Haderslev,Poland,2021,45
Haderslev,Portugal,2021,4
Haderslev,Romania,2021,113
Haderslev,Russia,2021,1
Haderslev,Serbia,2021,2
Haderslev,Slovakia,2021,2
Haderslev,Spain,2021,3
Haderslev,Stateless,2021,7
Haderslev,Sweden,2021,16
Haderslev,Syria,2021,5
Haderslev,Thailand,2021,3
Haderslev,USA,2021,16
Haderslev,Ukraine,2021,41
Haderslev,United Kingdom,2021,6
Haderslev,Vietnam,2021,7
Halsnæs,Algeria,2021,1
Halsnæs,Bangladesh,2021,1
Halsnæs,Bulgaria,2021,21
Halsnæs,Croatia,2021,2
Halsnæs,Cyprus,2021,2
Halsnæs,Denmark,2021,82
Halsnæs,Eritrea,2021,1
Halsnæs,France,2021,2
Halsnæs,"Gambia, The",2021,1
Halsnæs,Germany,2021,3
Halsnæs,Greece,2021,1
Halsnæs,Hungary,2021,1
Halsnæs,India,2021,1
Halsnæs,Iran,2021,2
Halsnæs,Ireland,2021,1
Halsnæs,Italy,2021,6
Halsnæs,Latvia,2021,2
Halsnæs,Lithuania,2021,11
Halsnæs,Mexico,2021,1
Halsnæs,Moldova,2021,1
Halsnæs,Netherlands,2021,2
Halsnæs,Norway,2021,5
Halsnæs,Pakistan,2021,1
Halsnæs,Philippines,2021,5
Halsnæs,Poland,2021,21
Halsnæs,Portugal,2021,1
Halsnæs,Romania,2021,81
Halsnæs,Serbia and Montenegro,2021,1
Halsnæs,Syria,2021,3
Halsnæs,Thailand,2021,1
Halsnæs,Turkey,2021,2
Halsnæs,USA,2021,1
Halsnæs,United Kingdom,2021,1
Hedensted,Afghanistan,2021,2
Hedensted,Argentina,2021,1
Hedensted,Australia,2021,1
Hedensted,Brazil,2021,3
Hedensted,Bulgaria,2021,10
Hedensted,"Congo, Democratic Republic",2021,3
Hedensted,Croatia,2021,4
Hedensted,Cuba,2021,1
Hedensted,Czech Republic,2021,1
Hedensted,Denmark,2021,96
Hedensted,Estonia,2021,1
Hedensted,Germany,2021,16
Hedensted,Greece,2021,1
Hedensted,Honduras,2021,2
Hedensted,Hungary,2021,3
Hedensted,Iceland,2021,10
Hedensted,India,2021,3
Hedensted,Iran,2021,3
Hedensted,Iraq,2021,3
Hedensted,Ireland,2021,1
Hedensted,Israel,2021,1
Hedensted,Italy,2021,3
Hedensted,Latvia,2021,65
Hedensted,Lithuania,2021,22
Hedensted,Mexico,2021,2
Hedensted,Netherlands,2021,1
Hedensted,Peru,2021,1
Hedensted,Philippines,2021,3
Hedensted,Poland,2021,77
Hedensted,Portugal,2021,2
Hedensted,Romania,2021,77
Hedensted,Russia,2021,3
Hedensted,Serbia,2021,1
Hedensted,Slovakia,2021,1
Hedensted,Spain,2021,3
Hedensted,Stateless,2021,1
Hedensted,Sweden,2021,5
Hedensted,Syria,2021,2
Hedensted,Thailand,2021,2
Hedensted,Turkey,2021,1
Hedensted,USA,2021,3
Hedensted,Ukraine,2021,5
Hedensted,United Kingdom,2021,1
Helsingør,Afghanistan,2021,1
Helsingør,Belgium,2021,9
Helsingør,Bosnia and Herzegovina,2021,2
Helsingør,Bulgaria,2021,10
Helsingør,Cameroon,2021,1
Helsingør,Canada,2021,1
Helsingør,Colombia,2021,1
Helsingør,Croatia,2021,8
Helsingør,Cuba,2021,1
Helsingør,Cyprus,2021,1
Helsingør,Czech Republic,2021,1
Helsingør,Denmark,2021,237
Helsingør,Eritrea,2021,2
Helsingør,Finland,2021,1
Helsingør,France,2021,6
Helsingør,Germany,2021,23
Helsingør,Greece,2021,1
Helsingør,Hungary,2021,4
Helsingør,Iceland,2021,1
Helsingør,India,2021,10
Helsingør,Iraq,2021,1
Helsingør,Ireland,2021,3
Helsingør,Israel,2021,1
Helsingør,Italy,2021,12
Helsingør,Japan,2021,14
Helsingør,Kenya,2021,2
Helsingør,Kosovo,2021,1
Helsingør,Latvia,2021,2
Helsingør,Lithuania,2021,6
Helsingør,Mexico,2021,6
Helsingør,Netherlands,2021,8
Helsingør,North Korea,2021,1
Helsingør,Norway,2021,7
Helsingør,Peru,2021,1
Helsingør,Philippines,2021,6
Helsingør,Poland,2021,18
Helsingør,Portugal,2021,3
Helsingør,Romania,2021,26
Helsingør,Russia,2021,2
Helsingør,Serbia,2021,5
Helsingør,Slovakia,2021,1
Helsingør,South Africa,2021,1
Helsingør,South Korea,2021,1
Helsingør,Spain,2021,10
Helsingør,Stateless,2021,1
Helsingør,Sweden,2021,16
Helsingør,Switzerland,2021,2
Helsingør,Thailand,2021,3
Helsingør,Turkey,2021,1
Helsingør,USA,2021,10
Helsingør,Uganda,2021,1
Helsingør,United Kingdom,2021,5
Helsingør,Vietnam,2021,2
Helsingør,Zambia,2021,1
Herlev,Argentina,2021,1
Herlev,Bangladesh,2021,1
Herlev,Belarus,2021,1
Herlev,Belgium,2021,1
Herlev,Bulgaria,2021,14
Herlev,Canada,2021,2
Herlev,China,2021,1
Herlev,Croatia,2021,5
Herlev,Czech Republic,2021,2
Herlev,Denmark,2021,75
Herlev,Finland,2021,2
Herlev,France,2021,3
Herlev,Georgia,2021,3
Herlev,Germany,2021,2
Herlev,Ghana,2021,6
Herlev,Greece,2021,1
Herlev,Hungary,2021,1
Herlev,Iceland,2021,3
Herlev,India,2021,31
Herlev,Ireland,2021,1
Herlev,Italy,2021,8
Herlev,Kenya,2021,4
Herlev,Lithuania,2021,3
Herlev,Mexico,2021,3
Herlev,Montenegro,2021,2
Herlev,Morocco,2021,1
Herlev,Nepal,2021,10
Herlev,Norway,2021,7
Herlev,Not stated,2021,1
Herlev,Pakistan,2021,1
Herlev,Peru,2021,1
Herlev,Philippines,2021,2
Herlev,Poland,2021,21
Herlev,Portugal,2021,4
Herlev,Republic of North Macedonia,2021,1
Herlev,Romania,2021,10
Herlev,Russia,2021,2
Herlev,Slovenia,2021,1
Herlev,South Korea,2021,1
Herlev,Spain,2021,5
Herlev,Sweden,2021,16
Herlev,Syria,2021,1
Herlev,Tunisia,2021,1
Herlev,Turkey,2021,6
Herlev,USA,2021,11
Herlev,Ukraine,2021,4
Herlev,Zimbabwe,2021,3
Herning,Afghanistan,2021,2
Herning,Albania,2021,1
Herning,Australia,2021,1
Herning,Austria,2021,1
Herning,Belarus,2021,1
Herning,Belgium,2021,3
Herning,Bosnia and Herzegovina,2021,2
Herning,Brazil,2021,5
Herning,Bulgaria,2021,39
Herning,Canada,2021,2
Herning,China,2021,4
Herning,"Congo, Republic",2021,1
Herning,Croatia,2021,4
Herning,Cyprus,2021,1
Herning,Czech Republic,2021,9
Herning,Denmark,2021,192
Herning,Egypt,2021,2
Herning,Eritrea,2021,6
Herning,Estonia,2021,2
Herning,Finland,2021,6
Herning,France,2021,6
Herning,Germany,2021,21
Herning,Ghana,2021,2
Herning,Greece,2021,3
Herning,Hungary,2021,14
Herning,Iceland,2021,4
Herning,India,2021,13
Herning,Indonesia,2021,1
Herning,Iran,2021,4
Herning,Ireland,2021,3
Herning,Italy,2021,14
Herning,Kenya,2021,2
Herning,Latvia,2021,30
Herning,Lebanon,2021,1
Herning,Lithuania,2021,36
Herning,Mexico,2021,2
Herning,Netherlands,2021,18
Herning,Nigeria,2021,1
Herning,Norway,2021,5
Herning,Not stated,2021,2
Herning,Pakistan,2021,3
Herning,Philippines,2021,12
Herning,Poland,2021,76
Herning,Portugal,2021,9
Herning,Romania,2021,100
Herning,Russia,2021,6
Herning,Serbia,2021,4
Herning,Slovakia,2021,21
Herning,Slovenia,2021,2
Herning,South Korea,2021,1
Herning,Spain,2021,26
Herning,Sri Lanka,2021,8
Herning,Sweden,2021,10
Herning,Syria,2021,5
Herning,Thailand,2021,5
Herning,Turkey,2021,8
Herning,USA,2021,6
Herning,Uganda,2021,4
Herning,Ukraine,2021,46
Herning,United Kingdom,2021,8
Herning,Vietnam,2021,2
Herning,"Yugoslavia, Federal Republic",2021,1
Herning,Zambia,2021,1
Hillerød,Afghanistan,2021,2
Hillerød,Argentina,2021,2
Hillerød,Brazil,2021,1
Hillerød,Bulgaria,2021,32
Hillerød,Canada,2021,1
Hillerød,Chile,2021,1
Hillerød,Colombia,2021,1
Hillerød,Croatia,2021,1
Hillerød,Czech Republic,2021,1
Hillerød,Denmark,2021,152
Hillerød,Ecuador,2021,1
Hillerød,Estonia,2021,1
Hillerød,Finland,2021,1
Hillerød,France,2021,2
Hillerød,Germany,2021,6
Hillerød,Hungary,2021,3
Hillerød,Iceland,2021,5
Hillerød,India,2021,4
Hillerød,Iran,2021,9
Hillerød,Iraq,2021,2
Hillerød,Ireland,2021,13
Hillerød,Italy,2021,5
Hillerød,Latvia,2021,4
Hillerød,Lithuania,2021,19
Hillerød,Moldova,2021,1
Hillerød,Morocco,2021,2
Hillerød,Netherlands,2021,4
Hillerød,Nigeria,2021,4
Hillerød,Norway,2021,2
Hillerød,Not stated,2021,3
Hillerød,Pakistan,2021,3
Hillerød,Philippines,2021,5
Hillerød,Poland,2021,63
Hillerød,Portugal,2021,1
Hillerød,Romania,2021,59
Hillerød,Russia,2021,1
Hillerød,Singapore,2021,1
Hillerød,Slovakia,2021,8
Hillerød,Somalia,2021,1
Hillerød,Spain,2021,10
Hillerød,Stateless,2021,2
Hillerød,Sweden,2021,17
Hillerød,Switzerland,2021,1
Hillerød,Syria,2021,4
Hillerød,Thailand,2021,1
Hillerød,USA,2021,8
Hillerød,Ukraine,2021,4
Hillerød,United Kingdom,2021,24
Hillerød,Zambia,2021,2
Hjørring,Africa not stated,2021,1
Hjørring,Albania,2021,1
Hjørring,Argentina,2021,1
Hjørring,Australia,2021,3
Hjørring,Austria,2021,1
Hjørring,Bangladesh,2021,2
Hjørring,Belarus,2021,2
Hjørring,Belgium,2021,1
Hjørring,Bolivia,2021,1
Hjørring,Brazil,2021,2
Hjørring,Bulgaria,2021,7
Hjørring,Chile,2021,1
Hjørring,China,2021,2
Hjørring,"Congo, Democratic Republic",2021,2
Hjørring,Croatia,2021,4
Hjørring,Czech Republic,2021,8
Hjørring,Denmark,2021,166
Hjørring,Egypt,2021,1
Hjørring,Eritrea,2021,2
Hjørring,Finland,2021,1
Hjørring,France,2021,3
Hjørring,Germany,2021,9
Hjørring,Ghana,2021,2
Hjørring,Greece,2021,2
Hjørring,Iceland,2021,4
Hjørring,India,2021,1
Hjørring,Iran,2021,3
Hjørring,Italy,2021,9
Hjørring,Japan,2021,12
Hjørring,Kenya,2021,1
Hjørring,Kosovo,2021,1
Hjørring,Latvia,2021,1
Hjørring,Lithuania,2021,4
Hjørring,Mexico,2021,1
Hjørring,Morocco,2021,1
Hjørring,Netherlands,2021,9
Hjørring,New Zealand,2021,1
Hjørring,Norway,2021,25
Hjørring,Pakistan,2021,1
Hjørring,Philippines,2021,6
Hjørring,Poland,2021,57
Hjørring,Portugal,2021,8
Hjørring,Romania,2021,50
Hjørring,Russia,2021,2
Hjørring,Slovakia,2021,2
Hjørring,Spain,2021,8
Hjørring,Sri Lanka,2021,2
Hjørring,Sudan,2021,1
Hjørring,Sweden,2021,8
Hjørring,Switzerland,2021,2
Hjørring,Syria,2021,4
Hjørring,Tanzania,2021,2
Hjørring,Thailand,2021,5
Hjørring,Turkey,2021,1
Hjørring,USA,2021,6
Hjørring,Uganda,2021,2
Hjørring,Ukraine,2021,36
Hjørring,United Kingdom,2021,1
Hjørring,Vietnam,2021,1
Holbæk,Afghanistan,2021,6
Holbæk,Algeria,2021,1
Holbæk,Belgium,2021,3
Holbæk,Brazil,2021,2
Holbæk,Bulgaria,2021,32
Holbæk,"Congo, Democratic Republic",2021,3
Holbæk,Croatia,2021,8
Holbæk,Czech Republic,2021,10
Holbæk,Denmark,2021,182
Holbæk,Eritrea,2021,3
Holbæk,Estonia,2021,2
Holbæk,Finland,2021,1
Holbæk,France,2021,1
Holbæk,Germany,2021,2
Holbæk,Ghana,2021,1
Holbæk,Greece,2021,3
Holbæk,Hungary,2021,3
Holbæk,Iceland,2021,1
Holbæk,Indonesia,2021,1
Holbæk,Iran,2021,6
Holbæk,Iraq,2021,1
Holbæk,Israel,2021,1
Holbæk,Italy,2021,5
Holbæk,Japan,2021,6
Holbæk,Kenya,2021,1
Holbæk,Kosovo,2021,2
Holbæk,Latvia,2021,9
Holbæk,Lithuania,2021,58
Holbæk,Moldova,2021,4
Holbæk,Morocco,2021,1
Holbæk,Mozambique,2021,1
Holbæk,Nepal,2021,1
Holbæk,Nicaragua,2021,1
Holbæk,Nigeria,2021,2
Holbæk,Not stated,2021,1
Holbæk,Pakistan,2021,1
Holbæk,Philippines,2021,3
Holbæk,Poland,2021,54
Holbæk,Portugal,2021,1
Holbæk,Republic of North Macedonia,2021,3
Holbæk,Romania,2021,30
Holbæk,Russia,2021,4
Holbæk,Slovakia,2021,1
Holbæk,South Korea,2021,1
Holbæk,Spain,2021,6
Holbæk,Sudan,2021,1
Holbæk,Sweden,2021,14
Holbæk,Syria,2021,6
Holbæk,Thailand,2021,3
Holbæk,Trinidad and Tobago,2021,1
Holbæk,Tunisia,2021,1
Holbæk,Turkey,2021,2
Holbæk,USA,2021,5
Holbæk,Uganda,2021,1
Holbæk,Ukraine,2021,14
Holbæk,United Kingdom,2021,3
Holbæk,Vietnam,2021,3
Holbæk,Yemen,2021,1
Holstebro,Austria,2021,1
Holstebro,Belgium,2021,1
Holstebro,Brazil,2021,1
Holstebro,Bulgaria,2021,18
Holstebro,Chile,2021,2
Holstebro,China,2021,2
Holstebro,"Congo, Democratic Republic",2021,1
Holstebro,Croatia,2021,5
Holstebro,Denmark,2021,100
Holstebro,Eritrea,2021,7
Holstebro,Finland,2021,1
Holstebro,France,2021,3
Holstebro,Germany,2021,11
Holstebro,Greece,2021,1
Holstebro,Hungary,2021,7
Holstebro,Iceland,2021,3
Holstebro,India,2021,1
Holstebro,Iraq,2021,2
Holstebro,Ireland,2021,2
Holstebro,Italy,2021,3
Holstebro,Japan,2021,1
Holstebro,Kazakhstan,2021,1
Holstebro,Latvia,2021,2
Holstebro,Lebanon,2021,2
Holstebro,Lithuania,2021,5
Holstebro,Namibia,2021,1
Holstebro,Netherlands,2021,4
Holstebro,New Zealand,2021,1
Holstebro,Norway,2021,6
Holstebro,Not stated,2021,1
Holstebro,Philippines,2021,3
Holstebro,Poland,2021,25
Holstebro,Portugal,2021,4
Holstebro,Republic of North Macedonia,2021,3
Holstebro,Romania,2021,56
Holstebro,Russia,2021,2
Holstebro,Slovakia,2021,1
Holstebro,Spain,2021,10
Holstebro,Sweden,2021,2
Holstebro,Syria,2021,4
Holstebro,Taiwan,2021,1
Holstebro,Thailand,2021,8
Holstebro,Turkey,2021,5
Holstebro,USA,2021,1
Holstebro,Ukraine,2021,12
Holstebro,United Kingdom,2021,2
Holstebro,Uzbekistan,2021,1
Holstebro,Vietnam,2021,3
Horsens,Afghanistan,2021,1
Horsens,Argentina,2021,1
Horsens,Austria,2021,1
Horsens,Belarus,2021,1
Horsens,Belgium,2021,3
Horsens,Bosnia and Herzegovina,2021,2
Horsens,Brazil,2021,5
Horsens,Bulgaria,2021,40
Horsens,Cameroon,2021,1
Horsens,China,2021,12
Horsens,Croatia,2021,26
Horsens,Czech Republic,2021,27
Horsens,Denmark,2021,189
Horsens,Ecuador,2021,1
Horsens,Eritrea,2021,9
Horsens,Estonia,2021,3
Horsens,France,2021,61
Horsens,"Gambia, The",2021,1
Horsens,Germany,2021,49
Horsens,Greece,2021,1
Horsens,Hungary,2021,25
Horsens,Iceland,2021,18
Horsens,India,2021,7
Horsens,Iran,2021,1
Horsens,Iraq,2021,2
Horsens,Italy,2021,30
Horsens,Kenya,2021,6
Horsens,Kyrgyzstan,2021,4
Horsens,Latvia,2021,33
Horsens,Lebanon,2021,1
Horsens,Lithuania,2021,78
Horsens,Malaysia,2021,1
Horsens,Malta,2021,2
Horsens,Mexico,2021,1
Horsens,Moldova,2021,2
Horsens,Morocco,2021,3
Horsens,Nepal,2021,5
Horsens,Netherlands,2021,5
Horsens,Norway,2021,5
Horsens,Not stated,2021,8
Horsens,Peru,2021,1
Horsens,Philippines,2021,11
Horsens,Poland,2021,248
Horsens,Portugal,2021,28
Horsens,Republic of North Macedonia,2021,1
Horsens,Romania,2021,286
Horsens,Russia,2021,3
Horsens,Serbia,2021,1
Horsens,Slovakia,2021,66
Horsens,Slovenia,2021,1
Horsens,South Sudan,2021,1
Horsens,Spain,2021,55
Horsens,Sri Lanka,2021,1
Horsens,Stateless,2021,1
Horsens,Sweden,2021,15
Horsens,Switzerland,2021,2
Horsens,Syria,2021,12
Horsens,Thailand,2021,3
Horsens,Turkey,2021,2
Horsens,USA,2021,8
Horsens,Uganda,2021,2
Horsens,Ukraine,2021,37
Horsens,United Kingdom,2021,4
Horsens,Vietnam,2021,3
Horsens,Zambia,2021,1
Hvidovre,Afghanistan,2021,1
Hvidovre,Australia,2021,1
Hvidovre,Bangladesh,2021,8
Hvidovre,Brazil,2021,2
Hvidovre,Bulgaria,2021,30
Hvidovre,Canada,2021,1
Hvidovre,Chile,2021,1
Hvidovre,China,2021,17
Hvidovre,Croatia,2021,9
Hvidovre,Cuba,2021,1
Hvidovre,Cyprus,2021,1
Hvidovre,Czech Republic,2021,3
Hvidovre,Denmark,2021,153
Hvidovre,Egypt,2021,4
Hvidovre,Estonia,2021,2
Hvidovre,Finland,2021,2
Hvidovre,France,2021,8
Hvidovre,Germany,2021,11
Hvidovre,Ghana,2021,2
Hvidovre,Greece,2021,5
Hvidovre,Guatemala,2021,1
Hvidovre,Hungary,2021,4
Hvidovre,Iceland,2021,5
Hvidovre,India,2021,14
Hvidovre,Indonesia,2021,1
Hvidovre,Iran,2021,3
Hvidovre,Iraq,2021,1
Hvidovre,Ireland,2021,1
Hvidovre,Italy,2021,17
Hvidovre,Kazakhstan,2021,1
Hvidovre,Kosovo,2021,1
Hvidovre,Latvia,2021,7
Hvidovre,Lebanon,2021,2
Hvidovre,Lithuania,2021,13
Hvidovre,Nepal,2021,14
Hvidovre,Netherlands,2021,3
Hvidovre,Nigeria,2021,4
Hvidovre,Norway,2021,7
Hvidovre,Not stated,2021,2
Hvidovre,Pakistan,2021,10
Hvidovre,Philippines,2021,2
Hvidovre,Poland,2021,38
Hvidovre,Portugal,2021,20
Hvidovre,Republic of North Macedonia,2021,4
Hvidovre,Romania,2021,54
Hvidovre,Russia,2021,5
Hvidovre,Slovakia,2021,5
Hvidovre,Slovenia,2021,1
Hvidovre,South Africa,2021,1
Hvidovre,South Korea,2021,1
Hvidovre,Spain,2021,16
Hvidovre,Sri Lanka,2021,1
Hvidovre,Sudan,2021,1
Hvidovre,Sweden,2021,22
Hvidovre,Tanzania,2021,1
Hvidovre,Thailand,2021,1
Hvidovre,Tunisia,2021,1
Hvidovre,Turkey,2021,6
Hvidovre,USA,2021,5
Hvidovre,Ukraine,2021,2
Hvidovre,United Kingdom,2021,3
Hvidovre,Uzbekistan,2021,1
Hvidovre,Vietnam,2021,3
Høje-Taastrup,Afghanistan,2021,2
Høje-Taastrup,Argentina,2021,1
Høje-Taastrup,Austria,2021,1
Høje-Taastrup,Bangladesh,2021,19
Høje-Taastrup,Belgium,2021,9
Høje-Taastrup,Brazil,2021,5
Høje-Taastrup,Bulgaria,2021,181
Høje-Taastrup,Cameroon,2021,13
Høje-Taastrup,China,2021,2
Høje-Taastrup,Croatia,2021,12
Høje-Taastrup,Cyprus,2021,1
Høje-Taastrup,Czech Republic,2021,2
Høje-Taastrup,Denmark,2021,166
Høje-Taastrup,Egypt,2021,2
Høje-Taastrup,Finland,2021,7
Høje-Taastrup,France,2021,2
Høje-Taastrup,Germany,2021,8
Høje-Taastrup,Ghana,2021,5
Høje-Taastrup,Greece,2021,5
Høje-Taastrup,Hungary,2021,17
Høje-Taastrup,Iceland,2021,1
Høje-Taastrup,India,2021,51
Høje-Taastrup,Iran,2021,10
Høje-Taastrup,Iraq,2021,6
Høje-Taastrup,Ireland,2021,3
Høje-Taastrup,Italy,2021,12
Høje-Taastrup,Jordan,2021,1
Høje-Taastrup,Kenya,2021,1
Høje-Taastrup,Kosovo,2021,1
Høje-Taastrup,Latvia,2021,10
Høje-Taastrup,Lebanon,2021,1
Høje-Taastrup,Lithuania,2021,46
Høje-Taastrup,Malaysia,2021,1
Høje-Taastrup,Mexico,2021,1
Høje-Taastrup,Morocco,2021,6
Høje-Taastrup,Nepal,2021,55
Høje-Taastrup,Netherlands,2021,6
Høje-Taastrup,Nigeria,2021,3
Høje-Taastrup,Norway,2021,3
Høje-Taastrup,Not stated,2021,6
Høje-Taastrup,Pakistan,2021,40
Høje-Taastrup,Peru,2021,1
Høje-Taastrup,Philippines,2021,6
Høje-Taastrup,Poland,2021,75
Høje-Taastrup,Portugal,2021,81
Høje-Taastrup,Republic of North Macedonia,2021,5
Høje-Taastrup,Romania,2021,199
Høje-Taastrup,Russia,2021,1
Høje-Taastrup,Slovakia,2021,4
Høje-Taastrup,Slovenia,2021,2
Høje-Taastrup,Spain,2021,13
Høje-Taastrup,Sweden,2021,34
Høje-Taastrup,Switzerland,2021,1
Høje-Taastrup,Taiwan,2021,1
Høje-Taastrup,Tanzania,2021,2
Høje-Taastrup,Thailand,2021,3
Høje-Taastrup,Turkey,2021,19
Høje-Taastrup,USA,2021,6
Høje-Taastrup,Ukraine,2021,1
Høje-Taastrup,United Kingdom,2021,4
Høje-Taastrup,Venezuela,2021,1
Høje-Taastrup,Vietnam,2021,1
Hørsholm,Argentina,2021,1
Hørsholm,Belgium,2021,1
Hørsholm,Bosnia and Herzegovina,2021,1
Hørsholm,Brazil,2021,2
Hørsholm,Bulgaria,2021,2
Hørsholm,Canada,2021,2
Hørsholm,Chile,2021,1
Hørsholm,China,2021,2
Hørsholm,Colombia,2021,2
Hørsholm,Croatia,2021,2
Hørsholm,Denmark,2021,132
Hørsholm,Eritrea,2021,3
Hørsholm,France,2021,2
Hørsholm,Germany,2021,2
Hørsholm,Greece,2021,2
Hørsholm,Hungary,2021,5
Hørsholm,India,2021,4
Hørsholm,Iran,2021,2
Hørsholm,Italy,2021,4
Hørsholm,Japan,2021,2
Hørsholm,Kenya,2021,1
Hørsholm,Kosovo,2021,1
Hørsholm,Latvia,2021,3
Hørsholm,Lithuania,2021,8
Hørsholm,Mexico,2021,1
Hørsholm,Netherlands,2021,2
Hørsholm,Norway,2021,4
Hørsholm,Pakistan,2021,2
Hørsholm,Philippines,2021,32
Hørsholm,Poland,2021,6
Hørsholm,Portugal,2021,2
Hørsholm,Romania,2021,7
Hørsholm,Russia,2021,1
Hørsholm,South Africa,2021,5
Hørsholm,South Korea,2021,1
Hørsholm,Spain,2021,1
Hørsholm,Stateless,2021,1
Hørsholm,Sweden,2021,5
Hørsholm,Switzerland,2021,1
Hørsholm,Syria,2021,1
Hørsholm,Thailand,2021,2
Hørsholm,USA,2021,2
Hørsholm,United Kingdom,2021,4
Hørsholm,Uzbekistan,2021,1
Ikast-Brande,Afghanistan,2021,2
Ikast-Brande,Austria,2021,1
Ikast-Brande,Belarus,2021,1
Ikast-Brande,Belgium,2021,1
Ikast-Brande,Brazil,2021,7
Ikast-Brande,Bulgaria,2021,16
Ikast-Brande,Cameroon,2021,1
Ikast-Brande,China,2021,1
Ikast-Brande,Colombia,2021,3
Ikast-Brande,Croatia,2021,2
Ikast-Brande,Cyprus,2021,1
Ikast-Brande,Czech Republic,2021,9
Ikast-Brande,Denmark,2021,99
Ikast-Brande,Eritrea,2021,2
Ikast-Brande,Estonia,2021,2
Ikast-Brande,France,2021,11
Ikast-Brande,Germany,2021,18
Ikast-Brande,Greece,2021,1
Ikast-Brande,Hungary,2021,2
Ikast-Brande,Iceland,2021,1
Ikast-Brande,India,2021,31
Ikast-Brande,Indonesia,2021,1
Ikast-Brande,Ireland,2021,3
Ikast-Brande,Italy,2021,7
Ikast-Brande,Ivory Coast,2021,1
Ikast-Brande,Japan,2021,1
Ikast-Brande,Jordan,2021,1
Ikast-Brande,Latvia,2021,12
Ikast-Brande,Lithuania,2021,141
Ikast-Brande,Mexico,2021,2
Ikast-Brande,Moldova,2021,1
Ikast-Brande,Morocco,2021,2
Ikast-Brande,Netherlands,2021,10
Ikast-Brande,Nigeria,2021,2
Ikast-Brande,Norway,2021,10
Ikast-Brande,Not stated,2021,3
Ikast-Brande,Peru,2021,1
Ikast-Brande,Philippines,2021,6
Ikast-Brande,Poland,2021,48
Ikast-Brande,Portugal,2021,5
Ikast-Brande,Romania,2021,147
Ikast-Brande,Russia,2021,2
Ikast-Brande,Slovakia,2021,3
Ikast-Brande,Slovenia,2021,1
Ikast-Brande,Spain,2021,9
Ikast-Brande,Sri Lanka,2021,11
Ikast-Brande,Sweden,2021,1
Ikast-Brande,Syria,2021,4
Ikast-Brande,Thailand,2021,6
Ikast-Brande,Turkey,2021,8
Ikast-Brande,USA,2021,2
Ikast-Brande,Uganda,2021,1
Ikast-Brande,Ukraine,2021,33
Ikast-Brande,United Kingdom,2021,18
Ikast-Brande,Vietnam,2021,5
Ishøj,Bangladesh,2021,10
Ishøj,Bulgaria,2021,37
Ishøj,Cameroon,2021,1
Ishøj,Canada,2021,2
Ishøj,China,2021,2
Ishøj,Croatia,2021,1
Ishøj,Cuba,2021,1
Ishøj,Denmark,2021,37
Ishøj,Estonia,2021,1
Ishøj,France,2021,2
Ishøj,Germany,2021,3
Ishøj,Ghana,2021,2
Ishøj,Greece,2021,1
Ishøj,Hungary,2021,2
Ishøj,Iceland,2021,2
Ishøj,India,2021,14
Ishøj,Iran,2021,5
Ishøj,Iraq,2021,3
Ishøj,Italy,2021,6
Ishøj,Latvia,2021,3
Ishøj,Lithuania,2021,15
Ishøj,Moldova,2021,1
Ishøj,Morocco,2021,3
Ishøj,Nepal,2021,44
Ishøj,Netherlands,2021,1
Ishøj,Nigeria,2021,1
Ishøj,Norway,2021,3
Ishøj,Pakistan,2021,27
Ishøj,Philippines,2021,1
Ishøj,Poland,2021,40
Ishøj,Portugal,2021,48
Ishøj,Republic of North Macedonia,2021,1
Ishøj,Romania,2021,41
Ishøj,Serbia,2021,1
Ishøj,Slovakia,2021,4
Ishøj,Slovenia,2021,1
Ishøj,Spain,2021,8
Ishøj,Sri Lanka,2021,2
Ishøj,Stateless,2021,1
Ishøj,Sweden,2021,10
Ishøj,Thailand,2021,1
Ishøj,Turkey,2021,8
Ishøj,Ukraine,2021,2
Ishøj,United Kingdom,2021,1
Ishøj,Vietnam,2021,1
Jammerbugt,Australia,2021,1
Jammerbugt,Belarus,2021,1
Jammerbugt,Bulgaria,2021,6
Jammerbugt,Denmark,2021,77
Jammerbugt,Eritrea,2021,4
Jammerbugt,France,2021,1
Jammerbugt,Germany,2021,20
Jammerbugt,Guatemala,2021,1
Jammerbugt,Hungary,2021,2
Jammerbugt,Iceland,2021,4
Jammerbugt,India,2021,1
Jammerbugt,Iran,2021,2
Jammerbugt,Italy,2021,2
Jammerbugt,Japan,2021,1
Jammerbugt,Kenya,2021,2
Jammerbugt,Kyrgyzstan,2021,1
Jammerbugt,Latvia,2021,9
Jammerbugt,Liberia,2021,1
Jammerbugt,Lithuania,2021,1
Jammerbugt,Mali,2021,2
Jammerbugt,Nepal,2021,1
Jammerbugt,Netherlands,2021,8
Jammerbugt,Nigeria,2021,3
Jammerbugt,Norway,2021,7
Jammerbugt,Not stated,2021,1
Jammerbugt,Philippines,2021,4
Jammerbugt,Poland,2021,23
Jammerbugt,Romania,2021,24
Jammerbugt,Senegal,2021,1
Jammerbugt,Sweden,2021,3
Jammerbugt,Switzerland,2021,1
Jammerbugt,Syria,2021,1
Jammerbugt,Thailand,2021,2
Jammerbugt,USA,2021,2
Jammerbugt,Uganda,2021,1
Jammerbugt,Ukraine,2021,26
Jammerbugt,Vietnam,2021,2
Kalundborg,Afghanistan,2021,1
Kalundborg,Albania,2021,1
Kalundborg,Bangladesh,2021,1
Kalundborg,Belarus,2021,2
Kalundborg,Belgium,2021,1
Kalundborg,Bulgaria,2021,15
Kalundborg,Cameroon,2021,1
Kalundborg,China,2021,1
Kalundborg,"Congo, Democratic Republic",2021,6
Kalundborg,Croatia,2021,1
Kalundborg,Czech Republic,2021,5
Kalundborg,Denmark,2021,106
Kalundborg,Finland,2021,1
Kalundborg,France,2021,2
Kalundborg,Germany,2021,3
Kalundborg,Hungary,2021,5
Kalundborg,Iceland,2021,1
Kalundborg,India,2021,18
Kalundborg,Indonesia,2021,1
Kalundborg,Iran,2021,2
Kalundborg,Iraq,2021,4
Kalundborg,Ireland,2021,1
Kalundborg,Italy,2021,7
Kalundborg,Ivory Coast,2021,1
Kalundborg,Japan,2021,6
Kalundborg,Kazakhstan,2021,1
Kalundborg,Kenya,2021,1
Kalundborg,Latvia,2021,5
Kalundborg,Lithuania,2021,3
Kalundborg,Mexico,2021,1
Kalundborg,Moldova,2021,3
Kalundborg,Nepal,2021,1
Kalundborg,Netherlands,2021,3
Kalundborg,Norway,2021,2
Kalundborg,Philippines,2021,5
Kalundborg,Poland,2021,28
Kalundborg,Portugal,2021,1
Kalundborg,Romania,2021,28
Kalundborg,Russia,2021,2
Kalundborg,Serbia,2021,1
Kalundborg,Slovakia,2021,2
Kalundborg,Somalia,2021,1
Kalundborg,South Africa,2021,1
Kalundborg,Spain,2021,11
Kalundborg,Sweden,2021,6
Kalundborg,Switzerland,2021,1
Kalundborg,Syria,2021,2
Kalundborg,Tanzania,2021,2
Kalundborg,Thailand,2021,1
Kalundborg,Turkey,2021,3
Kalundborg,USA,2021,6
Kalundborg,Ukraine,2021,8
Kalundborg,United Kingdom,2021,4
Kalundborg,Venezuela,2021,1
Kalundborg,Vietnam,2021,2
Kalundborg,Yugoslavia,2021,1
Kerteminde,Bulgaria,2021,3
Kerteminde,Denmark,2021,49
Kerteminde,France,2021,1
Kerteminde,Germany,2021,4
Kerteminde,Hungary,2021,6
Kerteminde,India,2021,4
Kerteminde,Iraq,2021,1
Kerteminde,Ireland,2021,2
Kerteminde,Italy,2021,3
Kerteminde,Latvia,2021,5
Kerteminde,Lithuania,2021,7
Kerteminde,Moldova,2021,1
Kerteminde,Norway,2021,2
Kerteminde,Not stated,2021,1
Kerteminde,Philippines,2021,4
Kerteminde,Poland,2021,17
Kerteminde,Romania,2021,26
Kerteminde,Slovakia,2021,1
Kerteminde,Stateless,2021,1
Kerteminde,Sweden,2021,5
Kerteminde,Syria,2021,6
Kerteminde,Thailand,2021,2
Kerteminde,USA,2021,1
Kerteminde,Ukraine,2021,11
Kerteminde,United Kingdom,2021,3
Kerteminde,Vietnam,2021,16
Kolding,Afghanistan,2021,4
Kolding,Albania,2021,1
Kolding,Algeria,2021,1
Kolding,Argentina,2021,1
Kolding,Australia,2021,1
Kolding,Austria,2021,3
Kolding,Bangladesh,2021,1
Kolding,Belgium,2021,6
Kolding,Bosnia and Herzegovina,2021,3
Kolding,Brazil,2021,3
Kolding,Bulgaria,2021,30
Kolding,Cameroon,2021,1
Kolding,Canada,2021,1
Kolding,China,2021,3
Kolding,Colombia,2021,2
Kolding,"Congo, Democratic Republic",2021,4
Kolding,Croatia,2021,20
Kolding,Cyprus,2021,1
Kolding,Czech Republic,2021,19
Kolding,Denmark,2021,266
Kolding,Egypt,2021,1
Kolding,Estonia,2021,1
Kolding,Ethiopia,2021,1
Kolding,Finland,2021,3
Kolding,France,2021,9
Kolding,Germany,2021,63
Kolding,Greece,2021,4
Kolding,Hungary,2021,18
Kolding,Iceland,2021,7
Kolding,India,2021,69
Kolding,Indonesia,2021,3
Kolding,Iran,2021,12
Kolding,Israel,2021,1
Kolding,Italy,2021,23
Kolding,Kenya,2021,2
Kolding,Kosovo,2021,2
Kolding,Kyrgyzstan,2021,1
Kolding,Latvia,2021,19
Kolding,Lithuania,2021,28
Kolding,Luxembourg,2021,2
Kolding,Mexico,2021,1
Kolding,Moldova,2021,8
Kolding,Morocco,2021,3
Kolding,Nepal,2021,10
Kolding,Netherlands,2021,9
Kolding,New Zealand,2021,1
Kolding,Nigeria,2021,2
Kolding,Norway,2021,10
Kolding,Pakistan,2021,8
Kolding,Peru,2021,1
Kolding,Philippines,2021,15
Kolding,Poland,2021,129
Kolding,Portugal,2021,13
Kolding,Romania,2021,88
Kolding,Russia,2021,7
Kolding,Saudi Arabia,2021,1
Kolding,Serbia,2021,5
Kolding,Sierra Leone,2021,1
Kolding,Slovakia,2021,28
Kolding,Slovenia,2021,3
Kolding,Somalia,2021,1
Kolding,South Korea,2021,1
Kolding,Spain,2021,39
Kolding,Sweden,2021,14
Kolding,Switzerland,2021,2
Kolding,Syria,2021,6
Kolding,Taiwan,2021,3
Kolding,Thailand,2021,6
Kolding,Tunisia,2021,2
Kolding,Turkey,2021,3
Kolding,USA,2021,3
Kolding,Uganda,2021,2
Kolding,Ukraine,2021,22
Kolding,Venezuela,2021,1
Kolding,Vietnam,2021,5
Køge,Afghanistan,2021,3
Køge,Bosnia and Herzegovina,2021,2
Køge,Brazil,2021,2
Køge,Bulgaria,2021,66
Køge,China,2021,3
Køge,Colombia,2021,1
Køge,Croatia,2021,19
Køge,Cyprus,2021,2
Køge,Czech Republic,2021,2
Køge,Denmark,2021,131
Køge,Eritrea,2021,3
Køge,Finland,2021,1
Køge,France,2021,2
Køge,"Gambia, The",2021,2
Køge,Germany,2021,9
Køge,Ghana,2021,1
Køge,Greece,2021,1
Køge,Hungary,2021,3
Køge,Iceland,2021,1
Køge,India,2021,4
Køge,Iran,2021,6
Køge,Iraq,2021,2
Køge,Ireland,2021,1
Køge,Italy,2021,48
Køge,Kenya,2021,1
Køge,Latvia,2021,2
Køge,Lebanon,2021,1
Køge,Libya,2021,1
Køge,Lithuania,2021,22
Køge,Nepal,2021,2
Køge,Netherlands,2021,3
Køge,Not stated,2021,2
Køge,Pakistan,2021,2
Køge,Philippines,2021,3
Køge,Poland,2021,47
Køge,Portugal,2021,8
Køge,Republic of North Macedonia,2021,1
Køge,Romania,2021,86
Køge,Slovakia,2021,1
Køge,Slovenia,2021,1
Køge,Spain,2021,2
Køge,Stateless,2021,3
Køge,Sweden,2021,6
Køge,Syria,2021,9
Køge,Thailand,2021,3
Køge,Turkey,2021,6
Køge,USA,2021,4
Køge,Uganda,2021,1
Køge,Ukraine,2021,8
Køge,United Kingdom,2021,2
Køge,Vietnam,2021,1
Langeland,Australia,2021,1
Langeland,Bosnia and Herzegovina,2021,1
Langeland,Czech Republic,2021,1
Langeland,Denmark,2021,58
Langeland,France,2021,1
Langeland,Germany,2021,19
Langeland,Hungary,2021,1
Langeland,Iceland,2021,1
Langeland,India,2021,1
Langeland,Ireland,2021,1
Langeland,Italy,2021,1
Langeland,Lithuania,2021,4
Langeland,Netherlands,2021,1
Langeland,Norway,2021,1
Langeland,Poland,2021,28
Langeland,Romania,2021,9
Langeland,Spain,2021,1
Langeland,Stateless,2021,2
Langeland,Sweden,2021,2
Langeland,Tanzania,2021,1
Langeland,Thailand,2021,1
Langeland,Turkey,2021,2
Langeland,USA,2021,2
Langeland,Ukraine,2021,16
Langeland,United Kingdom,2021,4
Lejre,Afghanistan,2021,1
Lejre,Belgium,2021,1
Lejre,Bulgaria,2021,7
Lejre,China,2021,1
Lejre,"Congo, Democratic Republic",2021,3
Lejre,Croatia,2021,5
Lejre,Czech Republic,2021,1
Lejre,Denmark,2021,88
Lejre,France,2021,1
Lejre,"Gambia, The",2021,1
Lejre,Germany,2021,2
Lejre,Ghana,2021,1
Lejre,Greece,2021,1
Lejre,Hungary,2021,4
Lejre,Iceland,2021,1
Lejre,Ireland,2021,1
Lejre,Italy,2021,2
Lejre,Kenya,2021,1
Lejre,Latvia,2021,3
Lejre,Lithuania,2021,8
Lejre,Mexico,2021,1
Lejre,Nepal,2021,1
Lejre,Norway,2021,1
Lejre,Philippines,2021,1
Lejre,Poland,2021,14
Lejre,Portugal,2021,1
Lejre,Romania,2021,15
Lejre,Slovakia,2021,2
Lejre,Spain,2021,1
Lejre,Sweden,2021,7
Lejre,Syria,2021,6
Lejre,Thailand,2021,1
Lejre,USA,2021,2
Lejre,Ukraine,2021,8
Lemvig,Albania,2021,1
Lemvig,Belarus,2021,1
Lemvig,Bulgaria,2021,5
Lemvig,Czech Republic,2021,1
Lemvig,Denmark,2021,39
Lemvig,Eritrea,2021,2
Lemvig,Germany,2021,6
Lemvig,Iceland,2021,1
Lemvig,India,2021,1
Lemvig,Italy,2021,2
Lemvig,Latvia,2021,6
Lemvig,Lithuania,2021,5
Lemvig,Netherlands,2021,1
Lemvig,Norway,2021,3
Lemvig,Not stated,2021,2
Lemvig,Philippines,2021,3
Lemvig,Poland,2021,14
Lemvig,Portugal,2021,4
Lemvig,Romania,2021,54
Lemvig,Spain,2021,9
Lemvig,Sweden,2021,2
Lemvig,Switzerland,2021,1
Lemvig,Thailand,2021,5
Lemvig,USA,2021,1
Lemvig,Ukraine,2021,21
Lemvig,Vietnam,2021,2
Lolland,Australia,2021,1
Lolland,Belarus,2021,1
Lolland,Belgium,2021,2
Lolland,Bosnia and Herzegovina,2021,2
Lolland,Brazil,2021,2
Lolland,Bulgaria,2021,17
Lolland,Canada,2021,1
Lolland,"Congo, Democratic Republic",2021,5
Lolland,Cuba,2021,2
Lolland,Denmark,2021,91
Lolland,France,2021,12
Lolland,Germany,2021,25
Lolland,Greece,2021,1
Lolland,Hungary,2021,1
Lolland,India,2021,6
Lolland,Iran,2021,2
Lolland,Iraq,2021,1
Lolland,Italy,2021,4
Lolland,Kosovo,2021,3
Lolland,Latvia,2021,3
Lolland,Moldova,2021,2
Lolland,Netherlands,2021,7
Lolland,Norway,2021,2
Lolland,Panama,2021,1
Lolland,Philippines,2021,5
Lolland,Poland,2021,20
Lolland,Portugal,2021,4
Lolland,Romania,2021,26
Lolland,Russia,2021,4
Lolland,Serbia,2021,2
Lolland,Spain,2021,11
Lolland,Sweden,2021,4
Lolland,Syria,2021,2
Lolland,Thailand,2021,3
Lolland,Turkey,2021,8
Lolland,USA,2021,2
Lolland,Uganda,2021,1
Lolland,Ukraine,2021,12
Lolland,United Kingdom,2021,1
Lolland,Vietnam,2021,3
Lyngby-Taarbæk,Afghanistan,2021,2
Lyngby-Taarbæk,Albania,2021,2
Lyngby-Taarbæk,Argentina,2021,2
Lyngby-Taarbæk,Australia,2021,4
Lyngby-Taarbæk,Austria,2021,9
Lyngby-Taarbæk,Belgium,2021,17
Lyngby-Taarbæk,Brazil,2021,31
Lyngby-Taarbæk,Bulgaria,2021,8
Lyngby-Taarbæk,Canada,2021,7
Lyngby-Taarbæk,Chile,2021,2
Lyngby-Taarbæk,China,2021,173
Lyngby-Taarbæk,Colombia,2021,6
Lyngby-Taarbæk,Croatia,2021,6
Lyngby-Taarbæk,Cyprus,2021,4
Lyngby-Taarbæk,Czech Republic,2021,13
Lyngby-Taarbæk,Denmark,2021,252
Lyngby-Taarbæk,Egypt,2021,6
Lyngby-Taarbæk,Eritrea,2021,5
Lyngby-Taarbæk,Estonia,2021,4
Lyngby-Taarbæk,Eswantini,2021,1
Lyngby-Taarbæk,Ethiopia,2021,1
Lyngby-Taarbæk,Finland,2021,3
Lyngby-Taarbæk,France,2021,81
Lyngby-Taarbæk,Germany,2021,106
Lyngby-Taarbæk,Ghana,2021,2
Lyngby-Taarbæk,Greece,2021,69
Lyngby-Taarbæk,Hungary,2021,36
Lyngby-Taarbæk,Iceland,2021,30
Lyngby-Taarbæk,India,2021,122
Lyngby-Taarbæk,Indonesia,2021,3
Lyngby-Taarbæk,Iran,2021,63
Lyngby-Taarbæk,Ireland,2021,11
Lyngby-Taarbæk,Israel,2021,3
Lyngby-Taarbæk,Italy,2021,132
Lyngby-Taarbæk,Japan,2021,4
Lyngby-Taarbæk,Jordan,2021,1
Lyngby-Taarbæk,Kazakhstan,2021,4
Lyngby-Taarbæk,Kenya,2021,1
Lyngby-Taarbæk,Latvia,2021,6
Lyngby-Taarbæk,Libya,2021,1
Lyngby-Taarbæk,Lithuania,2021,12
Lyngby-Taarbæk,Malaysia,2021,2
Lyngby-Taarbæk,Malta,2021,1
Lyngby-Taarbæk,Mexico,2021,42
Lyngby-Taarbæk,Morocco,2021,1
Lyngby-Taarbæk,Nepal,2021,2
Lyngby-Taarbæk,Netherlands,2021,36
Lyngby-Taarbæk,Nigeria,2021,2
Lyngby-Taarbæk,North Korea,2021,1
Lyngby-Taarbæk,Norway,2021,38
Lyngby-Taarbæk,Not stated,2021,3
Lyngby-Taarbæk,Pakistan,2021,8
Lyngby-Taarbæk,Panama,2021,1
Lyngby-Taarbæk,Philippines,2021,23
Lyngby-Taarbæk,Poland,2021,64
Lyngby-Taarbæk,Portugal,2021,27
Lyngby-Taarbæk,Republic of North Macedonia,2021,4
Lyngby-Taarbæk,Romania,2021,24
Lyngby-Taarbæk,Russia,2021,10
Lyngby-Taarbæk,Rwanda,2021,1
Lyngby-Taarbæk,Serbia,2021,1
Lyngby-Taarbæk,Singapore,2021,1
Lyngby-Taarbæk,Slovakia,2021,10
Lyngby-Taarbæk,Slovenia,2021,3
Lyngby-Taarbæk,South Africa,2021,4
Lyngby-Taarbæk,South Korea,2021,3
Lyngby-Taarbæk,Spain,2021,193
Lyngby-Taarbæk,Sri Lanka,2021,3
Lyngby-Taarbæk,Stateless,2021,5
Lyngby-Taarbæk,Sweden,2021,20
Lyngby-Taarbæk,Switzerland,2021,14
Lyngby-Taarbæk,Syria,2021,4
Lyngby-Taarbæk,Taiwan,2021,2
Lyngby-Taarbæk,Thailand,2021,10
Lyngby-Taarbæk,Turkey,2021,34
Lyngby-Taarbæk,USA,2021,52
Lyngby-Taarbæk,Ukraine,2021,2
Lyngby-Taarbæk,United Kingdom,2021,18
Lyngby-Taarbæk,Vietnam,2021,5
Læsø,Denmark,2021,7
Læsø,France,2021,1
Læsø,Germany,2021,2
Læsø,Philippines,2021,1
Læsø,Slovenia,2021,1
Læsø,Sweden,2021,6
Mariagerfjord,Albania,2021,1
Mariagerfjord,Australia,2021,1
Mariagerfjord,Brazil,2021,1
Mariagerfjord,Burkina Faso,2021,1
Mariagerfjord,Croatia,2021,7
Mariagerfjord,Denmark,2021,89
Mariagerfjord,Ecuador,2021,1
Mariagerfjord,Estonia,2021,2
Mariagerfjord,France,2021,1
Mariagerfjord,Germany,2021,5
Mariagerfjord,Hungary,2021,8
Mariagerfjord,India,2021,6
Mariagerfjord,Iran,2021,4
Mariagerfjord,Italy,2021,5
Mariagerfjord,Kenya,2021,1
Mariagerfjord,Kosovo,2021,1
Mariagerfjord,Kyrgyzstan,2021,1
Mariagerfjord,Lithuania,2021,15
Mariagerfjord,Moldova,2021,10
Mariagerfjord,Netherlands,2021,1
Mariagerfjord,Norway,2021,1
Mariagerfjord,Not stated,2021,1
Mariagerfjord,Pakistan,2021,1
Mariagerfjord,Philippines,2021,3
Mariagerfjord,Poland,2021,53
Mariagerfjord,Portugal,2021,3
Mariagerfjord,Romania,2021,39
Mariagerfjord,Russia,2021,2
Mariagerfjord,Serbia,2021,1
Mariagerfjord,Slovakia,2021,2
Mariagerfjord,Spain,2021,3
Mariagerfjord,Sweden,2021,2
Mariagerfjord,Syria,2021,3
Mariagerfjord,USA,2021,1
Mariagerfjord,Uganda,2021,2
Mariagerfjord,Ukraine,2021,49
Mariagerfjord,United Kingdom,2021,3
Middelfart,Austria,2021,2
Middelfart,Brazil,2021,2
Middelfart,Canada,2021,3
Middelfart,Colombia,2021,2
Middelfart,Denmark,2021,115
Middelfart,Finland,2021,1
Middelfart,France,2021,1
Middelfart,Germany,2021,13
Middelfart,Greece,2021,1
Middelfart,Hungary,2021,1
Middelfart,Iceland,2021,1
Middelfart,Ireland,2021,1
Middelfart,Italy,2021,2
Middelfart,Japan,2021,7
Middelfart,Latvia,2021,2
Middelfart,Lithuania,2021,31
Middelfart,Netherlands,2021,3
Middelfart,Norway,2021,4
Middelfart,Not stated,2021,1
Middelfart,Philippines,2021,5
Middelfart,Poland,2021,17
Middelfart,Romania,2021,22
Middelfart,Spain,2021,8
Middelfart,Sri Lanka,2021,1
Middelfart,Stateless,2021,1
Middelfart,Sweden,2021,5
Middelfart,Syria,2021,11
Middelfart,Thailand,2021,5
Middelfart,Turkey,2021,1
Middelfart,USA,2021,3
Middelfart,Ukraine,2021,7
Middelfart,United Kingdom,2021,7
Middelfart,Vietnam,2021,4
Morsø,Brazil,2021,1
Morsø,Bulgaria,2021,1
Morsø,Denmark,2021,66
Morsø,Eritrea,2021,5
Morsø,Germany,2021,9
Morsø,Italy,2021,1
Morsø,Latvia,2021,1
Morsø,Lithuania,2021,4
Morsø,Norway,2021,6
Morsø,Philippines,2021,6
Morsø,Poland,2021,10
Morsø,Romania,2021,12
Morsø,Russia,2021,2
Morsø,Spain,2021,1
Morsø,Sweden,2021,6
Morsø,Syria,2021,4
Morsø,USA,2021,1
Morsø,Ukraine,2021,43
Norddjurs,Austria,2021,1
Norddjurs,Brazil,2021,4
Norddjurs,Bulgaria,2021,6
Norddjurs,Costa Rica,2021,1
Norddjurs,Croatia,2021,1
Norddjurs,Czech Republic,2021,15
Norddjurs,Denmark,2021,84
Norddjurs,Eritrea,2021,1
Norddjurs,Estonia,2021,2
Norddjurs,Finland,2021,2
Norddjurs,France,2021,1
Norddjurs,Germany,2021,5
Norddjurs,Hungary,2021,8
Norddjurs,India,2021,2
Norddjurs,Italy,2021,17
Norddjurs,Latvia,2021,11
Norddjurs,Lithuania,2021,125
Norddjurs,Mexico,2021,2
Norddjurs,Norway,2021,4
Norddjurs,Peru,2021,2
Norddjurs,Philippines,2021,7
Norddjurs,Poland,2021,32
Norddjurs,Portugal,2021,3
Norddjurs,Romania,2021,56
Norddjurs,Russia,2021,2
Norddjurs,Slovakia,2021,3
Norddjurs,Spain,2021,7
Norddjurs,Sweden,2021,1
Norddjurs,Switzerland,2021,1
Norddjurs,Syria,2021,3
Norddjurs,Thailand,2021,1
Norddjurs,Turkey,2021,2
Norddjurs,USA,2021,6
Norddjurs,Ukraine,2021,41
Norddjurs,United Kingdom,2021,3
Nordfyns,Bangladesh,2021,1
Nordfyns,Belgium,2021,2
Nordfyns,Bosnia and Herzegovina,2021,1
Nordfyns,Bulgaria,2021,6
Nordfyns,Cameroon,2021,1
Nordfyns,Chile,2021,1
Nordfyns,Colombia,2021,3
Nordfyns,"Congo, Democratic Republic",2021,4
Nordfyns,Denmark,2021,79
Nordfyns,Germany,2021,6
Nordfyns,Ghana,2021,1
Nordfyns,Hungary,2021,3
Nordfyns,Iceland,2021,3
Nordfyns,Iran,2021,1
Nordfyns,Iraq,2021,1
Nordfyns,Italy,2021,1
Nordfyns,Japan,2021,23
Nordfyns,Kenya,2021,2
Nordfyns,Lithuania,2021,9
Nordfyns,Moldova,2021,2
Nordfyns,Nicaragua,2021,1
Nordfyns,Norway,2021,4
Nordfyns,Not stated,2021,1
Nordfyns,Philippines,2021,3
Nordfyns,Poland,2021,27
Nordfyns,Portugal,2021,4
Nordfyns,Romania,2021,62
Nordfyns,Spain,2021,4
Nordfyns,Sri Lanka,2021,1
Nordfyns,Syria,2021,3
Nordfyns,USA,2021,2
Nordfyns,Ukraine,2021,36
Nordfyns,United Kingdom,2021,1
Nordfyns,Uzbekistan,2021,1
Nordfyns,Vietnam,2021,2
Nyborg,Australia,2021,1
Nyborg,Bulgaria,2021,3
Nyborg,Canada,2021,1
Nyborg,Chile,2021,1
Nyborg,China,2021,1
Nyborg,Croatia,2021,1
Nyborg,Czech Republic,2021,3
Nyborg,Denmark,2021,92
Nyborg,France,2021,1
Nyborg,"Gambia, The",2021,1
Nyborg,Germany,2021,4
Nyborg,Greece,2021,4
Nyborg,Iceland,2021,3
Nyborg,Ireland,2021,2
Nyborg,Italy,2021,3
Nyborg,Kuwait,2021,1
Nyborg,Latvia,2021,7
Nyborg,Lithuania,2021,36
Nyborg,Morocco,2021,1
Nyborg,Nepal,2021,1
Nyborg,Netherlands,2021,1
Nyborg,New Zealand,2021,1
Nyborg,Nigeria,2021,1
Nyborg,Norway,2021,6
Nyborg,Philippines,2021,1
Nyborg,Poland,2021,8
Nyborg,Portugal,2021,1
Nyborg,Romania,2021,14
Nyborg,Serbia,2021,2
Nyborg,Slovakia,2021,2
Nyborg,South Africa,2021,1
Nyborg,Spain,2021,6
Nyborg,Sri Lanka,2021,1
Nyborg,Sweden,2021,3
Nyborg,Syria,2021,3
Nyborg,Thailand,2021,2
Nyborg,Tunisia,2021,1
Nyborg,Turkey,2021,2
Nyborg,USA,2021,2
Nyborg,Ukraine,2021,6
Nyborg,United Kingdom,2021,6
Nyborg,Vietnam,2021,4
Nyborg,Zambia,2021,2
Næstved,Afghanistan,2021,6
Næstved,Albania,2021,4
Næstved,Argentina,2021,1
Næstved,Australia,2021,1
Næstved,Bangladesh,2021,1
Næstved,Belarus,2021,1
Næstved,Belgium,2021,1
Næstved,Bosnia and Herzegovina,2021,2
Næstved,Brazil,2021,2
Næstved,Bulgaria,2021,34
Næstved,Cameroon,2021,1
Næstved,Canada,2021,1
Næstved,China,2021,4
Næstved,Colombia,2021,2
Næstved,Croatia,2021,6
Næstved,Czech Republic,2021,2
Næstved,Denmark,2021,207
Næstved,Ecuador,2021,1
Næstved,Eritrea,2021,3
Næstved,France,2021,5
Næstved,Germany,2021,9
Næstved,Hungary,2021,3
Næstved,Iceland,2021,1
Næstved,India,2021,1
Næstved,Iran,2021,6
Næstved,Iraq,2021,1
Næstved,Italy,2021,7
Næstved,Jordan,2021,1
Næstved,Kenya,2021,1
Næstved,Latvia,2021,11
Næstved,Lebanon,2021,1
Næstved,Lithuania,2021,12
Næstved,Mexico,2021,1
Næstved,Netherlands,2021,5
Næstved,New Zealand,2021,1
Næstved,Norway,2021,1
Næstved,Not stated,2021,7
Næstved,Pakistan,2021,1
Næstved,Philippines,2021,5
Næstved,Poland,2021,47
Næstved,Portugal,2021,2
Næstved,Romania,2021,52
Næstved,Sierra Leone,2021,1
Næstved,Slovakia,2021,7
Næstved,Slovenia,2021,2
Næstved,Spain,2021,12
Næstved,Sri Lanka,2021,1
Næstved,Sudan,2021,1
Næstved,Sweden,2021,15
Næstved,Syria,2021,9
Næstved,Thailand,2021,6
Næstved,Turkey,2021,3
Næstved,USA,2021,9
Næstved,Uganda,2021,3
Næstved,Ukraine,2021,12
Næstved,United Kingdom,2021,2
Næstved,Vietnam,2021,2
Odder,Argentina,2021,2
Odder,Brazil,2021,1
Odder,Bulgaria,2021,5
Odder,China,2021,1
Odder,Costa Rica,2021,1
Odder,Denmark,2021,54
Odder,Eritrea,2021,1
Odder,Germany,2021,8
Odder,Guatemala,2021,1
Odder,Iran,2021,2
Odder,Italy,2021,5
Odder,Japan,2021,11
Odder,Latvia,2021,1
Odder,Lithuania,2021,4
Odder,Mexico,2021,1
Odder,Netherlands,2021,2
Odder,Norway,2021,1
Odder,Poland,2021,10
Odder,Portugal,2021,1
Odder,Romania,2021,15
Odder,Slovakia,2021,1
Odder,Spain,2021,2
Odder,Sweden,2021,1
Odder,Syria,2021,3
Odder,USA,2021,5
Odder,Ukraine,2021,5
Odder,Vietnam,2021,1
Odense,Afghanistan,2021,2
Odense,Albania,2021,1
Odense,Algeria,2021,1
Odense,Argentina,2021,3
Odense,Australia,2021,2
Odense,Austria,2021,23
Odense,Azerbaijan,2021,6
Odense,Bangladesh,2021,18
Odense,Belarus,2021,4
Odense,Belgium,2021,20
Odense,Bosnia and Herzegovina,2021,6
Odense,Brazil,2021,26
Odense,Bulgaria,2021,76
Odense,Cameroon,2021,2
Odense,Canada,2021,7
Odense,China,2021,40
Odense,Colombia,2021,1
Odense,"Congo, Democratic Republic",2021,5
Odense,Costa Rica,2021,1
Odense,Croatia,2021,22
Odense,Cuba,2021,2
Odense,Czech Republic,2021,50
Odense,Denmark,2021,604
Odense,Dominican Republic,2021,1
Odense,Ecuador,2021,2
Odense,Egypt,2021,13
Odense,Eritrea,2021,2
Odense,Estonia,2021,1
Odense,Finland,2021,24
Odense,France,2021,82
Odense,Germany,2021,204
Odense,Ghana,2021,4
Odense,Greece,2021,24
Odense,Guinea-Bissau,2021,1
Odense,Honduras,2021,1
Odense,Hungary,2021,40
Odense,Iceland,2021,63
Odense,India,2021,37
Odense,Indonesia,2021,12
Odense,Iran,2021,43
Odense,Iraq,2021,8
Odense,Ireland,2021,69
Odense,Israel,2021,1
Odense,Italy,2021,156
Odense,Japan,2021,13
Odense,Jordan,2021,3
Odense,Kazakhstan,2021,1
Odense,Kyrgyzstan,2021,1
Odense,Latvia,2021,18
Odense,Lithuania,2021,50
Odense,Luxembourg,2021,1
Odense,Madagascar,2021,1
Odense,Malaysia,2021,3
Odense,Mexico,2021,12
Odense,Moldova,2021,1
Odense,Montenegro,2021,1
Odense,Morocco,2021,2
Odense,Nepal,2021,8
Odense,Netherlands,2021,39
Odense,New Zealand,2021,3
Odense,Nigeria,2021,1
Odense,North Korea,2021,4
Odense,Norway,2021,89
Odense,Not stated,2021,2
Odense,Pakistan,2021,14
Odense,Peru,2021,1
Odense,Philippines,2021,12
Odense,Poland,2021,164
Odense,Portugal,2021,69
Odense,Romania,2021,259
Odense,Russia,2021,9
Odense,Saudi Arabia,2021,1
Odense,Serbia,2021,2
Odense,Singapore,2021,1
Odense,Slovakia,2021,37
Odense,Slovenia,2021,15
Odense,Somalia,2021,5
Odense,South Korea,2021,8
Odense,Spain,2021,102
Odense,Sri Lanka,2021,1
Odense,Stateless,2021,9
Odense,Sudan,2021,1
Odense,Sweden,2021,52
Odense,Switzerland,2021,10
Odense,Syria,2021,16
Odense,Taiwan,2021,6
Odense,Thailand,2021,7
Odense,Tunisia,2021,2
Odense,Turkey,2021,33
Odense,USA,2021,34
Odense,Ukraine,2021,82
Odense,United Kingdom,2021,49
Odense,Uzbekistan,2021,3
Odense,Venezuela,2021,1
Odense,Vietnam,2021,25
Odsherred,Argentina,2021,5
Odsherred,Austria,2021,1
Odsherred,Bangladesh,2021,6
Odsherred,Belgium,2021,1
Odsherred,Bulgaria,2021,2
Odsherred,Denmark,2021,76
Odsherred,Egypt,2021,1
Odsherred,France,2021,2
Odsherred,Germany,2021,6
Odsherred,Ghana,2021,1
Odsherred,Greece,2021,1
Odsherred,Hungary,2021,3
Odsherred,Iceland,2021,4
Odsherred,India,2021,1
Odsherred,Italy,2021,4
Odsherred,Latvia,2021,4
Odsherred,Lithuania,2021,21
Odsherred,Myanmar,2021,3
Odsherred,Netherlands,2021,2
Odsherred,Norway,2021,4
Odsherred,Not stated,2021,1
Odsherred,Poland,2021,19
Odsherred,Portugal,2021,3
Odsherred,Romania,2021,9
Odsherred,Russia,2021,1
Odsherred,Spain,2021,8
Odsherred,Sri Lanka,2021,1
Odsherred,Sweden,2021,8
Odsherred,Syria,2021,7
Odsherred,Thailand,2021,6
Odsherred,Turkey,2021,8
Odsherred,Ukraine,2021,5
Odsherred,United Kingdom,2021,4
Randers,Afghanistan,2021,11
Randers,Belgium,2021,4
Randers,Bosnia and Herzegovina,2021,1
Randers,Brazil,2021,3
Randers,Bulgaria,2021,8
Randers,Chile,2021,1
Randers,China,2021,3
Randers,Colombia,2021,1
Randers,Croatia,2021,2
Randers,Czech Republic,2021,7
Randers,Denmark,2021,222
Randers,Ethiopia,2021,1
Randers,France,2021,9
Randers,Germany,2021,4
Randers,Greece,2021,2
Randers,Hungary,2021,20
Randers,Iceland,2021,4
Randers,India,2021,8
Randers,Iran,2021,10
Randers,Iraq,2021,1
Randers,Ireland,2021,1
Randers,Italy,2021,5
Randers,Japan,2021,3
Randers,Kenya,2021,1
Randers,Kosovo,2021,4
Randers,Latvia,2021,11
Randers,Lebanon,2021,1
Randers,Lithuania,2021,25
Randers,Nepal,2021,3
Randers,Netherlands,2021,3
Randers,Nigeria,2021,2
Randers,Norway,2021,12
Randers,Not stated,2021,1
Randers,Philippines,2021,5
Randers,Poland,2021,73
Randers,Portugal,2021,6
Randers,Romania,2021,186
Randers,Russia,2021,8
Randers,Rwanda,2021,1
Randers,Saudi Arabia,2021,1
Randers,Singapore,2021,1
Randers,Slovakia,2021,18
Randers,Spain,2021,9
Randers,Stateless,2021,1
Randers,Sweden,2021,11
Randers,Switzerland,2021,1
Randers,Syria,2021,2
Randers,Thailand,2021,3
Randers,Turkey,2021,1
Randers,USA,2021,12
Randers,Uganda,2021,1
Randers,Ukraine,2021,15
Randers,United Kingdom,2021,1
Randers,Vietnam,2021,1
Randers,"Yugoslavia, Federal Republic",2021,1
Rebild,Albania,2021,1
Rebild,Bangladesh,2021,3
Rebild,Belarus,2021,1
Rebild,Bulgaria,2021,5
Rebild,China,2021,1
Rebild,"Congo, Democratic Republic",2021,2
Rebild,Denmark,2021,41
Rebild,Eritrea,2021,1
Rebild,Estonia,2021,1
Rebild,Germany,2021,3
Rebild,Hungary,2021,1
Rebild,Iceland,2021,1
Rebild,India,2021,1
Rebild,Iraq,2021,1
Rebild,Italy,2021,1
Rebild,Kosovo,2021,1
Rebild,Kyrgyzstan,2021,4
Rebild,Latvia,2021,1
Rebild,Lithuania,2021,1
Rebild,Mexico,2021,1
Rebild,Netherlands,2021,1
Rebild,Philippines,2021,1
Rebild,Poland,2021,14
Rebild,Romania,2021,30
Rebild,Slovakia,2021,2
Rebild,Sweden,2021,2
Rebild,Syria,2021,9
Rebild,Thailand,2021,3
Rebild,Ukraine,2021,54
Rebild,Vietnam,2021,2
Ringkøbing-Skjern,Afghanistan,2021,1
Ringkøbing-Skjern,Argentina,2021,1
Ringkøbing-Skjern,Austria,2021,1
Ringkøbing-Skjern,Bangladesh,2021,1
Ringkøbing-Skjern,Belgium,2021,2
Ringkøbing-Skjern,Bosnia and Herzegovina,2021,2
Ringkøbing-Skjern,Brazil,2021,1
Ringkøbing-Skjern,Bulgaria,2021,5
Ringkøbing-Skjern,Cambodia,2021,1
Ringkøbing-Skjern,Canada,2021,1
Ringkøbing-Skjern,Colombia,2021,1
Ringkøbing-Skjern,Croatia,2021,3
Ringkøbing-Skjern,Czech Republic,2021,1
Ringkøbing-Skjern,Denmark,2021,161
Ringkøbing-Skjern,Eritrea,2021,1
Ringkøbing-Skjern,Estonia,2021,1
Ringkøbing-Skjern,Germany,2021,46
Ringkøbing-Skjern,Hungary,2021,2
Ringkøbing-Skjern,Iceland,2021,2
Ringkøbing-Skjern,India,2021,12
Ringkøbing-Skjern,Indonesia,2021,1
Ringkøbing-Skjern,Iran,2021,3
Ringkøbing-Skjern,Italy,2021,14
Ringkøbing-Skjern,Japan,2021,1
Ringkøbing-Skjern,Latvia,2021,16
Ringkøbing-Skjern,Lithuania,2021,16
Ringkøbing-Skjern,Mexico,2021,1
Ringkøbing-Skjern,Moldova,2021,2
Ringkøbing-Skjern,Netherlands,2021,4
Ringkøbing-Skjern,Norway,2021,5
Ringkøbing-Skjern,Philippines,2021,11
Ringkøbing-Skjern,Poland,2021,75
Ringkøbing-Skjern,Portugal,2021,1
Ringkøbing-Skjern,Romania,2021,244
Ringkøbing-Skjern,Russia,2021,1
Ringkøbing-Skjern,Singapore,2021,1
Ringkøbing-Skjern,Spain,2021,17
Ringkøbing-Skjern,Sweden,2021,4
Ringkøbing-Skjern,Syria,2021,13
Ringkøbing-Skjern,Thailand,2021,6
Ringkøbing-Skjern,Tunisia,2021,1
Ringkøbing-Skjern,Turkey,2021,2
Ringkøbing-Skjern,USA,2021,4
Ringkøbing-Skjern,Uganda,2021,3
Ringkøbing-Skjern,Ukraine,2021,90
Ringkøbing-Skjern,United Kingdom,2021,4
Ringkøbing-Skjern,Uzbekistan,2021,1
Ringkøbing-Skjern,Vietnam,2021,5
Ringsted,Afghanistan,2021,1
Ringsted,Australia,2021,1
Ringsted,Austria,2021,1
Ringsted,Bangladesh,2021,1
Ringsted,Bosnia and Herzegovina,2021,1
Ringsted,Bulgaria,2021,24
Ringsted,Croatia,2021,1
Ringsted,Czech Republic,2021,2
Ringsted,Denmark,2021,64
Ringsted,Egypt,2021,1
Ringsted,Finland,2021,1
Ringsted,France,2021,1
Ringsted,Germany,2021,1
Ringsted,Ghana,2021,1
Ringsted,Hungary,2021,2
Ringsted,India,2021,1
Ringsted,Iran,2021,2
Ringsted,Italy,2021,1
Ringsted,Japan,2021,1
Ringsted,Latvia,2021,3
Ringsted,Lithuania,2021,15
Ringsted,Malaysia,2021,1
Ringsted,Morocco,2021,1
Ringsted,Norway,2021,1
Ringsted,Pakistan,2021,2
Ringsted,Peru,2021,1
Ringsted,Philippines,2021,3
Ringsted,Poland,2021,97
Ringsted,Portugal,2021,25
Ringsted,Romania,2021,63
Ringsted,Russia,2021,1
Ringsted,Slovakia,2021,1
Ringsted,Spain,2021,1
Ringsted,Sweden,2021,3
Ringsted,Syria,2021,1
Ringsted,Thailand,2021,6
Ringsted,Turkey,2021,5
Ringsted,USA,2021,6
Ringsted,Ukraine,2021,2
Ringsted,United Kingdom,2021,3
Roskilde,Afghanistan,2021,10
Roskilde,Albania,2021,1
Roskilde,Argentina,2021,3
Roskilde,Austria,2021,1
Roskilde,Azerbaijan,2021,2
Roskilde,Bangladesh,2021,2
Roskilde,Belarus,2021,6
Roskilde,Belgium,2021,8
Roskilde,Bolivia,2021,1
Roskilde,Brazil,2021,2
Roskilde,Bulgaria,2021,64
Roskilde,Cameroon,2021,1
Roskilde,Canada,2021,1
Roskilde,Chile,2021,1
Roskilde,China,2021,15
Roskilde,Colombia,2021,1
Roskilde,Costa Rica,2021,1
Roskilde,Croatia,2021,9
Roskilde,Czech Republic,2021,8
Roskilde,Denmark,2021,217
Roskilde,Egypt,2021,1
Roskilde,Eritrea,2021,8
Roskilde,Ethiopia,2021,1
Roskilde,Finland,2021,3
Roskilde,France,2021,23
Roskilde,Germany,2021,50
Roskilde,Greece,2021,6
Roskilde,Hungary,2021,9
Roskilde,Iceland,2021,4
Roskilde,India,2021,13
Roskilde,Indonesia,2021,3
Roskilde,Iran,2021,9
Roskilde,Italy,2021,20
Roskilde,Kazakhstan,2021,1
Roskilde,Kosovo,2021,2
Roskilde,Latvia,2021,13
Roskilde,Lithuania,2021,22
Roskilde,Luxembourg,2021,1
Roskilde,Moldova,2021,1
Roskilde,Netherlands,2021,15
Roskilde,Norway,2021,13
Roskilde,Not stated,2021,2
Roskilde,Pakistan,2021,1
Roskilde,Peru,2021,2
Roskilde,Philippines,2021,3
Roskilde,Poland,2021,72
Roskilde,Portugal,2021,10
Roskilde,Romania,2021,106
Roskilde,Russia,2021,3
Roskilde,Saudi Arabia,2021,1
Roskilde,Senegal,2021,1
Roskilde,Serbia,2021,1
Roskilde,Slovakia,2021,20
Roskilde,South Africa,2021,4
Roskilde,Spain,2021,32
Roskilde,Sweden,2021,12
Roskilde,Switzerland,2021,1
Roskilde,Syria,2021,9
Roskilde,Taiwan,2021,1
Roskilde,Thailand,2021,6
Roskilde,Tunisia,2021,2
Roskilde,Turkey,2021,16
Roskilde,USA,2021,15
Roskilde,Ukraine,2021,8
Roskilde,United Kingdom,2021,3
Roskilde,Vietnam,2021,4
Roskilde,Yugoslavia,2021,1
Rudersdal,Argentina,2021,5
Rudersdal,Austria,2021,1
Rudersdal,Belgium,2021,4
Rudersdal,Brazil,2021,11
Rudersdal,Bulgaria,2021,18
Rudersdal,Canada,2021,2
Rudersdal,Chile,2021,1
Rudersdal,China,2021,60
Rudersdal,Colombia,2021,1
Rudersdal,Croatia,2021,3
Rudersdal,Cuba,2021,1
Rudersdal,Cyprus,2021,1
Rudersdal,Czech Republic,2021,2
Rudersdal,Denmark,2021,315
Rudersdal,Dominican Republic,2021,1
Rudersdal,Ecuador,2021,1
Rudersdal,Egypt,2021,4
Rudersdal,Finland,2021,1
Rudersdal,France,2021,26
Rudersdal,Germany,2021,36
Rudersdal,Ghana,2021,1
Rudersdal,Greece,2021,27
Rudersdal,Hungary,2021,12
Rudersdal,Iceland,2021,11
Rudersdal,India,2021,24
Rudersdal,Indonesia,2021,2
Rudersdal,Iran,2021,20
Rudersdal,Iraq,2021,1
Rudersdal,Ireland,2021,5
Rudersdal,Israel,2021,1
Rudersdal,Italy,2021,35
Rudersdal,Japan,2021,2
Rudersdal,Kazakhstan,2021,3
Rudersdal,Kenya,2021,1
Rudersdal,Latvia,2021,1
Rudersdal,Liechtenstein,2021,1
Rudersdal,Lithuania,2021,6
Rudersdal,Madagascar,2021,1
Rudersdal,Mexico,2021,11
Rudersdal,Moldova,2021,1
Rudersdal,Morocco,2021,1
Rudersdal,Nepal,2021,1
Rudersdal,Netherlands,2021,11
Rudersdal,New Zealand,2021,4
Rudersdal,Nigeria,2021,2
Rudersdal,Norway,2021,12
Rudersdal,Pakistan,2021,5
Rudersdal,Peru,2021,1
Rudersdal,Philippines,2021,48
Rudersdal,Poland,2021,29
Rudersdal,Portugal,2021,12
Rudersdal,Romania,2021,32
Rudersdal,Russia,2021,7
Rudersdal,Saudi Arabia,2021,1
Rudersdal,South Africa,2021,1
Rudersdal,South Korea,2021,6
Rudersdal,Spain,2021,47
Rudersdal,Sweden,2021,11
Rudersdal,Switzerland,2021,4
Rudersdal,Syria,2021,4
Rudersdal,Taiwan,2021,3
Rudersdal,Thailand,2021,9
Rudersdal,Tunisia,2021,1
Rudersdal,Turkey,2021,12
Rudersdal,USA,2021,23
Rudersdal,Ukraine,2021,2
Rudersdal,United Kingdom,2021,15
Rudersdal,Vietnam,2021,1
Rødovre,Afghanistan,2021,1
Rødovre,Argentina,2021,5
Rødovre,Austria,2021,1
Rødovre,Azerbaijan,2021,1
Rødovre,Bangladesh,2021,4
Rødovre,Brazil,2021,1
Rødovre,Bulgaria,2021,45
Rødovre,Cambodia,2021,1
Rødovre,Canada,2021,2
Rødovre,Chile,2021,1
Rødovre,China,2021,3
Rødovre,Costa Rica,2021,1
Rødovre,Croatia,2021,6
Rødovre,Czech Republic,2021,2
Rødovre,Denmark,2021,108
Rødovre,Egypt,2021,1
Rødovre,Eritrea,2021,1
Rødovre,Estonia,2021,1
Rødovre,Finland,2021,1
Rødovre,France,2021,8
Rødovre,"Gambia, The",2021,1
Rødovre,Germany,2021,5
Rødovre,Ghana,2021,3
Rødovre,Greece,2021,6
Rødovre,Hungary,2021,4
Rødovre,Iceland,2021,3
Rødovre,India,2021,34
Rødovre,Indonesia,2021,1
Rødovre,Iran,2021,18
Rødovre,Iraq,2021,3
Rødovre,Ireland,2021,1
Rødovre,Italy,2021,27
Rødovre,Kosovo,2021,1
Rødovre,Latvia,2021,1
Rødovre,Lithuania,2021,8
Rødovre,Moldova,2021,1
Rødovre,Nepal,2021,43
Rødovre,Netherlands,2021,5
Rødovre,New Zealand,2021,1
Rødovre,Nigeria,2021,1
Rødovre,Not stated,2021,3
Rødovre,Pakistan,2021,6
Rødovre,Philippines,2021,5
Rødovre,Poland,2021,30
Rødovre,Portugal,2021,30
Rødovre,Republic of North Macedonia,2021,6
Rødovre,Romania,2021,54
Rødovre,Serbia,2021,1
Rødovre,Slovakia,2021,2
Rødovre,Slovenia,2021,1
Rødovre,Somalia,2021,2
Rødovre,South Korea,2021,2
Rødovre,Spain,2021,11
Rødovre,Sri Lanka,2021,2
Rødovre,Stateless,2021,1
Rødovre,Sweden,2021,21
Rødovre,Switzerland,2021,2
Rødovre,Syria,2021,4
Rødovre,Thailand,2021,1
Rødovre,Tunisia,2021,1
Rødovre,Turkey,2021,3
Rødovre,USA,2021,9
Rødovre,Uganda,2021,2
Rødovre,Ukraine,2021,1
Rødovre,United Kingdom,2021,5
Rødovre,Yugoslavia,2021,1
Samsø,Argentina,2021,1
Samsø,Bulgaria,2021,2
Samsø,Colombia,2021,1
Samsø,Czech Republic,2021,2
Samsø,Denmark,2021,16
Samsø,Germany,2021,2
Samsø,Lithuania,2021,3
Samsø,Netherlands,2021,1
Samsø,Norway,2021,1
Samsø,Poland,2021,3
Samsø,Romania,2021,1
Samsø,Spain,2021,3
Samsø,Sweden,2021,1
Samsø,Ukraine,2021,5
Silkeborg,Afghanistan,2021,13
Silkeborg,Argentina,2021,1
Silkeborg,Australia,2021,1
Silkeborg,Belarus,2021,1
Silkeborg,Belgium,2021,2
Silkeborg,Brazil,2021,5
Silkeborg,Bulgaria,2021,8
Silkeborg,Cambodia,2021,1
Silkeborg,China,2021,4
Silkeborg,Colombia,2021,1
Silkeborg,Croatia,2021,1
Silkeborg,Czech Republic,2021,1
Silkeborg,Denmark,2021,274
Silkeborg,Eritrea,2021,4
Silkeborg,Finland,2021,1
Silkeborg,France,2021,2
Silkeborg,Germany,2021,13
Silkeborg,Greece,2021,1
Silkeborg,Guatemala,2021,2
Silkeborg,Hungary,2021,2
Silkeborg,Iceland,2021,7
Silkeborg,India,2021,1
Silkeborg,Iraq,2021,2
Silkeborg,Italy,2021,1
Silkeborg,Japan,2021,2
Silkeborg,Jordan,2021,1
Silkeborg,Kenya,2021,3
Silkeborg,Latvia,2021,7
Silkeborg,Lithuania,2021,38
Silkeborg,Malta,2021,1
Silkeborg,Netherlands,2021,5
Silkeborg,New Zealand,2021,1
Silkeborg,Norway,2021,8
Silkeborg,Not stated,2021,6
Silkeborg,Pakistan,2021,2
Silkeborg,Philippines,2021,14
Silkeborg,Poland,2021,65
Silkeborg,Portugal,2021,4
Silkeborg,Romania,2021,103
Silkeborg,Russia,2021,5
Silkeborg,Serbia,2021,5
Silkeborg,Singapore,2021,1
Silkeborg,Slovakia,2021,1
Silkeborg,Spain,2021,3
Silkeborg,Sweden,2021,14
Silkeborg,Switzerland,2021,2
Silkeborg,Syria,2021,17
Silkeborg,Taiwan,2021,1
Silkeborg,Thailand,2021,6
Silkeborg,Turkey,2021,4
Silkeborg,USA,2021,6
Silkeborg,Ukraine,2021,33
Silkeborg,United Kingdom,2021,3
Silkeborg,Vietnam,2021,2
Skanderborg,Argentina,2021,2
Skanderborg,Austria,2021,2
Skanderborg,Bulgaria,2021,2
Skanderborg,China,2021,1
Skanderborg,Colombia,2021,2
Skanderborg,Croatia,2021,4
Skanderborg,Denmark,2021,123
Skanderborg,Eritrea,2021,4
Skanderborg,Finland,2021,2
Skanderborg,France,2021,2
Skanderborg,Germany,2021,5
Skanderborg,Greece,2021,1
Skanderborg,Hungary,2021,1
Skanderborg,Iceland,2021,1
Skanderborg,India,2021,1
Skanderborg,Iraq,2021,2
Skanderborg,Ireland,2021,1
Skanderborg,Italy,2021,11
Skanderborg,Latvia,2021,1
Skanderborg,Lithuania,2021,6
Skanderborg,Mexico,2021,1
Skanderborg,Morocco,2021,1
Skanderborg,Nepal,2021,1
Skanderborg,Netherlands,2021,3
Skanderborg,New Zealand,2021,1
Skanderborg,Nigeria,2021,2
Skanderborg,Norway,2021,6
Skanderborg,Philippines,2021,5
Skanderborg,Poland,2021,26
Skanderborg,Portugal,2021,1
Skanderborg,Romania,2021,25
Skanderborg,Serbia,2021,1
Skanderborg,Spain,2021,6
Skanderborg,Sweden,2021,1
Skanderborg,Switzerland,2021,1
Skanderborg,Syria,2021,12
Skanderborg,Thailand,2021,2
Skanderborg,Turkey,2021,1
Skanderborg,USA,2021,2
Skanderborg,Ukraine,2021,6
Skanderborg,United Kingdom,2021,1
Skanderborg,Venezuela,2021,2
Skanderborg,Vietnam,2021,2
Skive,Afghanistan,2021,1
Skive,Belgium,2021,2
Skive,Brazil,2021,3
Skive,Bulgaria,2021,6
Skive,Canada,2021,1
Skive,China,2021,1
Skive,Croatia,2021,1
Skive,Denmark,2021,77
Skive,Ecuador,2021,1
Skive,Eritrea,2021,1
Skive,Estonia,2021,1
Skive,Ethiopia,2021,1
Skive,Germany,2021,7
Skive,Hungary,2021,2
Skive,Iceland,2021,2
Skive,India,2021,3
Skive,Ireland,2021,1
Skive,Italy,2021,11
Skive,Japan,2021,1
Skive,Latvia,2021,5
Skive,Lithuania,2021,5
Skive,Netherlands,2021,7
Skive,New Zealand,2021,1
Skive,Nigeria,2021,1
Skive,Norway,2021,2
Skive,Not stated,2021,1
Skive,Poland,2021,44
Skive,Romania,2021,48
Skive,Sweden,2021,2
Skive,Syria,2021,14
Skive,Thailand,2021,3
Skive,USA,2021,1
Skive,Uganda,2021,2
Skive,Ukraine,2021,49
Skive,United Kingdom,2021,1
Skive,Uzbekistan,2021,1
Skive,Vietnam,2021,1
Slagelse,Afghanistan,2021,2
Slagelse,Argentina,2021,1
Slagelse,Armenia,2021,1
Slagelse,Belarus,2021,1
Slagelse,Belgium,2021,2
Slagelse,Brazil,2021,2
Slagelse,Bulgaria,2021,63
Slagelse,Cameroon,2021,1
Slagelse,Canada,2021,2
Slagelse,China,2021,3
Slagelse,Colombia,2021,2
Slagelse,Croatia,2021,1
Slagelse,Czech Republic,2021,1
Slagelse,Denmark,2021,203
Slagelse,Egypt,2021,5
Slagelse,Eritrea,2021,4
Slagelse,Estonia,2021,1
Slagelse,France,2021,3
Slagelse,Germany,2021,9
Slagelse,Ghana,2021,9
Slagelse,Greece,2021,4
Slagelse,Guatemala,2021,1
Slagelse,Hungary,2021,4
Slagelse,Iceland,2021,1
Slagelse,India,2021,9
Slagelse,Iran,2021,8
Slagelse,Iraq,2021,1
Slagelse,Italy,2021,6
Slagelse,Jamaica,2021,2
Slagelse,Jordan,2021,4
Slagelse,Latvia,2021,5
Slagelse,Lebanon,2021,1
Slagelse,Lithuania,2021,5
Slagelse,Mexico,2021,1
Slagelse,Morocco,2021,3
Slagelse,Nepal,2021,2
Slagelse,Netherlands,2021,2
Slagelse,Nicaragua,2021,2
Slagelse,Nigeria,2021,2
Slagelse,Norway,2021,3
Slagelse,Not stated,2021,2
Slagelse,Pakistan,2021,3
Slagelse,Peru,2021,1
Slagelse,Philippines,2021,8
Slagelse,Poland,2021,25
Slagelse,Portugal,2021,2
Slagelse,Romania,2021,60
Slagelse,Serbia,2021,2
Slagelse,Singapore,2021,1
Slagelse,South Korea,2021,1
Slagelse,Spain,2021,12
Slagelse,Sri Lanka,2021,1
Slagelse,Stateless,2021,1
Slagelse,Sweden,2021,15
Slagelse,Syria,2021,14
Slagelse,Tanzania,2021,1
Slagelse,Thailand,2021,4
Slagelse,Turkey,2021,7
Slagelse,USA,2021,10
Slagelse,Ukraine,2021,4
Slagelse,United Kingdom,2021,8
Slagelse,Vietnam,2021,1
Solrød,Belarus,2021,1
Solrød,Brazil,2021,1
Solrød,Bulgaria,2021,3
Solrød,Costa Rica,2021,1
Solrød,Denmark,2021,51
Solrød,Germany,2021,1
Solrød,Hungary,2021,1
Solrød,Iceland,2021,1
Solrød,Iran,2021,5
Solrød,Lithuania,2021,5
Solrød,Netherlands,2021,2
Solrød,Philippines,2021,3
Solrød,Poland,2021,20
Solrød,Portugal,2021,4
Solrød,Romania,2021,7
Solrød,Spain,2021,6
Solrød,Sweden,2021,1
Solrød,Switzerland,2021,1
Solrød,Syria,2021,2
Solrød,Thailand,2021,1
Solrød,Turkey,2021,1
Solrød,USA,2021,2
Solrød,Ukraine,2021,2
Sorø,Afghanistan,2021,10
Sorø,Brazil,2021,2
Sorø,China,2021,1
Sorø,Croatia,2021,2
Sorø,Czech Republic,2021,1
Sorø,Denmark,2021,83
Sorø,Egypt,2021,1
Sorø,Eritrea,2021,3
Sorø,Hungary,2021,1
Sorø,India,2021,1
Sorø,Indonesia,2021,1
Sorø,Iran,2021,2
Sorø,Iraq,2021,1
Sorø,Latvia,2021,3
Sorø,Lithuania,2021,14
Sorø,Norway,2021,1
Sorø,Pakistan,2021,1
Sorø,Philippines,2021,2
Sorø,Poland,2021,24
Sorø,Romania,2021,33
Sorø,Russia,2021,1
Sorø,Sweden,2021,2
Sorø,Syria,2021,4
Sorø,Thailand,2021,4
Sorø,Ukraine,2021,6
Sorø,United Kingdom,2021,2
Sorø,Venezuela,2021,1
Stevns,Albania,2021,4
Stevns,Argentina,2021,2
Stevns,Brazil,2021,2
Stevns,Bulgaria,2021,8
Stevns,Cameroon,2021,1
Stevns,China,2021,1
Stevns,Colombia,2021,3
Stevns,"Congo, Democratic Republic",2021,5
Stevns,Croatia,2021,3
Stevns,Denmark,2021,65
Stevns,Germany,2021,1
Stevns,Ghana,2021,1
Stevns,Greece,2021,2
Stevns,Hungary,2021,3
Stevns,Iran,2021,1
Stevns,Italy,2021,1
Stevns,Latvia,2021,15
Stevns,Liberia,2021,2
Stevns,Lithuania,2021,34
Stevns,Netherlands,2021,5
Stevns,Norway,2021,2
Stevns,Philippines,2021,1
Stevns,Poland,2021,17
Stevns,Republic of North Macedonia,2021,3
Stevns,Romania,2021,24
Stevns,Serbia,2021,3
Stevns,Slovakia,2021,2
Stevns,Spain,2021,1
Stevns,Sweden,2021,9
Stevns,Thailand,2021,5
Stevns,Tunisia,2021,1
Stevns,Turkey,2021,1
Stevns,USA,2021,1
Stevns,Ukraine,2021,2
Stevns,United Kingdom,2021,1
Struer,Azerbaijan,2021,1
Struer,Brazil,2021,2
Struer,Bulgaria,2021,6
Struer,China,2021,2
Struer,Cyprus,2021,1
Struer,Czech Republic,2021,19
Struer,Denmark,2021,50
Struer,Eritrea,2021,1
Struer,Estonia,2021,2
Struer,France,2021,1
Struer,Germany,2021,5
Struer,Hungary,2021,1
Struer,India,2021,2
Struer,Italy,2021,5
Struer,Latvia,2021,8
Struer,Lithuania,2021,2
Struer,Nepal,2021,1
Struer,Norway,2021,2
Struer,Philippines,2021,3
Struer,Poland,2021,15
Struer,Portugal,2021,1
Struer,Romania,2021,40
Struer,Slovakia,2021,2
Struer,Spain,2021,2
Struer,Sudan,2021,1
Struer,Syria,2021,4
Struer,Thailand,2021,4
Struer,Uganda,2021,2
Struer,Ukraine,2021,7
Struer,United Kingdom,2021,3
Svendborg,Afghanistan,2021,1
Svendborg,Argentina,2021,3
Svendborg,Belgium,2021,2
Svendborg,Brazil,2021,1
Svendborg,Bulgaria,2021,1
Svendborg,Canada,2021,1
Svendborg,China,2021,1
Svendborg,Costa Rica,2021,4
Svendborg,Czech Republic,2021,4
Svendborg,Denmark,2021,235
Svendborg,Egypt,2021,1
Svendborg,Estonia,2021,1
Svendborg,France,2021,1
Svendborg,Germany,2021,17
Svendborg,Greece,2021,1
Svendborg,Haiti,2021,1
Svendborg,Hungary,2021,3
Svendborg,Iceland,2021,6
Svendborg,Iran,2021,1
Svendborg,Italy,2021,10
Svendborg,Japan,2021,4
Svendborg,Jordan,2021,1
Svendborg,Kenya,2021,2
Svendborg,Kosovo,2021,2
Svendborg,Latvia,2021,1
Svendborg,Lithuania,2021,2
Svendborg,Mexico,2021,1
Svendborg,Myanmar,2021,1
Svendborg,Netherlands,2021,2
Svendborg,Norway,2021,14
Svendborg,Not stated,2021,1
Svendborg,Philippines,2021,1
Svendborg,Poland,2021,15
Svendborg,Portugal,2021,6
Svendborg,Romania,2021,23
Svendborg,Russia,2021,7
Svendborg,Singapore,2021,2
Svendborg,South Africa,2021,1
Svendborg,Spain,2021,6
Svendborg,Sweden,2021,9
Svendborg,Syria,2021,8
Svendborg,Taiwan,2021,1
Svendborg,Thailand,2021,1
Svendborg,Turkey,2021,2
Svendborg,USA,2021,3
Svendborg,Ukraine,2021,7
Svendborg,United Kingdom,2021,1
Syddjurs,Argentina,2021,1
Syddjurs,Belgium,2021,3
Syddjurs,Bulgaria,2021,1
Syddjurs,Canada,2021,1
Syddjurs,"Congo, Democratic Republic",2021,5
Syddjurs,Denmark,2021,153
Syddjurs,Eritrea,2021,1
Syddjurs,Finland,2021,2
Syddjurs,France,2021,2
Syddjurs,Germany,2021,16
Syddjurs,Greece,2021,1
Syddjurs,Hungary,2021,3
Syddjurs,Iceland,2021,4
Syddjurs,Indonesia,2021,1
Syddjurs,Iran,2021,3
Syddjurs,Ireland,2021,1
Syddjurs,Israel,2021,1
Syddjurs,Italy,2021,11
Syddjurs,Japan,2021,13
Syddjurs,Lithuania,2021,15
Syddjurs,Mexico,2021,1
Syddjurs,Moldova,2021,1
Syddjurs,Netherlands,2021,18
Syddjurs,New Zealand,2021,1
Syddjurs,Norway,2021,20
Syddjurs,Pakistan,2021,2
Syddjurs,Philippines,2021,6
Syddjurs,Poland,2021,17
Syddjurs,Portugal,2021,2
Syddjurs,Romania,2021,41
Syddjurs,Russia,2021,1
Syddjurs,Serbia,2021,1
Syddjurs,Slovenia,2021,1
Syddjurs,Spain,2021,8
Syddjurs,Sri Lanka,2021,1
Syddjurs,Stateless,2021,1
Syddjurs,Sweden,2021,6
Syddjurs,Syria,2021,3
Syddjurs,Thailand,2021,7
Syddjurs,Turkey,2021,1
Syddjurs,USA,2021,6
Syddjurs,Ukraine,2021,12
Syddjurs,United Kingdom,2021,4
Syddjurs,Yemen,2021,2
Sønderborg,Afghanistan,2021,2
Sønderborg,Albania,2021,1
Sønderborg,Austria,2021,4
Sønderborg,Bangladesh,2021,3
Sønderborg,Belgium,2021,2
Sønderborg,Brazil,2021,15
Sønderborg,Bulgaria,2021,25
Sønderborg,Cameroon,2021,1
Sønderborg,Canada,2021,2
Sønderborg,Chile,2021,1
Sønderborg,China,2021,2
Sønderborg,Colombia,2021,2
Sønderborg,Croatia,2021,7
Sønderborg,Cyprus,2021,2
Sønderborg,Czech Republic,2021,13
Sønderborg,Denmark,2021,244
Sønderborg,Egypt,2021,5
Sønderborg,Europe not stated,2021,1
Sønderborg,France,2021,5
Sønderborg,Germany,2021,259
Sønderborg,Greece,2021,4
Sønderborg,Hungary,2021,17
Sønderborg,Iceland,2021,15
Sønderborg,India,2021,26
Sønderborg,Indonesia,2021,1
Sønderborg,Iran,2021,11
Sønderborg,Iraq,2021,1
Sønderborg,Italy,2021,19
Sønderborg,Jordan,2021,3
Sønderborg,Kenya,2021,1
Sønderborg,Kosovo,2021,1
Sønderborg,Latvia,2021,11
Sønderborg,Lebanon,2021,2
Sønderborg,Liberia,2021,1
Sønderborg,Lithuania,2021,6
Sønderborg,Mexico,2021,2
Sønderborg,Moldova,2021,1
Sønderborg,Morocco,2021,2
Sønderborg,Nepal,2021,1
Sønderborg,Netherlands,2021,8
Sønderborg,Nigeria,2021,2
Sønderborg,Norway,2021,11
Sønderborg,Not stated,2021,5
Sønderborg,Pakistan,2021,8
Sønderborg,Philippines,2021,6
Sønderborg,Poland,2021,45
Sønderborg,Portugal,2021,12
Sønderborg,Romania,2021,64
Sønderborg,Russia,2021,4
Sønderborg,Serbia,2021,2
Sønderborg,Slovakia,2021,6
Sønderborg,Slovenia,2021,1
Sønderborg,Spain,2021,30
Sønderborg,Sri Lanka,2021,1
Sønderborg,Stateless,2021,3
Sønderborg,Sweden,2021,7
Sønderborg,Switzerland,2021,1
Sønderborg,Syria,2021,17
Sønderborg,Taiwan,2021,1
Sønderborg,Tanzania,2021,1
Sønderborg,Thailand,2021,4
Sønderborg,Turkey,2021,4
Sønderborg,USA,2021,8
Sønderborg,Ukraine,2021,20
Sønderborg,United Kingdom,2021,4
Sønderborg,Venezuela,2021,2
Sønderborg,Vietnam,2021,2
Sønderborg,Yemen,2021,1
Thisted,China,2021,1
Thisted,Croatia,2021,3
Thisted,Denmark,2021,71
Thisted,Eritrea,2021,3
Thisted,France,2021,3
Thisted,"Gambia, The",2021,1
Thisted,Germany,2021,20
Thisted,Hungary,2021,2
Thisted,Iceland,2021,1
Thisted,India,2021,1
Thisted,Iran,2021,3
Thisted,Italy,2021,3
Thisted,Lithuania,2021,9
Thisted,Mexico,2021,3
Thisted,Morocco,2021,1
Thisted,Netherlands,2021,2
Thisted,Norway,2021,13
Thisted,Philippines,2021,11
Thisted,Poland,2021,63
Thisted,Portugal,2021,3
Thisted,Romania,2021,24
Thisted,Russia,2021,3
Thisted,Slovakia,2021,2
Thisted,Spain,2021,1
Thisted,Sweden,2021,5
Thisted,Syria,2021,2
Thisted,Thailand,2021,4
Thisted,Turkey,2021,1
Thisted,USA,2021,1
Thisted,Uganda,2021,4
Thisted,Ukraine,2021,31
Thisted,United Kingdom,2021,1
Tårnby,Argentina,2021,3
Tårnby,Australia,2021,1
Tårnby,Bangladesh,2021,8
Tårnby,Belarus,2021,1
Tårnby,Brazil,2021,2
Tårnby,Bulgaria,2021,23
Tårnby,Cape Verde,2021,1
Tårnby,China,2021,8
Tårnby,Colombia,2021,2
Tårnby,Croatia,2021,1
Tårnby,Cyprus,2021,1
Tårnby,Czech Republic,2021,2
Tårnby,Denmark,2021,106
Tårnby,Egypt,2021,5
Tårnby,Eritrea,2021,5
Tårnby,Finland,2021,1
Tårnby,France,2021,2
Tårnby,Germany,2021,4
Tårnby,Ghana,2021,1
Tårnby,Greece,2021,1
Tårnby,Iceland,2021,7
Tårnby,India,2021,4
Tårnby,Indonesia,2021,2
Tårnby,Iran,2021,7
Tårnby,Iraq,2021,2
Tårnby,Italy,2021,10
Tårnby,Japan,2021,1
Tårnby,Jordan,2021,1
Tårnby,Latvia,2021,2
Tårnby,Lithuania,2021,3
Tårnby,Montenegro,2021,1
Tårnby,Nepal,2021,10
Tårnby,Netherlands,2021,2
Tårnby,Nigeria,2021,1
Tårnby,Not stated,2021,1
Tårnby,Pakistan,2021,4
Tårnby,Philippines,2021,1
Tårnby,Poland,2021,16
Tårnby,Portugal,2021,7
Tårnby,Romania,2021,20
Tårnby,Russia,2021,1
Tårnby,Slovakia,2021,1
Tårnby,Spain,2021,10
Tårnby,Sweden,2021,14
Tårnby,Taiwan,2021,1
Tårnby,Thailand,2021,3
Tårnby,Tunisia,2021,1
Tårnby,USA,2021,5
Tårnby,Uganda,2021,1
Tårnby,Ukraine,2021,1
Tårnby,United Kingdom,2021,4
Tårnby,Venezuela,2021,1
Tønder,Afghanistan,2021,2
Tønder,Argentina,2021,2
Tønder,Austria,2021,2
Tønder,Belgium,2021,2
Tønder,Brazil,2021,8
Tønder,Bulgaria,2021,2
Tønder,Canada,2021,1
Tønder,Chile,2021,1
Tønder,China,2021,1
Tønder,"Congo, Democratic Republic",2021,1
Tønder,Croatia,2021,1
Tønder,Denmark,2021,101
Tønder,El Salvador,2021,1
Tønder,Eritrea,2021,3
Tønder,Finland,2021,1
Tønder,France,2021,2
Tønder,Germany,2021,170
Tønder,Hungary,2021,5
Tønder,Iceland,2021,3
Tønder,India,2021,3
Tønder,Iran,2021,1
Tønder,Italy,2021,12
Tønder,Japan,2021,3
Tønder,Kyrgyzstan,2021,3
Tønder,Latvia,2021,1
Tønder,Lithuania,2021,8
Tønder,Malaysia,2021,1
Tønder,Morocco,2021,1
Tønder,Mozambique,2021,1
Tønder,Netherlands,2021,13
Tønder,Norway,2021,3
Tønder,Not stated,2021,2
Tønder,Philippines,2021,10
Tønder,Poland,2021,21
Tønder,Portugal,2021,2
Tønder,Romania,2021,127
Tønder,Rwanda,2021,2
Tønder,Singapore,2021,1
Tønder,Slovakia,2021,1
Tønder,Sweden,2021,6
Tønder,Syria,2021,13
Tønder,Thailand,2021,3
Tønder,USA,2021,6
Tønder,Uganda,2021,2
Tønder,Ukraine,2021,83
Tønder,United Kingdom,2021,9
Tønder,Uzbekistan,2021,1
Tønder,Vietnam,2021,1
Vallensbæk,Argentina,2021,1
Vallensbæk,Bangladesh,2021,13
Vallensbæk,Bulgaria,2021,40
Vallensbæk,Chile,2021,1
Vallensbæk,China,2021,3
Vallensbæk,Croatia,2021,5
Vallensbæk,Czech Republic,2021,2
Vallensbæk,Denmark,2021,25
Vallensbæk,Estonia,2021,1
Vallensbæk,France,2021,1
Vallensbæk,Germany,2021,1
Vallensbæk,Greece,2021,2
Vallensbæk,Hungary,2021,1
Vallensbæk,India,2021,8
Vallensbæk,Iran,2021,3
Vallensbæk,Iraq,2021,1
Vallensbæk,Ireland,2021,1
Vallensbæk,Italy,2021,7
Vallensbæk,Kosovo,2021,1
Vallensbæk,Latvia,2021,3
Vallensbæk,Lebanon,2021,1
Vallensbæk,Lithuania,2021,2
Vallensbæk,Nepal,2021,24
Vallensbæk,Norway,2021,1
Vallensbæk,Pakistan,2021,17
Vallensbæk,Philippines,2021,1
Vallensbæk,Poland,2021,25
Vallensbæk,Portugal,2021,30
Vallensbæk,Romania,2021,35
Vallensbæk,Russia,2021,1
Vallensbæk,Serbia,2021,2
Vallensbæk,Slovakia,2021,1
Vallensbæk,Slovenia,2021,1
Vallensbæk,Spain,2021,4
Vallensbæk,Sri Lanka,2021,5
Vallensbæk,Sweden,2021,11
Vallensbæk,Turkey,2021,7
Vallensbæk,USA,2021,2
Vallensbæk,United Kingdom,2021,1
Vallensbæk,"Yugoslavia, Federal Republic",2021,1
Varde,Australia,2021,3
Varde,Bangladesh,2021,1
Varde,Bosnia and Herzegovina,2021,2
Varde,Brazil,2021,1
Varde,Bulgaria,2021,8
Varde,Canada,2021,3
Varde,China,2021,1
Varde,Croatia,2021,2
Varde,Czech Republic,2021,1
Varde,Denmark,2021,122
Varde,Eritrea,2021,1
Varde,Estonia,2021,1
Varde,Germany,2021,30
Varde,Greece,2021,1
Varde,Hungary,2021,8
Varde,Iceland,2021,3
Varde,India,2021,9
Varde,Italy,2021,5
Varde,Kenya,2021,2
Varde,Kyrgyzstan,2021,3
Varde,Latvia,2021,5
Varde,Lithuania,2021,3
Varde,Moldova,2021,4
Varde,Netherlands,2021,20
Varde,Norway,2021,7
Varde,Not stated,2021,1
Varde,Philippines,2021,11
Varde,Poland,2021,37
Varde,Portugal,2021,8
Varde,Romania,2021,190
Varde,Russia,2021,1
Varde,Rwanda,2021,1
Varde,Slovakia,2021,2
Varde,Spain,2021,7
Varde,Stateless,2021,2
Varde,Sweden,2021,4
Varde,Syria,2021,5
Varde,Thailand,2021,1
Varde,USA,2021,5
Varde,Uganda,2021,6
Varde,Ukraine,2021,58
Varde,United Kingdom,2021,1
Varde,Vietnam,2021,3
Vejen,Asia not stated,2021,1
Vejen,Bangladesh,2021,1
Vejen,Brazil,2021,2
Vejen,Bulgaria,2021,3
Vejen,China,2021,3
Vejen,Croatia,2021,2
Vejen,Denmark,2021,68
Vejen,Ethiopia,2021,1
Vejen,France,2021,1
Vejen,Germany,2021,8
Vejen,Greece,2021,1
Vejen,Hungary,2021,5
Vejen,Iceland,2021,3
Vejen,India,2021,10
Vejen,Iran,2021,1
Vejen,Iraq,2021,1
Vejen,Italy,2021,2
Vejen,Kazakhstan,2021,1
Vejen,Kyrgyzstan,2021,1
Vejen,Latvia,2021,1
Vejen,Lithuania,2021,12
Vejen,Moldova,2021,2
Vejen,Netherlands,2021,11
Vejen,Norway,2021,1
Vejen,Not stated,2021,4
Vejen,Peru,2021,1
Vejen,Philippines,2021,3
Vejen,Poland,2021,70
Vejen,Portugal,2021,2
Vejen,Romania,2021,148
Vejen,Russia,2021,4
Vejen,Slovakia,2021,2
Vejen,Spain,2021,2
Vejen,Sweden,2021,2
Vejen,Syria,2021,2
Vejen,Thailand,2021,2
Vejen,Tunisia,2021,1
Vejen,USA,2021,2
Vejen,Ukraine,2021,70
Vejen,United Kingdom,2021,1
Vejen,Vietnam,2021,4
Vejle,Afghanistan,2021,8
Vejle,Albania,2021,3
Vejle,Argentina,2021,1
Vejle,Australia,2021,2
Vejle,Austria,2021,1
Vejle,Belgium,2021,9
Vejle,Bosnia and Herzegovina,2021,3
Vejle,Brazil,2021,14
Vejle,Bulgaria,2021,27
Vejle,Cameroon,2021,1
Vejle,Canada,2021,5
Vejle,Chile,2021,2
Vejle,China,2021,5
Vejle,Colombia,2021,1
Vejle,Costa Rica,2021,1
Vejle,Croatia,2021,8
Vejle,Cuba,2021,1
Vejle,Czech Republic,2021,7
Vejle,Denmark,2021,369
Vejle,Ecuador,2021,1
Vejle,Estonia,2021,1
Vejle,Ethiopia,2021,2
Vejle,France,2021,8
Vejle,"Gambia, The",2021,1
Vejle,Germany,2021,34
Vejle,Ghana,2021,2
Vejle,Greece,2021,4
Vejle,Hungary,2021,8
Vejle,Iceland,2021,17
Vejle,India,2021,10
Vejle,Iran,2021,18
Vejle,Iraq,2021,5
Vejle,Ireland,2021,2
Vejle,Italy,2021,38
Vejle,Ivory Coast,2021,1
Vejle,Japan,2021,5
Vejle,Jordan,2021,1
Vejle,Kenya,2021,3
Vejle,Kosovo,2021,1
Vejle,Latvia,2021,24
Vejle,Lebanon,2021,3
Vejle,Lithuania,2021,46
Vejle,Malaysia,2021,2
Vejle,Mexico,2021,1
Vejle,Moldova,2021,1
Vejle,Montenegro,2021,1
Vejle,Morocco,2021,3
Vejle,Mozambique,2021,1
Vejle,Nepal,2021,1
Vejle,Netherlands,2021,15
Vejle,New Zealand,2021,1
Vejle,Nigeria,2021,5
Vejle,North Korea,2021,1
Vejle,Norway,2021,11
Vejle,Pakistan,2021,5
Vejle,Peru,2021,1
Vejle,Philippines,2021,21
Vejle,Poland,2021,235
Vejle,Portugal,2021,6
Vejle,Republic of North Macedonia,2021,1
Vejle,Romania,2021,150
Vejle,Russia,2021,6
Vejle,Slovakia,2021,8
Vejle,Slovenia,2021,1
Vejle,South Africa,2021,5
Vejle,Spain,2021,29
Vejle,Sri Lanka,2021,5
Vejle,Stateless,2021,3
Vejle,Sweden,2021,13
Vejle,Syria,2021,7
Vejle,Taiwan,2021,2
Vejle,Thailand,2021,7
Vejle,Turkey,2021,2
Vejle,USA,2021,25
Vejle,Uganda,2021,2
Vejle,Ukraine,2021,50
Vejle,United Kingdom,2021,15
Vejle,Uzbekistan,2021,1
Vejle,Venezuela,2021,1
Vejle,Vietnam,2021,1
Vesthimmerlands,Armenia,2021,1
Vesthimmerlands,Austria,2021,1
Vesthimmerlands,Belarus,2021,1
Vesthimmerlands,Brazil,2021,3
Vesthimmerlands,Bulgaria,2021,6
Vesthimmerlands,China,2021,2
Vesthimmerlands,Colombia,2021,1
Vesthimmerlands,Czech Republic,2021,1
Vesthimmerlands,Denmark,2021,91
Vesthimmerlands,Eritrea,2021,4
Vesthimmerlands,Estonia,2021,2
Vesthimmerlands,France,2021,6
Vesthimmerlands,Germany,2021,7
Vesthimmerlands,Hungary,2021,2
Vesthimmerlands,India,2021,2
Vesthimmerlands,Iran,2021,1
Vesthimmerlands,Italy,2021,4
Vesthimmerlands,Kyrgyzstan,2021,3
Vesthimmerlands,Latvia,2021,6
Vesthimmerlands,Lithuania,2021,9
Vesthimmerlands,Luxembourg,2021,2
Vesthimmerlands,Mexico,2021,14
Vesthimmerlands,Moldova,2021,1
Vesthimmerlands,Netherlands,2021,3
Vesthimmerlands,Norway,2021,5
Vesthimmerlands,Philippines,2021,9
Vesthimmerlands,Poland,2021,35
Vesthimmerlands,Portugal,2021,1
Vesthimmerlands,Romania,2021,54
Vesthimmerlands,Spain,2021,5
Vesthimmerlands,Thailand,2021,18
Vesthimmerlands,Turkey,2021,4
Vesthimmerlands,USA,2021,4
Vesthimmerlands,Uganda,2021,3
Vesthimmerlands,Ukraine,2021,70
Vesthimmerlands,United Kingdom,2021,1
Vesthimmerlands,Vietnam,2021,1
Vesthimmerlands,Zimbabwe,2021,1
Viborg,Bangladesh,2021,1
Viborg,Brazil,2021,1
Viborg,Bulgaria,2021,13
Viborg,Burundi,2021,3
Viborg,Canada,2021,4
Viborg,Chile,2021,1
Viborg,China,2021,27
Viborg,Colombia,2021,3
Viborg,"Congo, Democratic Republic",2021,4
Viborg,Croatia,2021,6
Viborg,Cuba,2021,1
Viborg,Czech Republic,2021,8
Viborg,Denmark,2021,217
Viborg,Eritrea,2021,2
Viborg,Estonia,2021,1
Viborg,Finland,2021,4
Viborg,France,2021,11
Viborg,Georgia,2021,1
Viborg,Germany,2021,13
Viborg,Greece,2021,5
Viborg,Hungary,2021,17
Viborg,Iceland,2021,8
Viborg,India,2021,24
Viborg,Iran,2021,9
Viborg,Ireland,2021,1
Viborg,Italy,2021,15
Viborg,Ivory Coast,2021,1
Viborg,Japan,2021,2
Viborg,Kenya,2021,1
Viborg,Kosovo,2021,1
Viborg,Kyrgyzstan,2021,1
Viborg,Latvia,2021,6
Viborg,Lithuania,2021,39
Viborg,Malta,2021,1
Viborg,Mexico,2021,1
Viborg,Moldova,2021,2
Viborg,Nepal,2021,3
Viborg,Netherlands,2021,17
Viborg,Norway,2021,11
Viborg,Not stated,2021,3
Viborg,Pakistan,2021,2
Viborg,Peru,2021,1
Viborg,Philippines,2021,13
Viborg,Poland,2021,83
Viborg,Portugal,2021,13
Viborg,Romania,2021,190
Viborg,Russia,2021,4
Viborg,Slovakia,2021,13
Viborg,Slovenia,2021,5
Viborg,Somalia,2021,4
Viborg,South Africa,2021,2
Viborg,Spain,2021,22
Viborg,Sri Lanka,2021,3
Viborg,Sudan,2021,1
Viborg,Sweden,2021,10
Viborg,Syria,2021,10
Viborg,Tanzania,2021,1
Viborg,Thailand,2021,2
Viborg,Turkey,2021,2
Viborg,USA,2021,6
Viborg,Uganda,2021,2
Viborg,Ukraine,2021,85
Viborg,United Kingdom,2021,8
Viborg,Uzbekistan,2021,3
Viborg,Vietnam,2021,1
Vordingborg,Afghanistan,2021,2
Vordingborg,Argentina,2021,2
Vordingborg,Austria,2021,1
Vordingborg,Belgium,2021,3
Vordingborg,Brazil,2021,3
Vordingborg,Bulgaria,2021,12
Vordingborg,Chile,2021,1
Vordingborg,Colombia,2021,2
Vordingborg,Croatia,2021,2
Vordingborg,Czech Republic,2021,3
Vordingborg,Denmark,2021,103
Vordingborg,France,2021,2
Vordingborg,Germany,2021,6
Vordingborg,Greece,2021,6
Vordingborg,Hungary,2021,3
Vordingborg,Iceland,2021,2
Vordingborg,India,2021,1
Vordingborg,Iraq,2021,3
Vordingborg,Ireland,2021,3
Vordingborg,Italy,2021,44
Vordingborg,Latvia,2021,2
Vordingborg,Lithuania,2021,23
Vordingborg,Malaysia,2021,5
Vordingborg,Morocco,2021,2
Vordingborg,Netherlands,2021,4
Vordingborg,Nicaragua,2021,1
Vordingborg,Norway,2021,6
Vordingborg,Philippines,2021,2
Vordingborg,Poland,2021,23
Vordingborg,Portugal,2021,43
Vordingborg,Romania,2021,168
Vordingborg,Russia,2021,3
Vordingborg,Slovakia,2021,1
Vordingborg,Spain,2021,17
Vordingborg,Sweden,2021,9
Vordingborg,Switzerland,2021,1
Vordingborg,Syria,2021,16
Vordingborg,Thailand,2021,3
Vordingborg,Turkey,2021,1
Vordingborg,USA,2021,5
Vordingborg,Ukraine,2021,12
Vordingborg,United Kingdom,2021,3
Vordingborg,Uruguay,2021,2
Vordingborg,Vietnam,2021,3
Ærø,Argentina,2021,1
Ærø,China,2021,1
Ærø,Czech Republic,2021,1
Ærø,Denmark,2021,19
Ærø,Finland,2021,3
Ærø,Germany,2021,47
Ærø,Greece,2021,1
Ærø,Iceland,2021,1
Ærø,India,2021,1
Ærø,Ireland,2021,3
Ærø,Italy,2021,4
Ærø,Netherlands,2021,1
Ærø,Norway,2021,2
Ærø,Philippines,2021,1
Ærø,Poland,2021,2
Ærø,Portugal,2021,1
Ærø,Romania,2021,11
Ærø,Spain,2021,7
Ærø,Syria,2021,1
Ærø,Thailand,2021,3
Ærø,Uganda,2021,1
Ærø,Ukraine,2021,3
Aabenraa,Afghanistan,2022,14
Aabenraa,Armenia,2022,1
Aabenraa,Australia,2022,1
Aabenraa,Austria,2022,1
Aabenraa,Belgium,2022,3
Aabenraa,Brazil,2022,19
Aabenraa,Bulgaria,2022,14
Aabenraa,China,2022,7
Aabenraa,Colombia,2022,3
Aabenraa,"Congo, Democratic Republic",2022,5
Aabenraa,Croatia,2022,6
Aabenraa,Czech Republic,2022,1
Aabenraa,Denmark,2022,207
Aabenraa,Finland,2022,1
Aabenraa,France,2022,2
Aabenraa,Germany,2022,713
Aabenraa,Hungary,2022,10
Aabenraa,Iceland,2022,5
Aabenraa,India,2022,10
Aabenraa,Iran,2022,4
Aabenraa,Ireland,2022,5
Aabenraa,Italy,2022,4
Aabenraa,Japan,2022,6
Aabenraa,Kazakhstan,2022,1
Aabenraa,Kosovo,2022,1
Aabenraa,Latvia,2022,5
Aabenraa,Lebanon,2022,1
Aabenraa,Lithuania,2022,3
Aabenraa,Luxembourg,2022,3
Aabenraa,Mexico,2022,3
Aabenraa,Morocco,2022,1
Aabenraa,Netherlands,2022,8
Aabenraa,Nigeria,2022,1
Aabenraa,Norway,2022,2
Aabenraa,Not stated,2022,21
Aabenraa,Philippines,2022,3
Aabenraa,Poland,2022,26
Aabenraa,Republic of North Macedonia,2022,2
Aabenraa,Romania,2022,159
Aabenraa,Russia,2022,3
Aabenraa,Serbia,2022,2
Aabenraa,Spain,2022,10
Aabenraa,Sri Lanka,2022,2
Aabenraa,Sweden,2022,8
Aabenraa,Switzerland,2022,1
Aabenraa,Syria,2022,2
Aabenraa,Thailand,2022,2
Aabenraa,Turkey,2022,3
Aabenraa,USA,2022,6
Aabenraa,Ukraine,2022,299
Aabenraa,United Kingdom,2022,1
Aabenraa,Vietnam,2022,4
Aalborg,Afghanistan,2022,33
Aalborg,Albania,2022,2
Aalborg,Algeria,2022,1
Aalborg,Argentina,2022,10
Aalborg,Armenia,2022,3
Aalborg,Australia,2022,11
Aalborg,Austria,2022,9
Aalborg,Bangladesh,2022,33
Aalborg,Belarus,2022,3
Aalborg,Belgium,2022,13
Aalborg,Bosnia and Herzegovina,2022,1
Aalborg,Brazil,2022,33
Aalborg,Bulgaria,2022,48
Aalborg,Burundi,2022,1
Aalborg,Cameroon,2022,4
Aalborg,Canada,2022,12
Aalborg,Chile,2022,9
Aalborg,China,2022,135
Aalborg,Colombia,2022,13
Aalborg,"Congo, Democratic Republic",2022,7
Aalborg,Croatia,2022,13
Aalborg,Cuba,2022,1
Aalborg,Cyprus,2022,2
Aalborg,Czech Republic,2022,9
Aalborg,Denmark,2022,715
Aalborg,Dominica,2022,2
Aalborg,Ecuador,2022,2
Aalborg,Egypt,2022,1
Aalborg,El Salvador,2022,1
Aalborg,Eritrea,2022,10
Aalborg,Estonia,2022,5
Aalborg,Ethiopia,2022,1
Aalborg,Finland,2022,13
Aalborg,France,2022,44
Aalborg,Georgia,2022,2
Aalborg,Germany,2022,95
Aalborg,Ghana,2022,4
Aalborg,Greece,2022,37
Aalborg,Guatemala,2022,1
Aalborg,Hungary,2022,32
Aalborg,Iceland,2022,16
Aalborg,India,2022,121
Aalborg,Indonesia,2022,7
Aalborg,Iran,2022,112
Aalborg,Iraq,2022,6
Aalborg,Ireland,2022,7
Aalborg,Israel,2022,7
Aalborg,Italy,2022,87
Aalborg,Japan,2022,26
Aalborg,Kenya,2022,3
Aalborg,Kosovo,2022,3
Aalborg,Kyrgyzstan,2022,1
Aalborg,Latvia,2022,21
Aalborg,Lebanon,2022,1
Aalborg,Liberia,2022,1
Aalborg,Lithuania,2022,20
Aalborg,Malawi,2022,1
Aalborg,Malta,2022,3
Aalborg,Mexico,2022,14
Aalborg,Mongolia,2022,1
Aalborg,Morocco,2022,8
Aalborg,Namibia,2022,1
Aalborg,Nepal,2022,3
Aalborg,Netherlands,2022,36
Aalborg,New Zealand,2022,4
Aalborg,Nigeria,2022,11
Aalborg,North Korea,2022,1
Aalborg,Norway,2022,104
Aalborg,Not stated,2022,5
Aalborg,Pakistan,2022,17
Aalborg,Peru,2022,4
Aalborg,Philippines,2022,18
Aalborg,Poland,2022,125
Aalborg,Portugal,2022,41
Aalborg,Republic of North Macedonia,2022,2
Aalborg,Romania,2022,114
Aalborg,Russia,2022,20
Aalborg,Rwanda,2022,3
Aalborg,Serbia,2022,2
Aalborg,Singapore,2022,2
Aalborg,Slovakia,2022,14
Aalborg,Slovenia,2022,3
Aalborg,Somalia,2022,1
Aalborg,South Africa,2022,1
Aalborg,South Korea,2022,9
Aalborg,Spain,2022,73
Aalborg,Sri Lanka,2022,5
Aalborg,Stateless,2022,8
Aalborg,Sudan,2022,2
Aalborg,Sweden,2022,40
Aalborg,Switzerland,2022,9
Aalborg,Syria,2022,27
Aalborg,Taiwan,2022,3
Aalborg,Tanzania,2022,1
Aalborg,Thailand,2022,23
Aalborg,Turkey,2022,50
Aalborg,USA,2022,32
Aalborg,Uganda,2022,5
Aalborg,Ukraine,2022,1246
Aalborg,United Kingdom,2022,27
Aalborg,Uruguay,2022,3
Aalborg,Uzbekistan,2022,5
Aalborg,Venezuela,2022,1
Aalborg,Vietnam,2022,20
Aalborg,Zimbabwe,2022,1
Aarhus,Afghanistan,2022,17
Aarhus,Albania,2022,4
Aarhus,Argentina,2022,62
Aarhus,Armenia,2022,2
Aarhus,Australia,2022,48
Aarhus,Austria,2022,42
Aarhus,Azerbaijan,2022,5
Aarhus,Bangladesh,2022,27
Aarhus,Belarus,2022,11
Aarhus,Belgium,2022,97
Aarhus,Bosnia and Herzegovina,2022,2
Aarhus,Botswana,2022,1
Aarhus,Brazil,2022,62
Aarhus,Bulgaria,2022,85
Aarhus,Burkina Faso,2022,1
Aarhus,Cambodia,2022,1
Aarhus,Cameroon,2022,3
Aarhus,Canada,2022,59
Aarhus,Chile,2022,52
Aarhus,China,2022,206
Aarhus,Colombia,2022,18
Aarhus,"Congo, Democratic Republic",2022,2
Aarhus,Costa Rica,2022,3
Aarhus,Croatia,2022,18
Aarhus,Cyprus,2022,4
Aarhus,Czech Republic,2022,47
Aarhus,Denmark,2022,1395
Aarhus,Ecuador,2022,2
Aarhus,Egypt,2022,15
Aarhus,El Salvador,2022,2
Aarhus,Eritrea,2022,5
Aarhus,Estonia,2022,4
Aarhus,Ethiopia,2022,3
Aarhus,Europe not stated,2022,1
Aarhus,Finland,2022,38
Aarhus,France,2022,149
Aarhus,Georgia,2022,2
Aarhus,Germany,2022,457
Aarhus,Ghana,2022,4
Aarhus,Greece,2022,38
Aarhus,Guatemala,2022,4
Aarhus,Hungary,2022,112
Aarhus,Iceland,2022,73
Aarhus,India,2022,328
Aarhus,Indonesia,2022,8
Aarhus,Iran,2022,244
Aarhus,Iraq,2022,7
Aarhus,Ireland,2022,55
Aarhus,Israel,2022,8
Aarhus,Italy,2022,399
Aarhus,Japan,2022,79
Aarhus,Jordan,2022,4
Aarhus,Kazakhstan,2022,6
Aarhus,Kenya,2022,4
Aarhus,Latvia,2022,41
Aarhus,Lebanon,2022,16
Aarhus,Lithuania,2022,55
Aarhus,Luxembourg,2022,3
Aarhus,Malaysia,2022,4
Aarhus,Malta,2022,6
Aarhus,Mauritius,2022,1
Aarhus,Mexico,2022,28
Aarhus,Moldova,2022,3
Aarhus,Morocco,2022,11
Aarhus,Myanmar,2022,5
Aarhus,Namibia,2022,1
Aarhus,Nepal,2022,10
Aarhus,Netherlands,2022,146
Aarhus,New Zealand,2022,6
Aarhus,Nigeria,2022,8
Aarhus,North Korea,2022,3
Aarhus,Norway,2022,277
Aarhus,Not stated,2022,68
Aarhus,Pakistan,2022,38
Aarhus,Paraguay,2022,2
Aarhus,Peru,2022,5
Aarhus,Philippines,2022,48
Aarhus,Poland,2022,322
Aarhus,Portugal,2022,84
Aarhus,Republic of North Macedonia,2022,1
Aarhus,Romania,2022,375
Aarhus,Russia,2022,72
Aarhus,Rwanda,2022,2
Aarhus,Senegal,2022,1
Aarhus,Serbia,2022,5
Aarhus,Singapore,2022,39
Aarhus,Slovakia,2022,37
Aarhus,Slovenia,2022,16
Aarhus,Somalia,2022,3
Aarhus,South Africa,2022,15
Aarhus,South Korea,2022,15
Aarhus,Spain,2022,273
Aarhus,Sri Lanka,2022,6
Aarhus,Stateless,2022,12
Aarhus,Sudan,2022,2
Aarhus,Sweden,2022,112
Aarhus,Switzerland,2022,25
Aarhus,Syria,2022,25
Aarhus,Taiwan,2022,13
Aarhus,Thailand,2022,25
Aarhus,Tunisia,2022,5
Aarhus,Turkey,2022,89
Aarhus,USA,2022,171
Aarhus,Uganda,2022,1
Aarhus,Ukraine,2022,1609
Aarhus,United Kingdom,2022,122
Aarhus,Uruguay,2022,2
Aarhus,Uzbekistan,2022,4
Aarhus,Venezuela,2022,3
Aarhus,Vietnam,2022,22
Albertslund,Afghanistan,2022,1
Albertslund,Albania,2022,1
Albertslund,Argentina,2022,1
Albertslund,Bangladesh,2022,19
Albertslund,Bosnia and Herzegovina,2022,1
Albertslund,Bulgaria,2022,27
Albertslund,Cameroon,2022,4
Albertslund,China,2022,4
Albertslund,Colombia,2022,1
Albertslund,Croatia,2022,4
Albertslund,Czech Republic,2022,1
Albertslund,Denmark,2022,52
Albertslund,Egypt,2022,1
Albertslund,Estonia,2022,2
Albertslund,Finland,2022,2
Albertslund,France,2022,5
Albertslund,Germany,2022,8
Albertslund,Greece,2022,7
Albertslund,Hungary,2022,6
Albertslund,Iceland,2022,3
Albertslund,India,2022,32
Albertslund,Indonesia,2022,1
Albertslund,Iran,2022,11
Albertslund,Italy,2022,16
Albertslund,Kosovo,2022,1
Albertslund,Lithuania,2022,4
Albertslund,Malaysia,2022,2
Albertslund,Morocco,2022,1
Albertslund,Nepal,2022,28
Albertslund,Netherlands,2022,3
Albertslund,Nigeria,2022,2
Albertslund,Norway,2022,5
Albertslund,Pakistan,2022,15
Albertslund,Peru,2022,1
Albertslund,Philippines,2022,1
Albertslund,Poland,2022,14
Albertslund,Portugal,2022,19
Albertslund,Romania,2022,52
Albertslund,Russia,2022,2
Albertslund,Singapore,2022,1
Albertslund,Slovakia,2022,4
Albertslund,Slovenia,2022,1
Albertslund,Spain,2022,18
Albertslund,Sweden,2022,9
Albertslund,Switzerland,2022,2
Albertslund,Turkey,2022,16
Albertslund,USA,2022,12
Albertslund,Ukraine,2022,83
Albertslund,United Kingdom,2022,2
Allerød,Afghanistan,2022,4
Allerød,Australia,2022,3
Allerød,Bangladesh,2022,4
Allerød,Belgium,2022,2
Allerød,Brazil,2022,3
Allerød,Bulgaria,2022,3
Allerød,Canada,2022,1
Allerød,Colombia,2022,1
Allerød,Croatia,2022,2
Allerød,Denmark,2022,74
Allerød,Eritrea,2022,1
Allerød,Ethiopia,2022,8
Allerød,Finland,2022,1
Allerød,France,2022,2
Allerød,Germany,2022,2
Allerød,Greece,2022,1
Allerød,Ireland,2022,1
Allerød,Italy,2022,6
Allerød,Jordan,2022,1
Allerød,Kenya,2022,2
Allerød,Kyrgyzstan,2022,1
Allerød,Lithuania,2022,1
Allerød,Mexico,2022,1
Allerød,Morocco,2022,1
Allerød,Nepal,2022,1
Allerød,Netherlands,2022,1
Allerød,Norway,2022,1
Allerød,Philippines,2022,2
Allerød,Poland,2022,8
Allerød,Portugal,2022,1
Allerød,Romania,2022,11
Allerød,Russia,2022,4
Allerød,Singapore,2022,1
Allerød,South Africa,2022,1
Allerød,Sweden,2022,3
Allerød,Syria,2022,1
Allerød,Turkey,2022,3
Allerød,USA,2022,6
Allerød,Ukraine,2022,137
Allerød,United Kingdom,2022,2
Allerød,Vietnam,2022,2
Assens,Afghanistan,2022,16
Assens,Belgium,2022,1
Assens,Bulgaria,2022,4
Assens,"Congo, Democratic Republic",2022,8
Assens,Croatia,2022,1
Assens,Denmark,2022,83
Assens,France,2022,3
Assens,Germany,2022,10
Assens,Greece,2022,1
Assens,Hungary,2022,1
Assens,Iceland,2022,6
Assens,India,2022,4
Assens,Iran,2022,1
Assens,Israel,2022,1
Assens,Italy,2022,14
Assens,Latvia,2022,3
Assens,Lithuania,2022,33
Assens,Moldova,2022,2
Assens,Netherlands,2022,7
Assens,New Zealand,2022,1
Assens,Norway,2022,6
Assens,Not stated,2022,1
Assens,Panama,2022,1
Assens,Philippines,2022,1
Assens,Poland,2022,14
Assens,Portugal,2022,1
Assens,Romania,2022,80
Assens,Russia,2022,5
Assens,Slovakia,2022,26
Assens,Spain,2022,3
Assens,Sweden,2022,3
Assens,Switzerland,2022,1
Assens,Syria,2022,4
Assens,Ukraine,2022,242
Assens,United Kingdom,2022,3
Assens,Vietnam,2022,4
Ballerup,Afghanistan,2022,1
Ballerup,Argentina,2022,2
Ballerup,Austria,2022,2
Ballerup,Azerbaijan,2022,2
Ballerup,Bangladesh,2022,1
Ballerup,Belgium,2022,2
Ballerup,Bolivia,2022,1
Ballerup,Brazil,2022,12
Ballerup,Bulgaria,2022,27
Ballerup,Cameroon,2022,1
Ballerup,Canada,2022,8
Ballerup,Chile,2022,1
Ballerup,China,2022,37
Ballerup,Colombia,2022,2
Ballerup,Croatia,2022,10
Ballerup,Cyprus,2022,1
Ballerup,Czech Republic,2022,2
Ballerup,Denmark,2022,94
Ballerup,Ecuador,2022,1
Ballerup,Egypt,2022,1
Ballerup,Eritrea,2022,1
Ballerup,Estonia,2022,1
Ballerup,Finland,2022,1
Ballerup,France,2022,11
Ballerup,Germany,2022,34
Ballerup,Ghana,2022,1
Ballerup,Greece,2022,24
Ballerup,Hungary,2022,9
Ballerup,Iceland,2022,12
Ballerup,India,2022,100
Ballerup,Indonesia,2022,1
Ballerup,Iran,2022,29
Ballerup,Iraq,2022,1
Ballerup,Ireland,2022,2
Ballerup,Israel,2022,1
Ballerup,Italy,2022,22
Ballerup,Japan,2022,4
Ballerup,Kosovo,2022,1
Ballerup,Latvia,2022,1
Ballerup,Lebanon,2022,1
Ballerup,Lithuania,2022,8
Ballerup,Mexico,2022,14
Ballerup,Moldova,2022,4
Ballerup,Morocco,2022,4
Ballerup,Namibia,2022,1
Ballerup,Nepal,2022,7
Ballerup,Netherlands,2022,5
Ballerup,Norway,2022,6
Ballerup,Not stated,2022,2
Ballerup,Pakistan,2022,3
Ballerup,Philippines,2022,1
Ballerup,Poland,2022,38
Ballerup,Portugal,2022,11
Ballerup,Republic of North Macedonia,2022,7
Ballerup,Romania,2022,37
Ballerup,Russia,2022,7
Ballerup,Serbia,2022,8
Ballerup,Singapore,2022,5
Ballerup,Slovakia,2022,4
Ballerup,Slovenia,2022,2
Ballerup,South Africa,2022,2
Ballerup,South Korea,2022,7
Ballerup,Spain,2022,31
Ballerup,Sweden,2022,10
Ballerup,Syria,2022,1
Ballerup,Taiwan,2022,1
Ballerup,Thailand,2022,2
Ballerup,Turkey,2022,22
Ballerup,USA,2022,26
Ballerup,Ukraine,2022,174
Ballerup,United Kingdom,2022,5
Ballerup,Uzbekistan,2022,1
Ballerup,Vietnam,2022,1
Billund,Argentina,2022,1
Billund,Australia,2022,7
Billund,Austria,2022,3
Billund,Belarus,2022,2
Billund,Belgium,2022,1
Billund,Brazil,2022,7
Billund,Bulgaria,2022,10
Billund,Cameroon,2022,1
Billund,Canada,2022,2
Billund,Chile,2022,3
Billund,China,2022,4
Billund,Croatia,2022,5
Billund,Cyprus,2022,1
Billund,Czech Republic,2022,8
Billund,Denmark,2022,58
Billund,Egypt,2022,2
Billund,Estonia,2022,3
Billund,Ethiopia,2022,1
Billund,Finland,2022,1
Billund,France,2022,10
Billund,Germany,2022,10
Billund,Greece,2022,1
Billund,Hungary,2022,12
Billund,Iceland,2022,1
Billund,India,2022,29
Billund,Indonesia,2022,7
Billund,Ireland,2022,1
Billund,Italy,2022,32
Billund,Kenya,2022,1
Billund,Latvia,2022,4
Billund,Lithuania,2022,19
Billund,Mexico,2022,3
Billund,Moldova,2022,6
Billund,Myanmar,2022,1
Billund,Netherlands,2022,9
Billund,Nigeria,2022,1
Billund,North Korea,2022,1
Billund,Norway,2022,4
Billund,Philippines,2022,1
Billund,Poland,2022,35
Billund,Portugal,2022,19
Billund,Romania,2022,140
Billund,Russia,2022,3
Billund,Singapore,2022,3
Billund,Slovakia,2022,2
Billund,Slovenia,2022,1
Billund,South Africa,2022,1
Billund,South Korea,2022,1
Billund,Spain,2022,30
Billund,Sweden,2022,2
Billund,Syria,2022,1
Billund,Thailand,2022,7
Billund,USA,2022,32
Billund,Uganda,2022,1
Billund,Ukraine,2022,177
Billund,United Kingdom,2022,18
Billund,Vietnam,2022,7
Bornholm,Afghanistan,2022,10
Bornholm,Argentina,2022,2
Bornholm,Australia,2022,1
Bornholm,Austria,2022,3
Bornholm,Belgium,2022,1
Bornholm,Bulgaria,2022,3
Bornholm,Canada,2022,1
Bornholm,Chile,2022,1
Bornholm,"Congo, Democratic Republic",2022,24
Bornholm,Costa Rica,2022,1
Bornholm,Croatia,2022,2
Bornholm,Denmark,2022,102
Bornholm,Eritrea,2022,8
Bornholm,Finland,2022,2
Bornholm,France,2022,4
Bornholm,Germany,2022,57
Bornholm,Greece,2022,1
Bornholm,Hungary,2022,8
Bornholm,Iceland,2022,3
Bornholm,Italy,2022,36
Bornholm,Japan,2022,8
Bornholm,Lithuania,2022,2
Bornholm,Myanmar,2022,1
Bornholm,Netherlands,2022,7
Bornholm,Norway,2022,8
Bornholm,Philippines,2022,4
Bornholm,Poland,2022,30
Bornholm,Portugal,2022,2
Bornholm,Romania,2022,29
Bornholm,Slovakia,2022,1
Bornholm,Spain,2022,8
Bornholm,Sweden,2022,30
Bornholm,Switzerland,2022,1
Bornholm,Thailand,2022,2
Bornholm,USA,2022,3
Bornholm,Ukraine,2022,233
Bornholm,United Kingdom,2022,1
Bornholm,Vietnam,2022,1
Brøndby,Argentina,2022,2
Brøndby,Armenia,2022,1
Brøndby,Australia,2022,1
Brøndby,Austria,2022,4
Brøndby,Azerbaijan,2022,1
Brøndby,Bangladesh,2022,23
Brøndby,Belarus,2022,3
Brøndby,Belgium,2022,9
Brøndby,Botswana,2022,1
Brøndby,Brazil,2022,2
Brøndby,Bulgaria,2022,44
Brøndby,Cameroon,2022,2
Brøndby,Canada,2022,1
Brøndby,China,2022,3
Brøndby,Croatia,2022,16
Brøndby,Czech Republic,2022,1
Brøndby,Denmark,2022,106
Brøndby,Egypt,2022,1
Brøndby,Estonia,2022,1
Brøndby,Finland,2022,1
Brøndby,France,2022,6
Brøndby,"Gambia, The",2022,1
Brøndby,Georgia,2022,2
Brøndby,Germany,2022,9
Brøndby,Ghana,2022,3
Brøndby,Greece,2022,5
Brøndby,Haiti,2022,2
Brøndby,Hungary,2022,4
Brøndby,Iceland,2022,2
Brøndby,India,2022,35
Brøndby,Indonesia,2022,3
Brøndby,Iran,2022,64
Brøndby,Iraq,2022,9
Brøndby,Ireland,2022,4
Brøndby,Italy,2022,31
Brøndby,Jamaica,2022,1
Brøndby,Japan,2022,3
Brøndby,Kyrgyzstan,2022,1
Brøndby,Latvia,2022,5
Brøndby,Lebanon,2022,1
Brøndby,Lithuania,2022,20
Brøndby,Malawi,2022,1
Brøndby,Mexico,2022,1
Brøndby,Moldova,2022,1
Brøndby,Nepal,2022,32
Brøndby,Netherlands,2022,8
Brøndby,Nigeria,2022,2
Brøndby,Norway,2022,10
Brøndby,Pakistan,2022,20
Brøndby,Philippines,2022,3
Brøndby,Poland,2022,36
Brøndby,Portugal,2022,45
Brøndby,Republic of North Macedonia,2022,7
Brøndby,Romania,2022,63
Brøndby,Russia,2022,9
Brøndby,Serbia,2022,4
Brøndby,Slovakia,2022,2
Brøndby,Slovenia,2022,1
Brøndby,South Africa,2022,3
Brøndby,South Korea,2022,1
Brøndby,Spain,2022,23
Brøndby,Sri Lanka,2022,3
Brøndby,Stateless,2022,1
Brøndby,Sweden,2022,21
Brøndby,Switzerland,2022,7
Brøndby,Syria,2022,3
Brøndby,Turkey,2022,17
Brøndby,USA,2022,8
Brøndby,Ukraine,2022,120
Brøndby,United Kingdom,2022,5
Brøndby,Vietnam,2022,5
Brønderslev,Argentina,2022,1
Brønderslev,Bulgaria,2022,17
Brønderslev,"Congo, Democratic Republic",2022,8
Brønderslev,Costa Rica,2022,1
Brønderslev,Croatia,2022,1
Brønderslev,Denmark,2022,79
Brønderslev,France,2022,1
Brønderslev,Germany,2022,5
Brønderslev,Guatemala,2022,1
Brønderslev,Hungary,2022,1
Brønderslev,Iceland,2022,4
Brønderslev,Iraq,2022,1
Brønderslev,Italy,2022,2
Brønderslev,Kyrgyzstan,2022,2
Brønderslev,Lithuania,2022,4
Brønderslev,Moldova,2022,1
Brønderslev,Netherlands,2022,5
Brønderslev,Norway,2022,5
Brønderslev,Not stated,2022,2
Brønderslev,Paraguay,2022,1
Brønderslev,Peru,2022,1
Brønderslev,Philippines,2022,16
Brønderslev,Poland,2022,16
Brønderslev,Portugal,2022,1
Brønderslev,Romania,2022,35
Brønderslev,Slovenia,2022,1
Brønderslev,Spain,2022,4
Brønderslev,Sweden,2022,1
Brønderslev,Switzerland,2022,1
Brønderslev,Thailand,2022,1
Brønderslev,USA,2022,2
Brønderslev,Uganda,2022,7
Brønderslev,Ukraine,2022,216
Brønderslev,Vietnam,2022,4
Brønderslev,Zambia,2022,2
Copenhagen,Afghanistan,2022,89
Copenhagen,Albania,2022,13
Copenhagen,Algeria,2022,15
Copenhagen,Angola,2022,2
Copenhagen,Argentina,2022,268
Copenhagen,Armenia,2022,10
Copenhagen,Australia,2022,222
Copenhagen,Austria,2022,108
Copenhagen,Azerbaijan,2022,14
Copenhagen,Bahrain,2022,4
Copenhagen,Bangladesh,2022,178
Copenhagen,Belarus,2022,32
Copenhagen,Belgium,2022,163
Copenhagen,Benin,2022,1
Copenhagen,Bhutan,2022,1
Copenhagen,Bolivia,2022,3
Copenhagen,Bosnia and Herzegovina,2022,9
Copenhagen,Brazil,2022,191
Copenhagen,Bulgaria,2022,167
Copenhagen,Burkina Faso,2022,1
Copenhagen,Cameroon,2022,5
Copenhagen,Canada,2022,228
Copenhagen,Chile,2022,164
Copenhagen,China,2022,543
Copenhagen,Colombia,2022,60
Copenhagen,"Congo, Democratic Republic",2022,7
Copenhagen,Costa Rica,2022,6
Copenhagen,Croatia,2022,115
Copenhagen,Cuba,2022,6
Copenhagen,Cyprus,2022,11
Copenhagen,Czech Republic,2022,81
Copenhagen,Denmark,2022,3574
Copenhagen,Dominican Republic,2022,2
Copenhagen,Ecuador,2022,7
Copenhagen,Egypt,2022,36
Copenhagen,El Salvador,2022,1
Copenhagen,Eritrea,2022,1
Copenhagen,Estonia,2022,60
Copenhagen,Ethiopia,2022,6
Copenhagen,Finland,2022,163
Copenhagen,France,2022,778
Copenhagen,"Gambia, The",2022,1
Copenhagen,Georgia,2022,15
Copenhagen,Germany,2022,1111
Copenhagen,Ghana,2022,20
Copenhagen,Greece,2022,319
Copenhagen,Guatemala,2022,3
Copenhagen,Guinea-Bissau,2022,1
Copenhagen,Haiti,2022,1
Copenhagen,Honduras,2022,2
Copenhagen,Hungary,2022,151
Copenhagen,Iceland,2022,268
Copenhagen,India,2022,1177
Copenhagen,Indonesia,2022,37
Copenhagen,Iran,2022,206
Copenhagen,Iraq,2022,30
Copenhagen,Ireland,2022,183
Copenhagen,Israel,2022,22
Copenhagen,Italy,2022,1880
Copenhagen,Ivory Coast,2022,2
Copenhagen,Jamaica,2022,4
Copenhagen,Japan,2022,167
Copenhagen,Jordan,2022,17
Copenhagen,Kazakhstan,2022,4
Copenhagen,Kenya,2022,14
Copenhagen,Kosovo,2022,7
Copenhagen,Kuwait,2022,1
Copenhagen,Kyrgyzstan,2022,11
Copenhagen,Latvia,2022,65
Copenhagen,Lebanon,2022,28
Copenhagen,Liberia,2022,4
Copenhagen,Libya,2022,6
Copenhagen,Liechtenstein,2022,2
Copenhagen,Lithuania,2022,115
Copenhagen,Luxembourg,2022,8
Copenhagen,Malaysia,2022,31
Copenhagen,Mali,2022,1
Copenhagen,Malta,2022,5
Copenhagen,Mauritius,2022,2
Copenhagen,Mexico,2022,88
Copenhagen,Moldova,2022,9
Copenhagen,Mongolia,2022,2
Copenhagen,Montenegro,2022,6
Copenhagen,Morocco,2022,23
Copenhagen,Mozambique,2022,1
Copenhagen,Myanmar,2022,4
Copenhagen,Namibia,2022,1
Copenhagen,Nepal,2022,349
Copenhagen,Netherlands,2022,357
Copenhagen,New Zealand,2022,26
Copenhagen,Nigeria,2022,35
Copenhagen,Norway,2022,737
Copenhagen,Not stated,2022,44
Copenhagen,Pakistan,2022,96
Copenhagen,Panama,2022,2
Copenhagen,Paraguay,2022,4
Copenhagen,Peru,2022,31
Copenhagen,Philippines,2022,126
Copenhagen,Poland,2022,585
Copenhagen,Portugal,2022,491
Copenhagen,Republic of North Macedonia,2022,37
Copenhagen,Romania,2022,455
Copenhagen,Russia,2022,379
Copenhagen,Rwanda,2022,1
Copenhagen,Saudi Arabia,2022,4
Copenhagen,Serbia,2022,38
Copenhagen,Singapore,2022,89
Copenhagen,Slovakia,2022,77
Copenhagen,Slovenia,2022,26
Copenhagen,Somalia,2022,2
Copenhagen,South Africa,2022,74
Copenhagen,South Korea,2022,102
Copenhagen,Soviet Union,2022,1
Copenhagen,Spain,2022,862
Copenhagen,Sri Lanka,2022,25
Copenhagen,Stateless,2022,13
Copenhagen,Sudan,2022,1
Copenhagen,Sweden,2022,792
Copenhagen,Switzerland,2022,141
Copenhagen,Syria,2022,13
Copenhagen,Taiwan,2022,47
Copenhagen,Tajikistan,2022,2
Copenhagen,Tanzania,2022,3
Copenhagen,Thailand,2022,59
Copenhagen,Tunisia,2022,13
Copenhagen,Turkey,2022,241
Copenhagen,Turkmenistan,2022,1
Copenhagen,USA,2022,2377
Copenhagen,Uganda,2022,3
Copenhagen,Ukraine,2022,2795
Copenhagen,United Kingdom,2022,525
Copenhagen,Uruguay,2022,3
Copenhagen,Uzbekistan,2022,7
Copenhagen,Venezuela,2022,21
Copenhagen,Vietnam,2022,53
Copenhagen,Yugoslavia,2022,1
Copenhagen,Zambia,2022,1
Copenhagen,Zimbabwe,2022,5
Dragør,Afghanistan,2022,4
Dragør,Brazil,2022,1
Dragør,Bulgaria,2022,1
Dragør,Denmark,2022,39
Dragør,Egypt,2022,1
Dragør,Eritrea,2022,1
Dragør,France,2022,2
Dragør,Germany,2022,1
Dragør,Ireland,2022,1
Dragør,Israel,2022,1
Dragør,Italy,2022,3
Dragør,Lithuania,2022,3
Dragør,Norway,2022,3
Dragør,Not stated,2022,1
Dragør,Pakistan,2022,1
Dragør,Philippines,2022,5
Dragør,Poland,2022,2
Dragør,Romania,2022,1
Dragør,Spain,2022,1
Dragør,Sweden,2022,2
Dragør,Syria,2022,1
Dragør,Turkey,2022,1
Dragør,USA,2022,3
Dragør,Ukraine,2022,74
Dragør,United Kingdom,2022,2
Egedal,Afghanistan,2022,8
Egedal,Argentina,2022,2
Egedal,Australia,2022,1
Egedal,Austria,2022,2
Egedal,Belarus,2022,1
Egedal,Bulgaria,2022,17
Egedal,Chile,2022,1
Egedal,Croatia,2022,1
Egedal,Czech Republic,2022,3
Egedal,Denmark,2022,81
Egedal,Eritrea,2022,2
Egedal,Estonia,2022,2
Egedal,Ethiopia,2022,1
Egedal,France,2022,1
Egedal,Germany,2022,3
Egedal,Ghana,2022,1
Egedal,Greece,2022,2
Egedal,Hungary,2022,2
Egedal,Iceland,2022,3
Egedal,India,2022,13
Egedal,Italy,2022,4
Egedal,Japan,2022,1
Egedal,Latvia,2022,7
Egedal,Lithuania,2022,20
Egedal,Montenegro,2022,1
Egedal,Nepal,2022,7
Egedal,Netherlands,2022,3
Egedal,Norway,2022,1
Egedal,Not stated,2022,2
Egedal,Pakistan,2022,4
Egedal,Philippines,2022,2
Egedal,Poland,2022,19
Egedal,Portugal,2022,3
Egedal,Republic of North Macedonia,2022,3
Egedal,Romania,2022,22
Egedal,Serbia,2022,1
Egedal,Slovakia,2022,1
Egedal,Spain,2022,4
Egedal,Sweden,2022,13
Egedal,Switzerland,2022,1
Egedal,Syria,2022,1
Egedal,Tanzania,2022,1
Egedal,Thailand,2022,1
Egedal,Turkey,2022,8
Egedal,USA,2022,7
Egedal,Ukraine,2022,197
Egedal,United Kingdom,2022,3
Esbjerg,Afghanistan,2022,18
Esbjerg,Algeria,2022,1
Esbjerg,Argentina,2022,4
Esbjerg,Australia,2022,5
Esbjerg,Austria,2022,4
Esbjerg,Bangladesh,2022,7
Esbjerg,Belarus,2022,2
Esbjerg,Belgium,2022,5
Esbjerg,Bolivia,2022,5
Esbjerg,Bosnia and Herzegovina,2022,2
Esbjerg,Brazil,2022,13
Esbjerg,Bulgaria,2022,35
Esbjerg,Cameroon,2022,2
Esbjerg,Canada,2022,5
Esbjerg,Chile,2022,3
Esbjerg,China,2022,4
Esbjerg,"Congo, Democratic Republic",2022,7
Esbjerg,Croatia,2022,6
Esbjerg,Cyprus,2022,1
Esbjerg,Czech Republic,2022,10
Esbjerg,Denmark,2022,297
Esbjerg,Ecuador,2022,3
Esbjerg,Ethiopia,2022,1
Esbjerg,Finland,2022,8
Esbjerg,France,2022,66
Esbjerg,"Gambia, The",2022,1
Esbjerg,Germany,2022,81
Esbjerg,Ghana,2022,1
Esbjerg,Greece,2022,6
Esbjerg,Hungary,2022,21
Esbjerg,Iceland,2022,17
Esbjerg,India,2022,37
Esbjerg,Indonesia,2022,6
Esbjerg,Iran,2022,34
Esbjerg,Iraq,2022,9
Esbjerg,Ireland,2022,3
Esbjerg,Italy,2022,32
Esbjerg,Jamaica,2022,1
Esbjerg,Japan,2022,7
Esbjerg,Kazakhstan,2022,5
Esbjerg,Kenya,2022,3
Esbjerg,Kosovo,2022,2
Esbjerg,Kyrgyzstan,2022,1
Esbjerg,Latvia,2022,17
Esbjerg,Lebanon,2022,1
Esbjerg,Lithuania,2022,7
Esbjerg,Malaysia,2022,1
Esbjerg,Mexico,2022,1
Esbjerg,Moldova,2022,3
Esbjerg,Montenegro,2022,1
Esbjerg,Myanmar,2022,2
Esbjerg,Nepal,2022,8
Esbjerg,Netherlands,2022,23
Esbjerg,New Zealand,2022,1
Esbjerg,Nigeria,2022,8
Esbjerg,North Korea,2022,1
Esbjerg,Norway,2022,29
Esbjerg,Not stated,2022,6
Esbjerg,Pakistan,2022,5
Esbjerg,Paraguay,2022,1
Esbjerg,Philippines,2022,29
Esbjerg,Poland,2022,75
Esbjerg,Portugal,2022,8
Esbjerg,Romania,2022,90
Esbjerg,Russia,2022,15
Esbjerg,Serbia,2022,7
Esbjerg,Singapore,2022,1
Esbjerg,Slovakia,2022,15
Esbjerg,Slovenia,2022,3
Esbjerg,Somalia,2022,1
Esbjerg,South Africa,2022,4
Esbjerg,South Korea,2022,5
Esbjerg,Spain,2022,38
Esbjerg,Sri Lanka,2022,1
Esbjerg,Stateless,2022,1
Esbjerg,Sweden,2022,11
Esbjerg,Syria,2022,13
Esbjerg,Taiwan,2022,1
Esbjerg,Tanzania,2022,2
Esbjerg,Thailand,2022,5
Esbjerg,Turkey,2022,6
Esbjerg,USA,2022,15
Esbjerg,Uganda,2022,3
Esbjerg,Ukraine,2022,618
Esbjerg,United Kingdom,2022,53
Esbjerg,Uzbekistan,2022,1
Esbjerg,Venezuela,2022,3
Esbjerg,Vietnam,2022,17
Esbjerg,Yemen,2022,5
Faaborg-Midtfyn,Afghanistan,2022,18
Faaborg-Midtfyn,Albania,2022,9
Faaborg-Midtfyn,Armenia,2022,1
Faaborg-Midtfyn,Australia,2022,1
Faaborg-Midtfyn,Austria,2022,1
Faaborg-Midtfyn,Bangladesh,2022,2
Faaborg-Midtfyn,Belgium,2022,1
Faaborg-Midtfyn,Brazil,2022,1
Faaborg-Midtfyn,Bulgaria,2022,7
Faaborg-Midtfyn,China,2022,1
Faaborg-Midtfyn,"Congo, Democratic Republic",2022,3
Faaborg-Midtfyn,Czech Republic,2022,1
Faaborg-Midtfyn,Denmark,2022,113
Faaborg-Midtfyn,Finland,2022,2
Faaborg-Midtfyn,France,2022,1
Faaborg-Midtfyn,Germany,2022,10
Faaborg-Midtfyn,Greece,2022,1
Faaborg-Midtfyn,Hungary,2022,4
Faaborg-Midtfyn,Iceland,2022,3
Faaborg-Midtfyn,India,2022,1
Faaborg-Midtfyn,Ireland,2022,1
Faaborg-Midtfyn,Italy,2022,4
Faaborg-Midtfyn,Japan,2022,1
Faaborg-Midtfyn,Latvia,2022,4
Faaborg-Midtfyn,Lithuania,2022,20
Faaborg-Midtfyn,Moldova,2022,1
Faaborg-Midtfyn,Netherlands,2022,1
Faaborg-Midtfyn,Nigeria,2022,1
Faaborg-Midtfyn,Norway,2022,2
Faaborg-Midtfyn,Peru,2022,1
Faaborg-Midtfyn,Philippines,2022,1
Faaborg-Midtfyn,Poland,2022,44
Faaborg-Midtfyn,Portugal,2022,2
Faaborg-Midtfyn,Romania,2022,45
Faaborg-Midtfyn,Russia,2022,2
Faaborg-Midtfyn,Serbia and Montenegro,2022,1
Faaborg-Midtfyn,Singapore,2022,1
Faaborg-Midtfyn,Slovakia,2022,2
Faaborg-Midtfyn,South Africa,2022,4
Faaborg-Midtfyn,Spain,2022,3
Faaborg-Midtfyn,Sweden,2022,2
Faaborg-Midtfyn,Switzerland,2022,2
Faaborg-Midtfyn,Syria,2022,1
Faaborg-Midtfyn,Thailand,2022,4
Faaborg-Midtfyn,Turkey,2022,1
Faaborg-Midtfyn,USA,2022,1
Faaborg-Midtfyn,Uganda,2022,1
Faaborg-Midtfyn,Ukraine,2022,305
Faaborg-Midtfyn,United Kingdom,2022,2
Faaborg-Midtfyn,Uzbekistan,2022,2
Faaborg-Midtfyn,Vietnam,2022,18
Fanø,Canada,2022,1
Fanø,Colombia,2022,2
Fanø,Czech Republic,2022,1
Fanø,Denmark,2022,19
Fanø,Germany,2022,14
Fanø,Hungary,2022,1
Fanø,Iceland,2022,1
Fanø,Lithuania,2022,2
Fanø,New Zealand,2022,1
Fanø,Philippines,2022,1
Fanø,Poland,2022,1
Fanø,Ukraine,2022,19
Favrskov,Afghanistan,2022,11
Favrskov,Africa not stated,2022,1
Favrskov,Algeria,2022,1
Favrskov,Australia,2022,1
Favrskov,Brazil,2022,1
Favrskov,Bulgaria,2022,3
Favrskov,Canada,2022,1
Favrskov,Chile,2022,1
Favrskov,China,2022,1
Favrskov,Colombia,2022,2
Favrskov,Czech Republic,2022,1
Favrskov,Denmark,2022,88
Favrskov,France,2022,1
Favrskov,Germany,2022,8
Favrskov,Ghana,2022,1
Favrskov,Hungary,2022,3
Favrskov,Iceland,2022,2
Favrskov,India,2022,6
Favrskov,Indonesia,2022,1
Favrskov,Iran,2022,4
Favrskov,Iraq,2022,1
Favrskov,Italy,2022,1
Favrskov,Kazakhstan,2022,2
Favrskov,Latvia,2022,3
Favrskov,Lithuania,2022,21
Favrskov,Moldova,2022,1
Favrskov,Netherlands,2022,1
Favrskov,Nicaragua,2022,4
Favrskov,Norway,2022,3
Favrskov,Philippines,2022,4
Favrskov,Poland,2022,58
Favrskov,Romania,2022,73
Favrskov,Slovakia,2022,1
Favrskov,South Africa,2022,1
Favrskov,Spain,2022,2
Favrskov,Syria,2022,7
Favrskov,Thailand,2022,6
Favrskov,Turkey,2022,1
Favrskov,USA,2022,1
Favrskov,Uganda,2022,4
Favrskov,Ukraine,2022,293
Favrskov,Vietnam,2022,5
Faxe,Afghanistan,2022,15
Faxe,Argentina,2022,2
Faxe,Australia,2022,1
Faxe,Belgium,2022,1
Faxe,Bolivia,2022,1
Faxe,Bosnia and Herzegovina,2022,2
Faxe,Brazil,2022,1
Faxe,Bulgaria,2022,33
Faxe,Canada,2022,1
Faxe,Colombia,2022,1
Faxe,Croatia,2022,2
Faxe,Cuba,2022,1
Faxe,Denmark,2022,66
Faxe,Eritrea,2022,2
Faxe,Germany,2022,1
Faxe,Greece,2022,1
Faxe,Hungary,2022,4
Faxe,Iceland,2022,2
Faxe,India,2022,1
Faxe,Indonesia,2022,1
Faxe,Iran,2022,4
Faxe,Italy,2022,2
Faxe,Japan,2022,1
Faxe,Latvia,2022,4
Faxe,Lebanon,2022,1
Faxe,Lithuania,2022,11
Faxe,Moldova,2022,5
Faxe,Montenegro,2022,1
Faxe,Nepal,2022,10
Faxe,Netherlands,2022,3
Faxe,Norway,2022,2
Faxe,Pakistan,2022,3
Faxe,Philippines,2022,7
Faxe,Poland,2022,196
Faxe,Portugal,2022,2
Faxe,Romania,2022,36
Faxe,Russia,2022,2
Faxe,Slovakia,2022,1
Faxe,Sri Lanka,2022,1
Faxe,Sweden,2022,7
Faxe,Thailand,2022,6
Faxe,Turkey,2022,5
Faxe,USA,2022,1
Faxe,Ukraine,2022,178
Faxe,Vietnam,2022,2
Faxe,Zambia,2022,1
Fredensborg,Afghanistan,2022,7
Fredensborg,Argentina,2022,2
Fredensborg,Austria,2022,4
Fredensborg,Azerbaijan,2022,1
Fredensborg,Bosnia and Herzegovina,2022,1
Fredensborg,Brazil,2022,5
Fredensborg,Bulgaria,2022,48
Fredensborg,Cameroon,2022,1
Fredensborg,Chile,2022,1
Fredensborg,China,2022,1
Fredensborg,Croatia,2022,3
Fredensborg,Cyprus,2022,1
Fredensborg,Czech Republic,2022,5
Fredensborg,Denmark,2022,154
Fredensborg,Eritrea,2022,1
Fredensborg,Finland,2022,5
Fredensborg,France,2022,4
Fredensborg,Georgia,2022,1
Fredensborg,Germany,2022,8
Fredensborg,Hungary,2022,1
Fredensborg,India,2022,13
Fredensborg,Iran,2022,1
Fredensborg,Ireland,2022,2
Fredensborg,Italy,2022,4
Fredensborg,Kenya,2022,2
Fredensborg,Latvia,2022,2
Fredensborg,Lebanon,2022,1
Fredensborg,Lithuania,2022,13
Fredensborg,Malaysia,2022,1
Fredensborg,Morocco,2022,1
Fredensborg,Mozambique,2022,1
Fredensborg,Namibia,2022,3
Fredensborg,Netherlands,2022,1
Fredensborg,Norway,2022,8
Fredensborg,Not stated,2022,2
Fredensborg,Pakistan,2022,3
Fredensborg,Panama,2022,1
Fredensborg,Philippines,2022,9
Fredensborg,Poland,2022,36
Fredensborg,Portugal,2022,6
Fredensborg,Romania,2022,26
Fredensborg,South Africa,2022,4
Fredensborg,Spain,2022,7
Fredensborg,Stateless,2022,3
Fredensborg,Sweden,2022,9
Fredensborg,Thailand,2022,3
Fredensborg,Turkey,2022,5
Fredensborg,USA,2022,19
Fredensborg,Ukraine,2022,179
Fredensborg,United Kingdom,2022,7
Fredericia,Afghanistan,2022,5
Fredericia,Algeria,2022,1
Fredericia,Argentina,2022,2
Fredericia,Australia,2022,2
Fredericia,Belgium,2022,5
Fredericia,Brazil,2022,1
Fredericia,Bulgaria,2022,10
Fredericia,Colombia,2022,3
Fredericia,Croatia,2022,1
Fredericia,Cuba,2022,1
Fredericia,Denmark,2022,117
Fredericia,France,2022,3
Fredericia,Germany,2022,15
Fredericia,Ghana,2022,1
Fredericia,Greece,2022,2
Fredericia,Hungary,2022,15
Fredericia,Iceland,2022,8
Fredericia,Iran,2022,3
Fredericia,Ireland,2022,1
Fredericia,Italy,2022,4
Fredericia,Ivory Coast,2022,1
Fredericia,Japan,2022,1
Fredericia,Kenya,2022,1
Fredericia,Latvia,2022,2
Fredericia,Lithuania,2022,14
Fredericia,Moldova,2022,3
Fredericia,Morocco,2022,2
Fredericia,Netherlands,2022,7
Fredericia,Norway,2022,16
Fredericia,Not stated,2022,1
Fredericia,Philippines,2022,1
Fredericia,Poland,2022,57
Fredericia,Portugal,2022,4
Fredericia,Republic of North Macedonia,2022,1
Fredericia,Romania,2022,93
Fredericia,Russia,2022,2
Fredericia,Serbia,2022,15
Fredericia,South Korea,2022,1
Fredericia,Spain,2022,3
Fredericia,Sri Lanka,2022,2
Fredericia,Stateless,2022,1
Fredericia,Sweden,2022,4
Fredericia,Syria,2022,4
Fredericia,Thailand,2022,2
Fredericia,USA,2022,4
Fredericia,Uganda,2022,3
Fredericia,Ukraine,2022,227
Fredericia,United Kingdom,2022,3
Fredericia,Vietnam,2022,2
Frederiksberg,Afghanistan,2022,18
Frederiksberg,Albania,2022,7
Frederiksberg,Argentina,2022,28
Frederiksberg,Australia,2022,52
Frederiksberg,Austria,2022,21
Frederiksberg,Bangladesh,2022,3
Frederiksberg,Belarus,2022,2
Frederiksberg,Belgium,2022,35
Frederiksberg,Brazil,2022,47
Frederiksberg,Bulgaria,2022,10
Frederiksberg,Cameroon,2022,1
Frederiksberg,Canada,2022,63
Frederiksberg,Chile,2022,17
Frederiksberg,China,2022,132
Frederiksberg,Colombia,2022,9
Frederiksberg,Croatia,2022,11
Frederiksberg,Cyprus,2022,3
Frederiksberg,Czech Republic,2022,8
Frederiksberg,Denmark,2022,525
Frederiksberg,Ecuador,2022,1
Frederiksberg,Egypt,2022,5
Frederiksberg,Eritrea,2022,1
Frederiksberg,Estonia,2022,1
Frederiksberg,Ethiopia,2022,6
Frederiksberg,Finland,2022,30
Frederiksberg,France,2022,141
Frederiksberg,Georgia,2022,2
Frederiksberg,Germany,2022,207
Frederiksberg,Ghana,2022,4
Frederiksberg,Greece,2022,32
Frederiksberg,Guatemala,2022,1
Frederiksberg,Haiti,2022,2
Frederiksberg,Hungary,2022,17
Frederiksberg,Iceland,2022,36
Frederiksberg,India,2022,184
Frederiksberg,Indonesia,2022,9
Frederiksberg,Iran,2022,21
Frederiksberg,Iraq,2022,2
Frederiksberg,Ireland,2022,32
Frederiksberg,Israel,2022,1
Frederiksberg,Italy,2022,191
Frederiksberg,Japan,2022,28
Frederiksberg,Jordan,2022,1
Frederiksberg,Kazakhstan,2022,1
Frederiksberg,Kyrgyzstan,2022,1
Frederiksberg,Latvia,2022,2
Frederiksberg,Lebanon,2022,8
Frederiksberg,Liechtenstein,2022,1
Frederiksberg,Lithuania,2022,7
Frederiksberg,Luxembourg,2022,5
Frederiksberg,Malaysia,2022,6
Frederiksberg,Mauritius,2022,2
Frederiksberg,Mexico,2022,23
Frederiksberg,Mongolia,2022,1
Frederiksberg,Morocco,2022,3
Frederiksberg,Myanmar,2022,3
Frederiksberg,Nepal,2022,11
Frederiksberg,Netherlands,2022,65
Frederiksberg,New Zealand,2022,15
Frederiksberg,Nicaragua,2022,2
Frederiksberg,Nigeria,2022,4
Frederiksberg,Norway,2022,147
Frederiksberg,Not stated,2022,10
Frederiksberg,Oman,2022,1
Frederiksberg,Pakistan,2022,5
Frederiksberg,Paraguay,2022,1
Frederiksberg,Peru,2022,1
Frederiksberg,Philippines,2022,26
Frederiksberg,Poland,2022,56
Frederiksberg,Portugal,2022,40
Frederiksberg,Republic of North Macedonia,2022,3
Frederiksberg,Romania,2022,25
Frederiksberg,Russia,2022,34
Frederiksberg,Rwanda,2022,1
Frederiksberg,Senegal,2022,1
Frederiksberg,Serbia,2022,6
Frederiksberg,Singapore,2022,49
Frederiksberg,Slovakia,2022,5
Frederiksberg,Slovenia,2022,7
Frederiksberg,Somalia,2022,1
Frederiksberg,South Africa,2022,7
Frederiksberg,South Korea,2022,18
Frederiksberg,Spain,2022,81
Frederiksberg,Sri Lanka,2022,1
Frederiksberg,Stateless,2022,3
Frederiksberg,Sweden,2022,118
Frederiksberg,Switzerland,2022,38
Frederiksberg,Syria,2022,3
Frederiksberg,Taiwan,2022,11
Frederiksberg,Tanzania,2022,1
Frederiksberg,Thailand,2022,18
Frederiksberg,Tunisia,2022,1
Frederiksberg,Turkey,2022,30
Frederiksberg,USA,2022,343
Frederiksberg,Uganda,2022,3
Frederiksberg,Ukraine,2022,515
Frederiksberg,United Kingdom,2022,86
Frederiksberg,Uruguay,2022,1
Frederiksberg,Uzbekistan,2022,4
Frederiksberg,Venezuela,2022,1
Frederiksberg,Vietnam,2022,10
Frederiksberg,Yemen,2022,5
Frederiksberg,Zimbabwe,2022,2
Frederikshavn,Afghanistan,2022,8
Frederikshavn,Argentina,2022,1
Frederikshavn,Australia,2022,1
Frederikshavn,Brazil,2022,1
Frederikshavn,Bulgaria,2022,5
Frederikshavn,Burundi,2022,1
Frederikshavn,Chile,2022,1
Frederikshavn,China,2022,2
Frederikshavn,Cyprus,2022,2
Frederikshavn,Czech Republic,2022,2
Frederikshavn,Denmark,2022,133
Frederikshavn,Eritrea,2022,4
Frederikshavn,Ethiopia,2022,4
Frederikshavn,Finland,2022,3
Frederikshavn,Germany,2022,21
Frederikshavn,Hungary,2022,5
Frederikshavn,India,2022,2
Frederikshavn,Indonesia,2022,8
Frederikshavn,Iraq,2022,2
Frederikshavn,Ireland,2022,1
Frederikshavn,Italy,2022,3
Frederikshavn,Latvia,2022,9
Frederikshavn,Lithuania,2022,29
Frederikshavn,Moldova,2022,6
Frederikshavn,Morocco,2022,1
Frederikshavn,Myanmar,2022,1
Frederikshavn,Netherlands,2022,6
Frederikshavn,Norway,2022,20
Frederikshavn,Not stated,2022,1
Frederikshavn,Philippines,2022,3
Frederikshavn,Poland,2022,59
Frederikshavn,Portugal,2022,2
Frederikshavn,Romania,2022,148
Frederikshavn,Russia,2022,4
Frederikshavn,Serbia,2022,3
Frederikshavn,Spain,2022,4
Frederikshavn,Sri Lanka,2022,1
Frederikshavn,Sweden,2022,23
Frederikshavn,Syria,2022,7
Frederikshavn,Thailand,2022,2
Frederikshavn,Turkey,2022,1
Frederikshavn,USA,2022,3
Frederikshavn,Uganda,2022,2
Frederikshavn,Ukraine,2022,387
Frederikshavn,United Kingdom,2022,3
Frederikshavn,Vietnam,2022,4
Frederikssund,Afghanistan,2022,10
Frederikssund,Austria,2022,1
Frederikssund,Bangladesh,2022,2
Frederikssund,Bosnia and Herzegovina,2022,1
Frederikssund,Brazil,2022,1
Frederikssund,Bulgaria,2022,31
Frederikssund,Burundi,2022,3
Frederikssund,Croatia,2022,2
Frederikssund,Denmark,2022,71
Frederikssund,Eritrea,2022,1
Frederikssund,Germany,2022,2
Frederikssund,Hungary,2022,3
Frederikssund,India,2022,3
Frederikssund,Iran,2022,5
Frederikssund,Iraq,2022,1
Frederikssund,Ireland,2022,13
Frederikssund,Italy,2022,1
Frederikssund,Japan,2022,1
Frederikssund,Kosovo,2022,1
Frederikssund,Latvia,2022,1
Frederikssund,Lithuania,2022,9
Frederikssund,Mexico,2022,1
Frederikssund,Nepal,2022,2
Frederikssund,Netherlands,2022,4
Frederikssund,Nigeria,2022,1
Frederikssund,Norway,2022,5
Frederikssund,Pakistan,2022,1
Frederikssund,Philippines,2022,3
Frederikssund,Poland,2022,44
Frederikssund,Portugal,2022,2
Frederikssund,Romania,2022,36
Frederikssund,Spain,2022,5
Frederikssund,Stateless,2022,1
Frederikssund,Sweden,2022,8
Frederikssund,Syria,2022,11
Frederikssund,Thailand,2022,1
Frederikssund,Turkey,2022,13
Frederikssund,USA,2022,3
Frederikssund,Ukraine,2022,222
Frederikssund,United Kingdom,2022,2
Frederikssund,Vietnam,2022,1
Furesø,Afghanistan,2022,5
Furesø,Albania,2022,2
Furesø,Australia,2022,1
Furesø,Austria,2022,1
Furesø,Belgium,2022,1
Furesø,Brazil,2022,2
Furesø,Bulgaria,2022,31
Furesø,Cameroon,2022,2
Furesø,Canada,2022,2
Furesø,Chile,2022,4
Furesø,China,2022,1
Furesø,Croatia,2022,3
Furesø,Cyprus,2022,4
Furesø,Denmark,2022,105
Furesø,Eritrea,2022,1
Furesø,Finland,2022,2
Furesø,France,2022,6
Furesø,Germany,2022,8
Furesø,Ghana,2022,5
Furesø,Greece,2022,6
Furesø,Guatemala,2022,1
Furesø,Hungary,2022,13
Furesø,Iceland,2022,1
Furesø,India,2022,20
Furesø,Iran,2022,7
Furesø,Italy,2022,11
Furesø,Ivory Coast,2022,2
Furesø,Jordan,2022,1
Furesø,Latvia,2022,1
Furesø,Lithuania,2022,5
Furesø,Malaysia,2022,4
Furesø,Mali,2022,1
Furesø,Mexico,2022,1
Furesø,Moldova,2022,4
Furesø,Morocco,2022,2
Furesø,Nepal,2022,5
Furesø,Netherlands,2022,2
Furesø,Nigeria,2022,4
Furesø,Norway,2022,5
Furesø,Pakistan,2022,8
Furesø,Panama,2022,1
Furesø,Philippines,2022,8
Furesø,Poland,2022,36
Furesø,Portugal,2022,5
Furesø,Republic of North Macedonia,2022,4
Furesø,Romania,2022,26
Furesø,Russia,2022,3
Furesø,Slovakia,2022,3
Furesø,Spain,2022,16
Furesø,Sweden,2022,16
Furesø,Syria,2022,5
Furesø,Turkey,2022,3
Furesø,USA,2022,12
Furesø,Ukraine,2022,159
Furesø,United Kingdom,2022,7
Gentofte,Afghanistan,2022,24
Gentofte,Albania,2022,5
Gentofte,Algeria,2022,3
Gentofte,Argentina,2022,11
Gentofte,Armenia,2022,1
Gentofte,Australia,2022,12
Gentofte,Austria,2022,5
Gentofte,Azerbaijan,2022,1
Gentofte,Bangladesh,2022,2
Gentofte,Belarus,2022,2
Gentofte,Belgium,2022,6
Gentofte,Brazil,2022,23
Gentofte,Bulgaria,2022,12
Gentofte,Canada,2022,8
Gentofte,Chile,2022,7
Gentofte,China,2022,38
Gentofte,Colombia,2022,1
Gentofte,Costa Rica,2022,1
Gentofte,Croatia,2022,2
Gentofte,Cuba,2022,1
Gentofte,Czech Republic,2022,4
Gentofte,Denmark,2022,390
Gentofte,Ecuador,2022,2
Gentofte,Egypt,2022,7
Gentofte,Eritrea,2022,8
Gentofte,Ethiopia,2022,1
Gentofte,Finland,2022,8
Gentofte,France,2022,39
Gentofte,Germany,2022,49
Gentofte,Ghana,2022,1
Gentofte,Greece,2022,4
Gentofte,Hungary,2022,4
Gentofte,Iceland,2022,8
Gentofte,India,2022,88
Gentofte,Indonesia,2022,4
Gentofte,Iran,2022,33
Gentofte,Iraq,2022,1
Gentofte,Ireland,2022,4
Gentofte,Israel,2022,11
Gentofte,Italy,2022,63
Gentofte,Ivory Coast,2022,2
Gentofte,Japan,2022,15
Gentofte,Jordan,2022,2
Gentofte,Kenya,2022,3
Gentofte,Latvia,2022,4
Gentofte,Lithuania,2022,28
Gentofte,Malaysia,2022,1
Gentofte,Malta,2022,1
Gentofte,Mexico,2022,6
Gentofte,Morocco,2022,1
Gentofte,Nepal,2022,7
Gentofte,Netherlands,2022,33
Gentofte,New Zealand,2022,1
Gentofte,Nicaragua,2022,1
Gentofte,Norway,2022,10
Gentofte,Pakistan,2022,6
Gentofte,Panama,2022,3
Gentofte,Philippines,2022,138
Gentofte,Poland,2022,46
Gentofte,Portugal,2022,27
Gentofte,Republic of North Macedonia,2022,2
Gentofte,Romania,2022,18
Gentofte,Russia,2022,21
Gentofte,Saudi Arabia,2022,1
Gentofte,Serbia,2022,1
Gentofte,Singapore,2022,1
Gentofte,Slovakia,2022,2
Gentofte,Slovenia,2022,2
Gentofte,South Africa,2022,9
Gentofte,South Korea,2022,12
Gentofte,Spain,2022,32
Gentofte,Sri Lanka,2022,2
Gentofte,Stateless,2022,2
Gentofte,Sweden,2022,20
Gentofte,Switzerland,2022,6
Gentofte,Syria,2022,1
Gentofte,Thailand,2022,8
Gentofte,Turkey,2022,19
Gentofte,USA,2022,51
Gentofte,Ukraine,2022,390
Gentofte,United Kingdom,2022,44
Gentofte,Uruguay,2022,2
Gentofte,Venezuela,2022,1
Gentofte,Vietnam,2022,3
Gentofte,Zimbabwe,2022,2
Gladsaxe,Afghanistan,2022,6
Gladsaxe,Albania,2022,5
Gladsaxe,Algeria,2022,1
Gladsaxe,Argentina,2022,20
Gladsaxe,Armenia,2022,1
Gladsaxe,Australia,2022,3
Gladsaxe,Austria,2022,1
Gladsaxe,Azerbaijan,2022,1
Gladsaxe,Bangladesh,2022,10
Gladsaxe,Belgium,2022,2
Gladsaxe,Bosnia and Herzegovina,2022,1
Gladsaxe,Brazil,2022,21
Gladsaxe,Bulgaria,2022,28
Gladsaxe,Cameroon,2022,3
Gladsaxe,Chile,2022,7
Gladsaxe,China,2022,15
Gladsaxe,Colombia,2022,1
Gladsaxe,"Congo, Democratic Republic",2022,1
Gladsaxe,Croatia,2022,15
Gladsaxe,Cyprus,2022,2
Gladsaxe,Czech Republic,2022,9
Gladsaxe,Denmark,2022,227
Gladsaxe,Ecuador,2022,2
Gladsaxe,Egypt,2022,4
Gladsaxe,Eritrea,2022,7
Gladsaxe,Estonia,2022,1
Gladsaxe,Ethiopia,2022,1
Gladsaxe,Finland,2022,6
Gladsaxe,France,2022,10
Gladsaxe,Germany,2022,26
Gladsaxe,Ghana,2022,5
Gladsaxe,Greece,2022,23
Gladsaxe,Hungary,2022,9
Gladsaxe,Iceland,2022,11
Gladsaxe,India,2022,142
Gladsaxe,Indonesia,2022,1
Gladsaxe,Iran,2022,86
Gladsaxe,Iraq,2022,8
Gladsaxe,Ireland,2022,10
Gladsaxe,Italy,2022,64
Gladsaxe,Japan,2022,1
Gladsaxe,Kazakhstan,2022,1
Gladsaxe,Kenya,2022,2
Gladsaxe,Kosovo,2022,1
Gladsaxe,Latvia,2022,5
Gladsaxe,Lebanon,2022,2
Gladsaxe,Lithuania,2022,39
Gladsaxe,Malaysia,2022,3
Gladsaxe,Mexico,2022,10
Gladsaxe,Moldova,2022,1
Gladsaxe,Montenegro,2022,2
Gladsaxe,Morocco,2022,5
Gladsaxe,Nepal,2022,57
Gladsaxe,Netherlands,2022,13
Gladsaxe,Nigeria,2022,4
Gladsaxe,Norway,2022,4
Gladsaxe,Not stated,2022,7
Gladsaxe,Pakistan,2022,14
Gladsaxe,Panama,2022,1
Gladsaxe,Peru,2022,1
Gladsaxe,Philippines,2022,7
Gladsaxe,Poland,2022,46
Gladsaxe,Portugal,2022,33
Gladsaxe,Republic of North Macedonia,2022,14
Gladsaxe,Romania,2022,59
Gladsaxe,Russia,2022,15
Gladsaxe,Serbia,2022,7
Gladsaxe,Slovakia,2022,7
Gladsaxe,Somalia,2022,3
Gladsaxe,South Korea,2022,3
Gladsaxe,Spain,2022,28
Gladsaxe,Stateless,2022,3
Gladsaxe,Sweden,2022,23
Gladsaxe,Thailand,2022,5
Gladsaxe,Turkey,2022,15
Gladsaxe,USA,2022,32
Gladsaxe,Ukraine,2022,252
Gladsaxe,United Kingdom,2022,6
Gladsaxe,Uruguay,2022,1
Gladsaxe,Uzbekistan,2022,1
Gladsaxe,Venezuela,2022,2
Gladsaxe,Vietnam,2022,4
Gladsaxe,Zimbabwe,2022,4
Glostrup,Argentina,2022,1
Glostrup,Australia,2022,1
Glostrup,Bangladesh,2022,7
Glostrup,Belarus,2022,1
Glostrup,Belgium,2022,1
Glostrup,Brazil,2022,3
Glostrup,Bulgaria,2022,33
Glostrup,Colombia,2022,1
Glostrup,Croatia,2022,2
Glostrup,Cyprus,2022,2
Glostrup,Denmark,2022,55
Glostrup,Egypt,2022,2
Glostrup,France,2022,3
Glostrup,Germany,2022,6
Glostrup,Hungary,2022,5
Glostrup,India,2022,66
Glostrup,Iran,2022,20
Glostrup,Ireland,2022,8
Glostrup,Italy,2022,12
Glostrup,Jordan,2022,1
Glostrup,Latvia,2022,1
Glostrup,Lithuania,2022,8
Glostrup,Moldova,2022,1
Glostrup,Montenegro,2022,2
Glostrup,Nepal,2022,26
Glostrup,Nigeria,2022,1
Glostrup,Norway,2022,7
Glostrup,Not stated,2022,1
Glostrup,Pakistan,2022,10
Glostrup,Philippines,2022,2
Glostrup,Poland,2022,9
Glostrup,Portugal,2022,19
Glostrup,Republic of North Macedonia,2022,1
Glostrup,Romania,2022,69
Glostrup,Russia,2022,1
Glostrup,Serbia,2022,1
Glostrup,Slovakia,2022,2
Glostrup,South Africa,2022,2
Glostrup,Spain,2022,8
Glostrup,Sweden,2022,14
Glostrup,Syria,2022,3
Glostrup,Tunisia,2022,1
Glostrup,Turkey,2022,3
Glostrup,USA,2022,9
Glostrup,Uganda,2022,1
Glostrup,Ukraine,2022,79
Glostrup,Yugoslavia,2022,1
Greve,Afghanistan,2022,4
Greve,Albania,2022,1
Greve,Armenia,2022,1
Greve,Bangladesh,2022,17
Greve,Belgium,2022,2
Greve,Bulgaria,2022,25
Greve,China,2022,1
Greve,Colombia,2022,1
Greve,Czech Republic,2022,3
Greve,Denmark,2022,119
Greve,Dominican Republic,2022,1
Greve,Eritrea,2022,1
Greve,Ethiopia,2022,1
Greve,Finland,2022,2
Greve,France,2022,7
Greve,Georgia,2022,1
Greve,Germany,2022,9
Greve,Ghana,2022,3
Greve,Greece,2022,1
Greve,Hungary,2022,4
Greve,India,2022,11
Greve,Iran,2022,6
Greve,Iraq,2022,4
Greve,Ireland,2022,3
Greve,Italy,2022,12
Greve,Kyrgyzstan,2022,1
Greve,Lebanon,2022,1
Greve,Lithuania,2022,6
Greve,Nepal,2022,12
Greve,Norway,2022,2
Greve,Not stated,2022,1
Greve,Philippines,2022,2
Greve,Poland,2022,52
Greve,Portugal,2022,10
Greve,Romania,2022,32
Greve,Russia,2022,6
Greve,Serbia,2022,2
Greve,Slovakia,2022,5
Greve,Spain,2022,14
Greve,Sri Lanka,2022,4
Greve,Sweden,2022,12
Greve,Syria,2022,2
Greve,Thailand,2022,2
Greve,Turkey,2022,3
Greve,USA,2022,27
Greve,Ukraine,2022,208
Greve,United Kingdom,2022,4
Greve,Venezuela,2022,1
Greve,Vietnam,2022,2
Gribskov,Afghanistan,2022,9
Gribskov,Australia,2022,2
Gribskov,Bulgaria,2022,10
Gribskov,Canada,2022,1
Gribskov,China,2022,1
Gribskov,"Congo, Democratic Republic",2022,4
Gribskov,Czech Republic,2022,1
Gribskov,Denmark,2022,154
Gribskov,Finland,2022,1
Gribskov,Germany,2022,5
Gribskov,Greece,2022,2
Gribskov,Hungary,2022,4
Gribskov,Iceland,2022,10
Gribskov,Italy,2022,2
Gribskov,Latvia,2022,2
Gribskov,Lebanon,2022,1
Gribskov,Lithuania,2022,14
Gribskov,Moldova,2022,1
Gribskov,Netherlands,2022,1
Gribskov,Nigeria,2022,1
Gribskov,Norway,2022,7
Gribskov,Not stated,2022,3
Gribskov,Philippines,2022,1
Gribskov,Poland,2022,30
Gribskov,Republic of North Macedonia,2022,1
Gribskov,Romania,2022,44
Gribskov,Russia,2022,3
Gribskov,Slovenia,2022,1
Gribskov,South Korea,2022,1
Gribskov,Spain,2022,3
Gribskov,Sri Lanka,2022,1
Gribskov,Stateless,2022,2
Gribskov,Sweden,2022,6
Gribskov,Syria,2022,7
Gribskov,Thailand,2022,5
Gribskov,USA,2022,3
Gribskov,Ukraine,2022,213
Gribskov,United Kingdom,2022,1
Gribskov,Vietnam,2022,1
Guldborgsund,Afghanistan,2022,6
Guldborgsund,Argentina,2022,1
Guldborgsund,Austria,2022,1
Guldborgsund,Azerbaijan,2022,1
Guldborgsund,Belarus,2022,2
Guldborgsund,Belgium,2022,1
Guldborgsund,Bosnia and Herzegovina,2022,2
Guldborgsund,Brazil,2022,1
Guldborgsund,Bulgaria,2022,44
Guldborgsund,Chile,2022,1
Guldborgsund,Croatia,2022,11
Guldborgsund,Czech Republic,2022,1
Guldborgsund,Denmark,2022,109
Guldborgsund,Eritrea,2022,1
Guldborgsund,Estonia,2022,1
Guldborgsund,France,2022,6
Guldborgsund,Germany,2022,10
Guldborgsund,Greece,2022,4
Guldborgsund,Hungary,2022,7
Guldborgsund,Iceland,2022,4
Guldborgsund,India,2022,1
Guldborgsund,Iran,2022,11
Guldborgsund,Iraq,2022,4
Guldborgsund,Italy,2022,11
Guldborgsund,Japan,2022,1
Guldborgsund,Kosovo,2022,1
Guldborgsund,Kyrgyzstan,2022,3
Guldborgsund,Latvia,2022,5
Guldborgsund,Lebanon,2022,1
Guldborgsund,Lithuania,2022,6
Guldborgsund,Mexico,2022,7
Guldborgsund,Netherlands,2022,2
Guldborgsund,Norway,2022,3
Guldborgsund,Not stated,2022,2
Guldborgsund,Peru,2022,1
Guldborgsund,Philippines,2022,11
Guldborgsund,Poland,2022,38
Guldborgsund,Portugal,2022,2
Guldborgsund,Republic of North Macedonia,2022,1
Guldborgsund,Romania,2022,78
Guldborgsund,Russia,2022,2
Guldborgsund,Singapore,2022,1
Guldborgsund,Slovakia,2022,1
Guldborgsund,Slovenia,2022,1
Guldborgsund,Spain,2022,7
Guldborgsund,Sweden,2022,12
Guldborgsund,Syria,2022,1
Guldborgsund,Thailand,2022,1
Guldborgsund,Turkey,2022,2
Guldborgsund,USA,2022,3
Guldborgsund,Uganda,2022,1
Guldborgsund,Ukraine,2022,313
Guldborgsund,United Kingdom,2022,3
Guldborgsund,Vietnam,2022,5
Haderslev,Afghanistan,2022,18
Haderslev,Austria,2022,3
Haderslev,Belarus,2022,5
Haderslev,Belgium,2022,6
Haderslev,Brazil,2022,12
Haderslev,Bulgaria,2022,4
Haderslev,Canada,2022,5
Haderslev,"Congo, Democratic Republic",2022,2
Haderslev,Croatia,2022,3
Haderslev,Czech Republic,2022,1
Haderslev,Denmark,2022,138
Haderslev,Egypt,2022,1
Haderslev,France,2022,3
Haderslev,Germany,2022,153
Haderslev,Greece,2022,3
Haderslev,Guatemala,2022,1
Haderslev,Hungary,2022,8
Haderslev,Iceland,2022,4
Haderslev,India,2022,3
Haderslev,Indonesia,2022,1
Haderslev,Iran,2022,7
Haderslev,Ireland,2022,2
Haderslev,Israel,2022,1
Haderslev,Italy,2022,9
Haderslev,Japan,2022,3
Haderslev,Kenya,2022,1
Haderslev,Kosovo,2022,1
Haderslev,Latvia,2022,26
Haderslev,Lebanon,2022,3
Haderslev,Lithuania,2022,8
Haderslev,Mali,2022,1
Haderslev,Mexico,2022,1
Haderslev,Moldova,2022,2
Haderslev,Montenegro,2022,1
Haderslev,Netherlands,2022,7
Haderslev,Nicaragua,2022,1
Haderslev,Norway,2022,8
Haderslev,Not stated,2022,1
Haderslev,Panama,2022,2
Haderslev,Philippines,2022,2
Haderslev,Poland,2022,31
Haderslev,Portugal,2022,4
Haderslev,Republic of North Macedonia,2022,1
Haderslev,Romania,2022,121
Haderslev,Russia,2022,3
Haderslev,Rwanda,2022,1
Haderslev,Serbia,2022,4
Haderslev,Slovakia,2022,4
Haderslev,Slovenia,2022,1
Haderslev,South Africa,2022,1
Haderslev,Spain,2022,17
Haderslev,Stateless,2022,1
Haderslev,Sweden,2022,11
Haderslev,Syria,2022,2
Haderslev,Thailand,2022,2
Haderslev,USA,2022,11
Haderslev,Uganda,2022,1
Haderslev,Ukraine,2022,403
Haderslev,United Kingdom,2022,1
Haderslev,Uzbekistan,2022,1
Haderslev,Vietnam,2022,15
Haderslev,Zambia,2022,2
Halsnæs,Afghanistan,2022,1
Halsnæs,Argentina,2022,2
Halsnæs,Australia,2022,1
Halsnæs,Belarus,2022,1
Halsnæs,Belgium,2022,2
Halsnæs,Bosnia and Herzegovina,2022,2
Halsnæs,Bulgaria,2022,28
Halsnæs,China,2022,2
Halsnæs,Croatia,2022,5
Halsnæs,Denmark,2022,75
Halsnæs,France,2022,1
Halsnæs,Germany,2022,4
Halsnæs,Hungary,2022,3
Halsnæs,Iran,2022,2
Halsnæs,Italy,2022,3
Halsnæs,Latvia,2022,1
Halsnæs,Lithuania,2022,6
Halsnæs,Moldova,2022,4
Halsnæs,Not stated,2022,1
Halsnæs,Pakistan,2022,4
Halsnæs,Philippines,2022,2
Halsnæs,Poland,2022,21
Halsnæs,Portugal,2022,1
Halsnæs,Republic of North Macedonia,2022,1
Halsnæs,Romania,2022,95
Halsnæs,Russia,2022,2
Halsnæs,Serbia,2022,5
Halsnæs,Sierra Leone,2022,1
Halsnæs,Slovakia,2022,3
Halsnæs,Spain,2022,1
Halsnæs,Sweden,2022,2
Halsnæs,Thailand,2022,1
Halsnæs,USA,2022,2
Halsnæs,Ukraine,2022,139
Halsnæs,United Kingdom,2022,4
Hedensted,Afghanistan,2022,15
Hedensted,Belarus,2022,1
Hedensted,Belgium,2022,5
Hedensted,Bulgaria,2022,8
Hedensted,China,2022,1
Hedensted,Croatia,2022,1
Hedensted,Denmark,2022,134
Hedensted,Ecuador,2022,1
Hedensted,Estonia,2022,1
Hedensted,France,2022,3
Hedensted,Georgia,2022,1
Hedensted,Germany,2022,6
Hedensted,Greece,2022,1
Hedensted,Hungary,2022,8
Hedensted,Iceland,2022,2
Hedensted,India,2022,1
Hedensted,Indonesia,2022,1
Hedensted,Ireland,2022,1
Hedensted,Italy,2022,9
Hedensted,Japan,2022,1
Hedensted,Kosovo,2022,1
Hedensted,Latvia,2022,44
Hedensted,Lithuania,2022,14
Hedensted,Mexico,2022,2
Hedensted,Nigeria,2022,1
Hedensted,North Korea,2022,2
Hedensted,Norway,2022,2
Hedensted,Not stated,2022,1
Hedensted,Peru,2022,1
Hedensted,Philippines,2022,1
Hedensted,Poland,2022,89
Hedensted,Portugal,2022,1
Hedensted,Romania,2022,95
Hedensted,Serbia,2022,1
Hedensted,Spain,2022,4
Hedensted,Sweden,2022,1
Hedensted,Switzerland,2022,1
Hedensted,Syria,2022,7
Hedensted,Thailand,2022,1
Hedensted,Turkey,2022,1
Hedensted,Turkmenistan,2022,1
Hedensted,USA,2022,4
Hedensted,Ukraine,2022,242
Helsingør,Afghanistan,2022,5
Helsingør,Albania,2022,1
Helsingør,Australia,2022,2
Helsingør,Belarus,2022,1
Helsingør,Belgium,2022,21
Helsingør,Brazil,2022,3
Helsingør,Bulgaria,2022,7
Helsingør,Cameroon,2022,1
Helsingør,Canada,2022,2
Helsingør,Central African Republic,2022,1
Helsingør,China,2022,1
Helsingør,Colombia,2022,2
Helsingør,Croatia,2022,2
Helsingør,Cuba,2022,1
Helsingør,Denmark,2022,213
Helsingør,Egypt,2022,2
Helsingør,Estonia,2022,2
Helsingør,Ethiopia,2022,1
Helsingør,Finland,2022,1
Helsingør,France,2022,10
Helsingør,Germany,2022,19
Helsingør,Ghana,2022,2
Helsingør,Greece,2022,2
Helsingør,Guinea,2022,1
Helsingør,Hungary,2022,3
Helsingør,Iceland,2022,3
Helsingør,India,2022,10
Helsingør,Iran,2022,2
Helsingør,Iraq,2022,2
Helsingør,Ireland,2022,3
Helsingør,Israel,2022,1
Helsingør,Italy,2022,15
Helsingør,Japan,2022,19
Helsingør,Kenya,2022,1
Helsingør,Latvia,2022,5
Helsingør,Lebanon,2022,5
Helsingør,Lithuania,2022,21
Helsingør,Mexico,2022,8
Helsingør,Nepal,2022,3
Helsingør,Netherlands,2022,13
Helsingør,North Korea,2022,1
Helsingør,Norway,2022,5
Helsingør,Not stated,2022,2
Helsingør,Pakistan,2022,1
Helsingør,Philippines,2022,7
Helsingør,Poland,2022,12
Helsingør,Portugal,2022,2
Helsingør,Romania,2022,18
Helsingør,Russia,2022,4
Helsingør,Serbia,2022,9
Helsingør,Slovakia,2022,3
Helsingør,South Korea,2022,10
Helsingør,Spain,2022,8
Helsingør,Stateless,2022,1
Helsingør,Sweden,2022,25
Helsingør,Switzerland,2022,1
Helsingør,Thailand,2022,2
Helsingør,Turkey,2022,7
Helsingør,USA,2022,10
Helsingør,Uganda,2022,1
Helsingør,Ukraine,2022,263
Helsingør,United Kingdom,2022,8
Helsingør,Uzbekistan,2022,1
Helsingør,Vietnam,2022,5
Helsingør,Yemen,2022,1
Herlev,Albania,2022,1
Herlev,Argentina,2022,3
Herlev,Azerbaijan,2022,6
Herlev,Bangladesh,2022,6
Herlev,Belgium,2022,1
Herlev,Bosnia and Herzegovina,2022,1
Herlev,Brazil,2022,2
Herlev,Bulgaria,2022,18
Herlev,Burundi,2022,1
Herlev,Canada,2022,1
Herlev,China,2022,11
Herlev,Croatia,2022,2
Herlev,Czech Republic,2022,1
Herlev,Denmark,2022,77
Herlev,Egypt,2022,1
Herlev,Finland,2022,4
Herlev,France,2022,3
Herlev,Georgia,2022,3
Herlev,Germany,2022,4
Herlev,Ghana,2022,10
Herlev,Greece,2022,5
Herlev,Hungary,2022,1
Herlev,Iceland,2022,4
Herlev,India,2022,89
Herlev,Iran,2022,13
Herlev,Iraq,2022,1
Herlev,Ireland,2022,2
Herlev,Israel,2022,1
Herlev,Italy,2022,8
Herlev,Lithuania,2022,8
Herlev,Moldova,2022,2
Herlev,Myanmar,2022,1
Herlev,Nepal,2022,14
Herlev,Netherlands,2022,3
Herlev,North Korea,2022,1
Herlev,Norway,2022,3
Herlev,Not stated,2022,1
Herlev,Peru,2022,1
Herlev,Philippines,2022,1
Herlev,Poland,2022,19
Herlev,Portugal,2022,9
Herlev,Republic of North Macedonia,2022,2
Herlev,Romania,2022,7
Herlev,Russia,2022,8
Herlev,Serbia,2022,1
Herlev,Slovenia,2022,1
Herlev,Spain,2022,11
Herlev,Sri Lanka,2022,1
Herlev,Sweden,2022,19
Herlev,Syria,2022,1
Herlev,Taiwan,2022,2
Herlev,Thailand,2022,2
Herlev,Turkey,2022,3
Herlev,USA,2022,15
Herlev,Uganda,2022,3
Herlev,Ukraine,2022,113
Herlev,United Kingdom,2022,1
Herlev,Vietnam,2022,2
Herning,Afghanistan,2022,18
Herning,Argentina,2022,2
Herning,Austria,2022,3
Herning,Bangladesh,2022,1
Herning,Belgium,2022,1
Herning,Bosnia and Herzegovina,2022,1
Herning,Brazil,2022,8
Herning,Bulgaria,2022,43
Herning,Canada,2022,5
Herning,China,2022,7
Herning,Colombia,2022,3
Herning,"Congo, Democratic Republic",2022,7
Herning,Croatia,2022,4
Herning,Cuba,2022,1
Herning,Czech Republic,2022,4
Herning,Denmark,2022,182
Herning,Eritrea,2022,2
Herning,Estonia,2022,2
Herning,Finland,2022,5
Herning,France,2022,6
Herning,Germany,2022,18
Herning,Greece,2022,8
Herning,Guinea,2022,1
Herning,Hungary,2022,14
Herning,Iceland,2022,10
Herning,India,2022,16
Herning,Iran,2022,16
Herning,Iraq,2022,5
Herning,Ireland,2022,2
Herning,Italy,2022,25
Herning,Ivory Coast,2022,1
Herning,Japan,2022,2
Herning,Jordan,2022,1
Herning,Kazakhstan,2022,1
Herning,Kyrgyzstan,2022,2
Herning,Latvia,2022,27
Herning,Lithuania,2022,10
Herning,Moldova,2022,8
Herning,Myanmar,2022,1
Herning,Nepal,2022,3
Herning,Netherlands,2022,17
Herning,New Zealand,2022,1
Herning,Norway,2022,4
Herning,Not stated,2022,2
Herning,Pakistan,2022,1
Herning,Paraguay,2022,1
Herning,Peru,2022,1
Herning,Philippines,2022,10
Herning,Poland,2022,125
Herning,Portugal,2022,9
Herning,Republic of North Macedonia,2022,1
Herning,Romania,2022,124
Herning,Russia,2022,7
Herning,Serbia,2022,1
Herning,Slovakia,2022,21
Herning,Slovenia,2022,1
Herning,South Korea,2022,1
Herning,Spain,2022,9
Herning,Sri Lanka,2022,4
Herning,Sweden,2022,6
Herning,Syria,2022,7
Herning,Thailand,2022,6
Herning,Turkey,2022,12
Herning,USA,2022,7
Herning,Uganda,2022,2
Herning,Ukraine,2022,564
Herning,United Kingdom,2022,4
Herning,Uruguay,2022,1
Herning,Uzbekistan,2022,3
Herning,Vanuatu,2022,1
Herning,Vietnam,2022,5
Herning,Yugoslavia,2022,2
Herning,"Yugoslavia, Federal Republic",2022,1
Herning,Zambia,2022,1
Hillerød,Afghanistan,2022,6
Hillerød,Argentina,2022,4
Hillerød,Australia,2022,1
Hillerød,Austria,2022,2
Hillerød,Belarus,2022,1
Hillerød,Brazil,2022,8
Hillerød,Bulgaria,2022,31
Hillerød,Canada,2022,1
Hillerød,Chile,2022,1
Hillerød,China,2022,2
Hillerød,Croatia,2022,8
Hillerød,Denmark,2022,146
Hillerød,Estonia,2022,1
Hillerød,Finland,2022,3
Hillerød,France,2022,3
Hillerød,Germany,2022,10
Hillerød,Ghana,2022,1
Hillerød,Greece,2022,3
Hillerød,Hungary,2022,6
Hillerød,Iceland,2022,1
Hillerød,India,2022,17
Hillerød,Indonesia,2022,1
Hillerød,Iran,2022,15
Hillerød,Ireland,2022,38
Hillerød,Italy,2022,12
Hillerød,Ivory Coast,2022,1
Hillerød,Jamaica,2022,1
Hillerød,Kazakhstan,2022,2
Hillerød,Kyrgyzstan,2022,2
Hillerød,Latvia,2022,11
Hillerød,Lebanon,2022,2
Hillerød,Lithuania,2022,32
Hillerød,Maldives,2022,1
Hillerød,Netherlands,2022,1
Hillerød,Norway,2022,1
Hillerød,Not stated,2022,1
Hillerød,Pakistan,2022,2
Hillerød,Panama,2022,1
Hillerød,Philippines,2022,6
Hillerød,Poland,2022,82
Hillerød,Portugal,2022,2
Hillerød,Republic of North Macedonia,2022,3
Hillerød,Romania,2022,74
Hillerød,Russia,2022,4
Hillerød,Serbia,2022,5
Hillerød,Singapore,2022,1
Hillerød,Slovakia,2022,6
Hillerød,South Korea,2022,2
Hillerød,Soviet Union,2022,1
Hillerød,Spain,2022,5
Hillerød,Sweden,2022,13
Hillerød,Thailand,2022,4
Hillerød,Turkey,2022,8
Hillerød,USA,2022,17
Hillerød,Uganda,2022,1
Hillerød,Ukraine,2022,256
Hillerød,United Kingdom,2022,26
Hillerød,Vietnam,2022,2
Hillerød,"Yugoslavia, Federal Republic",2022,1
Hjørring,Afghanistan,2022,11
Hjørring,Argentina,2022,1
Hjørring,Australia,2022,2
Hjørring,Austria,2022,1
Hjørring,Belarus,2022,1
Hjørring,Belgium,2022,11
Hjørring,Bolivia,2022,1
Hjørring,Bulgaria,2022,4
Hjørring,Cambodia,2022,1
Hjørring,China,2022,2
Hjørring,"Congo, Democratic Republic",2022,4
Hjørring,Croatia,2022,1
Hjørring,Czech Republic,2022,3
Hjørring,Denmark,2022,185
Hjørring,Finland,2022,1
Hjørring,France,2022,2
Hjørring,Germany,2022,44
Hjørring,Ghana,2022,1
Hjørring,Greece,2022,1
Hjørring,Hungary,2022,6
Hjørring,Iceland,2022,4
Hjørring,India,2022,9
Hjørring,Indonesia,2022,2
Hjørring,Iran,2022,3
Hjørring,Ireland,2022,1
Hjørring,Italy,2022,6
Hjørring,Japan,2022,26
Hjørring,Latvia,2022,2
Hjørring,Lithuania,2022,6
Hjørring,Malta,2022,1
Hjørring,Mexico,2022,1
Hjørring,Netherlands,2022,11
Hjørring,Nigeria,2022,2
Hjørring,Norway,2022,13
Hjørring,Not stated,2022,1
Hjørring,Panama,2022,2
Hjørring,Peru,2022,1
Hjørring,Philippines,2022,11
Hjørring,Poland,2022,58
Hjørring,Portugal,2022,2
Hjørring,Romania,2022,78
Hjørring,Russia,2022,4
Hjørring,Serbia,2022,4
Hjørring,Slovakia,2022,1
Hjørring,Spain,2022,9
Hjørring,Sri Lanka,2022,2
Hjørring,Stateless,2022,1
Hjørring,Sweden,2022,9
Hjørring,Syria,2022,2
Hjørring,Taiwan,2022,2
Hjørring,Thailand,2022,6
Hjørring,Turkey,2022,3
Hjørring,USA,2022,4
Hjørring,Uganda,2022,4
Hjørring,Ukraine,2022,341
Hjørring,United Arab Emirates,2022,2
Hjørring,United Kingdom,2022,1
Hjørring,Vietnam,2022,7
Holbæk,Afghanistan,2022,12
Holbæk,Argentina,2022,2
Holbæk,Australia,2022,1
Holbæk,Austria,2022,2
Holbæk,Bangladesh,2022,1
Holbæk,Belarus,2022,1
Holbæk,Belgium,2022,1
Holbæk,Bolivia,2022,1
Holbæk,Brazil,2022,3
Holbæk,Bulgaria,2022,25
Holbæk,Cameroon,2022,2
Holbæk,Canada,2022,1
Holbæk,Chile,2022,1
Holbæk,China,2022,4
Holbæk,Colombia,2022,1
Holbæk,Croatia,2022,4
Holbæk,Cyprus,2022,1
Holbæk,Czech Republic,2022,5
Holbæk,Denmark,2022,143
Holbæk,Europe not stated,2022,1
Holbæk,Finland,2022,1
Holbæk,France,2022,3
Holbæk,Germany,2022,7
Holbæk,Ghana,2022,3
Holbæk,Greece,2022,1
Holbæk,Hungary,2022,3
Holbæk,Iceland,2022,3
Holbæk,India,2022,1
Holbæk,Iran,2022,1
Holbæk,Iraq,2022,4
Holbæk,Ireland,2022,1
Holbæk,Japan,2022,2
Holbæk,Kenya,2022,1
Holbæk,Latvia,2022,5
Holbæk,Lithuania,2022,19
Holbæk,Moldova,2022,4
Holbæk,Netherlands,2022,3
Holbæk,Nicaragua,2022,1
Holbæk,Nigeria,2022,1
Holbæk,Norway,2022,4
Holbæk,Pakistan,2022,2
Holbæk,Philippines,2022,1
Holbæk,Poland,2022,49
Holbæk,Portugal,2022,3
Holbæk,Romania,2022,61
Holbæk,Russia,2022,2
Holbæk,Serbia,2022,1
Holbæk,Slovakia,2022,1
Holbæk,South Africa,2022,2
Holbæk,Spain,2022,20
Holbæk,Sweden,2022,10
Holbæk,Syria,2022,5
Holbæk,Thailand,2022,1
Holbæk,Turkey,2022,1
Holbæk,USA,2022,5
Holbæk,Uganda,2022,1
Holbæk,Ukraine,2022,346
Holbæk,United Kingdom,2022,2
Holbæk,Uzbekistan,2022,7
Holbæk,Vietnam,2022,4
Holstebro,Afghanistan,2022,9
Holstebro,Bolivia,2022,1
Holstebro,Brazil,2022,1
Holstebro,Bulgaria,2022,26
Holstebro,Canada,2022,1
Holstebro,Chile,2022,2
Holstebro,China,2022,3
Holstebro,Denmark,2022,112
Holstebro,Egypt,2022,2
Holstebro,Eritrea,2022,6
Holstebro,France,2022,2
Holstebro,Germany,2022,25
Holstebro,Greece,2022,1
Holstebro,Hungary,2022,2
Holstebro,Iceland,2022,4
Holstebro,India,2022,1
Holstebro,Iran,2022,1
Holstebro,Italy,2022,3
Holstebro,Japan,2022,2
Holstebro,Kenya,2022,4
Holstebro,Kosovo,2022,1
Holstebro,Latvia,2022,2
Holstebro,Lithuania,2022,4
Holstebro,Moldova,2022,2
Holstebro,Myanmar,2022,1
Holstebro,Netherlands,2022,7
Holstebro,Nigeria,2022,1
Holstebro,Norway,2022,7
Holstebro,Not stated,2022,1
Holstebro,Peru,2022,1
Holstebro,Philippines,2022,5
Holstebro,Poland,2022,6
Holstebro,Portugal,2022,2
Holstebro,Romania,2022,81
Holstebro,Russia,2022,2
Holstebro,Slovakia,2022,2
Holstebro,Spain,2022,6
Holstebro,Sri Lanka,2022,1
Holstebro,Stateless,2022,2
Holstebro,Sweden,2022,5
Holstebro,Switzerland,2022,2
Holstebro,Syria,2022,8
Holstebro,Taiwan,2022,1
Holstebro,Thailand,2022,13
Holstebro,Tunisia,2022,1
Holstebro,Turkey,2022,3
Holstebro,USA,2022,2
Holstebro,Uganda,2022,3
Holstebro,Ukraine,2022,346
Holstebro,United Kingdom,2022,3
Holstebro,Uzbekistan,2022,1
Holstebro,Vietnam,2022,8
Horsens,Afghanistan,2022,6
Horsens,Australia,2022,2
Horsens,Austria,2022,4
Horsens,Belarus,2022,1
Horsens,Belgium,2022,5
Horsens,Bosnia and Herzegovina,2022,3
Horsens,Brazil,2022,2
Horsens,Bulgaria,2022,39
Horsens,Canada,2022,2
Horsens,Chile,2022,7
Horsens,China,2022,14
Horsens,Colombia,2022,3
Horsens,"Congo, Democratic Republic",2022,9
Horsens,Croatia,2022,11
Horsens,Czech Republic,2022,11
Horsens,Denmark,2022,175
Horsens,Dominican Republic,2022,1
Horsens,Ecuador,2022,2
Horsens,Eritrea,2022,1
Horsens,Estonia,2022,6
Horsens,Ethiopia,2022,1
Horsens,France,2022,83
Horsens,Germany,2022,64
Horsens,Greece,2022,4
Horsens,Honduras,2022,1
Horsens,Hungary,2022,19
Horsens,Iceland,2022,20
Horsens,India,2022,17
Horsens,Indonesia,2022,2
Horsens,Iran,2022,2
Horsens,Iraq,2022,3
Horsens,Ireland,2022,2
Horsens,Italy,2022,48
Horsens,Japan,2022,1
Horsens,Kazakhstan,2022,1
Horsens,Kosovo,2022,2
Horsens,Laos,2022,1
Horsens,Latvia,2022,36
Horsens,Lebanon,2022,1
Horsens,Lithuania,2022,58
Horsens,Malaysia,2022,1
Horsens,Malta,2022,4
Horsens,Mexico,2022,1
Horsens,Moldova,2022,19
Horsens,Montenegro,2022,1
Horsens,Morocco,2022,1
Horsens,Nepal,2022,4
Horsens,Netherlands,2022,13
Horsens,Nigeria,2022,2
Horsens,North Korea,2022,1
Horsens,Norway,2022,10
Horsens,Not stated,2022,9
Horsens,Philippines,2022,12
Horsens,Poland,2022,258
Horsens,Portugal,2022,23
Horsens,Romania,2022,379
Horsens,Russia,2022,2
Horsens,Slovakia,2022,30
Horsens,Slovenia,2022,1
Horsens,Spain,2022,56
Horsens,Sri Lanka,2022,3
Horsens,Stateless,2022,1
Horsens,Sweden,2022,10
Horsens,Switzerland,2022,1
Horsens,Syria,2022,24
Horsens,Thailand,2022,3
Horsens,Turkey,2022,18
Horsens,USA,2022,7
Horsens,Uganda,2022,2
Horsens,Ukraine,2022,413
Horsens,United Kingdom,2022,8
Horsens,Uzbekistan,2022,1
Horsens,Vietnam,2022,6
Hvidovre,Afghanistan,2022,3
Hvidovre,Albania,2022,1
Hvidovre,Argentina,2022,9
Hvidovre,Australia,2022,1
Hvidovre,Bangladesh,2022,19
Hvidovre,Bolivia,2022,1
Hvidovre,Brazil,2022,1
Hvidovre,Bulgaria,2022,46
Hvidovre,Burkina Faso,2022,1
Hvidovre,Cameroon,2022,1
Hvidovre,Canada,2022,2
Hvidovre,Chile,2022,1
Hvidovre,China,2022,19
Hvidovre,Colombia,2022,1
Hvidovre,Croatia,2022,5
Hvidovre,Czech Republic,2022,6
Hvidovre,Denmark,2022,143
Hvidovre,Egypt,2022,4
Hvidovre,El Salvador,2022,1
Hvidovre,Estonia,2022,1
Hvidovre,Ethiopia,2022,1
Hvidovre,Finland,2022,3
Hvidovre,France,2022,6
Hvidovre,Georgia,2022,1
Hvidovre,Germany,2022,23
Hvidovre,Greece,2022,10
Hvidovre,Hungary,2022,4
Hvidovre,Iceland,2022,2
Hvidovre,India,2022,24
Hvidovre,Indonesia,2022,2
Hvidovre,Iran,2022,27
Hvidovre,Iraq,2022,1
Hvidovre,Ireland,2022,1
Hvidovre,Italy,2022,36
Hvidovre,Japan,2022,3
Hvidovre,Jordan,2022,2
Hvidovre,Kyrgyzstan,2022,1
Hvidovre,Latvia,2022,7
Hvidovre,Lebanon,2022,1
Hvidovre,Lithuania,2022,8
Hvidovre,Morocco,2022,2
Hvidovre,Nepal,2022,50
Hvidovre,Netherlands,2022,5
Hvidovre,Nigeria,2022,1
Hvidovre,Norway,2022,11
Hvidovre,Not stated,2022,1
Hvidovre,Pakistan,2022,8
Hvidovre,Peru,2022,2
Hvidovre,Philippines,2022,3
Hvidovre,Poland,2022,22
Hvidovre,Portugal,2022,32
Hvidovre,Republic of North Macedonia,2022,2
Hvidovre,Romania,2022,43
Hvidovre,Russia,2022,1
Hvidovre,Serbia,2022,1
Hvidovre,Singapore,2022,2
Hvidovre,Slovakia,2022,3
Hvidovre,South Africa,2022,1
Hvidovre,South Korea,2022,1
Hvidovre,Spain,2022,18
Hvidovre,Stateless,2022,3
Hvidovre,Sweden,2022,27
Hvidovre,Syria,2022,1
Hvidovre,Taiwan,2022,2
Hvidovre,Thailand,2022,2
Hvidovre,Tunisia,2022,1
Hvidovre,Turkey,2022,7
Hvidovre,USA,2022,11
Hvidovre,Ukraine,2022,212
Hvidovre,United Kingdom,2022,4
Hvidovre,Uruguay,2022,1
Hvidovre,Vietnam,2022,3
Hvidovre,Zimbabwe,2022,1
Høje-Taastrup,Afghanistan,2022,2
Høje-Taastrup,Albania,2022,2
Høje-Taastrup,Argentina,2022,2
Høje-Taastrup,Australia,2022,1
Høje-Taastrup,Austria,2022,2
Høje-Taastrup,Azerbaijan,2022,3
Høje-Taastrup,Bangladesh,2022,30
Høje-Taastrup,Belarus,2022,4
Høje-Taastrup,Belgium,2022,5
Høje-Taastrup,Bosnia and Herzegovina,2022,1
Høje-Taastrup,Brazil,2022,1
Høje-Taastrup,Bulgaria,2022,210
Høje-Taastrup,Cameroon,2022,23
Høje-Taastrup,Canada,2022,1
Høje-Taastrup,China,2022,5
Høje-Taastrup,Croatia,2022,15
Høje-Taastrup,Czech Republic,2022,4
Høje-Taastrup,Denmark,2022,144
Høje-Taastrup,Ecuador,2022,1
Høje-Taastrup,Eritrea,2022,1
Høje-Taastrup,Estonia,2022,1
Høje-Taastrup,Ethiopia,2022,1
Høje-Taastrup,France,2022,7
Høje-Taastrup,Germany,2022,7
Høje-Taastrup,Ghana,2022,2
Høje-Taastrup,Greece,2022,6
Høje-Taastrup,Hungary,2022,13
Høje-Taastrup,India,2022,80
Høje-Taastrup,Iran,2022,35
Høje-Taastrup,Iraq,2022,4
Høje-Taastrup,Ireland,2022,2
Høje-Taastrup,Italy,2022,24
Høje-Taastrup,Kenya,2022,1
Høje-Taastrup,Kosovo,2022,1
Høje-Taastrup,Latvia,2022,16
Høje-Taastrup,Lebanon,2022,1
Høje-Taastrup,Lithuania,2022,24
Høje-Taastrup,Mexico,2022,1
Høje-Taastrup,Moldova,2022,1
Høje-Taastrup,Morocco,2022,3
Høje-Taastrup,Nepal,2022,73
Høje-Taastrup,Netherlands,2022,14
Høje-Taastrup,Nigeria,2022,14
Høje-Taastrup,Norway,2022,12
Høje-Taastrup,Not stated,2022,3
Høje-Taastrup,Pakistan,2022,27
Høje-Taastrup,Philippines,2022,4
Høje-Taastrup,Poland,2022,96
Høje-Taastrup,Portugal,2022,81
Høje-Taastrup,Republic of North Macedonia,2022,16
Høje-Taastrup,Romania,2022,228
Høje-Taastrup,Russia,2022,11
Høje-Taastrup,Serbia,2022,1
Høje-Taastrup,South Africa,2022,2
Høje-Taastrup,Spain,2022,52
Høje-Taastrup,Stateless,2022,1
Høje-Taastrup,Sweden,2022,40
Høje-Taastrup,Switzerland,2022,1
Høje-Taastrup,Syria,2022,1
Høje-Taastrup,Thailand,2022,4
Høje-Taastrup,Turkey,2022,47
Høje-Taastrup,USA,2022,14
Høje-Taastrup,Ukraine,2022,162
Høje-Taastrup,United Kingdom,2022,2
Høje-Taastrup,Vietnam,2022,1
Hørsholm,Afghanistan,2022,3
Hørsholm,Argentina,2022,3
Hørsholm,Austria,2022,1
Hørsholm,Azerbaijan,2022,1
Hørsholm,Bangladesh,2022,2
Hørsholm,Belgium,2022,1
Hørsholm,Brazil,2022,2
Hørsholm,Bulgaria,2022,3
Hørsholm,Chile,2022,2
Hørsholm,China,2022,1
Hørsholm,Croatia,2022,1
Hørsholm,Denmark,2022,90
Hørsholm,Eritrea,2022,1
Hørsholm,Finland,2022,2
Hørsholm,France,2022,1
Hørsholm,Germany,2022,9
Hørsholm,Ghana,2022,3
Hørsholm,Greece,2022,2
Hørsholm,Iceland,2022,1
Hørsholm,India,2022,5
Hørsholm,Indonesia,2022,2
Hørsholm,Iran,2022,4
Hørsholm,Iraq,2022,1
Hørsholm,Ireland,2022,1
Hørsholm,Italy,2022,3
Hørsholm,Japan,2022,1
Hørsholm,Kenya,2022,1
Hørsholm,Kosovo,2022,2
Hørsholm,Latvia,2022,3
Hørsholm,Lithuania,2022,3
Hørsholm,Mexico,2022,1
Hørsholm,Norway,2022,2
Hørsholm,Not stated,2022,2
Hørsholm,Pakistan,2022,1
Hørsholm,Panama,2022,4
Hørsholm,Philippines,2022,23
Hørsholm,Poland,2022,9
Hørsholm,Portugal,2022,1
Hørsholm,Romania,2022,13
Hørsholm,Russia,2022,2
Hørsholm,Slovakia,2022,1
Hørsholm,South Africa,2022,5
Hørsholm,Spain,2022,2
Hørsholm,Stateless,2022,1
Hørsholm,Sweden,2022,5
Hørsholm,Syria,2022,5
Hørsholm,Thailand,2022,2
Hørsholm,Turkey,2022,1
Hørsholm,USA,2022,12
Hørsholm,Uganda,2022,2
Hørsholm,Ukraine,2022,122
Hørsholm,United Kingdom,2022,8
Hørsholm,Yugoslavia,2022,1
Ikast-Brande,Afghanistan,2022,7
Ikast-Brande,Argentina,2022,1
Ikast-Brande,Australia,2022,1
Ikast-Brande,Austria,2022,1
Ikast-Brande,Belarus,2022,4
Ikast-Brande,Belgium,2022,2
Ikast-Brande,Brazil,2022,6
Ikast-Brande,Bulgaria,2022,10
Ikast-Brande,Canada,2022,5
Ikast-Brande,Chile,2022,4
Ikast-Brande,China,2022,2
Ikast-Brande,Colombia,2022,3
Ikast-Brande,Croatia,2022,1
Ikast-Brande,Czech Republic,2022,9
Ikast-Brande,Denmark,2022,107
Ikast-Brande,Egypt,2022,1
Ikast-Brande,Eritrea,2022,2
Ikast-Brande,Estonia,2022,4
Ikast-Brande,France,2022,5
Ikast-Brande,Georgia,2022,2
Ikast-Brande,Germany,2022,15
Ikast-Brande,Greece,2022,2
Ikast-Brande,Hungary,2022,9
Ikast-Brande,Iceland,2022,7
Ikast-Brande,India,2022,62
Ikast-Brande,Iran,2022,3
Ikast-Brande,Ireland,2022,3
Ikast-Brande,Italy,2022,12
Ikast-Brande,Japan,2022,1
Ikast-Brande,Latvia,2022,14
Ikast-Brande,Lithuania,2022,104
Ikast-Brande,Mexico,2022,2
Ikast-Brande,Moldova,2022,1
Ikast-Brande,Montenegro,2022,1
Ikast-Brande,Morocco,2022,1
Ikast-Brande,Netherlands,2022,11
Ikast-Brande,Nigeria,2022,2
Ikast-Brande,Norway,2022,7
Ikast-Brande,Not stated,2022,2
Ikast-Brande,Philippines,2022,2
Ikast-Brande,Poland,2022,51
Ikast-Brande,Portugal,2022,12
Ikast-Brande,Republic of North Macedonia,2022,1
Ikast-Brande,Romania,2022,160
Ikast-Brande,Russia,2022,1
Ikast-Brande,Serbia,2022,1
Ikast-Brande,South Africa,2022,1
Ikast-Brande,Spain,2022,24
Ikast-Brande,Sri Lanka,2022,4
Ikast-Brande,Sweden,2022,3
Ikast-Brande,Switzerland,2022,1
Ikast-Brande,Syria,2022,4
Ikast-Brande,Thailand,2022,1
Ikast-Brande,Tunisia,2022,1
Ikast-Brande,Turkey,2022,9
Ikast-Brande,USA,2022,3
Ikast-Brande,Uganda,2022,1
Ikast-Brande,Ukraine,2022,343
Ikast-Brande,United Kingdom,2022,10
Ikast-Brande,Vietnam,2022,3
Ishøj,Bangladesh,2022,21
Ishøj,Bulgaria,2022,45
Ishøj,Chile,2022,1
Ishøj,China,2022,2
Ishøj,Croatia,2022,1
Ishøj,Denmark,2022,59
Ishøj,Egypt,2022,2
Ishøj,Finland,2022,2
Ishøj,France,2022,3
Ishøj,Germany,2022,4
Ishøj,Ghana,2022,1
Ishøj,Greece,2022,4
Ishøj,Hungary,2022,3
Ishøj,India,2022,28
Ishøj,Iran,2022,3
Ishøj,Italy,2022,13
Ishøj,Jordan,2022,1
Ishøj,Latvia,2022,3
Ishøj,Lithuania,2022,14
Ishøj,Morocco,2022,1
Ishøj,Nepal,2022,82
Ishøj,Nigeria,2022,1
Ishøj,Norway,2022,2
Ishøj,Not stated,2022,2
Ishøj,Pakistan,2022,20
Ishøj,Philippines,2022,2
Ishøj,Poland,2022,28
Ishøj,Portugal,2022,51
Ishøj,Republic of North Macedonia,2022,3
Ishøj,Romania,2022,27
Ishøj,Russia,2022,2
Ishøj,Serbia,2022,1
Ishøj,Slovenia,2022,1
Ishøj,South Africa,2022,2
Ishøj,Spain,2022,15
Ishøj,Sri Lanka,2022,1
Ishøj,Sweden,2022,13
Ishøj,Syria,2022,1
Ishøj,Turkey,2022,13
Ishøj,USA,2022,2
Ishøj,Ukraine,2022,70
Jammerbugt,Afghanistan,2022,7
Jammerbugt,Brazil,2022,1
Jammerbugt,Bulgaria,2022,14
Jammerbugt,Burundi,2022,2
Jammerbugt,Croatia,2022,2
Jammerbugt,Denmark,2022,72
Jammerbugt,Ecuador,2022,1
Jammerbugt,Estonia,2022,2
Jammerbugt,France,2022,3
Jammerbugt,Germany,2022,29
Jammerbugt,Hungary,2022,3
Jammerbugt,Iceland,2022,1
Jammerbugt,India,2022,1
Jammerbugt,Israel,2022,1
Jammerbugt,Italy,2022,2
Jammerbugt,Latvia,2022,5
Jammerbugt,Lebanon,2022,1
Jammerbugt,Luxembourg,2022,4
Jammerbugt,Mali,2022,1
Jammerbugt,Mexico,2022,1
Jammerbugt,Moldova,2022,1
Jammerbugt,Netherlands,2022,2
Jammerbugt,Nigeria,2022,2
Jammerbugt,Norway,2022,5
Jammerbugt,Peru,2022,1
Jammerbugt,Philippines,2022,4
Jammerbugt,Poland,2022,18
Jammerbugt,Portugal,2022,1
Jammerbugt,Romania,2022,25
Jammerbugt,Rwanda,2022,1
Jammerbugt,Singapore,2022,1
Jammerbugt,South Africa,2022,1
Jammerbugt,Spain,2022,5
Jammerbugt,Sweden,2022,4
Jammerbugt,Switzerland,2022,2
Jammerbugt,Thailand,2022,1
Jammerbugt,Turkey,2022,1
Jammerbugt,USA,2022,1
Jammerbugt,Uganda,2022,1
Jammerbugt,Ukraine,2022,260
Jammerbugt,Zambia,2022,2
Kalundborg,Afghanistan,2022,17
Kalundborg,Algeria,2022,2
Kalundborg,Argentina,2022,3
Kalundborg,Armenia,2022,3
Kalundborg,Australia,2022,2
Kalundborg,Bangladesh,2022,2
Kalundborg,Belarus,2022,1
Kalundborg,Bosnia and Herzegovina,2022,1
Kalundborg,Brazil,2022,12
Kalundborg,Bulgaria,2022,9
Kalundborg,Canada,2022,7
Kalundborg,Chile,2022,1
Kalundborg,China,2022,2
Kalundborg,Croatia,2022,6
Kalundborg,Denmark,2022,129
Kalundborg,Estonia,2022,2
Kalundborg,France,2022,5
Kalundborg,Georgia,2022,1
Kalundborg,Germany,2022,13
Kalundborg,Hungary,2022,5
Kalundborg,Iceland,2022,1
Kalundborg,India,2022,11
Kalundborg,Indonesia,2022,1
Kalundborg,Iran,2022,2
Kalundborg,Iraq,2022,1
Kalundborg,Ireland,2022,2
Kalundborg,Italy,2022,10
Kalundborg,Japan,2022,15
Kalundborg,Jordan,2022,1
Kalundborg,Latvia,2022,8
Kalundborg,Lebanon,2022,1
Kalundborg,Lithuania,2022,4
Kalundborg,Mexico,2022,1
Kalundborg,Moldova,2022,3
Kalundborg,Morocco,2022,1
Kalundborg,Netherlands,2022,1
Kalundborg,New Zealand,2022,1
Kalundborg,Norway,2022,1
Kalundborg,Peru,2022,1
Kalundborg,Philippines,2022,1
Kalundborg,Poland,2022,27
Kalundborg,Portugal,2022,7
Kalundborg,Romania,2022,34
Kalundborg,Russia,2022,2
Kalundborg,Serbia,2022,1
Kalundborg,Slovenia,2022,3
Kalundborg,South Africa,2022,1
Kalundborg,Spain,2022,18
Kalundborg,Sweden,2022,6
Kalundborg,Syria,2022,3
Kalundborg,Thailand,2022,8
Kalundborg,Turkey,2022,5
Kalundborg,USA,2022,2
Kalundborg,Uganda,2022,1
Kalundborg,Ukraine,2022,262
Kalundborg,United Kingdom,2022,12
Kalundborg,Venezuela,2022,2
Kalundborg,Vietnam,2022,6
Kerteminde,Albania,2022,1
Kerteminde,Argentina,2022,1
Kerteminde,Australia,2022,1
Kerteminde,Brazil,2022,1
Kerteminde,Bulgaria,2022,2
Kerteminde,Cameroon,2022,1
Kerteminde,Croatia,2022,4
Kerteminde,Denmark,2022,52
Kerteminde,France,2022,1
Kerteminde,Germany,2022,15
Kerteminde,Greece,2022,1
Kerteminde,Hungary,2022,1
Kerteminde,India,2022,1
Kerteminde,Italy,2022,2
Kerteminde,Latvia,2022,5
Kerteminde,Lithuania,2022,8
Kerteminde,Not stated,2022,3
Kerteminde,Philippines,2022,2
Kerteminde,Poland,2022,20
Kerteminde,Romania,2022,45
Kerteminde,Russia,2022,3
Kerteminde,Somalia,2022,1
Kerteminde,Spain,2022,2
Kerteminde,Sweden,2022,2
Kerteminde,Syria,2022,5
Kerteminde,Thailand,2022,3
Kerteminde,Turkey,2022,1
Kerteminde,Ukraine,2022,111
Kerteminde,Vietnam,2022,17
Kolding,Afghanistan,2022,17
Kolding,Argentina,2022,6
Kolding,Azerbaijan,2022,1
Kolding,Bangladesh,2022,24
Kolding,Belgium,2022,6
Kolding,Bosnia and Herzegovina,2022,1
Kolding,Brazil,2022,7
Kolding,Bulgaria,2022,24
Kolding,Cameroon,2022,1
Kolding,Canada,2022,4
Kolding,Central African Republic,2022,1
Kolding,Chile,2022,3
Kolding,China,2022,13
Kolding,Colombia,2022,3
Kolding,Croatia,2022,26
Kolding,Czech Republic,2022,10
Kolding,Denmark,2022,277
Kolding,Dominican Republic,2022,1
Kolding,Egypt,2022,3
Kolding,El Salvador,2022,1
Kolding,Eritrea,2022,1
Kolding,Estonia,2022,2
Kolding,Ethiopia,2022,2
Kolding,Finland,2022,6
Kolding,France,2022,23
Kolding,"Gambia, The",2022,1
Kolding,Georgia,2022,1
Kolding,Germany,2022,53
Kolding,Ghana,2022,1
Kolding,Greece,2022,5
Kolding,Hungary,2022,22
Kolding,Iceland,2022,13
Kolding,India,2022,143
Kolding,Indonesia,2022,1
Kolding,Iran,2022,17
Kolding,Iraq,2022,1
Kolding,Ireland,2022,2
Kolding,Israel,2022,3
Kolding,Italy,2022,37
Kolding,Japan,2022,1
Kolding,Kenya,2022,2
Kolding,Kosovo,2022,1
Kolding,Latvia,2022,19
Kolding,Lebanon,2022,1
Kolding,Lithuania,2022,12
Kolding,Mexico,2022,2
Kolding,Moldova,2022,3
Kolding,Morocco,2022,1
Kolding,Myanmar,2022,1
Kolding,Nepal,2022,13
Kolding,Netherlands,2022,30
Kolding,New Zealand,2022,1
Kolding,Nigeria,2022,5
Kolding,Norway,2022,15
Kolding,Pakistan,2022,1
Kolding,Philippines,2022,10
Kolding,Poland,2022,88
Kolding,Portugal,2022,6
Kolding,Republic of North Macedonia,2022,5
Kolding,Romania,2022,95
Kolding,Russia,2022,17
Kolding,Senegal,2022,1
Kolding,Serbia,2022,1
Kolding,Singapore,2022,1
Kolding,Slovakia,2022,14
Kolding,Slovenia,2022,5
Kolding,South Korea,2022,4
Kolding,Spain,2022,19
Kolding,Sri Lanka,2022,2
Kolding,Stateless,2022,1
Kolding,Sweden,2022,8
Kolding,Switzerland,2022,1
Kolding,Syria,2022,15
Kolding,Taiwan,2022,1
Kolding,Tanzania,2022,1
Kolding,Thailand,2022,9
Kolding,Tunisia,2022,2
Kolding,Turkey,2022,6
Kolding,USA,2022,8
Kolding,Uganda,2022,5
Kolding,Ukraine,2022,486
Kolding,United Kingdom,2022,9
Kolding,Vietnam,2022,7
Kolding,Yugoslavia,2022,1
Kolding,Zambia,2022,2
Køge,Afghanistan,2022,12
Køge,Albania,2022,2
Køge,Armenia,2022,1
Køge,Bosnia and Herzegovina,2022,22
Køge,Brazil,2022,1
Køge,Bulgaria,2022,68
Køge,Cameroon,2022,2
Køge,Chile,2022,1
Køge,China,2022,1
Køge,Croatia,2022,5
Køge,Cyprus,2022,1
Køge,Denmark,2022,155
Køge,Eritrea,2022,1
Køge,France,2022,3
Køge,Germany,2022,13
Køge,Greece,2022,5
Køge,Hungary,2022,4
Køge,India,2022,7
Køge,Iran,2022,1
Køge,Iraq,2022,1
Køge,Ireland,2022,2
Køge,Italy,2022,24
Køge,Japan,2022,2
Køge,Jordan,2022,1
Køge,Kenya,2022,2
Køge,Kosovo,2022,1
Køge,Latvia,2022,7
Køge,Lebanon,2022,1
Køge,Libya,2022,1
Køge,Lithuania,2022,15
Køge,Mexico,2022,1
Køge,Moldova,2022,3
Køge,Namibia,2022,1
Køge,Nepal,2022,3
Køge,New Zealand,2022,1
Køge,Nigeria,2022,3
Køge,Norway,2022,8
Køge,Pakistan,2022,4
Køge,Philippines,2022,4
Køge,Poland,2022,47
Køge,Portugal,2022,13
Køge,Romania,2022,132
Køge,Russia,2022,2
Køge,Serbia,2022,1
Køge,Slovakia,2022,2
Køge,South Africa,2022,2
Køge,Spain,2022,5
Køge,Sweden,2022,12
Køge,Syria,2022,11
Køge,Thailand,2022,1
Køge,Turkey,2022,3
Køge,USA,2022,3
Køge,Ukraine,2022,334
Køge,United Kingdom,2022,3
Køge,Vietnam,2022,30
Langeland,Afghanistan,2022,4
Langeland,Australia,2022,3
Langeland,Belgium,2022,1
Langeland,Bulgaria,2022,2
Langeland,Chile,2022,3
Langeland,Croatia,2022,1
Langeland,Denmark,2022,38
Langeland,France,2022,1
Langeland,Germany,2022,17
Langeland,Italy,2022,2
Langeland,Ivory Coast,2022,1
Langeland,Lebanon,2022,1
Langeland,Lithuania,2022,4
Langeland,Not stated,2022,1
Langeland,Philippines,2022,2
Langeland,Poland,2022,67
Langeland,Romania,2022,11
Langeland,Russia,2022,1
Langeland,Spain,2022,2
Langeland,Thailand,2022,1
Langeland,USA,2022,1
Langeland,Ukraine,2022,107
Langeland,United Kingdom,2022,4
Langeland,Vietnam,2022,2
Lejre,Afghanistan,2022,4
Lejre,Brazil,2022,1
Lejre,Bulgaria,2022,8
Lejre,Cameroon,2022,1
Lejre,China,2022,2
Lejre,Colombia,2022,1
Lejre,Denmark,2022,82
Lejre,Eritrea,2022,3
Lejre,Ethiopia,2022,1
Lejre,France,2022,1
Lejre,Georgia,2022,1
Lejre,Germany,2022,2
Lejre,Greece,2022,1
Lejre,Iran,2022,4
Lejre,Iraq,2022,1
Lejre,Italy,2022,1
Lejre,Kenya,2022,1
Lejre,Latvia,2022,8
Lejre,Lebanon,2022,2
Lejre,Lithuania,2022,12
Lejre,Moldova,2022,1
Lejre,Netherlands,2022,4
Lejre,Pakistan,2022,2
Lejre,Poland,2022,31
Lejre,Romania,2022,44
Lejre,Russia,2022,1
Lejre,Serbia,2022,1
Lejre,Slovakia,2022,2
Lejre,Stateless,2022,2
Lejre,Sweden,2022,3
Lejre,Syria,2022,2
Lejre,Trinidad and Tobago,2022,1
Lejre,Tunisia,2022,1
Lejre,Turkey,2022,2
Lejre,USA,2022,3
Lejre,Ukraine,2022,157
Lejre,United Kingdom,2022,1
Lejre,Vietnam,2022,1
Lemvig,Australia,2022,1
Lemvig,Brazil,2022,1
Lemvig,Bulgaria,2022,2
Lemvig,Colombia,2022,1
Lemvig,Czech Republic,2022,1
Lemvig,Denmark,2022,53
Lemvig,Egypt,2022,1
Lemvig,Germany,2022,18
Lemvig,Hungary,2022,5
Lemvig,Iceland,2022,2
Lemvig,India,2022,1
Lemvig,Italy,2022,2
Lemvig,Latvia,2022,2
Lemvig,Lithuania,2022,4
Lemvig,Netherlands,2022,2
Lemvig,Nigeria,2022,1
Lemvig,Norway,2022,3
Lemvig,Philippines,2022,6
Lemvig,Poland,2022,19
Lemvig,Portugal,2022,2
Lemvig,Romania,2022,61
Lemvig,Spain,2022,50
Lemvig,Sweden,2022,1
Lemvig,Switzerland,2022,1
Lemvig,Thailand,2022,1
Lemvig,Turkey,2022,2
Lemvig,Ukraine,2022,267
Lemvig,Venezuela,2022,3
Lemvig,Vietnam,2022,13
Lolland,Afghanistan,2022,5
Lolland,Argentina,2022,2
Lolland,Armenia,2022,1
Lolland,Azerbaijan,2022,1
Lolland,Belgium,2022,3
Lolland,Brazil,2022,4
Lolland,Bulgaria,2022,13
Lolland,Canada,2022,5
Lolland,China,2022,1
Lolland,Croatia,2022,3
Lolland,Cuba,2022,1
Lolland,Czech Republic,2022,1
Lolland,Denmark,2022,104
Lolland,Ecuador,2022,1
Lolland,Eritrea,2022,1
Lolland,France,2022,18
Lolland,Germany,2022,24
Lolland,Ghana,2022,1
Lolland,Hungary,2022,9
Lolland,Iceland,2022,4
Lolland,India,2022,14
Lolland,Iran,2022,1
Lolland,Iraq,2022,1
Lolland,Ireland,2022,1
Lolland,Italy,2022,4
Lolland,Kenya,2022,1
Lolland,Kosovo,2022,1
Lolland,Lithuania,2022,8
Lolland,Moldova,2022,1
Lolland,Morocco,2022,1
Lolland,Netherlands,2022,8
Lolland,Norway,2022,2
Lolland,Panama,2022,8
Lolland,Peru,2022,1
Lolland,Philippines,2022,4
Lolland,Poland,2022,39
Lolland,Portugal,2022,4
Lolland,Republic of North Macedonia,2022,3
Lolland,Romania,2022,51
Lolland,Russia,2022,4
Lolland,Slovakia,2022,1
Lolland,South Africa,2022,2
Lolland,Spain,2022,22
Lolland,Sweden,2022,8
Lolland,Syria,2022,3
Lolland,Taiwan,2022,1
Lolland,Tanzania,2022,1
Lolland,Thailand,2022,5
Lolland,Turkey,2022,6
Lolland,USA,2022,1
Lolland,Uganda,2022,1
Lolland,Ukraine,2022,178
Lolland,United Kingdom,2022,2
Lolland,Vietnam,2022,1
Lyngby-Taarbæk,Afghanistan,2022,7
Lyngby-Taarbæk,Albania,2022,2
Lyngby-Taarbæk,Argentina,2022,3
Lyngby-Taarbæk,Australia,2022,26
Lyngby-Taarbæk,Austria,2022,12
Lyngby-Taarbæk,Azerbaijan,2022,2
Lyngby-Taarbæk,Bahrain,2022,1
Lyngby-Taarbæk,Bangladesh,2022,2
Lyngby-Taarbæk,Belarus,2022,3
Lyngby-Taarbæk,Belgium,2022,21
Lyngby-Taarbæk,Bosnia and Herzegovina,2022,3
Lyngby-Taarbæk,Brazil,2022,29
Lyngby-Taarbæk,Bulgaria,2022,7
Lyngby-Taarbæk,Cameroon,2022,2
Lyngby-Taarbæk,Canada,2022,14
Lyngby-Taarbæk,Chile,2022,4
Lyngby-Taarbæk,China,2022,138
Lyngby-Taarbæk,Colombia,2022,11
Lyngby-Taarbæk,Costa Rica,2022,1
Lyngby-Taarbæk,Croatia,2022,6
Lyngby-Taarbæk,Cuba,2022,1
Lyngby-Taarbæk,Cyprus,2022,8
Lyngby-Taarbæk,Czech Republic,2022,9
Lyngby-Taarbæk,Denmark,2022,221
Lyngby-Taarbæk,Ecuador,2022,2
Lyngby-Taarbæk,Egypt,2022,6
Lyngby-Taarbæk,El Salvador,2022,1
Lyngby-Taarbæk,Estonia,2022,6
Lyngby-Taarbæk,Eswantini,2022,1
Lyngby-Taarbæk,Ethiopia,2022,1
Lyngby-Taarbæk,Finland,2022,7
Lyngby-Taarbæk,France,2022,74
Lyngby-Taarbæk,Germany,2022,120
Lyngby-Taarbæk,Greece,2022,84
Lyngby-Taarbæk,Guatemala,2022,1
Lyngby-Taarbæk,Haiti,2022,1
Lyngby-Taarbæk,Hungary,2022,24
Lyngby-Taarbæk,Iceland,2022,29
Lyngby-Taarbæk,India,2022,107
Lyngby-Taarbæk,Indonesia,2022,5
Lyngby-Taarbæk,Iran,2022,77
Lyngby-Taarbæk,Ireland,2022,9
Lyngby-Taarbæk,Israel,2022,1
Lyngby-Taarbæk,Italy,2022,111
Lyngby-Taarbæk,Jamaica,2022,1
Lyngby-Taarbæk,Japan,2022,6
Lyngby-Taarbæk,Jordan,2022,1
Lyngby-Taarbæk,Kenya,2022,1
Lyngby-Taarbæk,Latvia,2022,12
Lyngby-Taarbæk,Lebanon,2022,1
Lyngby-Taarbæk,Libya,2022,5
Lyngby-Taarbæk,Lithuania,2022,19
Lyngby-Taarbæk,Malaysia,2022,6
Lyngby-Taarbæk,Mauritius,2022,1
Lyngby-Taarbæk,Mexico,2022,33
Lyngby-Taarbæk,Morocco,2022,2
Lyngby-Taarbæk,Namibia,2022,1
Lyngby-Taarbæk,Nepal,2022,2
Lyngby-Taarbæk,Netherlands,2022,49
Lyngby-Taarbæk,New Zealand,2022,1
Lyngby-Taarbæk,Nigeria,2022,2
Lyngby-Taarbæk,North Korea,2022,1
Lyngby-Taarbæk,Norway,2022,28
Lyngby-Taarbæk,Not stated,2022,2
Lyngby-Taarbæk,Pakistan,2022,7
Lyngby-Taarbæk,Paraguay,2022,1
Lyngby-Taarbæk,Peru,2022,2
Lyngby-Taarbæk,Philippines,2022,27
Lyngby-Taarbæk,Poland,2022,56
Lyngby-Taarbæk,Portugal,2022,37
Lyngby-Taarbæk,Republic of North Macedonia,2022,3
Lyngby-Taarbæk,Romania,2022,26
Lyngby-Taarbæk,Russia,2022,22
Lyngby-Taarbæk,Serbia,2022,2
Lyngby-Taarbæk,Singapore,2022,26
Lyngby-Taarbæk,Slovakia,2022,14
Lyngby-Taarbæk,Slovenia,2022,4
Lyngby-Taarbæk,South Africa,2022,2
Lyngby-Taarbæk,South Korea,2022,10
Lyngby-Taarbæk,Spain,2022,134
Lyngby-Taarbæk,Sri Lanka,2022,1
Lyngby-Taarbæk,Sudan,2022,2
Lyngby-Taarbæk,Sweden,2022,8
Lyngby-Taarbæk,Switzerland,2022,15
Lyngby-Taarbæk,Taiwan,2022,4
Lyngby-Taarbæk,Thailand,2022,8
Lyngby-Taarbæk,Tunisia,2022,4
Lyngby-Taarbæk,Turkey,2022,24
Lyngby-Taarbæk,USA,2022,183
Lyngby-Taarbæk,Uganda,2022,3
Lyngby-Taarbæk,Ukraine,2022,290
Lyngby-Taarbæk,United Kingdom,2022,24
Lyngby-Taarbæk,Uzbekistan,2022,4
Lyngby-Taarbæk,Vietnam,2022,6
Læsø,Denmark,2022,4
Læsø,Germany,2022,2
Læsø,Norway,2022,2
Læsø,Russia,2022,1
Læsø,Sweden,2022,2
Læsø,Ukraine,2022,6
Mariagerfjord,Afghanistan,2022,8
Mariagerfjord,Bosnia and Herzegovina,2022,1
Mariagerfjord,Bulgaria,2022,3
Mariagerfjord,Burkina Faso,2022,1
Mariagerfjord,China,2022,1
Mariagerfjord,"Congo, Democratic Republic",2022,4
Mariagerfjord,Croatia,2022,6
Mariagerfjord,Czech Republic,2022,1
Mariagerfjord,Denmark,2022,110
Mariagerfjord,Estonia,2022,1
Mariagerfjord,Germany,2022,9
Mariagerfjord,Iceland,2022,9
Mariagerfjord,India,2022,5
Mariagerfjord,Iraq,2022,1
Mariagerfjord,Italy,2022,6
Mariagerfjord,Japan,2022,1
Mariagerfjord,Latvia,2022,1
Mariagerfjord,Lithuania,2022,4
Mariagerfjord,Mexico,2022,2
Mariagerfjord,Moldova,2022,6
Mariagerfjord,Netherlands,2022,3
Mariagerfjord,Nigeria,2022,1
Mariagerfjord,Norway,2022,3
Mariagerfjord,Not stated,2022,1
Mariagerfjord,Philippines,2022,2
Mariagerfjord,Poland,2022,63
Mariagerfjord,Romania,2022,64
Mariagerfjord,Rwanda,2022,2
Mariagerfjord,Slovakia,2022,4
Mariagerfjord,Spain,2022,1
Mariagerfjord,Sri Lanka,2022,1
Mariagerfjord,Sweden,2022,3
Mariagerfjord,Syria,2022,7
Mariagerfjord,Thailand,2022,3
Mariagerfjord,Turkey,2022,1
Mariagerfjord,USA,2022,2
Mariagerfjord,Uganda,2022,2
Mariagerfjord,Ukraine,2022,310
Mariagerfjord,Uzbekistan,2022,3
Mariagerfjord,Vietnam,2022,2
Middelfart,Afghanistan,2022,7
Middelfart,Asia not stated,2022,3
Middelfart,Belgium,2022,11
Middelfart,Brazil,2022,3
Middelfart,Cambodia,2022,1
Middelfart,Canada,2022,4
Middelfart,"Congo, Democratic Republic",2022,2
Middelfart,Costa Rica,2022,2
Middelfart,Croatia,2022,2
Middelfart,Cyprus,2022,1
Middelfart,Denmark,2022,90
Middelfart,France,2022,2
Middelfart,Germany,2022,21
Middelfart,Guatemala,2022,1
Middelfart,Hungary,2022,4
Middelfart,Iceland,2022,1
Middelfart,Iran,2022,4
Middelfart,Israel,2022,1
Middelfart,Italy,2022,3
Middelfart,Japan,2022,5
Middelfart,Kosovo,2022,1
Middelfart,Latvia,2022,10
Middelfart,Lithuania,2022,9
Middelfart,Malaysia,2022,1
Middelfart,Mexico,2022,1
Middelfart,Moldova,2022,3
Middelfart,Morocco,2022,1
Middelfart,Nepal,2022,8
Middelfart,Norway,2022,1
Middelfart,Not stated,2022,1
Middelfart,Paraguay,2022,1
Middelfart,Philippines,2022,2
Middelfart,Poland,2022,32
Middelfart,Romania,2022,31
Middelfart,Serbia,2022,1
Middelfart,South Africa,2022,2
Middelfart,Spain,2022,5
Middelfart,Sweden,2022,4
Middelfart,Switzerland,2022,2
Middelfart,Syria,2022,2
Middelfart,Thailand,2022,3
Middelfart,Turkey,2022,1
Middelfart,USA,2022,5
Middelfart,Ukraine,2022,198
Middelfart,United Kingdom,2022,2
Middelfart,Vietnam,2022,8
Morsø,Belarus,2022,2
Morsø,Brazil,2022,1
Morsø,Bulgaria,2022,1
Morsø,"Congo, Democratic Republic",2022,6
Morsø,Croatia,2022,1
Morsø,Czech Republic,2022,4
Morsø,Denmark,2022,105
Morsø,Egypt,2022,1
Morsø,Germany,2022,4
Morsø,Hungary,2022,5
Morsø,Italy,2022,1
Morsø,Japan,2022,1
Morsø,Latvia,2022,1
Morsø,Netherlands,2022,1
Morsø,Norway,2022,5
Morsø,Philippines,2022,3
Morsø,Poland,2022,9
Morsø,Romania,2022,20
Morsø,Singapore,2022,1
Morsø,Slovakia,2022,1
Morsø,Spain,2022,2
Morsø,Sweden,2022,6
Morsø,Switzerland,2022,1
Morsø,Thailand,2022,3
Morsø,Uganda,2022,1
Morsø,Ukraine,2022,163
Morsø,Uzbekistan,2022,3
Norddjurs,Afghanistan,2022,6
Norddjurs,Australia,2022,1
Norddjurs,Bangladesh,2022,1
Norddjurs,Belarus,2022,1
Norddjurs,Brazil,2022,2
Norddjurs,"Congo, Democratic Republic",2022,3
Norddjurs,Croatia,2022,8
Norddjurs,Czech Republic,2022,15
Norddjurs,Denmark,2022,94
Norddjurs,Ecuador,2022,1
Norddjurs,Eritrea,2022,1
Norddjurs,Estonia,2022,4
Norddjurs,Finland,2022,2
Norddjurs,France,2022,3
Norddjurs,Germany,2022,6
Norddjurs,Hungary,2022,8
Norddjurs,Iceland,2022,9
Norddjurs,Iraq,2022,4
Norddjurs,Ireland,2022,3
Norddjurs,Italy,2022,12
Norddjurs,Japan,2022,1
Norddjurs,Latvia,2022,30
Norddjurs,Lithuania,2022,132
Norddjurs,Mexico,2022,1
Norddjurs,Netherlands,2022,2
Norddjurs,Norway,2022,3
Norddjurs,Philippines,2022,6
Norddjurs,Poland,2022,55
Norddjurs,Romania,2022,86
Norddjurs,Russia,2022,1
Norddjurs,Slovakia,2022,3
Norddjurs,Spain,2022,6
Norddjurs,Sweden,2022,2
Norddjurs,Switzerland,2022,1
Norddjurs,Syria,2022,3
Norddjurs,Thailand,2022,4
Norddjurs,Turkey,2022,7
Norddjurs,Ukraine,2022,286
Norddjurs,Vietnam,2022,4
Norddjurs,Yugoslavia,2022,1
Nordfyns,Afghanistan,2022,6
Nordfyns,Albania,2022,6
Nordfyns,Argentina,2022,1
Nordfyns,Australia,2022,1
Nordfyns,Bangladesh,2022,2
Nordfyns,Bulgaria,2022,3
Nordfyns,Canada,2022,1
Nordfyns,Croatia,2022,3
Nordfyns,Czech Republic,2022,1
Nordfyns,Denmark,2022,50
Nordfyns,France,2022,1
Nordfyns,Germany,2022,16
Nordfyns,Hungary,2022,3
Nordfyns,India,2022,1
Nordfyns,Iran,2022,1
Nordfyns,Ireland,2022,1
Nordfyns,Israel,2022,1
Nordfyns,Italy,2022,1
Nordfyns,Japan,2022,31
Nordfyns,Kazakhstan,2022,1
Nordfyns,Kenya,2022,1
Nordfyns,Latvia,2022,1
Nordfyns,Lithuania,2022,7
Nordfyns,Mexico,2022,1
Nordfyns,Morocco,2022,1
Nordfyns,Nepal,2022,3
Nordfyns,Netherlands,2022,5
Nordfyns,Philippines,2022,4
Nordfyns,Poland,2022,29
Nordfyns,Romania,2022,41
Nordfyns,Slovakia,2022,1
Nordfyns,Slovenia,2022,4
Nordfyns,Spain,2022,8
Nordfyns,Sweden,2022,1
Nordfyns,Syria,2022,6
Nordfyns,USA,2022,5
Nordfyns,Ukraine,2022,194
Nordfyns,Vietnam,2022,9
Nordfyns,Yemen,2022,1
Nyborg,Australia,2022,5
Nyborg,Bangladesh,2022,1
Nyborg,Bulgaria,2022,4
Nyborg,Canada,2022,2
Nyborg,Chile,2022,2
Nyborg,Denmark,2022,72
Nyborg,Estonia,2022,1
Nyborg,Ethiopia,2022,1
Nyborg,"Gambia, The",2022,1
Nyborg,Germany,2022,9
Nyborg,Greece,2022,3
Nyborg,Hungary,2022,4
Nyborg,Iceland,2022,4
Nyborg,Iran,2022,1
Nyborg,Iraq,2022,4
Nyborg,Ireland,2022,2
Nyborg,Italy,2022,10
Nyborg,Japan,2022,1
Nyborg,Latvia,2022,8
Nyborg,Lithuania,2022,27
Nyborg,Mexico,2022,1
Nyborg,Netherlands,2022,2
Nyborg,Norway,2022,1
Nyborg,Not stated,2022,1
Nyborg,Philippines,2022,5
Nyborg,Poland,2022,10
Nyborg,Portugal,2022,1
Nyborg,Romania,2022,16
Nyborg,Russia,2022,1
Nyborg,Spain,2022,6
Nyborg,Stateless,2022,1
Nyborg,Sweden,2022,9
Nyborg,Switzerland,2022,1
Nyborg,Syria,2022,8
Nyborg,Thailand,2022,1
Nyborg,Turkey,2022,5
Nyborg,Ukraine,2022,122
Nyborg,United Kingdom,2022,3
Nyborg,Vietnam,2022,3
Næstved,Afghanistan,2022,9
Næstved,Albania,2022,2
Næstved,Algeria,2022,1
Næstved,Australia,2022,2
Næstved,Azerbaijan,2022,1
Næstved,Belarus,2022,2
Næstved,Belgium,2022,5
Næstved,Bosnia and Herzegovina,2022,6
Næstved,Bulgaria,2022,30
Næstved,Cameroon,2022,1
Næstved,Canada,2022,2
Næstved,China,2022,1
Næstved,Croatia,2022,3
Næstved,Cuba,2022,1
Næstved,Czech Republic,2022,2
Næstved,Denmark,2022,154
Næstved,Egypt,2022,2
Næstved,Eritrea,2022,6
Næstved,Ethiopia,2022,1
Næstved,Finland,2022,1
Næstved,France,2022,3
Næstved,Georgia,2022,3
Næstved,Germany,2022,5
Næstved,Hungary,2022,2
Næstved,Iceland,2022,3
Næstved,India,2022,5
Næstved,Iran,2022,2
Næstved,Iraq,2022,3
Næstved,Italy,2022,2
Næstved,Latvia,2022,5
Næstved,Lithuania,2022,21
Næstved,Luxembourg,2022,1
Næstved,Moldova,2022,1
Næstved,Morocco,2022,5
Næstved,Netherlands,2022,1
Næstved,New Zealand,2022,1
Næstved,Norway,2022,3
Næstved,Not stated,2022,1
Næstved,Pakistan,2022,2
Næstved,Peru,2022,1
Næstved,Philippines,2022,5
Næstved,Poland,2022,53
Næstved,Portugal,2022,4
Næstved,Romania,2022,60
Næstved,Russia,2022,8
Næstved,Serbia,2022,2
Næstved,Slovenia,2022,1
Næstved,Somalia,2022,5
Næstved,South Korea,2022,2
Næstved,Spain,2022,17
Næstved,Sweden,2022,12
Næstved,Switzerland,2022,2
Næstved,Syria,2022,7
Næstved,Thailand,2022,6
Næstved,Tunisia,2022,1
Næstved,Turkey,2022,5
Næstved,USA,2022,9
Næstved,Uganda,2022,12
Næstved,Ukraine,2022,397
Næstved,United Kingdom,2022,3
Næstved,Venezuela,2022,1
Næstved,Vietnam,2022,5
Odder,Argentina,2022,1
Odder,Australia,2022,1
Odder,Azerbaijan,2022,1
Odder,Belgium,2022,1
Odder,Brazil,2022,1
Odder,Canada,2022,1
Odder,China,2022,1
Odder,Denmark,2022,73
Odder,Germany,2022,7
Odder,Greece,2022,1
Odder,Guatemala,2022,1
Odder,Iceland,2022,2
Odder,Iraq,2022,2
Odder,Italy,2022,5
Odder,Japan,2022,17
Odder,Lithuania,2022,3
Odder,Mexico,2022,1
Odder,Not stated,2022,1
Odder,Philippines,2022,1
Odder,Poland,2022,7
Odder,Romania,2022,13
Odder,South Africa,2022,3
Odder,South Korea,2022,1
Odder,Spain,2022,4
Odder,Sweden,2022,5
Odder,Syria,2022,10
Odder,Thailand,2022,5
Odder,Turkey,2022,1
Odder,USA,2022,2
Odder,Uganda,2022,1
Odder,Ukraine,2022,126
Odense,Afghanistan,2022,22
Odense,Albania,2022,97
Odense,Algeria,2022,2
Odense,Argentina,2022,1
Odense,Australia,2022,6
Odense,Austria,2022,23
Odense,Azerbaijan,2022,1
Odense,Bangladesh,2022,29
Odense,Belarus,2022,6
Odense,Belgium,2022,25
Odense,Bolivia,2022,1
Odense,Bosnia and Herzegovina,2022,6
Odense,Botswana,2022,1
Odense,Brazil,2022,26
Odense,Bulgaria,2022,60
Odense,Canada,2022,17
Odense,Chile,2022,7
Odense,China,2022,60
Odense,Colombia,2022,3
Odense,"Congo, Democratic Republic",2022,2
Odense,Costa Rica,2022,1
Odense,Croatia,2022,23
Odense,Cuba,2022,1
Odense,Cyprus,2022,5
Odense,Czech Republic,2022,32
Odense,Denmark,2022,639
Odense,Ecuador,2022,1
Odense,Egypt,2022,4
Odense,El Salvador,2022,1
Odense,Eritrea,2022,3
Odense,Estonia,2022,7
Odense,Ethiopia,2022,1
Odense,Finland,2022,31
Odense,France,2022,120
Odense,"Gambia, The",2022,2
Odense,Germany,2022,232
Odense,Ghana,2022,4
Odense,Greece,2022,26
Odense,Guatemala,2022,2
Odense,Guinea,2022,1
Odense,Hungary,2022,32
Odense,Iceland,2022,46
Odense,India,2022,56
Odense,Indonesia,2022,14
Odense,Iran,2022,80
Odense,Iraq,2022,3
Odense,Ireland,2022,77
Odense,Italy,2022,156
Odense,Japan,2022,22
Odense,Jordan,2022,2
Odense,Kazakhstan,2022,1
Odense,Kenya,2022,5
Odense,Kosovo,2022,10
Odense,Latvia,2022,22
Odense,Lebanon,2022,5
Odense,Liberia,2022,1
Odense,Lithuania,2022,68
Odense,Malaysia,2022,9
Odense,Malta,2022,1
Odense,Mexico,2022,19
Odense,Morocco,2022,3
Odense,Nepal,2022,26
Odense,Netherlands,2022,64
Odense,New Zealand,2022,2
Odense,Nicaragua,2022,2
Odense,Nigeria,2022,2
Odense,North Korea,2022,5
Odense,Norway,2022,96
Odense,Not stated,2022,13
Odense,Pakistan,2022,18
Odense,Panama,2022,2
Odense,Philippines,2022,26
Odense,Poland,2022,133
Odense,Portugal,2022,62
Odense,Romania,2022,287
Odense,Russia,2022,12
Odense,Serbia,2022,3
Odense,Singapore,2022,6
Odense,Slovakia,2022,19
Odense,Slovenia,2022,9
Odense,Somalia,2022,1
Odense,South Africa,2022,3
Odense,South Korea,2022,19
Odense,Spain,2022,103
Odense,Sri Lanka,2022,5
Odense,Stateless,2022,5
Odense,Sweden,2022,72
Odense,Switzerland,2022,13
Odense,Syria,2022,8
Odense,Taiwan,2022,19
Odense,Tanzania,2022,2
Odense,Thailand,2022,12
Odense,Tunisia,2022,3
Odense,Turkey,2022,54
Odense,USA,2022,54
Odense,Ukraine,2022,994
Odense,United Kingdom,2022,74
Odense,Venezuela,2022,2
Odense,Vietnam,2022,40
Odsherred,Afghanistan,2022,6
Odsherred,Argentina,2022,1
Odsherred,Belarus,2022,4
Odsherred,Bulgaria,2022,5
Odsherred,Chile,2022,2
Odsherred,"Congo, Democratic Republic",2022,1
Odsherred,Croatia,2022,1
Odsherred,Czech Republic,2022,1
Odsherred,Denmark,2022,71
Odsherred,Finland,2022,1
Odsherred,France,2022,1
Odsherred,Germany,2022,2
Odsherred,Hungary,2022,2
Odsherred,Iceland,2022,4
Odsherred,India,2022,1
Odsherred,Iraq,2022,2
Odsherred,Ireland,2022,1
Odsherred,Italy,2022,3
Odsherred,Japan,2022,1
Odsherred,Latvia,2022,8
Odsherred,Lithuania,2022,11
Odsherred,Mauritania,2022,1
Odsherred,Mexico,2022,1
Odsherred,Myanmar,2022,1
Odsherred,Netherlands,2022,1
Odsherred,Norway,2022,5
Odsherred,Not stated,2022,1
Odsherred,Pakistan,2022,5
Odsherred,Poland,2022,15
Odsherred,Romania,2022,27
Odsherred,Spain,2022,1
Odsherred,Sri Lanka,2022,4
Odsherred,Sweden,2022,7
Odsherred,Syria,2022,3
Odsherred,Thailand,2022,2
Odsherred,Turkey,2022,4
Odsherred,USA,2022,4
Odsherred,Uganda,2022,1
Odsherred,Ukraine,2022,158
Odsherred,United Kingdom,2022,3
Odsherred,Vietnam,2022,1
Odsherred,Zambia,2022,1
Randers,Afghanistan,2022,18
Randers,Argentina,2022,1
Randers,Armenia,2022,1
Randers,Belgium,2022,7
Randers,Bosnia and Herzegovina,2022,1
Randers,Brazil,2022,2
Randers,Bulgaria,2022,8
Randers,Burkina Faso,2022,1
Randers,Canada,2022,1
Randers,China,2022,1
Randers,"Congo, Democratic Republic",2022,1
Randers,Croatia,2022,1
Randers,Czech Republic,2022,3
Randers,Denmark,2022,210
Randers,Eritrea,2022,1
Randers,Finland,2022,1
Randers,France,2022,7
Randers,Germany,2022,6
Randers,Ghana,2022,1
Randers,Greece,2022,2
Randers,Hungary,2022,14
Randers,Iceland,2022,2
Randers,India,2022,6
Randers,Indonesia,2022,1
Randers,Iran,2022,14
Randers,Ireland,2022,1
Randers,Italy,2022,9
Randers,Japan,2022,7
Randers,Kosovo,2022,3
Randers,Kyrgyzstan,2022,1
Randers,Latvia,2022,7
Randers,Lithuania,2022,21
Randers,Mexico,2022,1
Randers,Moldova,2022,1
Randers,Netherlands,2022,11
Randers,Nigeria,2022,1
Randers,Norway,2022,12
Randers,Philippines,2022,3
Randers,Poland,2022,55
Randers,Portugal,2022,4
Randers,Romania,2022,213
Randers,Russia,2022,5
Randers,Slovakia,2022,1
Randers,Slovenia,2022,1
Randers,Spain,2022,4
Randers,Sri Lanka,2022,2
Randers,Stateless,2022,1
Randers,Sweden,2022,5
Randers,Syria,2022,3
Randers,Taiwan,2022,1
Randers,Thailand,2022,6
Randers,Turkey,2022,7
Randers,USA,2022,10
Randers,Uganda,2022,1
Randers,Ukraine,2022,541
Randers,United Kingdom,2022,4
Rebild,Afghanistan,2022,4
Rebild,Brazil,2022,2
Rebild,Bulgaria,2022,2
Rebild,Cameroon,2022,1
Rebild,China,2022,1
Rebild,Denmark,2022,55
Rebild,Eritrea,2022,1
Rebild,Estonia,2022,1
Rebild,Germany,2022,2
Rebild,Hungary,2022,2
Rebild,Iceland,2022,1
Rebild,Iraq,2022,1
Rebild,Italy,2022,3
Rebild,Kyrgyzstan,2022,5
Rebild,Lebanon,2022,1
Rebild,Lithuania,2022,2
Rebild,North Korea,2022,1
Rebild,Peru,2022,1
Rebild,Philippines,2022,3
Rebild,Poland,2022,19
Rebild,Portugal,2022,2
Rebild,Romania,2022,21
Rebild,Russia,2022,4
Rebild,Singapore,2022,1
Rebild,Slovakia,2022,1
Rebild,Sweden,2022,1
Rebild,Syria,2022,8
Rebild,Thailand,2022,2
Rebild,USA,2022,1
Rebild,Ukraine,2022,280
Rebild,Vietnam,2022,4
Ringkøbing-Skjern,Afghanistan,2022,10
Ringkøbing-Skjern,Argentina,2022,2
Ringkøbing-Skjern,Bangladesh,2022,1
Ringkøbing-Skjern,Belgium,2022,5
Ringkøbing-Skjern,Bosnia and Herzegovina,2022,1
Ringkøbing-Skjern,Brazil,2022,3
Ringkøbing-Skjern,Bulgaria,2022,1
Ringkøbing-Skjern,Cambodia,2022,2
Ringkøbing-Skjern,Canada,2022,2
Ringkøbing-Skjern,China,2022,2
Ringkøbing-Skjern,Colombia,2022,1
Ringkøbing-Skjern,Czech Republic,2022,1
Ringkøbing-Skjern,Denmark,2022,147
Ringkøbing-Skjern,Estonia,2022,1
Ringkøbing-Skjern,France,2022,4
Ringkøbing-Skjern,Georgia,2022,1
Ringkøbing-Skjern,Germany,2022,154
Ringkøbing-Skjern,Greece,2022,1
Ringkøbing-Skjern,Honduras,2022,1
Ringkøbing-Skjern,Hungary,2022,6
Ringkøbing-Skjern,Iceland,2022,2
Ringkøbing-Skjern,India,2022,16
Ringkøbing-Skjern,Indonesia,2022,1
Ringkøbing-Skjern,Iran,2022,1
Ringkøbing-Skjern,Ireland,2022,1
Ringkøbing-Skjern,Italy,2022,10
Ringkøbing-Skjern,Japan,2022,4
Ringkøbing-Skjern,Kenya,2022,1
Ringkøbing-Skjern,Kyrgyzstan,2022,1
Ringkøbing-Skjern,Latvia,2022,21
Ringkøbing-Skjern,Lithuania,2022,11
Ringkøbing-Skjern,Mexico,2022,1
Ringkøbing-Skjern,Moldova,2022,1
Ringkøbing-Skjern,Netherlands,2022,6
Ringkøbing-Skjern,Norway,2022,8
Ringkøbing-Skjern,Philippines,2022,13
Ringkøbing-Skjern,Poland,2022,94
Ringkøbing-Skjern,Portugal,2022,3
Ringkøbing-Skjern,Romania,2022,250
Ringkøbing-Skjern,Russia,2022,2
Ringkøbing-Skjern,Slovakia,2022,1
Ringkøbing-Skjern,Spain,2022,5
Ringkøbing-Skjern,Stateless,2022,1
Ringkøbing-Skjern,Switzerland,2022,1
Ringkøbing-Skjern,Syria,2022,4
Ringkøbing-Skjern,Thailand,2022,3
Ringkøbing-Skjern,Turkey,2022,7
Ringkøbing-Skjern,USA,2022,1
Ringkøbing-Skjern,Uganda,2022,6
Ringkøbing-Skjern,Ukraine,2022,557
Ringkøbing-Skjern,United Kingdom,2022,1
Ringkøbing-Skjern,Uzbekistan,2022,4
Ringkøbing-Skjern,Vietnam,2022,8
Ringsted,Afghanistan,2022,4
Ringsted,Australia,2022,1
Ringsted,Austria,2022,1
Ringsted,Bangladesh,2022,6
Ringsted,Belgium,2022,1
Ringsted,Brazil,2022,3
Ringsted,Bulgaria,2022,55
Ringsted,Cameroon,2022,4
Ringsted,Chile,2022,2
Ringsted,Croatia,2022,3
Ringsted,Czech Republic,2022,2
Ringsted,Denmark,2022,85
Ringsted,Egypt,2022,3
Ringsted,France,2022,2
Ringsted,Germany,2022,2
Ringsted,Greece,2022,1
Ringsted,Hungary,2022,2
Ringsted,Iceland,2022,1
Ringsted,India,2022,12
Ringsted,Iran,2022,4
Ringsted,Ireland,2022,1
Ringsted,Italy,2022,9
Ringsted,Latvia,2022,1
Ringsted,Lithuania,2022,14
Ringsted,Morocco,2022,2
Ringsted,Nepal,2022,1
Ringsted,Netherlands,2022,1
Ringsted,Not stated,2022,6
Ringsted,Pakistan,2022,1
Ringsted,Philippines,2022,3
Ringsted,Poland,2022,105
Ringsted,Portugal,2022,22
Ringsted,Romania,2022,51
Ringsted,Russia,2022,3
Ringsted,Serbia,2022,2
Ringsted,Serbia and Montenegro,2022,2
Ringsted,Spain,2022,7
Ringsted,Sweden,2022,8
Ringsted,Syria,2022,1
Ringsted,Thailand,2022,1
Ringsted,Turkey,2022,9
Ringsted,USA,2022,1
Ringsted,Uganda,2022,1
Ringsted,Ukraine,2022,150
Ringsted,United Kingdom,2022,1
Roskilde,Afghanistan,2022,25
Roskilde,Albania,2022,2
Roskilde,Argentina,2022,2
Roskilde,Austria,2022,4
Roskilde,Azerbaijan,2022,1
Roskilde,Belarus,2022,2
Roskilde,Belgium,2022,4
Roskilde,Bosnia and Herzegovina,2022,1
Roskilde,Brazil,2022,15
Roskilde,Bulgaria,2022,48
Roskilde,Cameroon,2022,1
Roskilde,Canada,2022,5
Roskilde,China,2022,20
Roskilde,Colombia,2022,5
Roskilde,Croatia,2022,1
Roskilde,Czech Republic,2022,9
Roskilde,Denmark,2022,228
Roskilde,Eritrea,2022,1
Roskilde,Ethiopia,2022,2
Roskilde,Finland,2022,9
Roskilde,France,2022,34
Roskilde,Georgia,2022,2
Roskilde,Germany,2022,58
Roskilde,Ghana,2022,4
Roskilde,Greece,2022,8
Roskilde,Honduras,2022,2
Roskilde,Hungary,2022,12
Roskilde,Iceland,2022,8
Roskilde,India,2022,22
Roskilde,Indonesia,2022,4
Roskilde,Iran,2022,5
Roskilde,Iraq,2022,2
Roskilde,Ireland,2022,9
Roskilde,Italy,2022,39
Roskilde,Japan,2022,9
Roskilde,Kazakhstan,2022,1
Roskilde,Latvia,2022,7
Roskilde,Lithuania,2022,19
Roskilde,Malaysia,2022,1
Roskilde,Maldives,2022,1
Roskilde,Mexico,2022,7
Roskilde,Morocco,2022,1
Roskilde,Nepal,2022,4
Roskilde,Netherlands,2022,20
Roskilde,Nigeria,2022,1
Roskilde,Norway,2022,6
Roskilde,Not stated,2022,1
Roskilde,Pakistan,2022,2
Roskilde,Philippines,2022,4
Roskilde,Poland,2022,52
Roskilde,Portugal,2022,21
Roskilde,Republic of North Macedonia,2022,1
Roskilde,Romania,2022,105
Roskilde,Russia,2022,4
Roskilde,Slovakia,2022,8
Roskilde,Slovenia,2022,5
Roskilde,South Africa,2022,8
Roskilde,South Korea,2022,8
Roskilde,Spain,2022,34
Roskilde,Stateless,2022,1
Roskilde,Sweden,2022,8
Roskilde,Switzerland,2022,2
Roskilde,Syria,2022,7
Roskilde,Taiwan,2022,1
Roskilde,Thailand,2022,1
Roskilde,Turkey,2022,21
Roskilde,Turkmenistan,2022,1
Roskilde,USA,2022,35
Roskilde,Ukraine,2022,578
Roskilde,United Kingdom,2022,17
Roskilde,Vietnam,2022,5
Rudersdal,Afghanistan,2022,8
Rudersdal,Albania,2022,1
Rudersdal,Algeria,2022,1
Rudersdal,Argentina,2022,3
Rudersdal,Australia,2022,6
Rudersdal,Austria,2022,3
Rudersdal,Bahrain,2022,1
Rudersdal,Belarus,2022,1
Rudersdal,Belgium,2022,4
Rudersdal,Brazil,2022,13
Rudersdal,Bulgaria,2022,9
Rudersdal,Canada,2022,9
Rudersdal,Chile,2022,1
Rudersdal,China,2022,25
Rudersdal,Colombia,2022,1
Rudersdal,Croatia,2022,4
Rudersdal,Cyprus,2022,1
Rudersdal,Czech Republic,2022,2
Rudersdal,Denmark,2022,240
Rudersdal,Ecuador,2022,2
Rudersdal,El Salvador,2022,1
Rudersdal,Estonia,2022,2
Rudersdal,Finland,2022,5
Rudersdal,France,2022,24
Rudersdal,Germany,2022,39
Rudersdal,Greece,2022,19
Rudersdal,Guatemala,2022,1
Rudersdal,Hungary,2022,6
Rudersdal,Iceland,2022,7
Rudersdal,India,2022,47
Rudersdal,Indonesia,2022,3
Rudersdal,Iran,2022,35
Rudersdal,Iraq,2022,1
Rudersdal,Ireland,2022,3
Rudersdal,Israel,2022,1
Rudersdal,Italy,2022,31
Rudersdal,Japan,2022,9
Rudersdal,Kazakhstan,2022,1
Rudersdal,Lithuania,2022,11
Rudersdal,Malaysia,2022,2
Rudersdal,Mexico,2022,15
Rudersdal,Moldova,2022,1
Rudersdal,Namibia,2022,1
Rudersdal,Nepal,2022,5
Rudersdal,Netherlands,2022,17
Rudersdal,Norway,2022,7
Rudersdal,Not stated,2022,2
Rudersdal,Pakistan,2022,9
Rudersdal,Peru,2022,1
Rudersdal,Philippines,2022,45
Rudersdal,Poland,2022,29
Rudersdal,Portugal,2022,7
Rudersdal,Romania,2022,53
Rudersdal,Russia,2022,15
Rudersdal,Serbia,2022,1
Rudersdal,Singapore,2022,2
Rudersdal,Slovakia,2022,1
Rudersdal,South Africa,2022,3
Rudersdal,South Korea,2022,7
Rudersdal,Spain,2022,50
Rudersdal,Sweden,2022,8
Rudersdal,Switzerland,2022,3
Rudersdal,Syria,2022,7
Rudersdal,Taiwan,2022,1
Rudersdal,Thailand,2022,7
Rudersdal,Tunisia,2022,1
Rudersdal,Turkey,2022,11
Rudersdal,USA,2022,19
Rudersdal,Ukraine,2022,316
Rudersdal,United Kingdom,2022,19
Rudersdal,Vietnam,2022,4
Rødovre,Albania,2022,3
Rødovre,Argentina,2022,11
Rødovre,Austria,2022,3
Rødovre,Bangladesh,2022,38
Rødovre,Belgium,2022,1
Rødovre,Bosnia and Herzegovina,2022,1
Rødovre,Bulgaria,2022,53
Rødovre,Canada,2022,1
Rødovre,Chile,2022,4
Rødovre,China,2022,8
Rødovre,Colombia,2022,2
Rødovre,Croatia,2022,8
Rødovre,Czech Republic,2022,1
Rødovre,Denmark,2022,77
Rødovre,Egypt,2022,4
Rødovre,Estonia,2022,1
Rødovre,Finland,2022,4
Rødovre,France,2022,6
Rødovre,Germany,2022,5
Rødovre,Ghana,2022,1
Rødovre,Greece,2022,5
Rødovre,Guatemala,2022,1
Rødovre,Hungary,2022,6
Rødovre,Iceland,2022,8
Rødovre,India,2022,72
Rødovre,Indonesia,2022,1
Rødovre,Iran,2022,37
Rødovre,Ireland,2022,2
Rødovre,Italy,2022,47
Rødovre,Jordan,2022,1
Rødovre,Kenya,2022,1
Rødovre,Kosovo,2022,2
Rødovre,Latvia,2022,7
Rødovre,Lithuania,2022,10
Rødovre,Nepal,2022,78
Rødovre,Netherlands,2022,4
Rødovre,North Korea,2022,2
Rødovre,Norway,2022,14
Rødovre,Not stated,2022,1
Rødovre,Pakistan,2022,10
Rødovre,Philippines,2022,7
Rødovre,Poland,2022,40
Rødovre,Portugal,2022,40
Rødovre,Republic of North Macedonia,2022,20
Rødovre,Romania,2022,80
Rødovre,Russia,2022,9
Rødovre,Slovakia,2022,4
Rødovre,Somalia,2022,1
Rødovre,Spain,2022,16
Rødovre,Stateless,2022,10
Rødovre,Sweden,2022,13
Rødovre,Thailand,2022,4
Rødovre,Turkey,2022,6
Rødovre,USA,2022,14
Rødovre,Ukraine,2022,158
Rødovre,United Kingdom,2022,3
Rødovre,Vietnam,2022,4
Samsø,Czech Republic,2022,1
Samsø,Denmark,2022,35
Samsø,Germany,2022,11
Samsø,Kenya,2022,1
Samsø,Lithuania,2022,3
Samsø,Not stated,2022,1
Samsø,Portugal,2022,2
Samsø,Serbia,2022,2
Samsø,Syria,2022,4
Samsø,Ukraine,2022,40
Silkeborg,Afghanistan,2022,18
Silkeborg,Angola,2022,1
Silkeborg,Argentina,2022,2
Silkeborg,Australia,2022,1
Silkeborg,Belarus,2022,1
Silkeborg,Belgium,2022,1
Silkeborg,Bosnia and Herzegovina,2022,2
Silkeborg,Brazil,2022,7
Silkeborg,Bulgaria,2022,4
Silkeborg,Cambodia,2022,3
Silkeborg,Canada,2022,1
Silkeborg,Chile,2022,1
Silkeborg,Colombia,2022,1
Silkeborg,Costa Rica,2022,1
Silkeborg,Croatia,2022,2
Silkeborg,Czech Republic,2022,2
Silkeborg,Denmark,2022,215
Silkeborg,Eswantini,2022,1
Silkeborg,Ethiopia,2022,1
Silkeborg,Finland,2022,2
Silkeborg,France,2022,3
Silkeborg,Germany,2022,9
Silkeborg,Guatemala,2022,1
Silkeborg,Hungary,2022,4
Silkeborg,Iceland,2022,16
Silkeborg,India,2022,5
Silkeborg,Iran,2022,3
Silkeborg,Ireland,2022,3
Silkeborg,Israel,2022,1
Silkeborg,Italy,2022,4
Silkeborg,Japan,2022,1
Silkeborg,Latvia,2022,11
Silkeborg,Lebanon,2022,2
Silkeborg,Lithuania,2022,24
Silkeborg,Malaysia,2022,1
Silkeborg,Morocco,2022,1
Silkeborg,Nepal,2022,1
Silkeborg,Netherlands,2022,4
Silkeborg,Norway,2022,8
Silkeborg,Not stated,2022,9
Silkeborg,Philippines,2022,19
Silkeborg,Poland,2022,69
Silkeborg,Portugal,2022,1
Silkeborg,Romania,2022,141
Silkeborg,Russia,2022,4
Silkeborg,Serbia,2022,2
Silkeborg,Slovakia,2022,1
Silkeborg,South Africa,2022,2
Silkeborg,Spain,2022,6
Silkeborg,Stateless,2022,3
Silkeborg,Sweden,2022,11
Silkeborg,Syria,2022,7
Silkeborg,Tanzania,2022,1
Silkeborg,Thailand,2022,3
Silkeborg,Turkey,2022,1
Silkeborg,USA,2022,6
Silkeborg,Uganda,2022,1
Silkeborg,Ukraine,2022,582
Silkeborg,United Kingdom,2022,4
Silkeborg,Uruguay,2022,2
Silkeborg,Vietnam,2022,7
Skanderborg,Afghanistan,2022,21
Skanderborg,Australia,2022,3
Skanderborg,Belarus,2022,1
Skanderborg,Belgium,2022,1
Skanderborg,Bosnia and Herzegovina,2022,1
Skanderborg,Brazil,2022,3
Skanderborg,Canada,2022,1
Skanderborg,Chile,2022,13
Skanderborg,China,2022,2
Skanderborg,"Congo, Democratic Republic",2022,8
Skanderborg,Croatia,2022,2
Skanderborg,Czech Republic,2022,3
Skanderborg,Denmark,2022,137
Skanderborg,Eritrea,2022,1
Skanderborg,Estonia,2022,1
Skanderborg,France,2022,5
Skanderborg,Germany,2022,9
Skanderborg,Honduras,2022,1
Skanderborg,Hungary,2022,1
Skanderborg,Iceland,2022,4
Skanderborg,Italy,2022,10
Skanderborg,Libya,2022,1
Skanderborg,Lithuania,2022,7
Skanderborg,Morocco,2022,1
Skanderborg,Netherlands,2022,1
Skanderborg,Norway,2022,1
Skanderborg,Poland,2022,36
Skanderborg,Portugal,2022,1
Skanderborg,Romania,2022,39
Skanderborg,Russia,2022,3
Skanderborg,Serbia,2022,3
Skanderborg,Slovakia,2022,1
Skanderborg,Somalia,2022,2
Skanderborg,South Africa,2022,2
Skanderborg,South Korea,2022,1
Skanderborg,Spain,2022,3
Skanderborg,Sweden,2022,2
Skanderborg,Syria,2022,2
Skanderborg,Thailand,2022,3
Skanderborg,Turkey,2022,1
Skanderborg,USA,2022,3
Skanderborg,Ukraine,2022,311
Skanderborg,United Kingdom,2022,1
Skanderborg,Uzbekistan,2022,4
Skanderborg,Venezuela,2022,1
Skanderborg,Yemen,2022,1
Skive,Afghanistan,2022,3
Skive,Bangladesh,2022,1
Skive,Belgium,2022,1
Skive,Bosnia and Herzegovina,2022,1
Skive,Brazil,2022,1
Skive,Bulgaria,2022,6
Skive,Chile,2022,1
Skive,China,2022,2
Skive,Croatia,2022,2
Skive,Denmark,2022,128
Skive,Estonia,2022,2
Skive,Ethiopia,2022,1
Skive,France,2022,2
Skive,Germany,2022,24
Skive,Greece,2022,1
Skive,Hungary,2022,1
Skive,India,2022,3
Skive,Iran,2022,8
Skive,Italy,2022,1
Skive,Japan,2022,3
Skive,Latvia,2022,4
Skive,Lebanon,2022,2
Skive,Lithuania,2022,4
Skive,Mongolia,2022,1
Skive,Morocco,2022,1
Skive,Netherlands,2022,12
Skive,Norway,2022,6
Skive,Philippines,2022,5
Skive,Poland,2022,49
Skive,Romania,2022,49
Skive,Rwanda,2022,1
Skive,Slovakia,2022,2
Skive,South Africa,2022,1
Skive,Spain,2022,7
Skive,Switzerland,2022,3
Skive,Syria,2022,6
Skive,Thailand,2022,2
Skive,Turkey,2022,1
Skive,USA,2022,2
Skive,Uganda,2022,1
Skive,Ukraine,2022,382
Skive,Uzbekistan,2022,1
Skive,Vietnam,2022,5
Slagelse,Afghanistan,2022,5
Slagelse,Albania,2022,1
Slagelse,Belarus,2022,1
Slagelse,Bosnia and Herzegovina,2022,1
Slagelse,Brazil,2022,2
Slagelse,Bulgaria,2022,95
Slagelse,Canada,2022,2
Slagelse,Chile,2022,3
Slagelse,China,2022,1
Slagelse,Czech Republic,2022,4
Slagelse,Denmark,2022,182
Slagelse,Egypt,2022,1
Slagelse,Finland,2022,1
Slagelse,France,2022,1
Slagelse,Germany,2022,7
Slagelse,Ghana,2022,7
Slagelse,Greece,2022,6
Slagelse,Iceland,2022,3
Slagelse,India,2022,3
Slagelse,Iran,2022,1
Slagelse,Iraq,2022,1
Slagelse,Ireland,2022,1
Slagelse,Israel,2022,1
Slagelse,Italy,2022,2
Slagelse,Kazakhstan,2022,1
Slagelse,Kenya,2022,1
Slagelse,Kyrgyzstan,2022,4
Slagelse,Latvia,2022,4
Slagelse,Lebanon,2022,1
Slagelse,Lithuania,2022,3
Slagelse,Mexico,2022,2
Slagelse,Morocco,2022,1
Slagelse,Nepal,2022,2
Slagelse,Netherlands,2022,4
Slagelse,Norway,2022,7
Slagelse,Not stated,2022,1
Slagelse,Pakistan,2022,3
Slagelse,Peru,2022,1
Slagelse,Philippines,2022,5
Slagelse,Poland,2022,32
Slagelse,Portugal,2022,1
Slagelse,Romania,2022,104
Slagelse,Russia,2022,1
Slagelse,Somalia,2022,1
Slagelse,Spain,2022,13
Slagelse,Stateless,2022,3
Slagelse,Sweden,2022,19
Slagelse,Syria,2022,18
Slagelse,Thailand,2022,4
Slagelse,Turkey,2022,12
Slagelse,Turkmenistan,2022,1
Slagelse,USA,2022,6
Slagelse,Ukraine,2022,388
Slagelse,United Kingdom,2022,3
Slagelse,Uzbekistan,2022,1
Solrød,Afghanistan,2022,5
Solrød,Bulgaria,2022,10
Solrød,Canada,2022,1
Solrød,China,2022,1
Solrød,Denmark,2022,52
Solrød,Estonia,2022,3
Solrød,Finland,2022,1
Solrød,Iran,2022,11
Solrød,Italy,2022,5
Solrød,Japan,2022,2
Solrød,Lithuania,2022,3
Solrød,Nigeria,2022,1
Solrød,Norway,2022,2
Solrød,Pakistan,2022,2
Solrød,Paraguay,2022,1
Solrød,Philippines,2022,1
Solrød,Poland,2022,50
Solrød,Romania,2022,6
Solrød,Russia,2022,1
Solrød,Spain,2022,2
Solrød,Syria,2022,5
Solrød,Taiwan,2022,1
Solrød,Thailand,2022,3
Solrød,USA,2022,11
Solrød,Ukraine,2022,115
Solrød,Vietnam,2022,2
Sorø,Afghanistan,2022,11
Sorø,Austria,2022,1
Sorø,Bangladesh,2022,2
Sorø,Bosnia and Herzegovina,2022,1
Sorø,Brazil,2022,1
Sorø,Bulgaria,2022,1
Sorø,Denmark,2022,61
Sorø,Eritrea,2022,1
Sorø,France,2022,2
Sorø,Germany,2022,2
Sorø,Hungary,2022,2
Sorø,Iran,2022,6
Sorø,Italy,2022,2
Sorø,Jordan,2022,1
Sorø,Latvia,2022,5
Sorø,Lithuania,2022,7
Sorø,Moldova,2022,5
Sorø,Netherlands,2022,1
Sorø,Philippines,2022,2
Sorø,Poland,2022,18
Sorø,Republic of North Macedonia,2022,2
Sorø,Romania,2022,22
Sorø,Rwanda,2022,1
Sorø,Serbia,2022,4
Sorø,Spain,2022,3
Sorø,Sri Lanka,2022,1
Sorø,Stateless,2022,1
Sorø,Sweden,2022,6
Sorø,Syria,2022,1
Sorø,Ukraine,2022,150
Sorø,Vietnam,2022,2
Stevns,Afghanistan,2022,9
Stevns,Australia,2022,2
Stevns,Bangladesh,2022,2
Stevns,Brazil,2022,1
Stevns,Bulgaria,2022,10
Stevns,Denmark,2022,64
Stevns,Eritrea,2022,1
Stevns,Finland,2022,1
Stevns,France,2022,2
Stevns,Germany,2022,4
Stevns,Greece,2022,7
Stevns,Hungary,2022,5
Stevns,India,2022,2
Stevns,Italy,2022,2
Stevns,Latvia,2022,10
Stevns,Lithuania,2022,22
Stevns,Moldova,2022,1
Stevns,Netherlands,2022,5
Stevns,Nigeria,2022,1
Stevns,Norway,2022,2
Stevns,Not stated,2022,1
Stevns,Philippines,2022,2
Stevns,Poland,2022,17
Stevns,Romania,2022,13
Stevns,Russia,2022,1
Stevns,Slovakia,2022,3
Stevns,South Africa,2022,1
Stevns,Stateless,2022,1
Stevns,Sweden,2022,5
Stevns,Syria,2022,1
Stevns,Turkey,2022,1
Stevns,USA,2022,2
Stevns,Ukraine,2022,118
Stevns,United Kingdom,2022,1
Stevns,Uzbekistan,2022,1
Stevns,Zambia,2022,1
Struer,Armenia,2022,1
Struer,Azerbaijan,2022,1
Struer,Brazil,2022,1
Struer,Bulgaria,2022,11
Struer,"Congo, Democratic Republic",2022,4
Struer,Croatia,2022,2
Struer,Czech Republic,2022,10
Struer,Denmark,2022,45
Struer,Estonia,2022,2
Struer,France,2022,5
Struer,Germany,2022,8
Struer,Hungary,2022,5
Struer,Iceland,2022,2
Struer,India,2022,6
Struer,Italy,2022,5
Struer,Kenya,2022,1
Struer,Latvia,2022,4
Struer,Pakistan,2022,2
Struer,Philippines,2022,1
Struer,Poland,2022,20
Struer,Romania,2022,44
Struer,Slovakia,2022,3
Struer,Somalia,2022,1
Struer,Spain,2022,5
Struer,Sri Lanka,2022,1
Struer,Stateless,2022,3
Struer,Sudan,2022,1
Struer,Sweden,2022,1
Struer,Syria,2022,2
Struer,Thailand,2022,1
Struer,Tunisia,2022,1
Struer,Uganda,2022,1
Struer,Ukraine,2022,217
Struer,United Kingdom,2022,1
Struer,Vietnam,2022,1
Svendborg,Afghanistan,2022,12
Svendborg,Argentina,2022,2
Svendborg,Australia,2022,3
Svendborg,Austria,2022,1
Svendborg,Azerbaijan,2022,1
Svendborg,Bahamas,2022,1
Svendborg,Bangladesh,2022,2
Svendborg,Belarus,2022,1
Svendborg,Brazil,2022,8
Svendborg,Bulgaria,2022,6
Svendborg,Canada,2022,3
Svendborg,Chile,2022,3
Svendborg,Costa Rica,2022,2
Svendborg,Czech Republic,2022,1
Svendborg,Denmark,2022,195
Svendborg,Ecuador,2022,1
Svendborg,Eritrea,2022,3
Svendborg,Finland,2022,1
Svendborg,France,2022,2
Svendborg,"Gambia, The",2022,1
Svendborg,Germany,2022,25
Svendborg,Hungary,2022,2
Svendborg,Iceland,2022,9
Svendborg,India,2022,2
Svendborg,Iran,2022,3
Svendborg,Ireland,2022,1
Svendborg,Italy,2022,4
Svendborg,Japan,2022,6
Svendborg,Kosovo,2022,4
Svendborg,Lithuania,2022,3
Svendborg,Mexico,2022,2
Svendborg,Mozambique,2022,1
Svendborg,Namibia,2022,1
Svendborg,New Zealand,2022,1
Svendborg,Nigeria,2022,1
Svendborg,Norway,2022,5
Svendborg,Philippines,2022,2
Svendborg,Poland,2022,5
Svendborg,Romania,2022,16
Svendborg,Russia,2022,3
Svendborg,Serbia,2022,2
Svendborg,Slovenia,2022,2
Svendborg,South Africa,2022,3
Svendborg,Spain,2022,3
Svendborg,Sweden,2022,13
Svendborg,Tanzania,2022,1
Svendborg,Thailand,2022,1
Svendborg,Turkey,2022,3
Svendborg,USA,2022,8
Svendborg,Ukraine,2022,290
Svendborg,United Kingdom,2022,2
Svendborg,Vietnam,2022,3
Svendborg,Zambia,2022,1
Syddjurs,Afghanistan,2022,10
Syddjurs,Argentina,2022,1
Syddjurs,Austria,2022,2
Syddjurs,Belgium,2022,2
Syddjurs,Bulgaria,2022,1
Syddjurs,China,2022,1
Syddjurs,"Congo, Democratic Republic",2022,4
Syddjurs,Costa Rica,2022,1
Syddjurs,Czech Republic,2022,2
Syddjurs,Denmark,2022,163
Syddjurs,Estonia,2022,1
Syddjurs,Finland,2022,1
Syddjurs,France,2022,7
Syddjurs,Germany,2022,28
Syddjurs,Hungary,2022,5
Syddjurs,Iceland,2022,3
Syddjurs,Iran,2022,1
Syddjurs,Iraq,2022,1
Syddjurs,Ireland,2022,1
Syddjurs,Italy,2022,7
Syddjurs,Japan,2022,25
Syddjurs,Latvia,2022,7
Syddjurs,Lebanon,2022,1
Syddjurs,Lithuania,2022,10
Syddjurs,Mexico,2022,1
Syddjurs,Morocco,2022,1
Syddjurs,Netherlands,2022,23
Syddjurs,Norway,2022,21
Syddjurs,Not stated,2022,1
Syddjurs,Peru,2022,1
Syddjurs,Philippines,2022,2
Syddjurs,Poland,2022,20
Syddjurs,Portugal,2022,5
Syddjurs,Romania,2022,39
Syddjurs,Russia,2022,4
Syddjurs,Spain,2022,7
Syddjurs,Sweden,2022,7
Syddjurs,Switzerland,2022,1
Syddjurs,Syria,2022,1
Syddjurs,Thailand,2022,3
Syddjurs,Tunisia,2022,1
Syddjurs,Turkey,2022,2
Syddjurs,USA,2022,10
Syddjurs,Ukraine,2022,220
Syddjurs,United Kingdom,2022,1
Syddjurs,Vietnam,2022,1
Sønderborg,Afghanistan,2022,15
Sønderborg,Albania,2022,1
Sønderborg,Algeria,2022,2
Sønderborg,Argentina,2022,7
Sønderborg,Armenia,2022,1
Sønderborg,Australia,2022,1
Sønderborg,Austria,2022,1
Sønderborg,Bangladesh,2022,15
Sønderborg,Belgium,2022,1
Sønderborg,Bosnia and Herzegovina,2022,1
Sønderborg,Brazil,2022,10
Sønderborg,Bulgaria,2022,9
Sønderborg,Cameroon,2022,2
Sønderborg,Chile,2022,3
Sønderborg,China,2022,19
Sønderborg,Colombia,2022,6
Sønderborg,"Congo, Democratic Republic",2022,5
Sønderborg,Croatia,2022,5
Sønderborg,Cyprus,2022,1
Sønderborg,Czech Republic,2022,14
Sønderborg,Denmark,2022,254
Sønderborg,Egypt,2022,2
Sønderborg,Estonia,2022,4
Sønderborg,Ethiopia,2022,1
Sønderborg,Finland,2022,5
Sønderborg,France,2022,16
Sønderborg,Germany,2022,595
Sønderborg,Greece,2022,3
Sønderborg,Hungary,2022,25
Sønderborg,Iceland,2022,28
Sønderborg,India,2022,62
Sønderborg,Indonesia,2022,2
Sønderborg,Iran,2022,22
Sønderborg,Iraq,2022,2
Sønderborg,Ireland,2022,3
Sønderborg,Italy,2022,27
Sønderborg,Japan,2022,2
Sønderborg,Kenya,2022,1
Sønderborg,Kosovo,2022,1
Sønderborg,Latvia,2022,4
Sønderborg,Lithuania,2022,20
Sønderborg,Luxembourg,2022,1
Sønderborg,Mexico,2022,3
Sønderborg,Moldova,2022,2
Sønderborg,Morocco,2022,3
Sønderborg,Netherlands,2022,9
Sønderborg,Nigeria,2022,5
Sønderborg,Norway,2022,7
Sønderborg,Not stated,2022,15
Sønderborg,Pakistan,2022,11
Sønderborg,Peru,2022,1
Sønderborg,Philippines,2022,9
Sønderborg,Poland,2022,50
Sønderborg,Portugal,2022,19
Sønderborg,Romania,2022,75
Sønderborg,Russia,2022,14
Sønderborg,Serbia,2022,2
Sønderborg,Slovakia,2022,4
Sønderborg,Slovenia,2022,1
Sønderborg,South Africa,2022,10
Sønderborg,South Korea,2022,2
Sønderborg,Spain,2022,44
Sønderborg,Stateless,2022,3
Sønderborg,Sweden,2022,22
Sønderborg,Syria,2022,22
Sønderborg,Thailand,2022,2
Sønderborg,Tunisia,2022,2
Sønderborg,Turkey,2022,13
Sønderborg,USA,2022,15
Sønderborg,Ukraine,2022,380
Sønderborg,United Kingdom,2022,9
Sønderborg,Uzbekistan,2022,2
Sønderborg,Vietnam,2022,4
Thisted,Afghanistan,2022,15
Thisted,Bosnia and Herzegovina,2022,1
Thisted,Brazil,2022,1
Thisted,Bulgaria,2022,2
Thisted,Burundi,2022,1
Thisted,Canada,2022,1
Thisted,Chile,2022,1
Thisted,Colombia,2022,3
Thisted,"Congo, Democratic Republic",2022,5
Thisted,Croatia,2022,2
Thisted,Czech Republic,2022,1
Thisted,Denmark,2022,88
Thisted,Dominican Republic,2022,1
Thisted,Egypt,2022,2
Thisted,France,2022,1
Thisted,Germany,2022,50
Thisted,Greece,2022,1
Thisted,Hungary,2022,1
Thisted,Iceland,2022,2
Thisted,Italy,2022,5
Thisted,Kenya,2022,3
Thisted,Latvia,2022,1
Thisted,Lebanon,2022,1
Thisted,Lithuania,2022,11
Thisted,Mexico,2022,3
Thisted,Moldova,2022,1
Thisted,Nepal,2022,4
Thisted,Netherlands,2022,8
Thisted,Norway,2022,6
Thisted,Pakistan,2022,1
Thisted,Philippines,2022,4
Thisted,Poland,2022,63
Thisted,Portugal,2022,2
Thisted,Romania,2022,44
Thisted,Russia,2022,1
Thisted,Slovakia,2022,2
Thisted,Spain,2022,2
Thisted,Sweden,2022,2
Thisted,Syria,2022,2
Thisted,Thailand,2022,4
Thisted,USA,2022,2
Thisted,Uganda,2022,6
Thisted,Ukraine,2022,299
Thisted,United Kingdom,2022,1
Thisted,Uruguay,2022,1
Tårnby,Afghanistan,2022,5
Tårnby,Algeria,2022,1
Tårnby,Argentina,2022,7
Tårnby,Australia,2022,2
Tårnby,Bangladesh,2022,14
Tårnby,Belarus,2022,1
Tårnby,Belgium,2022,1
Tårnby,Bulgaria,2022,28
Tårnby,Chile,2022,1
Tårnby,China,2022,8
Tårnby,Croatia,2022,1
Tårnby,Czech Republic,2022,2
Tårnby,Denmark,2022,102
Tårnby,Egypt,2022,2
Tårnby,Eritrea,2022,2
Tårnby,Finland,2022,3
Tårnby,France,2022,8
Tårnby,"Gambia, The",2022,1
Tårnby,Germany,2022,7
Tårnby,Greece,2022,2
Tårnby,Hungary,2022,3
Tårnby,Iceland,2022,5
Tårnby,India,2022,5
Tårnby,Iran,2022,3
Tårnby,Ireland,2022,2
Tårnby,Italy,2022,18
Tårnby,Kazakhstan,2022,1
Tårnby,Latvia,2022,1
Tårnby,Lithuania,2022,8
Tårnby,Mexico,2022,1
Tårnby,Moldova,2022,1
Tårnby,Morocco,2022,2
Tårnby,Nepal,2022,7
Tårnby,Netherlands,2022,1
Tårnby,Nigeria,2022,1
Tårnby,Norway,2022,3
Tårnby,Pakistan,2022,5
Tårnby,Philippines,2022,4
Tårnby,Poland,2022,20
Tårnby,Portugal,2022,6
Tårnby,Romania,2022,34
Tårnby,Russia,2022,1
Tårnby,South Africa,2022,1
Tårnby,Spain,2022,17
Tårnby,Sweden,2022,19
Tårnby,Switzerland,2022,4
Tårnby,Syria,2022,2
Tårnby,Tanzania,2022,1
Tårnby,Thailand,2022,2
Tårnby,Turkey,2022,2
Tårnby,USA,2022,13
Tårnby,Uganda,2022,1
Tårnby,Ukraine,2022,194
Tårnby,United Kingdom,2022,4
Tårnby,Vietnam,2022,3
Tønder,Afghanistan,2022,13
Tønder,Australia,2022,2
Tønder,Austria,2022,4
Tønder,Belgium,2022,5
Tønder,Botswana,2022,1
Tønder,Brazil,2022,11
Tønder,Bulgaria,2022,2
Tønder,Croatia,2022,1
Tønder,Cuba,2022,1
Tønder,Czech Republic,2022,2
Tønder,Denmark,2022,102
Tønder,Eritrea,2022,2
Tønder,France,2022,2
Tønder,Germany,2022,391
Tønder,Hungary,2022,4
Tønder,Iceland,2022,1
Tønder,India,2022,26
Tønder,Indonesia,2022,2
Tønder,Italy,2022,7
Tønder,Japan,2022,8
Tønder,Kosovo,2022,1
Tønder,Latvia,2022,7
Tønder,Lithuania,2022,6
Tønder,Malaysia,2022,1
Tønder,Mexico,2022,2
Tønder,Morocco,2022,1
Tønder,Nepal,2022,1
Tønder,Netherlands,2022,28
Tønder,Norway,2022,6
Tønder,Not stated,2022,1
Tønder,Philippines,2022,6
Tønder,Poland,2022,14
Tønder,Portugal,2022,13
Tønder,Romania,2022,95
Tønder,Russia,2022,12
Tønder,Rwanda,2022,1
Tønder,Slovakia,2022,1
Tønder,Spain,2022,5
Tønder,Sri Lanka,2022,2
Tønder,Sweden,2022,5
Tønder,Switzerland,2022,2
Tønder,Syria,2022,7
Tønder,Taiwan,2022,1
Tønder,Thailand,2022,5
Tønder,Tunisia,2022,2
Tønder,USA,2022,2
Tønder,Uganda,2022,6
Tønder,Ukraine,2022,311
Tønder,United Kingdom,2022,3
Tønder,Uzbekistan,2022,4
Tønder,Vietnam,2022,1
Vallensbæk,Albania,2022,1
Vallensbæk,Australia,2022,1
Vallensbæk,Bangladesh,2022,10
Vallensbæk,Bulgaria,2022,39
Vallensbæk,China,2022,9
Vallensbæk,Croatia,2022,6
Vallensbæk,Czech Republic,2022,1
Vallensbæk,Denmark,2022,68
Vallensbæk,Estonia,2022,1
Vallensbæk,Finland,2022,2
Vallensbæk,France,2022,6
Vallensbæk,Germany,2022,2
Vallensbæk,Ghana,2022,3
Vallensbæk,Greece,2022,2
Vallensbæk,Hungary,2022,1
Vallensbæk,Iceland,2022,2
Vallensbæk,India,2022,30
Vallensbæk,Indonesia,2022,1
Vallensbæk,Iran,2022,22
Vallensbæk,Iraq,2022,1
Vallensbæk,Italy,2022,7
Vallensbæk,Japan,2022,1
Vallensbæk,Lithuania,2022,5
Vallensbæk,Moldova,2022,2
Vallensbæk,Nepal,2022,32
Vallensbæk,Netherlands,2022,4
Vallensbæk,Norway,2022,11
Vallensbæk,Pakistan,2022,4
Vallensbæk,Philippines,2022,2
Vallensbæk,Poland,2022,18
Vallensbæk,Portugal,2022,15
Vallensbæk,Republic of North Macedonia,2022,1
Vallensbæk,Romania,2022,50
Vallensbæk,Russia,2022,1
Vallensbæk,Slovakia,2022,1
Vallensbæk,Spain,2022,8
Vallensbæk,Sri Lanka,2022,14
Vallensbæk,Sweden,2022,8
Vallensbæk,Tanzania,2022,1
Vallensbæk,Thailand,2022,3
Vallensbæk,Turkey,2022,7
Vallensbæk,USA,2022,10
Vallensbæk,Ukraine,2022,46
Vallensbæk,United Kingdom,2022,1
Vallensbæk,Uzbekistan,2022,3
Varde,Afghanistan,2022,16
Varde,Australia,2022,3
Varde,Bangladesh,2022,2
Varde,Belgium,2022,5
Varde,Bulgaria,2022,8
Varde,China,2022,3
Varde,Colombia,2022,2
Varde,"Congo, Democratic Republic",2022,5
Varde,Czech Republic,2022,2
Varde,Denmark,2022,90
Varde,Ecuador,2022,1
Varde,Eritrea,2022,2
Varde,Ethiopia,2022,1
Varde,"Gambia, The",2022,1
Varde,Germany,2022,62
Varde,Greece,2022,3
Varde,Hungary,2022,2
Varde,Iceland,2022,2
Varde,India,2022,7
Varde,Iran,2022,2
Varde,Italy,2022,6
Varde,Jordan,2022,1
Varde,Kenya,2022,2
Varde,Kyrgyzstan,2022,4
Varde,Latvia,2022,5
Varde,Lithuania,2022,7
Varde,Mexico,2022,2
Varde,Moldova,2022,3
Varde,Netherlands,2022,28
Varde,Norway,2022,1
Varde,Not stated,2022,2
Varde,Philippines,2022,9
Varde,Poland,2022,56
Varde,Portugal,2022,8
Varde,Romania,2022,185
Varde,South Sudan,2022,1
Varde,Spain,2022,9
Varde,Sweden,2022,4
Varde,Syria,2022,3
Varde,Tanzania,2022,1
Varde,Thailand,2022,1
Varde,USA,2022,3
Varde,Uganda,2022,4
Varde,Ukraine,2022,394
Varde,United Kingdom,2022,3
Varde,Vietnam,2022,24
Vejen,Afghanistan,2022,6
Vejen,Australia,2022,1
Vejen,Bangladesh,2022,7
Vejen,Bosnia and Herzegovina,2022,1
Vejen,Brazil,2022,2
Vejen,Bulgaria,2022,8
Vejen,Colombia,2022,1
Vejen,"Congo, Democratic Republic",2022,5
Vejen,Costa Rica,2022,1
Vejen,Croatia,2022,5
Vejen,Denmark,2022,72
Vejen,France,2022,2
Vejen,Germany,2022,25
Vejen,Ghana,2022,2
Vejen,Greece,2022,1
Vejen,Hungary,2022,4
Vejen,Iceland,2022,1
Vejen,India,2022,13
Vejen,Indonesia,2022,1
Vejen,Italy,2022,7
Vejen,Japan,2022,4
Vejen,Kazakhstan,2022,1
Vejen,Kenya,2022,1
Vejen,Kosovo,2022,1
Vejen,Kyrgyzstan,2022,2
Vejen,Latvia,2022,4
Vejen,Lithuania,2022,9
Vejen,Mexico,2022,1
Vejen,Netherlands,2022,1
Vejen,Norway,2022,5
Vejen,Philippines,2022,8
Vejen,Poland,2022,71
Vejen,Portugal,2022,3
Vejen,Romania,2022,148
Vejen,Slovakia,2022,1
Vejen,South Africa,2022,1
Vejen,Spain,2022,4
Vejen,Sudan,2022,1
Vejen,Sweden,2022,2
Vejen,Switzerland,2022,1
Vejen,Syria,2022,10
Vejen,Thailand,2022,2
Vejen,Turkey,2022,2
Vejen,USA,2022,3
Vejen,Ukraine,2022,380
Vejen,United Kingdom,2022,1
Vejen,Uzbekistan,2022,1
Vejen,Vietnam,2022,10
Vejle,Afghanistan,2022,21
Vejle,Argentina,2022,2
Vejle,Australia,2022,6
Vejle,Austria,2022,2
Vejle,Bangladesh,2022,1
Vejle,Belarus,2022,3
Vejle,Belgium,2022,2
Vejle,Bosnia and Herzegovina,2022,3
Vejle,Brazil,2022,11
Vejle,Bulgaria,2022,15
Vejle,Cameroon,2022,2
Vejle,Canada,2022,6
Vejle,Cape Verde,2022,1
Vejle,China,2022,3
Vejle,Colombia,2022,5
Vejle,Costa Rica,2022,1
Vejle,Croatia,2022,11
Vejle,Czech Republic,2022,6
Vejle,Denmark,2022,386
Vejle,Ecuador,2022,2
Vejle,Eritrea,2022,2
Vejle,Ethiopia,2022,1
Vejle,Finland,2022,2
Vejle,France,2022,9
Vejle,"Gambia, The",2022,1
Vejle,Georgia,2022,1
Vejle,Germany,2022,46
Vejle,Ghana,2022,3
Vejle,Greece,2022,4
Vejle,Haiti,2022,1
Vejle,Hungary,2022,16
Vejle,Iceland,2022,17
Vejle,India,2022,19
Vejle,Indonesia,2022,5
Vejle,Iran,2022,36
Vejle,Iraq,2022,1
Vejle,Israel,2022,3
Vejle,Italy,2022,39
Vejle,Japan,2022,12
Vejle,Kazakhstan,2022,1
Vejle,Kenya,2022,3
Vejle,Latvia,2022,23
Vejle,Lebanon,2022,2
Vejle,Lithuania,2022,44
Vejle,Mexico,2022,19
Vejle,Moldova,2022,3
Vejle,Montenegro,2022,3
Vejle,Morocco,2022,4
Vejle,Netherlands,2022,9
Vejle,Nigeria,2022,2
Vejle,Norway,2022,12
Vejle,Not stated,2022,1
Vejle,Peru,2022,1
Vejle,Philippines,2022,14
Vejle,Poland,2022,266
Vejle,Portugal,2022,13
Vejle,Romania,2022,181
Vejle,Russia,2022,14
Vejle,Serbia,2022,2
Vejle,Singapore,2022,3
Vejle,Slovakia,2022,2
Vejle,Slovenia,2022,2
Vejle,South Africa,2022,1
Vejle,South Korea,2022,1
Vejle,Spain,2022,30
Vejle,Sri Lanka,2022,3
Vejle,Stateless,2022,2
Vejle,Sudan,2022,1
Vejle,Sweden,2022,25
Vejle,Switzerland,2022,1
Vejle,Syria,2022,13
Vejle,Taiwan,2022,3
Vejle,Thailand,2022,11
Vejle,Tunisia,2022,3
Vejle,Turkey,2022,35
Vejle,USA,2022,25
Vejle,Uganda,2022,2
Vejle,Ukraine,2022,596
Vejle,United Kingdom,2022,21
Vejle,Venezuela,2022,1
Vejle,Vietnam,2022,14
Vejle,Zambia,2022,1
Vesthimmerlands,Afghanistan,2022,11
Vesthimmerlands,Argentina,2022,2
Vesthimmerlands,Bulgaria,2022,5
Vesthimmerlands,Chile,2022,1
Vesthimmerlands,China,2022,2
Vesthimmerlands,"Congo, Democratic Republic",2022,5
Vesthimmerlands,Denmark,2022,76
Vesthimmerlands,Estonia,2022,1
Vesthimmerlands,France,2022,2
Vesthimmerlands,Germany,2022,17
Vesthimmerlands,Greece,2022,1
Vesthimmerlands,Hungary,2022,1
Vesthimmerlands,Iceland,2022,1
Vesthimmerlands,India,2022,6
Vesthimmerlands,Indonesia,2022,1
Vesthimmerlands,Italy,2022,3
Vesthimmerlands,Kyrgyzstan,2022,1
Vesthimmerlands,Latvia,2022,5
Vesthimmerlands,Lithuania,2022,4
Vesthimmerlands,Mexico,2022,19
Vesthimmerlands,Moldova,2022,1
Vesthimmerlands,Nepal,2022,1
Vesthimmerlands,Netherlands,2022,2
Vesthimmerlands,Norway,2022,2
Vesthimmerlands,Philippines,2022,2
Vesthimmerlands,Poland,2022,44
Vesthimmerlands,Romania,2022,71
Vesthimmerlands,Russia,2022,1
Vesthimmerlands,Slovakia,2022,2
Vesthimmerlands,South Africa,2022,1
Vesthimmerlands,South Korea,2022,2
Vesthimmerlands,Spain,2022,6
Vesthimmerlands,Sri Lanka,2022,1
Vesthimmerlands,Sweden,2022,2
Vesthimmerlands,Syria,2022,1
Vesthimmerlands,Thailand,2022,15
Vesthimmerlands,Turkey,2022,4
Vesthimmerlands,Uganda,2022,4
Vesthimmerlands,Ukraine,2022,286
Vesthimmerlands,United Kingdom,2022,3
Vesthimmerlands,Venezuela,2022,1
Vesthimmerlands,Vietnam,2022,4
Viborg,Afghanistan,2022,36
Viborg,Argentina,2022,1
Viborg,Austria,2022,1
Viborg,Bangladesh,2022,5
Viborg,Belarus,2022,1
Viborg,Belgium,2022,8
Viborg,Brazil,2022,5
Viborg,Bulgaria,2022,6
Viborg,Burkina Faso,2022,2
Viborg,Burundi,2022,9
Viborg,Cameroon,2022,1
Viborg,Canada,2022,2
Viborg,China,2022,18
Viborg,Colombia,2022,2
Viborg,Croatia,2022,1
Viborg,Czech Republic,2022,8
Viborg,Denmark,2022,247
Viborg,Estonia,2022,2
Viborg,Finland,2022,10
Viborg,France,2022,15
Viborg,"Gambia, The",2022,1
Viborg,Germany,2022,27
Viborg,Ghana,2022,1
Viborg,Greece,2022,9
Viborg,Hungary,2022,7
Viborg,Iceland,2022,4
Viborg,India,2022,16
Viborg,Iran,2022,19
Viborg,Iraq,2022,1
Viborg,Ireland,2022,43
Viborg,Israel,2022,1
Viborg,Italy,2022,34
Viborg,Japan,2022,19
Viborg,Kenya,2022,2
Viborg,Kyrgyzstan,2022,2
Viborg,Latvia,2022,2
Viborg,Lebanon,2022,1
Viborg,Lithuania,2022,33
Viborg,Luxembourg,2022,1
Viborg,Moldova,2022,1
Viborg,Nepal,2022,2
Viborg,Netherlands,2022,6
Viborg,New Zealand,2022,1
Viborg,Nigeria,2022,1
Viborg,Norway,2022,10
Viborg,Not stated,2022,3
Viborg,Pakistan,2022,1
Viborg,Peru,2022,2
Viborg,Philippines,2022,16
Viborg,Poland,2022,87
Viborg,Portugal,2022,3
Viborg,Romania,2022,159
Viborg,Russia,2022,5
Viborg,Serbia,2022,1
Viborg,Slovakia,2022,4
Viborg,Slovenia,2022,2
Viborg,South Africa,2022,1
Viborg,Spain,2022,13
Viborg,Sri Lanka,2022,1
Viborg,Sweden,2022,14
Viborg,Switzerland,2022,2
Viborg,Syria,2022,8
Viborg,Taiwan,2022,3
Viborg,Thailand,2022,10
Viborg,Tunisia,2022,1
Viborg,Turkey,2022,1
Viborg,USA,2022,3
Viborg,Uganda,2022,6
Viborg,Ukraine,2022,925
Viborg,United Kingdom,2022,16
Viborg,Uzbekistan,2022,1
Viborg,Vietnam,2022,7
Vordingborg,Afghanistan,2022,19
Vordingborg,Algeria,2022,2
Vordingborg,Argentina,2022,2
Vordingborg,Armenia,2022,1
Vordingborg,Australia,2022,1
Vordingborg,Bangladesh,2022,4
Vordingborg,Brazil,2022,2
Vordingborg,Bulgaria,2022,25
Vordingborg,Canada,2022,2
Vordingborg,China,2022,1
Vordingborg,Colombia,2022,1
Vordingborg,Croatia,2022,3
Vordingborg,Czech Republic,2022,3
Vordingborg,Denmark,2022,132
Vordingborg,Egypt,2022,1
Vordingborg,Estonia,2022,4
Vordingborg,Ethiopia,2022,4
Vordingborg,Finland,2022,1
Vordingborg,France,2022,1
Vordingborg,Germany,2022,10
Vordingborg,Greece,2022,6
Vordingborg,Hungary,2022,1
Vordingborg,Iceland,2022,4
Vordingborg,India,2022,8
Vordingborg,Indonesia,2022,2
Vordingborg,Iran,2022,1
Vordingborg,Ireland,2022,1
Vordingborg,Israel,2022,1
Vordingborg,Italy,2022,58
Vordingborg,Japan,2022,8
Vordingborg,Jordan,2022,1
Vordingborg,Latvia,2022,10
Vordingborg,Lithuania,2022,29
Vordingborg,Mexico,2022,1
Vordingborg,Morocco,2022,2
Vordingborg,Nepal,2022,1
Vordingborg,Netherlands,2022,1
Vordingborg,New Zealand,2022,1
Vordingborg,Nigeria,2022,1
Vordingborg,Pakistan,2022,20
Vordingborg,Philippines,2022,16
Vordingborg,Poland,2022,24
Vordingborg,Portugal,2022,7
Vordingborg,Romania,2022,172
Vordingborg,Russia,2022,1
Vordingborg,Serbia,2022,1
Vordingborg,Somalia,2022,1
Vordingborg,Spain,2022,4
Vordingborg,Stateless,2022,1
Vordingborg,Sweden,2022,3
Vordingborg,Switzerland,2022,1
Vordingborg,Syria,2022,15
Vordingborg,Taiwan,2022,1
Vordingborg,Tanzania,2022,1
Vordingborg,Thailand,2022,4
Vordingborg,Turkey,2022,1
Vordingborg,USA,2022,3
Vordingborg,Ukraine,2022,231
Vordingborg,United Kingdom,2022,8
Vordingborg,Venezuela,2022,1
Vordingborg,Vietnam,2022,3
Ærø,Denmark,2022,36
Ærø,France,2022,1
Ærø,Germany,2022,57
Ærø,India,2022,1
Ærø,Italy,2022,4
Ærø,Lithuania,2022,1
Ærø,Morocco,2022,1
Ærø,Norway,2022,1
Ærø,Philippines,2022,1
Ærø,Poland,2022,9
Ærø,Portugal,2022,2
Ærø,Romania,2022,12
Ærø,Spain,2022,5
Ærø,Switzerland,2022,5
Ærø,Thailand,2022,1
Ærø,Uganda,2022,3
Ærø,Ukraine,2022,46
Aabenraa,Afghanistan,2023,1
Aabenraa,Australia,2023,2
Aabenraa,Austria,2023,2
Aabenraa,Belarus,2023,1
Aabenraa,Brazil,2023,15
Aabenraa,Bulgaria,2023,2
Aabenraa,Canada,2023,2
Aabenraa,Chile,2023,1
Aabenraa,China,2023,5
Aabenraa,Colombia,2023,2
Aabenraa,Croatia,2023,3
Aabenraa,Denmark,2023,189
Aabenraa,France,2023,2
Aabenraa,Germany,2023,527
Aabenraa,Greece,2023,1
Aabenraa,Hungary,2023,4
Aabenraa,Iceland,2023,7
Aabenraa,India,2023,2
Aabenraa,Iran,2023,5
Aabenraa,Ireland,2023,1
Aabenraa,Italy,2023,6
Aabenraa,Jamaica,2023,2
Aabenraa,Japan,2023,8
Aabenraa,Kosovo,2023,1
Aabenraa,Latvia,2023,8
Aabenraa,Lebanon,2023,1
Aabenraa,Lithuania,2023,6
Aabenraa,Luxembourg,2023,2
Aabenraa,Netherlands,2023,8
Aabenraa,Norway,2023,2
Aabenraa,Not stated,2023,5
Aabenraa,Peru,2023,1
Aabenraa,Philippines,2023,3
Aabenraa,Poland,2023,24
Aabenraa,Portugal,2023,2
Aabenraa,Romania,2023,49
Aabenraa,Russia,2023,1
Aabenraa,Spain,2023,3
Aabenraa,Sri Lanka,2023,1
Aabenraa,Stateless,2023,2
Aabenraa,Sweden,2023,11
Aabenraa,Syria,2023,3
Aabenraa,Tanzania,2023,6
Aabenraa,Thailand,2023,1
Aabenraa,Turkey,2023,5
Aabenraa,USA,2023,10
Aabenraa,Uganda,2023,6
Aabenraa,Ukraine,2023,48
Aabenraa,United Kingdom,2023,1
Aabenraa,Uzbekistan,2023,5
Aabenraa,Vietnam,2023,5
Aalborg,Afghanistan,2023,3
Aalborg,Algeria,2023,4
Aalborg,Argentina,2023,7
Aalborg,Armenia,2023,1
Aalborg,Australia,2023,15
Aalborg,Austria,2023,6
Aalborg,Azerbaijan,2023,2
Aalborg,Bangladesh,2023,85
Aalborg,Belarus,2023,6
Aalborg,Belgium,2023,14
Aalborg,Bosnia and Herzegovina,2023,1
Aalborg,Botswana,2023,2
Aalborg,Brazil,2023,57
Aalborg,Bulgaria,2023,34
Aalborg,Burundi,2023,1
Aalborg,Cameroon,2023,10
Aalborg,Canada,2023,13
Aalborg,Chile,2023,3
Aalborg,China,2023,101
Aalborg,Colombia,2023,4
Aalborg,"Congo, Democratic Republic",2023,15
Aalborg,Croatia,2023,16
Aalborg,Cuba,2023,3
Aalborg,Cyprus,2023,2
Aalborg,Czech Republic,2023,10
Aalborg,Denmark,2023,818
Aalborg,Ecuador,2023,3
Aalborg,Egypt,2023,2
Aalborg,Eritrea,2023,4
Aalborg,Estonia,2023,4
Aalborg,Ethiopia,2023,3
Aalborg,Finland,2023,10
Aalborg,France,2023,38
Aalborg,Gabon,2023,1
Aalborg,"Gambia, The",2023,1
Aalborg,Georgia,2023,3
Aalborg,Germany,2023,89
Aalborg,Ghana,2023,12
Aalborg,Greece,2023,22
Aalborg,Guatemala,2023,1
Aalborg,Hungary,2023,40
Aalborg,Iceland,2023,24
Aalborg,India,2023,86
Aalborg,Indonesia,2023,6
Aalborg,Iran,2023,117
Aalborg,Iraq,2023,12
Aalborg,Ireland,2023,6
Aalborg,Italy,2023,86
Aalborg,Ivory Coast,2023,1
Aalborg,Japan,2023,13
Aalborg,Jordan,2023,1
Aalborg,Kazakhstan,2023,1
Aalborg,Kenya,2023,2
Aalborg,Kosovo,2023,3
Aalborg,Laos,2023,1
Aalborg,Latvia,2023,10
Aalborg,Lithuania,2023,27
Aalborg,Malawi,2023,2
Aalborg,Malaysia,2023,8
Aalborg,Mauritius,2023,1
Aalborg,Mexico,2023,11
Aalborg,Moldova,2023,2
Aalborg,Morocco,2023,3
Aalborg,Namibia,2023,4
Aalborg,Nepal,2023,14
Aalborg,Netherlands,2023,25
Aalborg,New Zealand,2023,2
Aalborg,Nigeria,2023,10
Aalborg,North Korea,2023,1
Aalborg,Norway,2023,65
Aalborg,Not stated,2023,3
Aalborg,Pakistan,2023,37
Aalborg,Paraguay,2023,1
Aalborg,Peru,2023,4
Aalborg,Philippines,2023,31
Aalborg,Poland,2023,91
Aalborg,Portugal,2023,35
Aalborg,Republic of North Macedonia,2023,1
Aalborg,Romania,2023,93
Aalborg,Russia,2023,16
Aalborg,Rwanda,2023,2
Aalborg,Serbia,2023,3
Aalborg,Sierra Leone,2023,1
Aalborg,Singapore,2023,4
Aalborg,Slovakia,2023,7
Aalborg,Slovenia,2023,3
Aalborg,Somalia,2023,1
Aalborg,South Africa,2023,3
Aalborg,South Korea,2023,3
Aalborg,Spain,2023,80
Aalborg,Sri Lanka,2023,12
Aalborg,Stateless,2023,5
Aalborg,Sweden,2023,48
Aalborg,Switzerland,2023,2
Aalborg,Syria,2023,23
Aalborg,Taiwan,2023,4
Aalborg,Tanzania,2023,10
Aalborg,Thailand,2023,12
Aalborg,Tunisia,2023,3
Aalborg,Turkey,2023,33
Aalborg,USA,2023,41
Aalborg,Uganda,2023,5
Aalborg,Ukraine,2023,222
Aalborg,United Kingdom,2023,20
Aalborg,Uruguay,2023,1
Aalborg,Uzbekistan,2023,2
Aalborg,Venezuela,2023,2
Aalborg,Vietnam,2023,16
Aalborg,Yemen,2023,1
Aalborg,Zimbabwe,2023,4
Aarhus,Afghanistan,2023,19
Aarhus,Albania,2023,8
Aarhus,Algeria,2023,3
Aarhus,Argentina,2023,78
Aarhus,Australia,2023,81
Aarhus,Austria,2023,43
Aarhus,Azerbaijan,2023,2
Aarhus,Bangladesh,2023,119
Aarhus,Belarus,2023,9
Aarhus,Belgium,2023,98
Aarhus,Bolivia,2023,1
Aarhus,Bosnia and Herzegovina,2023,2
Aarhus,Brazil,2023,55
Aarhus,Bulgaria,2023,57
Aarhus,Burundi,2023,3
Aarhus,Cambodia,2023,1
Aarhus,Cameroon,2023,1
Aarhus,Canada,2023,76
Aarhus,Chile,2023,32
Aarhus,China,2023,266
Aarhus,Colombia,2023,19
Aarhus,"Congo, Democratic Republic",2023,15
Aarhus,Costa Rica,2023,2
Aarhus,Croatia,2023,17
Aarhus,Cuba,2023,1
Aarhus,Cyprus,2023,5
Aarhus,Czech Republic,2023,48
Aarhus,Denmark,2023,1540
Aarhus,Ecuador,2023,5
Aarhus,Egypt,2023,15
Aarhus,El Salvador,2023,1
Aarhus,Eritrea,2023,7
Aarhus,Estonia,2023,12
Aarhus,Ethiopia,2023,6
Aarhus,Finland,2023,35
Aarhus,France,2023,152
Aarhus,Georgia,2023,6
Aarhus,Germany,2023,442
Aarhus,Ghana,2023,14
Aarhus,Greece,2023,50
Aarhus,Guatemala,2023,4
Aarhus,Haiti,2023,1
Aarhus,Honduras,2023,3
Aarhus,Hungary,2023,133
Aarhus,Iceland,2023,87
Aarhus,India,2023,231
Aarhus,Indonesia,2023,33
Aarhus,Iran,2023,346
Aarhus,Iraq,2023,21
Aarhus,Ireland,2023,48
Aarhus,Israel,2023,14
Aarhus,Italy,2023,353
Aarhus,Japan,2023,57
Aarhus,Jordan,2023,2
Aarhus,Kazakhstan,2023,11
Aarhus,Kenya,2023,4
Aarhus,Kosovo,2023,1
Aarhus,Kyrgyzstan,2023,1
Aarhus,Latvia,2023,27
Aarhus,Lebanon,2023,11
Aarhus,Liberia,2023,2
Aarhus,Lithuania,2023,29
Aarhus,Luxembourg,2023,4
Aarhus,Malaysia,2023,9
Aarhus,Mali,2023,1
Aarhus,Mauritius,2023,1
Aarhus,Mexico,2023,32
Aarhus,Moldova,2023,5
Aarhus,Montenegro,2023,1
Aarhus,Morocco,2023,9
Aarhus,Nepal,2023,19
Aarhus,Netherlands,2023,125
Aarhus,New Zealand,2023,10
Aarhus,Nicaragua,2023,1
Aarhus,Niger,2023,1
Aarhus,Nigeria,2023,13
Aarhus,Norway,2023,276
Aarhus,Not stated,2023,62
Aarhus,Pakistan,2023,55
Aarhus,Paraguay,2023,2
Aarhus,Peru,2023,5
Aarhus,Philippines,2023,30
Aarhus,Poland,2023,245
Aarhus,Portugal,2023,82
Aarhus,Romania,2023,330
Aarhus,Russia,2023,55
Aarhus,Rwanda,2023,1
Aarhus,Saudi Arabia,2023,4
Aarhus,Serbia,2023,7
Aarhus,Singapore,2023,52
Aarhus,Slovakia,2023,34
Aarhus,Slovenia,2023,20
Aarhus,Somalia,2023,6
Aarhus,South Africa,2023,15
Aarhus,South Korea,2023,21
Aarhus,Spain,2023,247
Aarhus,Sri Lanka,2023,16
Aarhus,Stateless,2023,14
Aarhus,Sudan,2023,2
Aarhus,Sweden,2023,108
Aarhus,Switzerland,2023,28
Aarhus,Syria,2023,41
Aarhus,Taiwan,2023,10
Aarhus,Tajikistan,2023,1
Aarhus,Tanzania,2023,2
Aarhus,Thailand,2023,30
Aarhus,Tunisia,2023,3
Aarhus,Turkey,2023,79
Aarhus,USA,2023,142
Aarhus,Uganda,2023,4
Aarhus,Ukraine,2023,467
Aarhus,United Arab Emirates,2023,1
Aarhus,United Kingdom,2023,103
Aarhus,Uruguay,2023,5
Aarhus,Uzbekistan,2023,2
Aarhus,Venezuela,2023,7
Aarhus,Vietnam,2023,42
Aarhus,Yemen,2023,1
Albertslund,Afghanistan,2023,1
Albertslund,Australia,2023,1
Albertslund,Bangladesh,2023,41
Albertslund,Belgium,2023,1
Albertslund,Bulgaria,2023,21
Albertslund,China,2023,9
Albertslund,Croatia,2023,3
Albertslund,Czech Republic,2023,1
Albertslund,Denmark,2023,81
Albertslund,Estonia,2023,1
Albertslund,France,2023,7
Albertslund,Germany,2023,18
Albertslund,Greece,2023,7
Albertslund,Hungary,2023,6
Albertslund,Iceland,2023,4
Albertslund,India,2023,20
Albertslund,Iran,2023,9
Albertslund,Iraq,2023,2
Albertslund,Ireland,2023,1
Albertslund,Italy,2023,11
Albertslund,Japan,2023,1
Albertslund,Kuwait,2023,1
Albertslund,Latvia,2023,1
Albertslund,Mexico,2023,1
Albertslund,Moldova,2023,1
Albertslund,Morocco,2023,2
Albertslund,Nepal,2023,67
Albertslund,Netherlands,2023,2
Albertslund,Nigeria,2023,6
Albertslund,Norway,2023,8
Albertslund,Pakistan,2023,35
Albertslund,Philippines,2023,1
Albertslund,Poland,2023,8
Albertslund,Portugal,2023,16
Albertslund,Republic of North Macedonia,2023,3
Albertslund,Romania,2023,27
Albertslund,Russia,2023,3
Albertslund,Serbia,2023,2
Albertslund,Slovakia,2023,4
Albertslund,South Korea,2023,1
Albertslund,Spain,2023,13
Albertslund,Stateless,2023,2
Albertslund,Sweden,2023,10
Albertslund,Syria,2023,2
Albertslund,Taiwan,2023,1
Albertslund,Turkey,2023,17
Albertslund,USA,2023,7
Albertslund,Ukraine,2023,55
Albertslund,United Kingdom,2023,2
Allerød,Bangladesh,2023,7
Allerød,Brazil,2023,1
Allerød,China,2023,5
Allerød,Denmark,2023,59
Allerød,El Salvador,2023,2
Allerød,Finland,2023,1
Allerød,France,2023,2
Allerød,Georgia,2023,1
Allerød,Germany,2023,5
Allerød,India,2023,5
Allerød,Italy,2023,3
Allerød,Lithuania,2023,1
Allerød,Luxembourg,2023,2
Allerød,Netherlands,2023,1
Allerød,Pakistan,2023,1
Allerød,Philippines,2023,2
Allerød,Poland,2023,4
Allerød,Portugal,2023,1
Allerød,Romania,2023,7
Allerød,Russia,2023,4
Allerød,Serbia,2023,1
Allerød,South Africa,2023,1
Allerød,South Korea,2023,1
Allerød,Spain,2023,3
Allerød,Sri Lanka,2023,2
Allerød,Sweden,2023,5
Allerød,Syria,2023,2
Allerød,Thailand,2023,1
Allerød,Tunisia,2023,3
Allerød,USA,2023,11
Allerød,Ukraine,2023,35
Allerød,United Kingdom,2023,4
Assens,Australia,2023,1
Assens,Bulgaria,2023,10
Assens,Canada,2023,1
Assens,Colombia,2023,1
Assens,Denmark,2023,75
Assens,Eritrea,2023,1
Assens,Germany,2023,9
Assens,Hungary,2023,12
Assens,Iceland,2023,4
Assens,India,2023,6
Assens,Iran,2023,3
Assens,Ireland,2023,1
Assens,Italy,2023,4
Assens,Latvia,2023,3
Assens,Lithuania,2023,28
Assens,Netherlands,2023,1
Assens,Norway,2023,2
Assens,Philippines,2023,4
Assens,Poland,2023,22
Assens,Portugal,2023,1
Assens,Romania,2023,92
Assens,Serbia,2023,2
Assens,Slovakia,2023,7
Assens,South Africa,2023,1
Assens,Spain,2023,1
Assens,Sri Lanka,2023,1
Assens,Stateless,2023,1
Assens,Sweden,2023,2
Assens,Switzerland,2023,1
Assens,Syria,2023,2
Assens,Tanzania,2023,1
Assens,Thailand,2023,3
Assens,Turkey,2023,2
Assens,USA,2023,4
Assens,Uganda,2023,5
Assens,Ukraine,2023,53
Assens,United Kingdom,2023,2
Assens,Vietnam,2023,9
Assens,Yemen,2023,1
Ballerup,Afghanistan,2023,9
Ballerup,Argentina,2023,2
Ballerup,Australia,2023,5
Ballerup,Austria,2023,4
Ballerup,Azerbaijan,2023,1
Ballerup,Bangladesh,2023,2
Ballerup,Belarus,2023,1
Ballerup,Brazil,2023,12
Ballerup,Bulgaria,2023,19
Ballerup,Burundi,2023,2
Ballerup,Chile,2023,6
Ballerup,China,2023,26
Ballerup,Colombia,2023,1
Ballerup,Croatia,2023,10
Ballerup,Cyprus,2023,1
Ballerup,Czech Republic,2023,2
Ballerup,Denmark,2023,101
Ballerup,Estonia,2023,3
Ballerup,Finland,2023,2
Ballerup,France,2023,7
Ballerup,Germany,2023,21
Ballerup,Ghana,2023,2
Ballerup,Greece,2023,28
Ballerup,Honduras,2023,1
Ballerup,Hungary,2023,12
Ballerup,Iceland,2023,6
Ballerup,India,2023,104
Ballerup,Indonesia,2023,3
Ballerup,Iran,2023,41
Ballerup,Iraq,2023,2
Ballerup,Ireland,2023,1
Ballerup,Italy,2023,35
Ballerup,Japan,2023,6
Ballerup,Kosovo,2023,1
Ballerup,Latvia,2023,3
Ballerup,Lithuania,2023,3
Ballerup,Mexico,2023,3
Ballerup,Moldova,2023,2
Ballerup,Montenegro,2023,7
Ballerup,Morocco,2023,3
Ballerup,Myanmar,2023,1
Ballerup,Nepal,2023,18
Ballerup,Netherlands,2023,6
Ballerup,Nigeria,2023,1
Ballerup,Norway,2023,8
Ballerup,Not stated,2023,4
Ballerup,Pakistan,2023,4
Ballerup,Philippines,2023,4
Ballerup,Poland,2023,34
Ballerup,Portugal,2023,13
Ballerup,Republic of North Macedonia,2023,7
Ballerup,Romania,2023,33
Ballerup,Russia,2023,8
Ballerup,Serbia,2023,3
Ballerup,Singapore,2023,2
Ballerup,Slovakia,2023,3
Ballerup,Slovenia,2023,2
Ballerup,Somalia,2023,1
Ballerup,South Africa,2023,1
Ballerup,South Korea,2023,1
Ballerup,Spain,2023,29
Ballerup,Stateless,2023,1
Ballerup,Sweden,2023,22
Ballerup,Switzerland,2023,2
Ballerup,Syria,2023,2
Ballerup,Taiwan,2023,2
Ballerup,Thailand,2023,2
Ballerup,Tunisia,2023,2
Ballerup,Turkey,2023,17
Ballerup,USA,2023,20
Ballerup,Ukraine,2023,86
Ballerup,United Kingdom,2023,4
Ballerup,Uzbekistan,2023,1
Billund,Australia,2023,6
Billund,Austria,2023,1
Billund,Bangladesh,2023,3
Billund,Belarus,2023,2
Billund,Belgium,2023,4
Billund,Brazil,2023,2
Billund,Bulgaria,2023,6
Billund,Canada,2023,12
Billund,Chile,2023,9
Billund,China,2023,4
Billund,"Congo, Democratic Republic",2023,4
Billund,Croatia,2023,1
Billund,Cyprus,2023,1
Billund,Czech Republic,2023,2
Billund,Denmark,2023,65
Billund,Finland,2023,1
Billund,France,2023,7
Billund,Germany,2023,7
Billund,Greece,2023,3
Billund,Hungary,2023,9
Billund,India,2023,13
Billund,Indonesia,2023,1
Billund,Iran,2023,1
Billund,Ireland,2023,2
Billund,Italy,2023,19
Billund,Latvia,2023,1
Billund,Lithuania,2023,15
Billund,Mexico,2023,3
Billund,Moldova,2023,2
Billund,Netherlands,2023,10
Billund,New Zealand,2023,2
Billund,North Korea,2023,1
Billund,Norway,2023,8
Billund,Philippines,2023,2
Billund,Poland,2023,25
Billund,Portugal,2023,9
Billund,Romania,2023,98
Billund,Russia,2023,3
Billund,Singapore,2023,2
Billund,Slovakia,2023,9
Billund,Slovenia,2023,1
Billund,South Africa,2023,4
Billund,South Korea,2023,2
Billund,Spain,2023,15
Billund,Stateless,2023,1
Billund,Sweden,2023,2
Billund,Switzerland,2023,1
Billund,Syria,2023,6
Billund,Taiwan,2023,1
Billund,Thailand,2023,2
Billund,Turkey,2023,8
Billund,USA,2023,23
Billund,Uganda,2023,3
Billund,Ukraine,2023,24
Billund,United Kingdom,2023,24
Billund,Uzbekistan,2023,1
Billund,Venezuela,2023,1
Billund,Vietnam,2023,40
Bornholm,Afghanistan,2023,8
Bornholm,Argentina,2023,7
Bornholm,Australia,2023,2
Bornholm,Austria,2023,1
Bornholm,Belgium,2023,1
Bornholm,Bosnia and Herzegovina,2023,1
Bornholm,Brazil,2023,1
Bornholm,Bulgaria,2023,3
Bornholm,Canada,2023,3
Bornholm,China,2023,3
Bornholm,Colombia,2023,1
Bornholm,"Congo, Democratic Republic",2023,16
Bornholm,Czech Republic,2023,3
Bornholm,Denmark,2023,110
Bornholm,Eritrea,2023,5
Bornholm,France,2023,6
Bornholm,Germany,2023,63
Bornholm,Greece,2023,2
Bornholm,Hungary,2023,5
Bornholm,Iceland,2023,2
Bornholm,Iran,2023,1
Bornholm,Ireland,2023,3
Bornholm,Italy,2023,30
Bornholm,Japan,2023,12
Bornholm,Latvia,2023,1
Bornholm,Lithuania,2023,4
Bornholm,Morocco,2023,1
Bornholm,Netherlands,2023,19
Bornholm,New Zealand,2023,1
Bornholm,Norway,2023,3
Bornholm,Not stated,2023,1
Bornholm,Pakistan,2023,1
Bornholm,Philippines,2023,5
Bornholm,Poland,2023,29
Bornholm,Portugal,2023,2
Bornholm,Romania,2023,20
Bornholm,Spain,2023,3
Bornholm,Sweden,2023,25
Bornholm,Switzerland,2023,6
Bornholm,Syria,2023,2
Bornholm,Thailand,2023,5
Bornholm,USA,2023,3
Bornholm,Ukraine,2023,37
Bornholm,United Kingdom,2023,2
Bornholm,Zimbabwe,2023,1
Brøndby,Afghanistan,2023,4
Brøndby,Argentina,2023,7
Brøndby,Australia,2023,8
Brøndby,Austria,2023,8
Brøndby,Azerbaijan,2023,1
Brøndby,Bangladesh,2023,68
Brøndby,Belarus,2023,2
Brøndby,Belgium,2023,3
Brøndby,Brazil,2023,3
Brøndby,Bulgaria,2023,25
Brøndby,Cambodia,2023,1
Brøndby,Canada,2023,7
Brøndby,Chile,2023,3
Brøndby,China,2023,36
Brøndby,Colombia,2023,3
Brøndby,Croatia,2023,12
Brøndby,Cyprus,2023,1
Brøndby,Czech Republic,2023,1
Brøndby,Denmark,2023,107
Brøndby,Egypt,2023,1
Brøndby,Estonia,2023,3
Brøndby,Finland,2023,6
Brøndby,France,2023,17
Brøndby,Georgia,2023,2
Brøndby,Germany,2023,40
Brøndby,Ghana,2023,4
Brøndby,Greece,2023,12
Brøndby,Grenada,2023,1
Brøndby,Hungary,2023,26
Brøndby,Iceland,2023,8
Brøndby,India,2023,37
Brøndby,Indonesia,2023,8
Brøndby,Iran,2023,201
Brøndby,Ireland,2023,30
Brøndby,Israel,2023,1
Brøndby,Italy,2023,48
Brøndby,Ivory Coast,2023,1
Brøndby,Japan,2023,7
Brøndby,Kosovo,2023,1
Brøndby,Latvia,2023,3
Brøndby,Lebanon,2023,1
Brøndby,Libya,2023,1
Brøndby,Liechtenstein,2023,2
Brøndby,Lithuania,2023,12
Brøndby,Mexico,2023,8
Brøndby,Morocco,2023,1
Brøndby,Nepal,2023,154
Brøndby,Netherlands,2023,14
Brøndby,Nigeria,2023,6
Brøndby,Norway,2023,9
Brøndby,Not stated,2023,1
Brøndby,Pakistan,2023,10
Brøndby,Philippines,2023,2
Brøndby,Poland,2023,47
Brøndby,Portugal,2023,49
Brøndby,Republic of North Macedonia,2023,4
Brøndby,Romania,2023,75
Brøndby,Russia,2023,3
Brøndby,Serbia,2023,3
Brøndby,Singapore,2023,11
Brøndby,Slovakia,2023,1
Brøndby,Slovenia,2023,3
Brøndby,South Africa,2023,1
Brøndby,South Korea,2023,6
Brøndby,Spain,2023,39
Brøndby,Sri Lanka,2023,16
Brøndby,Stateless,2023,1
Brøndby,Sweden,2023,32
Brøndby,Switzerland,2023,9
Brøndby,Taiwan,2023,3
Brøndby,Thailand,2023,5
Brøndby,Tunisia,2023,3
Brøndby,Turkey,2023,39
Brøndby,USA,2023,19
Brøndby,Ukraine,2023,59
Brøndby,United Kingdom,2023,16
Brøndby,Uzbekistan,2023,1
Brøndby,Vietnam,2023,5
Brønderslev,Belgium,2023,4
Brønderslev,Brazil,2023,2
Brønderslev,Bulgaria,2023,12
Brønderslev,Cambodia,2023,1
Brønderslev,Canada,2023,1
Brønderslev,Colombia,2023,1
Brønderslev,Croatia,2023,3
Brønderslev,Denmark,2023,91
Brønderslev,Eritrea,2023,1
Brønderslev,Germany,2023,10
Brønderslev,Iceland,2023,10
Brønderslev,India,2023,2
Brønderslev,Indonesia,2023,1
Brønderslev,Iran,2023,5
Brønderslev,Iraq,2023,1
Brønderslev,Italy,2023,3
Brønderslev,Kenya,2023,1
Brønderslev,Lithuania,2023,2
Brønderslev,Montenegro,2023,1
Brønderslev,Morocco,2023,2
Brønderslev,Myanmar,2023,1
Brønderslev,Norway,2023,11
Brønderslev,Paraguay,2023,1
Brønderslev,Philippines,2023,13
Brønderslev,Poland,2023,11
Brønderslev,Romania,2023,15
Brønderslev,Russia,2023,1
Brønderslev,Sierra Leone,2023,1
Brønderslev,Spain,2023,2
Brønderslev,Stateless,2023,1
Brønderslev,Sweden,2023,2
Brønderslev,Syria,2023,5
Brønderslev,Tanzania,2023,15
Brønderslev,Thailand,2023,3
Brønderslev,Turkey,2023,3
Brønderslev,USA,2023,3
Brønderslev,Uganda,2023,3
Brønderslev,Ukraine,2023,35
Brønderslev,United Kingdom,2023,1
Brønderslev,Vietnam,2023,8
Copenhagen,Afghanistan,2023,28
Copenhagen,Albania,2023,28
Copenhagen,Algeria,2023,13
Copenhagen,Angola,2023,1
Copenhagen,Antigua and Barbuda,2023,1
Copenhagen,Argentina,2023,303
Copenhagen,Armenia,2023,9
Copenhagen,Asia not stated,2023,1
Copenhagen,Australia,2023,310
Copenhagen,Austria,2023,131
Copenhagen,Azerbaijan,2023,4
Copenhagen,Bangladesh,2023,595
Copenhagen,Belarus,2023,12
Copenhagen,Belgium,2023,126
Copenhagen,Belize,2023,1
Copenhagen,Bolivia,2023,1
Copenhagen,Bosnia and Herzegovina,2023,5
Copenhagen,Botswana,2023,1
Copenhagen,Brazil,2023,221
Copenhagen,Bulgaria,2023,121
Copenhagen,Burundi,2023,2
Copenhagen,Cameroon,2023,9
Copenhagen,Canada,2023,219
Copenhagen,Chile,2023,139
Copenhagen,China,2023,595
Copenhagen,Colombia,2023,52
Copenhagen,"Congo, Democratic Republic",2023,1
Copenhagen,Costa Rica,2023,6
Copenhagen,Croatia,2023,81
Copenhagen,Cuba,2023,3
Copenhagen,Cyprus,2023,8
Copenhagen,Czech Republic,2023,92
Copenhagen,Denmark,2023,3793
Copenhagen,Dominica,2023,1
Copenhagen,Dominican Republic,2023,3
Copenhagen,Ecuador,2023,11
Copenhagen,Egypt,2023,41
Copenhagen,El Salvador,2023,3
Copenhagen,Eritrea,2023,4
Copenhagen,Estonia,2023,42
Copenhagen,Ethiopia,2023,4
Copenhagen,Finland,2023,173
Copenhagen,France,2023,721
Copenhagen,"Gambia, The",2023,3
Copenhagen,Georgia,2023,14
Copenhagen,Germany,2023,1203
Copenhagen,Ghana,2023,12
Copenhagen,Greece,2023,320
Copenhagen,Grenada,2023,1
Copenhagen,Guatemala,2023,17
Copenhagen,Guinea,2023,3
Copenhagen,Guinea-Bissau,2023,2
Copenhagen,Honduras,2023,2
Copenhagen,Hungary,2023,177
Copenhagen,Iceland,2023,276
Copenhagen,India,2023,1011
Copenhagen,Indonesia,2023,31
Copenhagen,Iran,2023,311
Copenhagen,Iraq,2023,29
Copenhagen,Ireland,2023,266
Copenhagen,Israel,2023,47
Copenhagen,Italy,2023,1424
Copenhagen,Ivory Coast,2023,5
Copenhagen,Japan,2023,169
Copenhagen,Jordan,2023,17
Copenhagen,Kazakhstan,2023,2
Copenhagen,Kenya,2023,14
Copenhagen,Kosovo,2023,13
Copenhagen,Laos,2023,1
Copenhagen,Latvia,2023,66
Copenhagen,Lebanon,2023,27
Copenhagen,Libya,2023,8
Copenhagen,Liechtenstein,2023,1
Copenhagen,Lithuania,2023,88
Copenhagen,Luxembourg,2023,16
Copenhagen,Madagascar,2023,1
Copenhagen,Malaysia,2023,27
Copenhagen,Maldives,2023,1
Copenhagen,Malta,2023,5
Copenhagen,Mauritius,2023,4
Copenhagen,Mexico,2023,80
Copenhagen,Moldova,2023,3
Copenhagen,Mongolia,2023,2
Copenhagen,Montenegro,2023,8
Copenhagen,Morocco,2023,21
Copenhagen,Mozambique,2023,1
Copenhagen,Myanmar,2023,1
Copenhagen,Namibia,2023,2
Copenhagen,Nepal,2023,525
Copenhagen,Netherlands,2023,397
Copenhagen,New Zealand,2023,56
Copenhagen,Nicaragua,2023,2
Copenhagen,Nigeria,2023,26
Copenhagen,North Korea,2023,2
Copenhagen,Norway,2023,725
Copenhagen,Not stated,2023,35
Copenhagen,Pakistan,2023,141
Copenhagen,Panama,2023,15
Copenhagen,Paraguay,2023,4
Copenhagen,Peru,2023,22
Copenhagen,Philippines,2023,100
Copenhagen,Poland,2023,556
Copenhagen,Portugal,2023,415
Copenhagen,Republic of North Macedonia,2023,53
Copenhagen,Romania,2023,348
Copenhagen,Russia,2023,186
Copenhagen,Rwanda,2023,5
Copenhagen,Saint Lucia,2023,1
Copenhagen,Saudi Arabia,2023,1
Copenhagen,Senegal,2023,8
Copenhagen,Serbia,2023,27
Copenhagen,Sierra Leone,2023,2
Copenhagen,Singapore,2023,65
Copenhagen,Slovakia,2023,74
Copenhagen,Slovenia,2023,27
Copenhagen,Somalia,2023,3
Copenhagen,South Africa,2023,44
Copenhagen,South Korea,2023,109
Copenhagen,Spain,2023,786
Copenhagen,Sri Lanka,2023,13
Copenhagen,Stateless,2023,13
Copenhagen,Sudan,2023,9
Copenhagen,Sweden,2023,794
Copenhagen,Switzerland,2023,130
Copenhagen,Syria,2023,17
Copenhagen,Taiwan,2023,33
Copenhagen,Tanzania,2023,5
Copenhagen,Thailand,2023,61
Copenhagen,Tunisia,2023,5
Copenhagen,Turkey,2023,229
Copenhagen,USA,2023,2721
Copenhagen,Uganda,2023,10
Copenhagen,Ukraine,2023,1054
Copenhagen,United Kingdom,2023,524
Copenhagen,Uruguay,2023,2
Copenhagen,Uzbekistan,2023,7
Copenhagen,Venezuela,2023,11
Copenhagen,Vietnam,2023,34
Copenhagen,Zambia,2023,1
Copenhagen,Zimbabwe,2023,5
Dragør,China,2023,1
Dragør,Denmark,2023,39
Dragør,France,2023,1
Dragør,Germany,2023,2
Dragør,Greece,2023,3
Dragør,Ireland,2023,5
Dragør,Italy,2023,2
Dragør,Latvia,2023,1
Dragør,Mexico,2023,1
Dragør,Moldova,2023,1
Dragør,Pakistan,2023,1
Dragør,Philippines,2023,5
Dragør,Republic of North Macedonia,2023,1
Dragør,South Africa,2023,1
Dragør,Spain,2023,2
Dragør,Sweden,2023,2
Dragør,Syria,2023,2
Dragør,Thailand,2023,3
Dragør,USA,2023,2
Dragør,Ukraine,2023,18
Dragør,United Kingdom,2023,1
Egedal,Afghanistan,2023,3
Egedal,Africa not stated,2023,1
Egedal,Australia,2023,1
Egedal,Azerbaijan,2023,1
Egedal,Bangladesh,2023,8
Egedal,Brazil,2023,1
Egedal,Bulgaria,2023,19
Egedal,Chile,2023,1
Egedal,China,2023,6
Egedal,Denmark,2023,61
Egedal,Estonia,2023,3
Egedal,Finland,2023,2
Egedal,Germany,2023,2
Egedal,Greece,2023,4
Egedal,Hungary,2023,6
Egedal,Iceland,2023,2
Egedal,India,2023,22
Egedal,Ireland,2023,3
Egedal,Italy,2023,1
Egedal,Japan,2023,4
Egedal,Latvia,2023,1
Egedal,Lithuania,2023,29
Egedal,Mexico,2023,1
Egedal,Montenegro,2023,2
Egedal,Nepal,2023,30
Egedal,Netherlands,2023,2
Egedal,Norway,2023,2
Egedal,Pakistan,2023,8
Egedal,Peru,2023,1
Egedal,Philippines,2023,5
Egedal,Poland,2023,29
Egedal,Portugal,2023,2
Egedal,Republic of North Macedonia,2023,4
Egedal,Romania,2023,21
Egedal,Somalia,2023,1
Egedal,South Africa,2023,4
Egedal,Spain,2023,2
Egedal,Stateless,2023,1
Egedal,Sweden,2023,8
Egedal,Syria,2023,1
Egedal,Tanzania,2023,1
Egedal,Thailand,2023,3
Egedal,Turkey,2023,6
Egedal,USA,2023,11
Egedal,Ukraine,2023,84
Egedal,United Kingdom,2023,2
Egedal,Vietnam,2023,1
Esbjerg,Afghanistan,2023,1
Esbjerg,Algeria,2023,2
Esbjerg,Argentina,2023,5
Esbjerg,Australia,2023,1
Esbjerg,Austria,2023,1
Esbjerg,Bangladesh,2023,16
Esbjerg,Belarus,2023,1
Esbjerg,Belgium,2023,7
Esbjerg,Bolivia,2023,3
Esbjerg,Bosnia and Herzegovina,2023,1
Esbjerg,Brazil,2023,13
Esbjerg,Bulgaria,2023,32
Esbjerg,Cambodia,2023,1
Esbjerg,Canada,2023,9
Esbjerg,Chile,2023,1
Esbjerg,China,2023,15
Esbjerg,Colombia,2023,7
Esbjerg,"Congo, Democratic Republic",2023,2
Esbjerg,Costa Rica,2023,1
Esbjerg,Croatia,2023,10
Esbjerg,Cyprus,2023,2
Esbjerg,Czech Republic,2023,9
Esbjerg,Denmark,2023,249
Esbjerg,Egypt,2023,1
Esbjerg,Eritrea,2023,3
Esbjerg,Estonia,2023,1
Esbjerg,Ethiopia,2023,1
Esbjerg,Finland,2023,4
Esbjerg,France,2023,38
Esbjerg,"Gambia, The",2023,1
Esbjerg,Georgia,2023,1
Esbjerg,Germany,2023,69
Esbjerg,Ghana,2023,3
Esbjerg,Greece,2023,6
Esbjerg,Hungary,2023,16
Esbjerg,Iceland,2023,12
Esbjerg,India,2023,34
Esbjerg,Indonesia,2023,10
Esbjerg,Iran,2023,9
Esbjerg,Iraq,2023,7
Esbjerg,Ireland,2023,7
Esbjerg,Italy,2023,24
Esbjerg,Japan,2023,9
Esbjerg,Jordan,2023,1
Esbjerg,Kazakhstan,2023,6
Esbjerg,Kenya,2023,4
Esbjerg,Latvia,2023,10
Esbjerg,Lebanon,2023,1
Esbjerg,Libya,2023,5
Esbjerg,Lithuania,2023,14
Esbjerg,Madagascar,2023,1
Esbjerg,Malaysia,2023,2
Esbjerg,Mexico,2023,4
Esbjerg,Mongolia,2023,2
Esbjerg,Morocco,2023,3
Esbjerg,Myanmar,2023,1
Esbjerg,Nepal,2023,6
Esbjerg,Netherlands,2023,27
Esbjerg,Nigeria,2023,17
Esbjerg,Norway,2023,29
Esbjerg,Pakistan,2023,18
Esbjerg,Paraguay,2023,1
Esbjerg,Peru,2023,1
Esbjerg,Philippines,2023,13
Esbjerg,Poland,2023,84
Esbjerg,Portugal,2023,16
Esbjerg,Romania,2023,93
Esbjerg,Russia,2023,5
Esbjerg,Serbia,2023,2
Esbjerg,Singapore,2023,1
Esbjerg,Slovakia,2023,10
Esbjerg,Slovenia,2023,2
Esbjerg,Somalia,2023,1
Esbjerg,South Africa,2023,3
Esbjerg,South Korea,2023,3
Esbjerg,Spain,2023,27
Esbjerg,Sri Lanka,2023,10
Esbjerg,Stateless,2023,2
Esbjerg,Sudan,2023,2
Esbjerg,Sweden,2023,11
Esbjerg,Switzerland,2023,4
Esbjerg,Syria,2023,24
Esbjerg,Taiwan,2023,2
Esbjerg,Tanzania,2023,16
Esbjerg,Thailand,2023,4
Esbjerg,Trinidad and Tobago,2023,1
Esbjerg,Tunisia,2023,2
Esbjerg,Turkey,2023,9
Esbjerg,USA,2023,12
Esbjerg,Uganda,2023,3
Esbjerg,Ukraine,2023,126
Esbjerg,United Kingdom,2023,34
Esbjerg,Uzbekistan,2023,3
Esbjerg,Vietnam,2023,31
Esbjerg,Yemen,2023,1
Esbjerg,Zimbabwe,2023,1
Faaborg-Midtfyn,Afghanistan,2023,1
Faaborg-Midtfyn,Australia,2023,8
Faaborg-Midtfyn,Austria,2023,1
Faaborg-Midtfyn,Bangladesh,2023,4
Faaborg-Midtfyn,Brazil,2023,1
Faaborg-Midtfyn,Bulgaria,2023,13
Faaborg-Midtfyn,Cameroon,2023,2
Faaborg-Midtfyn,Czech Republic,2023,1
Faaborg-Midtfyn,Denmark,2023,88
Faaborg-Midtfyn,Dominican Republic,2023,1
Faaborg-Midtfyn,Eritrea,2023,2
Faaborg-Midtfyn,France,2023,1
Faaborg-Midtfyn,Germany,2023,3
Faaborg-Midtfyn,Ghana,2023,1
Faaborg-Midtfyn,Hungary,2023,10
Faaborg-Midtfyn,Iceland,2023,8
Faaborg-Midtfyn,India,2023,3
Faaborg-Midtfyn,Indonesia,2023,1
Faaborg-Midtfyn,Iran,2023,1
Faaborg-Midtfyn,Italy,2023,2
Faaborg-Midtfyn,Kenya,2023,2
Faaborg-Midtfyn,Kosovo,2023,1
Faaborg-Midtfyn,Kyrgyzstan,2023,1
Faaborg-Midtfyn,Latvia,2023,2
Faaborg-Midtfyn,Lithuania,2023,14
Faaborg-Midtfyn,Mexico,2023,1
Faaborg-Midtfyn,Netherlands,2023,5
Faaborg-Midtfyn,Nigeria,2023,1
Faaborg-Midtfyn,Norway,2023,3
Faaborg-Midtfyn,Not stated,2023,2
Faaborg-Midtfyn,Philippines,2023,2
Faaborg-Midtfyn,Poland,2023,53
Faaborg-Midtfyn,Romania,2023,83
Faaborg-Midtfyn,Serbia,2023,1
Faaborg-Midtfyn,Slovakia,2023,1
Faaborg-Midtfyn,South Africa,2023,2
Faaborg-Midtfyn,Sri Lanka,2023,1
Faaborg-Midtfyn,Stateless,2023,1
Faaborg-Midtfyn,Sweden,2023,1
Faaborg-Midtfyn,Syria,2023,5
Faaborg-Midtfyn,Tanzania,2023,1
Faaborg-Midtfyn,Thailand,2023,1
Faaborg-Midtfyn,Turkey,2023,1
Faaborg-Midtfyn,USA,2023,4
Faaborg-Midtfyn,Uganda,2023,1
Faaborg-Midtfyn,Ukraine,2023,55
Faaborg-Midtfyn,United Kingdom,2023,4
Faaborg-Midtfyn,Uzbekistan,2023,1
Faaborg-Midtfyn,Vietnam,2023,14
Fanø,Denmark,2023,10
Fanø,Germany,2023,7
Fanø,Italy,2023,1
Fanø,New Zealand,2023,1
Fanø,Philippines,2023,2
Fanø,Poland,2023,1
Fanø,Sweden,2023,1
Fanø,United Kingdom,2023,1
Favrskov,Afghanistan,2023,2
Favrskov,Argentina,2023,1
Favrskov,Canada,2023,1
Favrskov,Denmark,2023,85
Favrskov,Eritrea,2023,6
Favrskov,Estonia,2023,1
Favrskov,Germany,2023,3
Favrskov,Hungary,2023,3
Favrskov,Iceland,2023,3
Favrskov,India,2023,5
Favrskov,Iran,2023,5
Favrskov,Italy,2023,8
Favrskov,Kenya,2023,1
Favrskov,Latvia,2023,3
Favrskov,Lithuania,2023,16
Favrskov,Mexico,2023,1
Favrskov,Namibia,2023,1
Favrskov,Nepal,2023,1
Favrskov,Netherlands,2023,4
Favrskov,Nigeria,2023,1
Favrskov,Norway,2023,3
Favrskov,Philippines,2023,1
Favrskov,Poland,2023,27
Favrskov,Romania,2023,45
Favrskov,Serbia,2023,1
Favrskov,Slovakia,2023,2
Favrskov,South Africa,2023,1
Favrskov,Spain,2023,1
Favrskov,Stateless,2023,1
Favrskov,Switzerland,2023,1
Favrskov,Syria,2023,3
Favrskov,Tanzania,2023,8
Favrskov,Thailand,2023,5
Favrskov,Uganda,2023,1
Favrskov,Ukraine,2023,54
Favrskov,United Kingdom,2023,2
Favrskov,Vietnam,2023,17
Faxe,Argentina,2023,1
Faxe,Belgium,2023,2
Faxe,Brazil,2023,1
Faxe,Bulgaria,2023,17
Faxe,Canada,2023,1
Faxe,Cuba,2023,1
Faxe,Denmark,2023,57
Faxe,Eritrea,2023,4
Faxe,"Gambia, The",2023,1
Faxe,Germany,2023,2
Faxe,Greece,2023,1
Faxe,Hungary,2023,9
Faxe,Iceland,2023,1
Faxe,Indonesia,2023,1
Faxe,Iran,2023,1
Faxe,Iraq,2023,1
Faxe,Italy,2023,1
Faxe,Japan,2023,1
Faxe,Kosovo,2023,1
Faxe,Lithuania,2023,7
Faxe,Moldova,2023,1
Faxe,Nepal,2023,13
Faxe,Netherlands,2023,3
Faxe,Norway,2023,1
Faxe,Pakistan,2023,1
Faxe,Philippines,2023,3
Faxe,Poland,2023,155
Faxe,Portugal,2023,1
Faxe,Romania,2023,40
Faxe,Russia,2023,1
Faxe,Slovakia,2023,1
Faxe,Spain,2023,1
Faxe,Sweden,2023,2
Faxe,Syria,2023,4
Faxe,Thailand,2023,4
Faxe,Turkey,2023,1
Faxe,Ukraine,2023,75
Faxe,United Kingdom,2023,1
Faxe,Uzbekistan,2023,1
Faxe,Vietnam,2023,2
Fredensborg,Argentina,2023,2
Fredensborg,Bangladesh,2023,6
Fredensborg,Belgium,2023,1
Fredensborg,Bosnia and Herzegovina,2023,1
Fredensborg,Brazil,2023,1
Fredensborg,Bulgaria,2023,36
Fredensborg,China,2023,3
Fredensborg,Croatia,2023,1
Fredensborg,Denmark,2023,117
Fredensborg,Egypt,2023,5
Fredensborg,Eritrea,2023,1
Fredensborg,Finland,2023,1
Fredensborg,France,2023,2
Fredensborg,"Gambia, The",2023,2
Fredensborg,Georgia,2023,1
Fredensborg,Germany,2023,5
Fredensborg,Greece,2023,1
Fredensborg,Hungary,2023,1
Fredensborg,India,2023,12
Fredensborg,Iran,2023,13
Fredensborg,Iraq,2023,1
Fredensborg,Ireland,2023,2
Fredensborg,Italy,2023,6
Fredensborg,Kazakhstan,2023,1
Fredensborg,Kenya,2023,4
Fredensborg,Latvia,2023,2
Fredensborg,Lebanon,2023,1
Fredensborg,Lithuania,2023,3
Fredensborg,Madagascar,2023,1
Fredensborg,Nepal,2023,3
Fredensborg,Netherlands,2023,2
Fredensborg,Nigeria,2023,1
Fredensborg,Norway,2023,2
Fredensborg,Pakistan,2023,2
Fredensborg,Peru,2023,1
Fredensborg,Philippines,2023,12
Fredensborg,Poland,2023,26
Fredensborg,Portugal,2023,3
Fredensborg,Romania,2023,18
Fredensborg,South Africa,2023,1
Fredensborg,Spain,2023,6
Fredensborg,Stateless,2023,1
Fredensborg,Sweden,2023,18
Fredensborg,Syria,2023,2
Fredensborg,Turkey,2023,10
Fredensborg,USA,2023,13
Fredensborg,Ukraine,2023,77
Fredensborg,United Kingdom,2023,1
Fredensborg,Vietnam,2023,1
Fredericia,Afghanistan,2023,4
Fredericia,Argentina,2023,3
Fredericia,Azerbaijan,2023,2
Fredericia,Belgium,2023,8
Fredericia,Bosnia and Herzegovina,2023,2
Fredericia,Brazil,2023,4
Fredericia,Bulgaria,2023,8
Fredericia,Canada,2023,4
Fredericia,China,2023,1
Fredericia,Denmark,2023,139
Fredericia,Egypt,2023,1
Fredericia,Eritrea,2023,3
Fredericia,Finland,2023,1
Fredericia,France,2023,5
Fredericia,Germany,2023,15
Fredericia,Greece,2023,1
Fredericia,Guinea,2023,1
Fredericia,Hungary,2023,10
Fredericia,Iceland,2023,2
Fredericia,India,2023,1
Fredericia,Iran,2023,7
Fredericia,Iraq,2023,1
Fredericia,Ireland,2023,2
Fredericia,Italy,2023,10
Fredericia,Japan,2023,1
Fredericia,Kenya,2023,3
Fredericia,Latvia,2023,5
Fredericia,Lebanon,2023,1
Fredericia,Lithuania,2023,7
Fredericia,Mexico,2023,1
Fredericia,Moldova,2023,1
Fredericia,Nepal,2023,1
Fredericia,Netherlands,2023,4
Fredericia,Norway,2023,9
Fredericia,Pakistan,2023,2
Fredericia,Philippines,2023,4
Fredericia,Poland,2023,39
Fredericia,Portugal,2023,1
Fredericia,Republic of North Macedonia,2023,1
Fredericia,Romania,2023,101
Fredericia,Serbia,2023,2
Fredericia,South Africa,2023,1
Fredericia,South Korea,2023,1
Fredericia,Spain,2023,3
Fredericia,Sri Lanka,2023,2
Fredericia,Sweden,2023,6
Fredericia,Syria,2023,6
Fredericia,Tajikistan,2023,1
Fredericia,Tanzania,2023,1
Fredericia,Thailand,2023,5
Fredericia,Turkey,2023,3
Fredericia,USA,2023,3
Fredericia,Uganda,2023,2
Fredericia,Ukraine,2023,57
Fredericia,United Kingdom,2023,4
Fredericia,Zimbabwe,2023,1
Frederiksberg,Afghanistan,2023,3
Frederiksberg,Albania,2023,1
Frederiksberg,Algeria,2023,4
Frederiksberg,Argentina,2023,19
Frederiksberg,Armenia,2023,1
Frederiksberg,Australia,2023,85
Frederiksberg,Austria,2023,27
Frederiksberg,Bangladesh,2023,9
Frederiksberg,Belarus,2023,7
Frederiksberg,Belgium,2023,18
Frederiksberg,Bhutan,2023,1
Frederiksberg,Bosnia and Herzegovina,2023,1
Frederiksberg,Brazil,2023,27
Frederiksberg,Bulgaria,2023,13
Frederiksberg,Canada,2023,58
Frederiksberg,Chile,2023,15
Frederiksberg,China,2023,182
Frederiksberg,Colombia,2023,10
Frederiksberg,Costa Rica,2023,3
Frederiksberg,Croatia,2023,2
Frederiksberg,Czech Republic,2023,9
Frederiksberg,Denmark,2023,510
Frederiksberg,Dominican Republic,2023,1
Frederiksberg,Ecuador,2023,5
Frederiksberg,Egypt,2023,2
Frederiksberg,Eritrea,2023,2
Frederiksberg,Estonia,2023,1
Frederiksberg,Ethiopia,2023,1
Frederiksberg,Finland,2023,32
Frederiksberg,France,2023,146
Frederiksberg,Georgia,2023,2
Frederiksberg,Germany,2023,218
Frederiksberg,Ghana,2023,1
Frederiksberg,Greece,2023,28
Frederiksberg,Guatemala,2023,1
Frederiksberg,Hungary,2023,19
Frederiksberg,Iceland,2023,30
Frederiksberg,India,2023,136
Frederiksberg,Indonesia,2023,6
Frederiksberg,Iran,2023,36
Frederiksberg,Iraq,2023,3
Frederiksberg,Ireland,2023,30
Frederiksberg,Israel,2023,7
Frederiksberg,Italy,2023,138
Frederiksberg,Japan,2023,25
Frederiksberg,Jordan,2023,1
Frederiksberg,Kazakhstan,2023,4
Frederiksberg,Kosovo,2023,1
Frederiksberg,Latvia,2023,2
Frederiksberg,Lithuania,2023,6
Frederiksberg,Luxembourg,2023,4
Frederiksberg,Malaysia,2023,11
Frederiksberg,Mauritius,2023,1
Frederiksberg,Mexico,2023,35
Frederiksberg,Moldova,2023,1
Frederiksberg,Morocco,2023,2
Frederiksberg,Myanmar,2023,2
Frederiksberg,Nepal,2023,13
Frederiksberg,Netherlands,2023,42
Frederiksberg,New Zealand,2023,13
Frederiksberg,Nigeria,2023,5
Frederiksberg,Norway,2023,137
Frederiksberg,Not stated,2023,7
Frederiksberg,Pakistan,2023,5
Frederiksberg,Panama,2023,1
Frederiksberg,Peru,2023,3
Frederiksberg,Philippines,2023,18
Frederiksberg,Poland,2023,59
Frederiksberg,Portugal,2023,31
Frederiksberg,Republic of North Macedonia,2023,3
Frederiksberg,Romania,2023,51
Frederiksberg,Russia,2023,20
Frederiksberg,Senegal,2023,1
Frederiksberg,Serbia,2023,3
Frederiksberg,Singapore,2023,33
Frederiksberg,Slovakia,2023,8
Frederiksberg,Slovenia,2023,2
Frederiksberg,South Africa,2023,4
Frederiksberg,South Korea,2023,27
Frederiksberg,Spain,2023,85
Frederiksberg,Sweden,2023,151
Frederiksberg,Switzerland,2023,33
Frederiksberg,Syria,2023,2
Frederiksberg,Taiwan,2023,15
Frederiksberg,Tanzania,2023,4
Frederiksberg,Thailand,2023,23
Frederiksberg,Tunisia,2023,2
Frederiksberg,Turkey,2023,27
Frederiksberg,USA,2023,360
Frederiksberg,Uganda,2023,4
Frederiksberg,Ukraine,2023,178
Frederiksberg,United Kingdom,2023,89
Frederiksberg,Uzbekistan,2023,1
Frederiksberg,Venezuela,2023,1
Frederikshavn,Argentina,2023,1
Frederikshavn,Australia,2023,2
Frederikshavn,Belgium,2023,1
Frederikshavn,Brazil,2023,1
Frederikshavn,Bulgaria,2023,4
Frederikshavn,Canada,2023,1
Frederikshavn,Chile,2023,1
Frederikshavn,China,2023,4
Frederikshavn,"Congo, Democratic Republic",2023,8
Frederikshavn,Croatia,2023,5
Frederikshavn,Czech Republic,2023,4
Frederikshavn,Denmark,2023,149
Frederikshavn,Eritrea,2023,7
Frederikshavn,Finland,2023,2
Frederikshavn,France,2023,1
Frederikshavn,Germany,2023,12
Frederikshavn,Hungary,2023,3
Frederikshavn,Iceland,2023,7
Frederikshavn,India,2023,5
Frederikshavn,Indonesia,2023,4
Frederikshavn,Italy,2023,5
Frederikshavn,Japan,2023,1
Frederikshavn,Kenya,2023,1
Frederikshavn,Latvia,2023,4
Frederikshavn,Lithuania,2023,15
Frederikshavn,Moldova,2023,1
Frederikshavn,Netherlands,2023,6
Frederikshavn,Norway,2023,13
Frederikshavn,Not stated,2023,3
Frederikshavn,Philippines,2023,3
Frederikshavn,Poland,2023,63
Frederikshavn,Romania,2023,151
Frederikshavn,Russia,2023,4
Frederikshavn,Serbia,2023,2
Frederikshavn,South Africa,2023,2
Frederikshavn,Spain,2023,5
Frederikshavn,Sweden,2023,16
Frederikshavn,Syria,2023,9
Frederikshavn,Taiwan,2023,1
Frederikshavn,Tajikistan,2023,1
Frederikshavn,Tanzania,2023,4
Frederikshavn,Thailand,2023,8
Frederikshavn,Turkey,2023,2
Frederikshavn,USA,2023,4
Frederikshavn,Uganda,2023,5
Frederikshavn,Ukraine,2023,95
Frederikshavn,United Kingdom,2023,2
Frederikshavn,Vietnam,2023,5
Frederikssund,Afghanistan,2023,2
Frederikssund,Africa not stated,2023,1
Frederikssund,Bangladesh,2023,5
Frederikssund,Bolivia,2023,1
Frederikssund,Bosnia and Herzegovina,2023,1
Frederikssund,Brazil,2023,2
Frederikssund,Bulgaria,2023,10
Frederikssund,Cameroon,2023,2
Frederikssund,Canada,2023,2
Frederikssund,Chile,2023,1
Frederikssund,China,2023,7
Frederikssund,Croatia,2023,1
Frederikssund,Cuba,2023,1
Frederikssund,Denmark,2023,78
Frederikssund,Dominican Republic,2023,1
Frederikssund,Egypt,2023,1
Frederikssund,Eritrea,2023,3
Frederikssund,Finland,2023,1
Frederikssund,Germany,2023,5
Frederikssund,Ghana,2023,1
Frederikssund,Greece,2023,4
Frederikssund,Hungary,2023,5
Frederikssund,India,2023,4
Frederikssund,Iran,2023,8
Frederikssund,Ireland,2023,3
Frederikssund,Italy,2023,2
Frederikssund,Latvia,2023,3
Frederikssund,Lithuania,2023,4
Frederikssund,Mexico,2023,1
Frederikssund,Nepal,2023,3
Frederikssund,Norway,2023,3
Frederikssund,Philippines,2023,5
Frederikssund,Poland,2023,41
Frederikssund,Portugal,2023,3
Frederikssund,Romania,2023,36
Frederikssund,Russia,2023,2
Frederikssund,Spain,2023,3
Frederikssund,Sweden,2023,8
Frederikssund,Syria,2023,5
Frederikssund,Thailand,2023,4
Frederikssund,Turkey,2023,6
Frederikssund,Uganda,2023,1
Frederikssund,Ukraine,2023,97
Frederikssund,United Kingdom,2023,5
Frederikssund,Vietnam,2023,2
Frederikssund,Yugoslavia,2023,1
Furesø,Afghanistan,2023,4
Furesø,Albania,2023,2
Furesø,Argentina,2023,1
Furesø,Australia,2023,1
Furesø,Austria,2023,2
Furesø,Bangladesh,2023,3
Furesø,Belgium,2023,1
Furesø,Bulgaria,2023,23
Furesø,Cameroon,2023,2
Furesø,Canada,2023,2
Furesø,China,2023,28
Furesø,"Congo, Democratic Republic",2023,3
Furesø,Croatia,2023,3
Furesø,Cyprus,2023,1
Furesø,Denmark,2023,122
Furesø,Egypt,2023,2
Furesø,Eritrea,2023,1
Furesø,Finland,2023,1
Furesø,Germany,2023,2
Furesø,Ghana,2023,8
Furesø,Greece,2023,2
Furesø,Hungary,2023,1
Furesø,Iceland,2023,2
Furesø,India,2023,16
Furesø,Iran,2023,13
Furesø,Ireland,2023,1
Furesø,Italy,2023,11
Furesø,Japan,2023,1
Furesø,Kenya,2023,1
Furesø,Kosovo,2023,5
Furesø,Latvia,2023,4
Furesø,Lithuania,2023,2
Furesø,Moldova,2023,2
Furesø,Nepal,2023,15
Furesø,Netherlands,2023,5
Furesø,New Zealand,2023,1
Furesø,Nigeria,2023,3
Furesø,Norway,2023,6
Furesø,Pakistan,2023,6
Furesø,Philippines,2023,6
Furesø,Poland,2023,31
Furesø,Portugal,2023,7
Furesø,Republic of North Macedonia,2023,1
Furesø,Romania,2023,22
Furesø,Russia,2023,4
Furesø,Serbia,2023,4
Furesø,South Africa,2023,1
Furesø,Spain,2023,8
Furesø,Sudan,2023,1
Furesø,Sweden,2023,9
Furesø,Syria,2023,2
Furesø,Thailand,2023,2
Furesø,Turkey,2023,11
Furesø,USA,2023,6
Furesø,Uganda,2023,1
Furesø,Ukraine,2023,64
Furesø,United Kingdom,2023,7
Gentofte,Afghanistan,2023,7
Gentofte,Albania,2023,1
Gentofte,Argentina,2023,16
Gentofte,Australia,2023,8
Gentofte,Austria,2023,6
Gentofte,Bangladesh,2023,10
Gentofte,Belgium,2023,15
Gentofte,Brazil,2023,19
Gentofte,Bulgaria,2023,14
Gentofte,Canada,2023,6
Gentofte,Chile,2023,6
Gentofte,China,2023,29
Gentofte,Costa Rica,2023,2
Gentofte,Croatia,2023,5
Gentofte,Cuba,2023,2
Gentofte,Cyprus,2023,2
Gentofte,Czech Republic,2023,6
Gentofte,Denmark,2023,400
Gentofte,Egypt,2023,2
Gentofte,Estonia,2023,3
Gentofte,Finland,2023,12
Gentofte,France,2023,30
Gentofte,Germany,2023,47
Gentofte,Greece,2023,25
Gentofte,Hungary,2023,10
Gentofte,Iceland,2023,11
Gentofte,India,2023,56
Gentofte,Indonesia,2023,2
Gentofte,Iran,2023,23
Gentofte,Ireland,2023,11
Gentofte,Israel,2023,5
Gentofte,Italy,2023,71
Gentofte,Japan,2023,5
Gentofte,Kenya,2023,3
Gentofte,Lithuania,2023,15
Gentofte,Luxembourg,2023,2
Gentofte,Malawi,2023,1
Gentofte,Malaysia,2023,4
Gentofte,Malta,2023,1
Gentofte,Mexico,2023,6
Gentofte,Mongolia,2023,1
Gentofte,Morocco,2023,2
Gentofte,Nepal,2023,16
Gentofte,Netherlands,2023,20
Gentofte,New Zealand,2023,6
Gentofte,North Korea,2023,1
Gentofte,Norway,2023,26
Gentofte,Pakistan,2023,2
Gentofte,Philippines,2023,120
Gentofte,Poland,2023,23
Gentofte,Portugal,2023,23
Gentofte,Republic of North Macedonia,2023,3
Gentofte,Romania,2023,9
Gentofte,Russia,2023,11
Gentofte,Singapore,2023,4
Gentofte,Slovakia,2023,2
Gentofte,South Africa,2023,3
Gentofte,South Korea,2023,5
Gentofte,Spain,2023,27
Gentofte,Sudan,2023,1
Gentofte,Sweden,2023,28
Gentofte,Switzerland,2023,10
Gentofte,Syria,2023,2
Gentofte,Taiwan,2023,1
Gentofte,Thailand,2023,11
Gentofte,Turkey,2023,16
Gentofte,USA,2023,32
Gentofte,Ukraine,2023,114
Gentofte,United Kingdom,2023,21
Gentofte,Uruguay,2023,1
Gentofte,Vietnam,2023,2
Gladsaxe,Afghanistan,2023,3
Gladsaxe,Albania,2023,1
Gladsaxe,Algeria,2023,1
Gladsaxe,Angola,2023,1
Gladsaxe,Argentina,2023,5
Gladsaxe,Austria,2023,9
Gladsaxe,Bangladesh,2023,14
Gladsaxe,Belarus,2023,1
Gladsaxe,Belgium,2023,3
Gladsaxe,Brazil,2023,18
Gladsaxe,Bulgaria,2023,10
Gladsaxe,Cameroon,2023,1
Gladsaxe,Canada,2023,4
Gladsaxe,Chile,2023,2
Gladsaxe,China,2023,44
Gladsaxe,Colombia,2023,1
Gladsaxe,Croatia,2023,5
Gladsaxe,Czech Republic,2023,6
Gladsaxe,Denmark,2023,216
Gladsaxe,Ecuador,2023,1
Gladsaxe,Estonia,2023,3
Gladsaxe,Fiji,2023,1
Gladsaxe,Finland,2023,6
Gladsaxe,France,2023,10
Gladsaxe,Germany,2023,32
Gladsaxe,Ghana,2023,4
Gladsaxe,Greece,2023,21
Gladsaxe,Hungary,2023,14
Gladsaxe,Iceland,2023,23
Gladsaxe,India,2023,161
Gladsaxe,Indonesia,2023,8
Gladsaxe,Iran,2023,101
Gladsaxe,Iraq,2023,3
Gladsaxe,Ireland,2023,20
Gladsaxe,Israel,2023,1
Gladsaxe,Italy,2023,46
Gladsaxe,Japan,2023,4
Gladsaxe,Kenya,2023,4
Gladsaxe,Kosovo,2023,2
Gladsaxe,Latvia,2023,6
Gladsaxe,Lebanon,2023,3
Gladsaxe,Lithuania,2023,13
Gladsaxe,Malaysia,2023,2
Gladsaxe,Mexico,2023,9
Gladsaxe,Moldova,2023,1
Gladsaxe,Montenegro,2023,4
Gladsaxe,Morocco,2023,3
Gladsaxe,Nepal,2023,66
Gladsaxe,Netherlands,2023,10
Gladsaxe,New Zealand,2023,2
Gladsaxe,Nigeria,2023,2
Gladsaxe,Norway,2023,16
Gladsaxe,Pakistan,2023,22
Gladsaxe,Peru,2023,1
Gladsaxe,Philippines,2023,20
Gladsaxe,Poland,2023,49
Gladsaxe,Portugal,2023,24
Gladsaxe,Republic of North Macedonia,2023,4
Gladsaxe,Romania,2023,58
Gladsaxe,Russia,2023,8
Gladsaxe,Rwanda,2023,3
Gladsaxe,Serbia,2023,3
Gladsaxe,Singapore,2023,1
Gladsaxe,Slovakia,2023,2
Gladsaxe,Slovenia,2023,2
Gladsaxe,Spain,2023,28
Gladsaxe,Sri Lanka,2023,2
Gladsaxe,Stateless,2023,1
Gladsaxe,Sweden,2023,24
Gladsaxe,Switzerland,2023,2
Gladsaxe,Syria,2023,2
Gladsaxe,Taiwan,2023,1
Gladsaxe,Thailand,2023,6
Gladsaxe,Tunisia,2023,1
Gladsaxe,Turkey,2023,23
Gladsaxe,USA,2023,19
Gladsaxe,Ukraine,2023,111
Gladsaxe,United Kingdom,2023,22
Gladsaxe,Vietnam,2023,4
Gladsaxe,Yemen,2023,1
Gladsaxe,Zambia,2023,1
Glostrup,Albania,2023,3
Glostrup,Algeria,2023,1
Glostrup,Argentina,2023,3
Glostrup,Australia,2023,1
Glostrup,Austria,2023,1
Glostrup,Azerbaijan,2023,4
Glostrup,Bangladesh,2023,44
Glostrup,Belarus,2023,2
Glostrup,Bosnia and Herzegovina,2023,1
Glostrup,Brazil,2023,1
Glostrup,Bulgaria,2023,37
Glostrup,China,2023,10
Glostrup,Croatia,2023,4
Glostrup,Denmark,2023,70
Glostrup,Finland,2023,2
Glostrup,France,2023,2
Glostrup,Germany,2023,6
Glostrup,Greece,2023,2
Glostrup,Hungary,2023,4
Glostrup,India,2023,36
Glostrup,Iran,2023,55
Glostrup,Ireland,2023,3
Glostrup,Italy,2023,8
Glostrup,Japan,2023,1
Glostrup,Latvia,2023,2
Glostrup,Lithuania,2023,5
Glostrup,Moldova,2023,1
Glostrup,Morocco,2023,1
Glostrup,Nepal,2023,55
Glostrup,Netherlands,2023,1
Glostrup,New Zealand,2023,1
Glostrup,Norway,2023,2
Glostrup,Pakistan,2023,8
Glostrup,Philippines,2023,2
Glostrup,Poland,2023,14
Glostrup,Portugal,2023,11
Glostrup,Republic of North Macedonia,2023,2
Glostrup,Romania,2023,32
Glostrup,Russia,2023,1
Glostrup,Singapore,2023,1
Glostrup,Spain,2023,4
Glostrup,Sweden,2023,5
Glostrup,Thailand,2023,1
Glostrup,Turkey,2023,4
Glostrup,USA,2023,13
Glostrup,Ukraine,2023,44
Glostrup,United Kingdom,2023,6
Glostrup,Vietnam,2023,3
Glostrup,Zimbabwe,2023,1
Greve,Afghanistan,2023,1
Greve,Argentina,2023,4
Greve,Australia,2023,1
Greve,Bangladesh,2023,19
Greve,Belarus,2023,2
Greve,Bosnia and Herzegovina,2023,2
Greve,Brazil,2023,1
Greve,Bulgaria,2023,19
Greve,Cameroon,2023,2
Greve,Canada,2023,1
Greve,Chile,2023,1
Greve,China,2023,5
Greve,Croatia,2023,3
Greve,Czech Republic,2023,2
Greve,Denmark,2023,94
Greve,Finland,2023,1
Greve,France,2023,3
Greve,Georgia,2023,1
Greve,Germany,2023,9
Greve,Ghana,2023,1
Greve,Greece,2023,4
Greve,Hungary,2023,6
Greve,India,2023,23
Greve,Indonesia,2023,1
Greve,Iran,2023,14
Greve,Iraq,2023,2
Greve,Italy,2023,13
Greve,Japan,2023,1
Greve,Kosovo,2023,3
Greve,Latvia,2023,8
Greve,Lebanon,2023,4
Greve,Lithuania,2023,18
Greve,Morocco,2023,1
Greve,Myanmar,2023,1
Greve,Nepal,2023,28
Greve,Netherlands,2023,2
Greve,Nigeria,2023,2
Greve,Norway,2023,6
Greve,Pakistan,2023,4
Greve,Paraguay,2023,2
Greve,Philippines,2023,1
Greve,Poland,2023,48
Greve,Portugal,2023,9
Greve,Romania,2023,31
Greve,Russia,2023,1
Greve,Serbia,2023,1
Greve,Slovakia,2023,1
Greve,Spain,2023,8
Greve,Sri Lanka,2023,18
Greve,Sweden,2023,12
Greve,Syria,2023,5
Greve,Thailand,2023,3
Greve,Turkey,2023,24
Greve,USA,2023,21
Greve,Uganda,2023,2
Greve,Ukraine,2023,70
Greve,United Kingdom,2023,1
Greve,Vietnam,2023,3
Greve,Yugoslavia,2023,1
Greve,Zambia,2023,1
Gribskov,Australia,2023,1
Gribskov,Azerbaijan,2023,1
Gribskov,Belgium,2023,1
Gribskov,Brazil,2023,5
Gribskov,Bulgaria,2023,16
Gribskov,China,2023,2
Gribskov,Croatia,2023,2
Gribskov,Czech Republic,2023,2
Gribskov,Denmark,2023,173
Gribskov,Finland,2023,1
Gribskov,France,2023,1
Gribskov,Georgia,2023,1
Gribskov,Germany,2023,1
Gribskov,Iceland,2023,10
Gribskov,Iran,2023,1
Gribskov,Iraq,2023,3
Gribskov,Ireland,2023,1
Gribskov,Italy,2023,1
Gribskov,Latvia,2023,4
Gribskov,Lithuania,2023,15
Gribskov,Malta,2023,1
Gribskov,Moldova,2023,1
Gribskov,Nepal,2023,17
Gribskov,Netherlands,2023,3
Gribskov,Norway,2023,6
Gribskov,Philippines,2023,3
Gribskov,Poland,2023,43
Gribskov,Portugal,2023,1
Gribskov,Romania,2023,33
Gribskov,Serbia,2023,4
Gribskov,Singapore,2023,1
Gribskov,Spain,2023,1
Gribskov,Stateless,2023,2
Gribskov,Sweden,2023,6
Gribskov,Syria,2023,10
Gribskov,Thailand,2023,4
Gribskov,Turkey,2023,4
Gribskov,USA,2023,3
Gribskov,Ukraine,2023,71
Gribskov,United Kingdom,2023,6
Gribskov,Vietnam,2023,2
Guldborgsund,Argentina,2023,2
Guldborgsund,Austria,2023,2
Guldborgsund,Belgium,2023,3
Guldborgsund,Bosnia and Herzegovina,2023,1
Guldborgsund,Brazil,2023,2
Guldborgsund,Bulgaria,2023,25
Guldborgsund,Chile,2023,2
Guldborgsund,China,2023,12
Guldborgsund,Colombia,2023,1
Guldborgsund,"Congo, Democratic Republic",2023,6
Guldborgsund,Croatia,2023,5
Guldborgsund,Czech Republic,2023,1
Guldborgsund,Denmark,2023,119
Guldborgsund,Estonia,2023,1
Guldborgsund,Finland,2023,2
Guldborgsund,France,2023,3
Guldborgsund,"Gambia, The",2023,1
Guldborgsund,Germany,2023,13
Guldborgsund,Greece,2023,1
Guldborgsund,Hungary,2023,5
Guldborgsund,Iceland,2023,1
Guldborgsund,Iran,2023,2
Guldborgsund,Iraq,2023,4
Guldborgsund,Ireland,2023,1
Guldborgsund,Italy,2023,6
Guldborgsund,Kyrgyzstan,2023,3
Guldborgsund,Latvia,2023,3
Guldborgsund,Lebanon,2023,1
Guldborgsund,Lithuania,2023,2
Guldborgsund,Morocco,2023,2
Guldborgsund,Nepal,2023,1
Guldborgsund,Netherlands,2023,1
Guldborgsund,New Zealand,2023,1
Guldborgsund,Norway,2023,2
Guldborgsund,Not stated,2023,3
Guldborgsund,Philippines,2023,6
Guldborgsund,Poland,2023,37
Guldborgsund,Romania,2023,96
Guldborgsund,Russia,2023,1
Guldborgsund,Serbia,2023,4
Guldborgsund,Spain,2023,8
Guldborgsund,Stateless,2023,1
Guldborgsund,Sweden,2023,9
Guldborgsund,Syria,2023,3
Guldborgsund,Tanzania,2023,6
Guldborgsund,Thailand,2023,11
Guldborgsund,Turkey,2023,7
Guldborgsund,USA,2023,2
Guldborgsund,Uganda,2023,3
Guldborgsund,Ukraine,2023,84
Guldborgsund,United Kingdom,2023,1
Guldborgsund,Vietnam,2023,8
Guldborgsund,Zambia,2023,1
Haderslev,Algeria,2023,1
Haderslev,Austria,2023,4
Haderslev,Bangladesh,2023,1
Haderslev,Belgium,2023,3
Haderslev,Bosnia and Herzegovina,2023,2
Haderslev,Brazil,2023,4
Haderslev,Bulgaria,2023,9
Haderslev,Canada,2023,6
Haderslev,China,2023,6
Haderslev,"Congo, Democratic Republic",2023,4
Haderslev,Croatia,2023,2
Haderslev,Czech Republic,2023,2
Haderslev,Denmark,2023,150
Haderslev,Egypt,2023,2
Haderslev,Eritrea,2023,1
Haderslev,Estonia,2023,1
Haderslev,Finland,2023,4
Haderslev,France,2023,2
Haderslev,Germany,2023,167
Haderslev,Hungary,2023,9
Haderslev,Iceland,2023,12
Haderslev,India,2023,3
Haderslev,Iran,2023,5
Haderslev,Ireland,2023,4
Haderslev,Italy,2023,14
Haderslev,Japan,2023,4
Haderslev,Kenya,2023,2
Haderslev,Kosovo,2023,2
Haderslev,Latvia,2023,7
Haderslev,Lebanon,2023,2
Haderslev,Lithuania,2023,2
Haderslev,Moldova,2023,2
Haderslev,Nepal,2023,1
Haderslev,Netherlands,2023,12
Haderslev,Norway,2023,3
Haderslev,Philippines,2023,3
Haderslev,Poland,2023,28
Haderslev,Romania,2023,116
Haderslev,Russia,2023,2
Haderslev,Serbia,2023,2
Haderslev,Slovakia,2023,2
Haderslev,Spain,2023,17
Haderslev,Sweden,2023,20
Haderslev,Switzerland,2023,4
Haderslev,Syria,2023,15
Haderslev,Tanzania,2023,3
Haderslev,Thailand,2023,2
Haderslev,Turkey,2023,1
Haderslev,USA,2023,4
Haderslev,Uganda,2023,9
Haderslev,Ukraine,2023,49
Haderslev,United Kingdom,2023,1
Haderslev,Vietnam,2023,16
Halsnæs,Australia,2023,1
Halsnæs,Bangladesh,2023,2
Halsnæs,Belgium,2023,1
Halsnæs,Bosnia and Herzegovina,2023,1
Halsnæs,Bulgaria,2023,3
Halsnæs,Chile,2023,1
Halsnæs,China,2023,1
Halsnæs,"Congo, Democratic Republic",2023,2
Halsnæs,Croatia,2023,5
Halsnæs,Denmark,2023,75
Halsnæs,Eritrea,2023,4
Halsnæs,France,2023,3
Halsnæs,Germany,2023,3
Halsnæs,Greece,2023,1
Halsnæs,Hungary,2023,1
Halsnæs,India,2023,5
Halsnæs,Ireland,2023,1
Halsnæs,Italy,2023,4
Halsnæs,Latvia,2023,9
Halsnæs,Lithuania,2023,9
Halsnæs,Malta,2023,2
Halsnæs,Moldova,2023,1
Halsnæs,Netherlands,2023,2
Halsnæs,Nigeria,2023,1
Halsnæs,Norway,2023,1
Halsnæs,Pakistan,2023,5
Halsnæs,Peru,2023,3
Halsnæs,Philippines,2023,4
Halsnæs,Poland,2023,27
Halsnæs,Portugal,2023,20
Halsnæs,Republic of North Macedonia,2023,2
Halsnæs,Romania,2023,107
Halsnæs,Russia,2023,1
Halsnæs,Rwanda,2023,1
Halsnæs,Serbia,2023,4
Halsnæs,Slovakia,2023,2
Halsnæs,Spain,2023,6
Halsnæs,Sri Lanka,2023,2
Halsnæs,Sweden,2023,4
Halsnæs,Syria,2023,6
Halsnæs,Thailand,2023,1
Halsnæs,Turkey,2023,2
Halsnæs,USA,2023,2
Halsnæs,Ukraine,2023,54
Halsnæs,United Kingdom,2023,2
Hedensted,Argentina,2023,2
Hedensted,Belgium,2023,1
Hedensted,Brazil,2023,3
Hedensted,Bulgaria,2023,3
Hedensted,Canada,2023,1
Hedensted,China,2023,1
Hedensted,"Congo, Democratic Republic",2023,5
Hedensted,Croatia,2023,1
Hedensted,Czech Republic,2023,1
Hedensted,Denmark,2023,99
Hedensted,Estonia,2023,2
Hedensted,Germany,2023,20
Hedensted,Greece,2023,2
Hedensted,Honduras,2023,1
Hedensted,Hungary,2023,5
Hedensted,Iceland,2023,3
Hedensted,Iran,2023,1
Hedensted,Iraq,2023,2
Hedensted,Ireland,2023,1
Hedensted,Italy,2023,3
Hedensted,Japan,2023,5
Hedensted,Kosovo,2023,1
Hedensted,Latvia,2023,30
Hedensted,Lithuania,2023,11
Hedensted,Mexico,2023,1
Hedensted,Netherlands,2023,1
Hedensted,Peru,2023,1
Hedensted,Philippines,2023,2
Hedensted,Poland,2023,72
Hedensted,Portugal,2023,1
Hedensted,Romania,2023,70
Hedensted,Russia,2023,1
Hedensted,Serbia,2023,1
Hedensted,South Korea,2023,1
Hedensted,Sweden,2023,3
Hedensted,Syria,2023,8
Hedensted,Tanzania,2023,2
Hedensted,Thailand,2023,2
Hedensted,Turkey,2023,1
Hedensted,USA,2023,4
Hedensted,Uganda,2023,2
Hedensted,Ukraine,2023,62
Hedensted,United Kingdom,2023,1
Hedensted,Venezuela,2023,1
Hedensted,Vietnam,2023,1
Helsingør,Afghanistan,2023,1
Helsingør,Albania,2023,1
Helsingør,Australia,2023,5
Helsingør,Austria,2023,1
Helsingør,Bangladesh,2023,2
Helsingør,Belgium,2023,22
Helsingør,Bolivia,2023,1
Helsingør,Bosnia and Herzegovina,2023,1
Helsingør,Brazil,2023,3
Helsingør,Bulgaria,2023,4
Helsingør,Cameroon,2023,2
Helsingør,Canada,2023,6
Helsingør,Chile,2023,1
Helsingør,China,2023,8
Helsingør,Colombia,2023,3
Helsingør,"Congo, Democratic Republic",2023,4
Helsingør,Costa Rica,2023,1
Helsingør,Croatia,2023,4
Helsingør,Denmark,2023,264
Helsingør,Eritrea,2023,1
Helsingør,Estonia,2023,1
Helsingør,Finland,2023,2
Helsingør,France,2023,12
Helsingør,Germany,2023,18
Helsingør,Ghana,2023,1
Helsingør,Greece,2023,5
Helsingør,Hungary,2023,1
Helsingør,Iceland,2023,7
Helsingør,India,2023,7
Helsingør,Indonesia,2023,1
Helsingør,Iran,2023,2
Helsingør,Iraq,2023,2
Helsingør,Ireland,2023,2
Helsingør,Israel,2023,1
Helsingør,Italy,2023,18
Helsingør,Japan,2023,24
Helsingør,Kenya,2023,1
Helsingør,Kosovo,2023,1
Helsingør,Kyrgyzstan,2023,1
Helsingør,Lebanon,2023,1
Helsingør,Lithuania,2023,8
Helsingør,Mexico,2023,4
Helsingør,Moldova,2023,4
Helsingør,Morocco,2023,2
Helsingør,Nepal,2023,1
Helsingør,Netherlands,2023,6
Helsingør,Norway,2023,4
Helsingør,Pakistan,2023,3
Helsingør,Peru,2023,1
Helsingør,Philippines,2023,9
Helsingør,Poland,2023,5
Helsingør,Portugal,2023,5
Helsingør,Republic of North Macedonia,2023,2
Helsingør,Romania,2023,19
Helsingør,Rwanda,2023,1
Helsingør,Senegal,2023,1
Helsingør,Serbia,2023,5
Helsingør,South Africa,2023,1
Helsingør,South Korea,2023,8
Helsingør,Spain,2023,12
Helsingør,Stateless,2023,2
Helsingør,Sweden,2023,25
Helsingør,Switzerland,2023,1
Helsingør,Syria,2023,5
Helsingør,Thailand,2023,4
Helsingør,Turkey,2023,1
Helsingør,USA,2023,23
Helsingør,Ukraine,2023,108
Helsingør,United Kingdom,2023,10
Helsingør,Vietnam,2023,8
Helsingør,Yugoslavia,2023,1
Helsingør,Zimbabwe,2023,1
Herlev,Afghanistan,2023,3
Herlev,Argentina,2023,3
Herlev,Austria,2023,2
Herlev,Azerbaijan,2023,8
Herlev,Bangladesh,2023,5
Herlev,Belgium,2023,1
Herlev,Bosnia and Herzegovina,2023,2
Herlev,Brazil,2023,5
Herlev,Bulgaria,2023,30
Herlev,Canada,2023,4
Herlev,Chile,2023,1
Herlev,China,2023,8
Herlev,Colombia,2023,1
Herlev,Croatia,2023,3
Herlev,Czech Republic,2023,2
Herlev,Denmark,2023,57
Herlev,Dominica,2023,2
Herlev,Egypt,2023,3
Herlev,Estonia,2023,1
Herlev,Finland,2023,4
Herlev,France,2023,2
Herlev,"Gambia, The",2023,1
Herlev,Germany,2023,2
Herlev,Ghana,2023,11
Herlev,Greece,2023,5
Herlev,Hungary,2023,2
Herlev,Iceland,2023,7
Herlev,India,2023,83
Herlev,Iran,2023,45
Herlev,Ireland,2023,1
Herlev,Israel,2023,3
Herlev,Italy,2023,6
Herlev,Lebanon,2023,1
Herlev,Lithuania,2023,6
Herlev,Nepal,2023,33
Herlev,Netherlands,2023,1
Herlev,New Zealand,2023,1
Herlev,Norway,2023,5
Herlev,Pakistan,2023,4
Herlev,Peru,2023,1
Herlev,Philippines,2023,6
Herlev,Poland,2023,5
Herlev,Portugal,2023,5
Herlev,Republic of North Macedonia,2023,3
Herlev,Romania,2023,15
Herlev,Russia,2023,4
Herlev,South Africa,2023,3
Herlev,South Korea,2023,1
Herlev,Spain,2023,4
Herlev,Sweden,2023,14
Herlev,Switzerland,2023,1
Herlev,Syria,2023,2
Herlev,Taiwan,2023,1
Herlev,Tanzania,2023,1
Herlev,Thailand,2023,6
Herlev,Turkey,2023,10
Herlev,USA,2023,11
Herlev,Ukraine,2023,44
Herlev,United Kingdom,2023,2
Herlev,Venezuela,2023,4
Herlev,Vietnam,2023,1
Herning,Afghanistan,2023,2
Herning,Algeria,2023,1
Herning,Argentina,2023,1
Herning,Australia,2023,1
Herning,Austria,2023,7
Herning,Belarus,2023,6
Herning,Belgium,2023,3
Herning,Bosnia and Herzegovina,2023,3
Herning,Brazil,2023,8
Herning,Bulgaria,2023,37
Herning,Canada,2023,4
Herning,Chile,2023,2
Herning,China,2023,7
Herning,Colombia,2023,1
Herning,"Congo, Democratic Republic",2023,8
Herning,Croatia,2023,6
Herning,Cuba,2023,1
Herning,Czech Republic,2023,12
Herning,Denmark,2023,179
Herning,Egypt,2023,1
Herning,Eritrea,2023,2
Herning,Estonia,2023,3
Herning,Finland,2023,5
Herning,France,2023,6
Herning,Germany,2023,22
Herning,Ghana,2023,1
Herning,Greece,2023,1
Herning,Guinea,2023,1
Herning,Hungary,2023,17
Herning,Iceland,2023,11
Herning,India,2023,7
Herning,Indonesia,2023,3
Herning,Iran,2023,32
Herning,Ireland,2023,1
Herning,Italy,2023,14
Herning,Japan,2023,2
Herning,Kenya,2023,3
Herning,Kosovo,2023,1
Herning,Latvia,2023,17
Herning,Lebanon,2023,2
Herning,Lithuania,2023,9
Herning,Mexico,2023,1
Herning,Morocco,2023,2
Herning,Nepal,2023,3
Herning,Netherlands,2023,11
Herning,New Zealand,2023,1
Herning,Nigeria,2023,2
Herning,Norway,2023,8
Herning,Not stated,2023,2
Herning,Pakistan,2023,4
Herning,Philippines,2023,18
Herning,Poland,2023,109
Herning,Portugal,2023,2
Herning,Republic of North Macedonia,2023,1
Herning,Romania,2023,70
Herning,Russia,2023,5
Herning,Serbia,2023,1
Herning,Slovakia,2023,20
Herning,Slovenia,2023,1
Herning,Somalia,2023,1
Herning,South Africa,2023,6
Herning,South Korea,2023,1
Herning,Spain,2023,10
Herning,Sri Lanka,2023,33
Herning,Sweden,2023,21
Herning,Switzerland,2023,1
Herning,Syria,2023,20
Herning,Tanzania,2023,5
Herning,Thailand,2023,6
Herning,Turkey,2023,10
Herning,USA,2023,7
Herning,Uganda,2023,10
Herning,Ukraine,2023,92
Herning,United Kingdom,2023,14
Herning,Uzbekistan,2023,1
Herning,Vietnam,2023,15
Hillerød,Afghanistan,2023,3
Hillerød,Argentina,2023,1
Hillerød,Bangladesh,2023,7
Hillerød,Belgium,2023,1
Hillerød,Brazil,2023,1
Hillerød,Bulgaria,2023,14
Hillerød,Canada,2023,1
Hillerød,Chile,2023,1
Hillerød,China,2023,21
Hillerød,Croatia,2023,3
Hillerød,Czech Republic,2023,4
Hillerød,Denmark,2023,155
Hillerød,Estonia,2023,1
Hillerød,Finland,2023,1
Hillerød,France,2023,1
Hillerød,Germany,2023,8
Hillerød,Hungary,2023,13
Hillerød,Iceland,2023,2
Hillerød,India,2023,11
Hillerød,Indonesia,2023,2
Hillerød,Iran,2023,28
Hillerød,Iraq,2023,1
Hillerød,Ireland,2023,49
Hillerød,Italy,2023,13
Hillerød,Kazakhstan,2023,1
Hillerød,Kenya,2023,1
Hillerød,Latvia,2023,4
Hillerød,Lebanon,2023,1
Hillerød,Lithuania,2023,18
Hillerød,Mexico,2023,1
Hillerød,Nepal,2023,6
Hillerød,Netherlands,2023,9
Hillerød,New Zealand,2023,5
Hillerød,Nicaragua,2023,3
Hillerød,Not stated,2023,2
Hillerød,Pakistan,2023,1
Hillerød,Paraguay,2023,1
Hillerød,Philippines,2023,3
Hillerød,Poland,2023,67
Hillerød,Portugal,2023,7
Hillerød,Republic of North Macedonia,2023,2
Hillerød,Romania,2023,60
Hillerød,Russia,2023,4
Hillerød,Serbia,2023,6
Hillerød,Slovakia,2023,2
Hillerød,South Korea,2023,9
Hillerød,Spain,2023,4
Hillerød,Sweden,2023,13
Hillerød,Switzerland,2023,1
Hillerød,Syria,2023,3
Hillerød,Tunisia,2023,1
Hillerød,Turkey,2023,6
Hillerød,USA,2023,10
Hillerød,Uganda,2023,1
Hillerød,Ukraine,2023,79
Hillerød,United Kingdom,2023,32
Hillerød,Vietnam,2023,2
Hjørring,Afghanistan,2023,6
Hjørring,Africa not stated,2023,1
Hjørring,Argentina,2023,1
Hjørring,Australia,2023,1
Hjørring,Austria,2023,2
Hjørring,Bangladesh,2023,1
Hjørring,Belarus,2023,1
Hjørring,Belgium,2023,10
Hjørring,Brazil,2023,2
Hjørring,Bulgaria,2023,16
Hjørring,Cambodia,2023,1
Hjørring,China,2023,9
Hjørring,Colombia,2023,2
Hjørring,"Congo, Democratic Republic",2023,6
Hjørring,Croatia,2023,2
Hjørring,Cuba,2023,1
Hjørring,Denmark,2023,163
Hjørring,Ecuador,2023,1
Hjørring,Eritrea,2023,1
Hjørring,Europe not stated,2023,1
Hjørring,Finland,2023,1
Hjørring,France,2023,1
Hjørring,Germany,2023,30
Hjørring,Ghana,2023,5
Hjørring,Greece,2023,3
Hjørring,Hungary,2023,13
Hjørring,Iceland,2023,6
Hjørring,Indonesia,2023,5
Hjørring,Iran,2023,1
Hjørring,Ireland,2023,3
Hjørring,Italy,2023,5
Hjørring,Japan,2023,21
Hjørring,Kenya,2023,2
Hjørring,Latvia,2023,1
Hjørring,Lebanon,2023,1
Hjørring,Lithuania,2023,2
Hjørring,Nepal,2023,1
Hjørring,Netherlands,2023,3
Hjørring,Norway,2023,13
Hjørring,Philippines,2023,8
Hjørring,Poland,2023,56
Hjørring,Portugal,2023,5
Hjørring,Republic of North Macedonia,2023,1
Hjørring,Romania,2023,34
Hjørring,Singapore,2023,1
Hjørring,Slovakia,2023,5
Hjørring,Slovenia,2023,1
Hjørring,South Africa,2023,1
Hjørring,South Korea,2023,1
Hjørring,Spain,2023,8
Hjørring,Sri Lanka,2023,2
Hjørring,Sweden,2023,3
Hjørring,Syria,2023,5
Hjørring,Tanzania,2023,9
Hjørring,Thailand,2023,1
Hjørring,Turkey,2023,4
Hjørring,USA,2023,10
Hjørring,Uganda,2023,6
Hjørring,Ukraine,2023,68
Hjørring,United Kingdom,2023,4
Hjørring,Vietnam,2023,6
Holbæk,Afghanistan,2023,3
Holbæk,Armenia,2023,1
Holbæk,Australia,2023,1
Holbæk,Belgium,2023,2
Holbæk,Brazil,2023,3
Holbæk,Bulgaria,2023,39
Holbæk,Canada,2023,1
Holbæk,China,2023,3
Holbæk,"Congo, Democratic Republic",2023,6
Holbæk,Croatia,2023,11
Holbæk,Czech Republic,2023,7
Holbæk,Czechoslovakia,2023,1
Holbæk,Denmark,2023,172
Holbæk,Egypt,2023,1
Holbæk,Eritrea,2023,5
Holbæk,Estonia,2023,1
Holbæk,France,2023,4
Holbæk,Germany,2023,7
Holbæk,Ghana,2023,2
Holbæk,Greece,2023,3
Holbæk,Hungary,2023,8
Holbæk,Iceland,2023,3
Holbæk,India,2023,17
Holbæk,Iran,2023,1
Holbæk,Iraq,2023,5
Holbæk,Ireland,2023,1
Holbæk,Italy,2023,6
Holbæk,Japan,2023,3
Holbæk,Kenya,2023,2
Holbæk,Kosovo,2023,1
Holbæk,Latvia,2023,9
Holbæk,Lebanon,2023,1
Holbæk,Lithuania,2023,9
Holbæk,Moldova,2023,1
Holbæk,Morocco,2023,3
Holbæk,Nepal,2023,3
Holbæk,Netherlands,2023,1
Holbæk,New Zealand,2023,1
Holbæk,Nigeria,2023,1
Holbæk,Norway,2023,4
Holbæk,Not stated,2023,2
Holbæk,Philippines,2023,6
Holbæk,Poland,2023,36
Holbæk,Portugal,2023,1
Holbæk,Romania,2023,40
Holbæk,Russia,2023,1
Holbæk,Slovakia,2023,1
Holbæk,Somalia,2023,4
Holbæk,Spain,2023,7
Holbæk,Sri Lanka,2023,5
Holbæk,Stateless,2023,1
Holbæk,Sweden,2023,15
Holbæk,Switzerland,2023,2
Holbæk,Syria,2023,5
Holbæk,Tanzania,2023,2
Holbæk,Thailand,2023,3
Holbæk,Trinidad and Tobago,2023,1
Holbæk,Turkey,2023,3
Holbæk,USA,2023,5
Holbæk,Uganda,2023,11
Holbæk,Ukraine,2023,104
Holbæk,United Kingdom,2023,6
Holbæk,Vietnam,2023,2
Holstebro,Afghanistan,2023,2
Holstebro,Armenia,2023,1
Holstebro,Australia,2023,3
Holstebro,Bosnia and Herzegovina,2023,1
Holstebro,Bulgaria,2023,24
Holstebro,Canada,2023,3
Holstebro,Chile,2023,1
Holstebro,Croatia,2023,1
Holstebro,Czech Republic,2023,1
Holstebro,Denmark,2023,145
Holstebro,Eritrea,2023,2
Holstebro,Ethiopia,2023,2
Holstebro,Finland,2023,1
Holstebro,France,2023,3
Holstebro,Georgia,2023,1
Holstebro,Germany,2023,21
Holstebro,Ghana,2023,1
Holstebro,Hungary,2023,3
Holstebro,Iceland,2023,3
Holstebro,India,2023,2
Holstebro,Iran,2023,2
Holstebro,Iraq,2023,5
Holstebro,Italy,2023,8
Holstebro,Kyrgyzstan,2023,1
Holstebro,Latvia,2023,3
Holstebro,Lebanon,2023,1
Holstebro,Lithuania,2023,4
Holstebro,Madagascar,2023,1
Holstebro,Mexico,2023,1
Holstebro,Nepal,2023,3
Holstebro,Netherlands,2023,3
Holstebro,Norway,2023,4
Holstebro,Philippines,2023,7
Holstebro,Poland,2023,9
Holstebro,Portugal,2023,2
Holstebro,Romania,2023,37
Holstebro,Slovenia,2023,1
Holstebro,South Korea,2023,2
Holstebro,Spain,2023,5
Holstebro,Sri Lanka,2023,2
Holstebro,Sweden,2023,12
Holstebro,Syria,2023,5
Holstebro,Tanzania,2023,2
Holstebro,Thailand,2023,6
Holstebro,Turkey,2023,1
Holstebro,USA,2023,1
Holstebro,Uganda,2023,2
Holstebro,Ukraine,2023,72
Holstebro,United Kingdom,2023,2
Holstebro,Uzbekistan,2023,1
Holstebro,Vietnam,2023,10
Horsens,Afghanistan,2023,4
Horsens,Argentina,2023,1
Horsens,Australia,2023,2
Horsens,Austria,2023,2
Horsens,Bangladesh,2023,2
Horsens,Belgium,2023,5
Horsens,Bosnia and Herzegovina,2023,1
Horsens,Brazil,2023,2
Horsens,Bulgaria,2023,28
Horsens,Canada,2023,3
Horsens,Chile,2023,1
Horsens,China,2023,20
Horsens,"Congo, Democratic Republic",2023,10
Horsens,Costa Rica,2023,1
Horsens,Croatia,2023,21
Horsens,Cuba,2023,1
Horsens,Cyprus,2023,1
Horsens,Czech Republic,2023,10
Horsens,Denmark,2023,201
Horsens,Egypt,2023,1
Horsens,Eritrea,2023,4
Horsens,Estonia,2023,5
Horsens,Ethiopia,2023,2
Horsens,Finland,2023,2
Horsens,France,2023,36
Horsens,"Gambia, The",2023,2
Horsens,Germany,2023,26
Horsens,Ghana,2023,2
Horsens,Greece,2023,5
Horsens,Hungary,2023,16
Horsens,Iceland,2023,40
Horsens,India,2023,10
Horsens,Iran,2023,12
Horsens,Iraq,2023,4
Horsens,Italy,2023,29
Horsens,Jamaica,2023,1
Horsens,Japan,2023,5
Horsens,Kenya,2023,2
Horsens,Kosovo,2023,2
Horsens,Latvia,2023,34
Horsens,Lithuania,2023,35
Horsens,Maldives,2023,1
Horsens,Malta,2023,5
Horsens,Mexico,2023,1
Horsens,Moldova,2023,15
Horsens,Montenegro,2023,1
Horsens,Nepal,2023,10
Horsens,Netherlands,2023,5
Horsens,Nicaragua,2023,1
Horsens,Nigeria,2023,1
Horsens,Norway,2023,4
Horsens,Not stated,2023,7
Horsens,Philippines,2023,6
Horsens,Poland,2023,198
Horsens,Portugal,2023,10
Horsens,Romania,2023,222
Horsens,Russia,2023,3
Horsens,Sao Tome and Principe,2023,1
Horsens,Slovakia,2023,32
Horsens,Slovenia,2023,1
Horsens,South Korea,2023,1
Horsens,Spain,2023,15
Horsens,Sri Lanka,2023,8
Horsens,Stateless,2023,1
Horsens,Sweden,2023,17
Horsens,Switzerland,2023,4
Horsens,Syria,2023,12
Horsens,Tanzania,2023,4
Horsens,Thailand,2023,2
Horsens,Tunisia,2023,2
Horsens,Turkey,2023,8
Horsens,USA,2023,11
Horsens,Uganda,2023,7
Horsens,Ukraine,2023,132
Horsens,United Kingdom,2023,6
Horsens,Vietnam,2023,17
Hvidovre,Albania,2023,1
Hvidovre,Algeria,2023,1
Hvidovre,Argentina,2023,6
Hvidovre,Austria,2023,1
Hvidovre,Bangladesh,2023,20
Hvidovre,Belgium,2023,1
Hvidovre,Brazil,2023,1
Hvidovre,Bulgaria,2023,25
Hvidovre,Chile,2023,1
Hvidovre,China,2023,39
Hvidovre,Colombia,2023,2
Hvidovre,Croatia,2023,3
Hvidovre,Czech Republic,2023,1
Hvidovre,Denmark,2023,141
Hvidovre,Egypt,2023,1
Hvidovre,Finland,2023,1
Hvidovre,France,2023,5
Hvidovre,Germany,2023,25
Hvidovre,Greece,2023,4
Hvidovre,Hungary,2023,11
Hvidovre,Iceland,2023,3
Hvidovre,India,2023,24
Hvidovre,Indonesia,2023,1
Hvidovre,Iran,2023,16
Hvidovre,Iraq,2023,3
Hvidovre,Ireland,2023,1
Hvidovre,Israel,2023,1
Hvidovre,Italy,2023,37
Hvidovre,Ivory Coast,2023,1
Hvidovre,Japan,2023,4
Hvidovre,Kazakhstan,2023,1
Hvidovre,Latvia,2023,4
Hvidovre,Lebanon,2023,2
Hvidovre,Lithuania,2023,11
Hvidovre,Mexico,2023,2
Hvidovre,Morocco,2023,3
Hvidovre,Nepal,2023,109
Hvidovre,Netherlands,2023,2
Hvidovre,Nigeria,2023,7
Hvidovre,Norway,2023,10
Hvidovre,Not stated,2023,2
Hvidovre,Pakistan,2023,16
Hvidovre,Peru,2023,2
Hvidovre,Philippines,2023,8
Hvidovre,Poland,2023,24
Hvidovre,Portugal,2023,32
Hvidovre,Republic of North Macedonia,2023,4
Hvidovre,Romania,2023,34
Hvidovre,Russia,2023,2
Hvidovre,Serbia,2023,1
Hvidovre,Slovakia,2023,1
Hvidovre,South Korea,2023,1
Hvidovre,Spain,2023,19
Hvidovre,Sri Lanka,2023,2
Hvidovre,Stateless,2023,2
Hvidovre,Sweden,2023,22
Hvidovre,Syria,2023,1
Hvidovre,Taiwan,2023,1
Hvidovre,Thailand,2023,2
Hvidovre,Togo,2023,1
Hvidovre,Trinidad and Tobago,2023,1
Hvidovre,Tunisia,2023,1
Hvidovre,Turkey,2023,10
Hvidovre,USA,2023,12
Hvidovre,Uganda,2023,2
Hvidovre,Ukraine,2023,71
Hvidovre,United Kingdom,2023,6
Hvidovre,Vietnam,2023,3
Hvidovre,"Yugoslavia, Federal Republic",2023,1
Hvidovre,Zimbabwe,2023,1
Høje-Taastrup,Afghanistan,2023,8
Høje-Taastrup,Albania,2023,2
Høje-Taastrup,Argentina,2023,3
Høje-Taastrup,Austria,2023,2
Høje-Taastrup,Bangladesh,2023,44
Høje-Taastrup,Belgium,2023,6
Høje-Taastrup,Brazil,2023,2
Høje-Taastrup,Bulgaria,2023,226
Høje-Taastrup,Cambodia,2023,3
Høje-Taastrup,Cameroon,2023,21
Høje-Taastrup,Chile,2023,3
Høje-Taastrup,China,2023,6
Høje-Taastrup,Colombia,2023,1
Høje-Taastrup,Croatia,2023,7
Høje-Taastrup,Cyprus,2023,5
Høje-Taastrup,Czech Republic,2023,3
Høje-Taastrup,Denmark,2023,190
Høje-Taastrup,Estonia,2023,1
Høje-Taastrup,Ethiopia,2023,5
Høje-Taastrup,Finland,2023,5
Høje-Taastrup,France,2023,10
Høje-Taastrup,"Gambia, The",2023,1
Høje-Taastrup,Germany,2023,11
Høje-Taastrup,Ghana,2023,11
Høje-Taastrup,Greece,2023,5
Høje-Taastrup,Guinea-Bissau,2023,2
Høje-Taastrup,Hungary,2023,18
Høje-Taastrup,Iceland,2023,4
Høje-Taastrup,India,2023,87
Høje-Taastrup,Indonesia,2023,3
Høje-Taastrup,Iran,2023,58
Høje-Taastrup,Iraq,2023,3
Høje-Taastrup,Ireland,2023,31
Høje-Taastrup,Italy,2023,33
Høje-Taastrup,Japan,2023,1
Høje-Taastrup,Jordan,2023,2
Høje-Taastrup,Kenya,2023,1
Høje-Taastrup,Kosovo,2023,6
Høje-Taastrup,Latvia,2023,7
Høje-Taastrup,Lebanon,2023,1
Høje-Taastrup,Lithuania,2023,45
Høje-Taastrup,Luxembourg,2023,1
Høje-Taastrup,Mali,2023,1
Høje-Taastrup,Mexico,2023,5
Høje-Taastrup,Morocco,2023,8
Høje-Taastrup,Nepal,2023,223
Høje-Taastrup,Netherlands,2023,7
Høje-Taastrup,Nigeria,2023,2
Høje-Taastrup,Norway,2023,5
Høje-Taastrup,Not stated,2023,1
Høje-Taastrup,Pakistan,2023,53
Høje-Taastrup,Panama,2023,1
Høje-Taastrup,Paraguay,2023,1
Høje-Taastrup,Philippines,2023,4
Høje-Taastrup,Poland,2023,90
Høje-Taastrup,Portugal,2023,75
Høje-Taastrup,Republic of North Macedonia,2023,8
Høje-Taastrup,Romania,2023,185
Høje-Taastrup,Russia,2023,3
Høje-Taastrup,Saint Kitts and Nevis,2023,4
Høje-Taastrup,Serbia,2023,2
Høje-Taastrup,Seychelles,2023,1
Høje-Taastrup,Slovakia,2023,4
Høje-Taastrup,South Africa,2023,1
Høje-Taastrup,South Korea,2023,1
Høje-Taastrup,Spain,2023,60
Høje-Taastrup,Sri Lanka,2023,2
Høje-Taastrup,Stateless,2023,2
Høje-Taastrup,Sweden,2023,34
Høje-Taastrup,Switzerland,2023,2
Høje-Taastrup,Syria,2023,1
Høje-Taastrup,Thailand,2023,4
Høje-Taastrup,Tunisia,2023,1
Høje-Taastrup,Turkey,2023,58
Høje-Taastrup,USA,2023,20
Høje-Taastrup,Ukraine,2023,91
Høje-Taastrup,United Kingdom,2023,7
Høje-Taastrup,Uruguay,2023,1
Høje-Taastrup,Venezuela,2023,1
Høje-Taastrup,Vietnam,2023,8
Hørsholm,Australia,2023,2
Hørsholm,Austria,2023,1
Hørsholm,Belgium,2023,1
Hørsholm,Brazil,2023,5
Hørsholm,Bulgaria,2023,1
Hørsholm,Canada,2023,1
Hørsholm,Cape Verde,2023,1
Hørsholm,China,2023,3
Hørsholm,Colombia,2023,1
Hørsholm,Croatia,2023,1
Hørsholm,Denmark,2023,106
Hørsholm,Eritrea,2023,1
Hørsholm,Ethiopia,2023,1
Hørsholm,Finland,2023,1
Hørsholm,France,2023,1
Hørsholm,Germany,2023,3
Hørsholm,Iceland,2023,5
Hørsholm,India,2023,7
Hørsholm,Iran,2023,7
Hørsholm,Ireland,2023,1
Hørsholm,Italy,2023,7
Hørsholm,Latvia,2023,1
Hørsholm,Lithuania,2023,1
Hørsholm,Madagascar,2023,1
Hørsholm,Mexico,2023,2
Hørsholm,Netherlands,2023,2
Hørsholm,Norway,2023,8
Hørsholm,Philippines,2023,25
Hørsholm,Poland,2023,3
Hørsholm,Romania,2023,8
Hørsholm,South Africa,2023,4
Hørsholm,Spain,2023,2
Hørsholm,Sweden,2023,5
Hørsholm,Syria,2023,1
Hørsholm,Thailand,2023,4
Hørsholm,Tunisia,2023,1
Hørsholm,USA,2023,6
Hørsholm,Uganda,2023,1
Hørsholm,Ukraine,2023,30
Hørsholm,United Kingdom,2023,1
Hørsholm,Vietnam,2023,1
Ikast-Brande,Argentina,2023,1
Ikast-Brande,Australia,2023,1
Ikast-Brande,Brazil,2023,3
Ikast-Brande,Bulgaria,2023,5
Ikast-Brande,Canada,2023,2
Ikast-Brande,China,2023,10
Ikast-Brande,Colombia,2023,2
Ikast-Brande,Croatia,2023,1
Ikast-Brande,Czech Republic,2023,15
Ikast-Brande,Denmark,2023,99
Ikast-Brande,Ecuador,2023,1
Ikast-Brande,Egypt,2023,1
Ikast-Brande,Eritrea,2023,3
Ikast-Brande,Estonia,2023,1
Ikast-Brande,Finland,2023,2
Ikast-Brande,France,2023,3
Ikast-Brande,Germany,2023,13
Ikast-Brande,Ghana,2023,2
Ikast-Brande,Greece,2023,1
Ikast-Brande,Hungary,2023,16
Ikast-Brande,Iceland,2023,5
Ikast-Brande,India,2023,59
Ikast-Brande,Iran,2023,1
Ikast-Brande,Ireland,2023,1
Ikast-Brande,Italy,2023,9
Ikast-Brande,Japan,2023,1
Ikast-Brande,Latvia,2023,11
Ikast-Brande,Lithuania,2023,70
Ikast-Brande,Mali,2023,1
Ikast-Brande,Moldova,2023,3
Ikast-Brande,Morocco,2023,3
Ikast-Brande,Mozambique,2023,2
Ikast-Brande,Netherlands,2023,4
Ikast-Brande,Nigeria,2023,3
Ikast-Brande,Norway,2023,6
Ikast-Brande,Not stated,2023,2
Ikast-Brande,Peru,2023,1
Ikast-Brande,Philippines,2023,2
Ikast-Brande,Poland,2023,67
Ikast-Brande,Portugal,2023,12
Ikast-Brande,Romania,2023,77
Ikast-Brande,Slovakia,2023,4
Ikast-Brande,South Korea,2023,1
Ikast-Brande,Spain,2023,26
Ikast-Brande,Sri Lanka,2023,13
Ikast-Brande,Sweden,2023,7
Ikast-Brande,Syria,2023,4
Ikast-Brande,Tanzania,2023,6
Ikast-Brande,Thailand,2023,1
Ikast-Brande,Turkey,2023,2
Ikast-Brande,USA,2023,2
Ikast-Brande,Uganda,2023,4
Ikast-Brande,Ukraine,2023,85
Ikast-Brande,United Kingdom,2023,10
Ikast-Brande,Venezuela,2023,1
Ikast-Brande,Vietnam,2023,5
Ikast-Brande,Yemen,2023,1
Ishøj,Afghanistan,2023,1
Ishøj,Argentina,2023,1
Ishøj,Armenia,2023,1
Ishøj,Bangladesh,2023,66
Ishøj,Bhutan,2023,2
Ishøj,Brazil,2023,1
Ishøj,Bulgaria,2023,43
Ishøj,China,2023,7
Ishøj,Czech Republic,2023,1
Ishøj,Denmark,2023,59
Ishøj,Egypt,2023,2
Ishøj,France,2023,2
Ishøj,Germany,2023,3
Ishøj,Ghana,2023,1
Ishøj,Greece,2023,1
Ishøj,Hungary,2023,7
Ishøj,Iceland,2023,1
Ishøj,India,2023,35
Ishøj,Iran,2023,7
Ishøj,Iraq,2023,1
Ishøj,Italy,2023,4
Ishøj,Japan,2023,1
Ishøj,Jordan,2023,1
Ishøj,Lithuania,2023,9
Ishøj,Nepal,2023,202
Ishøj,Netherlands,2023,2
Ishøj,Norway,2023,1
Ishøj,Pakistan,2023,15
Ishøj,Philippines,2023,2
Ishøj,Poland,2023,30
Ishøj,Portugal,2023,59
Ishøj,Republic of North Macedonia,2023,3
Ishøj,Romania,2023,19
Ishøj,Rwanda,2023,1
Ishøj,Slovakia,2023,1
Ishøj,Spain,2023,9
Ishøj,Sri Lanka,2023,1
Ishøj,Sweden,2023,11
Ishøj,Turkey,2023,21
Ishøj,USA,2023,1
Ishøj,Ukraine,2023,29
Ishøj,United Kingdom,2023,2
Ishøj,Venezuela,2023,1
Ishøj,Vietnam,2023,4
Jammerbugt,Afghanistan,2023,1
Jammerbugt,Argentina,2023,1
Jammerbugt,Bangladesh,2023,1
Jammerbugt,Brazil,2023,2
Jammerbugt,Bulgaria,2023,5
Jammerbugt,China,2023,1
Jammerbugt,"Congo, Democratic Republic",2023,5
Jammerbugt,Croatia,2023,1
Jammerbugt,Czech Republic,2023,2
Jammerbugt,Denmark,2023,75
Jammerbugt,Eritrea,2023,1
Jammerbugt,Germany,2023,20
Jammerbugt,Greece,2023,1
Jammerbugt,Hungary,2023,2
Jammerbugt,Iceland,2023,8
Jammerbugt,India,2023,4
Jammerbugt,Indonesia,2023,1
Jammerbugt,Iran,2023,1
Jammerbugt,Iraq,2023,1
Jammerbugt,Israel,2023,1
Jammerbugt,Kyrgyzstan,2023,1
Jammerbugt,Laos,2023,1
Jammerbugt,Latvia,2023,3
Jammerbugt,Mexico,2023,1
Jammerbugt,Netherlands,2023,2
Jammerbugt,Norway,2023,3
Jammerbugt,Not stated,2023,1
Jammerbugt,Philippines,2023,3
Jammerbugt,Poland,2023,17
Jammerbugt,Romania,2023,15
Jammerbugt,Russia,2023,3
Jammerbugt,Slovakia,2023,1
Jammerbugt,Somalia,2023,2
Jammerbugt,Spain,2023,2
Jammerbugt,Sweden,2023,5
Jammerbugt,Syria,2023,1
Jammerbugt,Tanzania,2023,2
Jammerbugt,Thailand,2023,1
Jammerbugt,USA,2023,1
Jammerbugt,Uganda,2023,10
Jammerbugt,Ukraine,2023,35
Jammerbugt,Vietnam,2023,8
Kalundborg,Afghanistan,2023,1
Kalundborg,Albania,2023,1
Kalundborg,Algeria,2023,4
Kalundborg,Argentina,2023,1
Kalundborg,Australia,2023,1
Kalundborg,Bangladesh,2023,1
Kalundborg,Belarus,2023,2
Kalundborg,Belgium,2023,1
Kalundborg,Bosnia and Herzegovina,2023,3
Kalundborg,Brazil,2023,10
Kalundborg,Bulgaria,2023,17
Kalundborg,Cameroon,2023,2
Kalundborg,Canada,2023,1
Kalundborg,China,2023,6
Kalundborg,Colombia,2023,4
Kalundborg,"Congo, Democratic Republic",2023,1
Kalundborg,Croatia,2023,18
Kalundborg,Czech Republic,2023,1
Kalundborg,Denmark,2023,82
Kalundborg,Dominican Republic,2023,2
Kalundborg,Ecuador,2023,1
Kalundborg,Eritrea,2023,1
Kalundborg,Germany,2023,9
Kalundborg,Greece,2023,2
Kalundborg,Honduras,2023,1
Kalundborg,Hungary,2023,5
Kalundborg,Iceland,2023,5
Kalundborg,India,2023,76
Kalundborg,Indonesia,2023,1
Kalundborg,Iran,2023,14
Kalundborg,Ireland,2023,5
Kalundborg,Italy,2023,17
Kalundborg,Japan,2023,13
Kalundborg,Jordan,2023,1
Kalundborg,Kenya,2023,2
Kalundborg,Latvia,2023,10
Kalundborg,Lithuania,2023,1
Kalundborg,Mexico,2023,3
Kalundborg,Montenegro,2023,2
Kalundborg,Nepal,2023,3
Kalundborg,Netherlands,2023,2
Kalundborg,Nigeria,2023,1
Kalundborg,Norway,2023,4
Kalundborg,Not stated,2023,2
Kalundborg,Philippines,2023,14
Kalundborg,Poland,2023,53
Kalundborg,Portugal,2023,5
Kalundborg,Republic of North Macedonia,2023,2
Kalundborg,Romania,2023,33
Kalundborg,Russia,2023,6
Kalundborg,Serbia,2023,8
Kalundborg,Slovakia,2023,2
Kalundborg,Somalia,2023,1
Kalundborg,South Africa,2023,4
Kalundborg,Spain,2023,34
Kalundborg,Sweden,2023,5
Kalundborg,Switzerland,2023,4
Kalundborg,Syria,2023,2
Kalundborg,Tanzania,2023,1
Kalundborg,Turkey,2023,12
Kalundborg,USA,2023,8
Kalundborg,Uganda,2023,2
Kalundborg,Ukraine,2023,62
Kalundborg,United Kingdom,2023,14
Kalundborg,Venezuela,2023,2
Kalundborg,Vietnam,2023,8
Kerteminde,Albania,2023,30
Kerteminde,Australia,2023,1
Kerteminde,Brazil,2023,2
Kerteminde,Bulgaria,2023,2
Kerteminde,Croatia,2023,3
Kerteminde,Denmark,2023,48
Kerteminde,Finland,2023,1
Kerteminde,Germany,2023,7
Kerteminde,India,2023,1
Kerteminde,Italy,2023,2
Kerteminde,Japan,2023,1
Kerteminde,Latvia,2023,3
Kerteminde,Lithuania,2023,8
Kerteminde,Moldova,2023,1
Kerteminde,Netherlands,2023,1
Kerteminde,Norway,2023,1
Kerteminde,Philippines,2023,1
Kerteminde,Poland,2023,31
Kerteminde,Portugal,2023,5
Kerteminde,Romania,2023,42
Kerteminde,Slovakia,2023,3
Kerteminde,Spain,2023,3
Kerteminde,Stateless,2023,2
Kerteminde,Sweden,2023,4
Kerteminde,Syria,2023,3
Kerteminde,USA,2023,2
Kerteminde,Ukraine,2023,47
Kerteminde,United Kingdom,2023,2
Kerteminde,Vietnam,2023,7
Kolding,Afghanistan,2023,6
Kolding,Algeria,2023,1
Kolding,Argentina,2023,1
Kolding,Austria,2023,1
Kolding,Bangladesh,2023,68
Kolding,Belarus,2023,1
Kolding,Belgium,2023,3
Kolding,Bosnia and Herzegovina,2023,12
Kolding,Brazil,2023,5
Kolding,Bulgaria,2023,13
Kolding,Canada,2023,3
Kolding,Chile,2023,2
Kolding,China,2023,30
Kolding,Colombia,2023,2
Kolding,Croatia,2023,5
Kolding,Czech Republic,2023,7
Kolding,Denmark,2023,277
Kolding,Eritrea,2023,4
Kolding,Estonia,2023,1
Kolding,Ethiopia,2023,1
Kolding,Finland,2023,3
Kolding,France,2023,14
Kolding,Germany,2023,58
Kolding,Greece,2023,2
Kolding,Hungary,2023,11
Kolding,Iceland,2023,13
Kolding,India,2023,133
Kolding,Iran,2023,27
Kolding,Israel,2023,1
Kolding,Italy,2023,19
Kolding,Japan,2023,1
Kolding,Kenya,2023,3
Kolding,Latvia,2023,11
Kolding,Lithuania,2023,19
Kolding,Luxembourg,2023,1
Kolding,Mexico,2023,3
Kolding,Moldova,2023,3
Kolding,Morocco,2023,2
Kolding,Nepal,2023,19
Kolding,Netherlands,2023,13
Kolding,New Zealand,2023,1
Kolding,Nigeria,2023,1
Kolding,Norway,2023,10
Kolding,Pakistan,2023,7
Kolding,Peru,2023,1
Kolding,Philippines,2023,8
Kolding,Poland,2023,90
Kolding,Portugal,2023,16
Kolding,Romania,2023,112
Kolding,Russia,2023,5
Kolding,Serbia,2023,2
Kolding,Slovakia,2023,8
Kolding,Slovenia,2023,3
Kolding,South Korea,2023,1
Kolding,Spain,2023,19
Kolding,Sri Lanka,2023,1
Kolding,Stateless,2023,1
Kolding,Sweden,2023,13
Kolding,Switzerland,2023,3
Kolding,Syria,2023,7
Kolding,Taiwan,2023,2
Kolding,Tanzania,2023,1
Kolding,Thailand,2023,9
Kolding,Tunisia,2023,1
Kolding,Turkey,2023,11
Kolding,USA,2023,26
Kolding,Uganda,2023,7
Kolding,Ukraine,2023,105
Kolding,United Kingdom,2023,14
Kolding,Uzbekistan,2023,2
Kolding,Venezuela,2023,1
Kolding,Vietnam,2023,14
Kolding,Zambia,2023,2
Køge,Afghanistan,2023,6
Køge,Albania,2023,22
Køge,Australia,2023,1
Køge,Bulgaria,2023,50
Køge,Cameroon,2023,2
Køge,Canada,2023,2
Køge,Chile,2023,1
Køge,China,2023,9
Køge,"Congo, Democratic Republic",2023,3
Køge,Croatia,2023,3
Køge,Cyprus,2023,1
Køge,Czech Republic,2023,1
Køge,Denmark,2023,123
Køge,Egypt,2023,1
Køge,Eritrea,2023,2
Køge,Finland,2023,1
Køge,France,2023,3
Køge,Germany,2023,13
Køge,Greece,2023,9
Køge,Hungary,2023,2
Køge,Iceland,2023,2
Køge,India,2023,13
Køge,Iran,2023,2
Køge,Iraq,2023,3
Køge,Ireland,2023,13
Køge,Italy,2023,19
Køge,Japan,2023,1
Køge,Kazakhstan,2023,1
Køge,Kosovo,2023,2
Køge,Latvia,2023,2
Køge,Lithuania,2023,15
Køge,Mexico,2023,1
Køge,Moldova,2023,1
Køge,Morocco,2023,3
Køge,Nepal,2023,7
Køge,New Zealand,2023,1
Køge,Nigeria,2023,1
Køge,Norway,2023,5
Køge,Not stated,2023,1
Køge,Pakistan,2023,2
Køge,Philippines,2023,5
Køge,Poland,2023,58
Køge,Portugal,2023,12
Køge,Republic of North Macedonia,2023,7
Køge,Romania,2023,76
Køge,South Korea,2023,6
Køge,Spain,2023,3
Køge,Stateless,2023,1
Køge,Sweden,2023,14
Køge,Syria,2023,19
Køge,Thailand,2023,2
Køge,Turkey,2023,9
Køge,USA,2023,10
Køge,Ukraine,2023,66
Køge,United Kingdom,2023,12
Køge,Zambia,2023,1
Langeland,Bangladesh,2023,3
Langeland,Chile,2023,2
Langeland,Denmark,2023,42
Langeland,Germany,2023,24
Langeland,Hungary,2023,1
Langeland,Iceland,2023,3
Langeland,Italy,2023,2
Langeland,Lithuania,2023,6
Langeland,Netherlands,2023,2
Langeland,Pakistan,2023,2
Langeland,Philippines,2023,3
Langeland,Poland,2023,63
Langeland,Portugal,2023,1
Langeland,Romania,2023,5
Langeland,Russia,2023,1
Langeland,Stateless,2023,5
Langeland,Switzerland,2023,1
Langeland,Uganda,2023,1
Langeland,Ukraine,2023,14
Langeland,United Kingdom,2023,1
Langeland,Vietnam,2023,7
Lejre,Albania,2023,1
Lejre,Australia,2023,1
Lejre,Brazil,2023,1
Lejre,Bulgaria,2023,17
Lejre,China,2023,1
Lejre,Croatia,2023,1
Lejre,Denmark,2023,94
Lejre,Finland,2023,7
Lejre,France,2023,1
Lejre,Germany,2023,1
Lejre,Hungary,2023,2
Lejre,Iran,2023,2
Lejre,Italy,2023,1
Lejre,Latvia,2023,4
Lejre,Lithuania,2023,20
Lejre,Morocco,2023,1
Lejre,Norway,2023,5
Lejre,Philippines,2023,2
Lejre,Poland,2023,27
Lejre,Romania,2023,29
Lejre,Russia,2023,1
Lejre,Spain,2023,1
Lejre,Sweden,2023,4
Lejre,Syria,2023,1
Lejre,Tanzania,2023,1
Lejre,Turkey,2023,3
Lejre,USA,2023,1
Lejre,Ukraine,2023,39
Lejre,United Kingdom,2023,2
Lejre,Vietnam,2023,1
Lemvig,Afghanistan,2023,1
Lemvig,Austria,2023,1
Lemvig,Bulgaria,2023,1
Lemvig,"Congo, Democratic Republic",2023,6
Lemvig,Denmark,2023,49
Lemvig,Eritrea,2023,1
Lemvig,Germany,2023,19
Lemvig,Hungary,2023,1
Lemvig,Iceland,2023,4
Lemvig,India,2023,2
Lemvig,Italy,2023,5
Lemvig,Lithuania,2023,10
Lemvig,Moldova,2023,1
Lemvig,Not stated,2023,1
Lemvig,Philippines,2023,3
Lemvig,Poland,2023,14
Lemvig,Portugal,2023,1
Lemvig,Romania,2023,33
Lemvig,Samoa,2023,1
Lemvig,Spain,2023,31
Lemvig,Tanzania,2023,2
Lemvig,Thailand,2023,3
Lemvig,USA,2023,1
Lemvig,Uganda,2023,1
Lemvig,Ukraine,2023,25
Lemvig,United Kingdom,2023,1
Lemvig,Vietnam,2023,18
Lolland,Austria,2023,1
Lolland,Belgium,2023,8
Lolland,Bosnia and Herzegovina,2023,2
Lolland,Brazil,2023,1
Lolland,Bulgaria,2023,20
Lolland,Chile,2023,3
Lolland,China,2023,2
Lolland,"Congo, Democratic Republic",2023,5
Lolland,Croatia,2023,1
Lolland,Czech Republic,2023,1
Lolland,Denmark,2023,81
Lolland,Egypt,2023,4
Lolland,Finland,2023,1
Lolland,France,2023,28
Lolland,Germany,2023,34
Lolland,Ghana,2023,1
Lolland,Greece,2023,1
Lolland,Hungary,2023,1
Lolland,Iceland,2023,4
Lolland,India,2023,22
Lolland,Iran,2023,1
Lolland,Ireland,2023,3
Lolland,Israel,2023,1
Lolland,Italy,2023,7
Lolland,Kenya,2023,3
Lolland,Kosovo,2023,1
Lolland,Latvia,2023,1
Lolland,Lithuania,2023,1
Lolland,Montenegro,2023,1
Lolland,Morocco,2023,4
Lolland,Netherlands,2023,14
Lolland,Norway,2023,4
Lolland,Philippines,2023,46
Lolland,Poland,2023,36
Lolland,Portugal,2023,14
Lolland,Republic of North Macedonia,2023,2
Lolland,Romania,2023,13
Lolland,Senegal,2023,1
Lolland,Serbia,2023,1
Lolland,South Africa,2023,3
Lolland,Spain,2023,13
Lolland,Stateless,2023,1
Lolland,Sweden,2023,11
Lolland,Syria,2023,1
Lolland,Tanzania,2023,4
Lolland,Thailand,2023,2
Lolland,Turkey,2023,4
Lolland,Ukraine,2023,58
Lolland,United Kingdom,2023,2
Lyngby-Taarbæk,Afghanistan,2023,1
Lyngby-Taarbæk,Albania,2023,4
Lyngby-Taarbæk,Algeria,2023,5
Lyngby-Taarbæk,Argentina,2023,5
Lyngby-Taarbæk,Australia,2023,39
Lyngby-Taarbæk,Austria,2023,13
Lyngby-Taarbæk,Bangladesh,2023,11
Lyngby-Taarbæk,Belarus,2023,1
Lyngby-Taarbæk,Belgium,2023,26
Lyngby-Taarbæk,Brazil,2023,30
Lyngby-Taarbæk,Bulgaria,2023,7
Lyngby-Taarbæk,Canada,2023,20
Lyngby-Taarbæk,Chile,2023,5
Lyngby-Taarbæk,China,2023,175
Lyngby-Taarbæk,Colombia,2023,4
Lyngby-Taarbæk,"Congo, Democratic Republic",2023,2
Lyngby-Taarbæk,Costa Rica,2023,5
Lyngby-Taarbæk,Croatia,2023,11
Lyngby-Taarbæk,Cuba,2023,1
Lyngby-Taarbæk,Cyprus,2023,9
Lyngby-Taarbæk,Czech Republic,2023,12
Lyngby-Taarbæk,Denmark,2023,249
Lyngby-Taarbæk,Ecuador,2023,2
Lyngby-Taarbæk,Egypt,2023,6
Lyngby-Taarbæk,Eritrea,2023,1
Lyngby-Taarbæk,Estonia,2023,10
Lyngby-Taarbæk,Ethiopia,2023,4
Lyngby-Taarbæk,Finland,2023,5
Lyngby-Taarbæk,France,2023,71
Lyngby-Taarbæk,Georgia,2023,1
Lyngby-Taarbæk,Germany,2023,135
Lyngby-Taarbæk,Ghana,2023,3
Lyngby-Taarbæk,Greece,2023,101
Lyngby-Taarbæk,Hungary,2023,31
Lyngby-Taarbæk,Iceland,2023,43
Lyngby-Taarbæk,India,2023,106
Lyngby-Taarbæk,Indonesia,2023,5
Lyngby-Taarbæk,Iran,2023,99
Lyngby-Taarbæk,Iraq,2023,2
Lyngby-Taarbæk,Ireland,2023,9
Lyngby-Taarbæk,Israel,2023,2
Lyngby-Taarbæk,Italy,2023,138
Lyngby-Taarbæk,Japan,2023,5
Lyngby-Taarbæk,Kenya,2023,1
Lyngby-Taarbæk,Latvia,2023,4
Lyngby-Taarbæk,Lebanon,2023,3
Lyngby-Taarbæk,Lithuania,2023,7
Lyngby-Taarbæk,Luxembourg,2023,1
Lyngby-Taarbæk,Malaysia,2023,4
Lyngby-Taarbæk,Mexico,2023,43
Lyngby-Taarbæk,Moldova,2023,1
Lyngby-Taarbæk,Morocco,2023,1
Lyngby-Taarbæk,Mozambique,2023,1
Lyngby-Taarbæk,Myanmar,2023,1
Lyngby-Taarbæk,Nepal,2023,5
Lyngby-Taarbæk,Netherlands,2023,32
Lyngby-Taarbæk,New Zealand,2023,1
Lyngby-Taarbæk,Nigeria,2023,4
Lyngby-Taarbæk,Norway,2023,22
Lyngby-Taarbæk,Not stated,2023,2
Lyngby-Taarbæk,Pakistan,2023,11
Lyngby-Taarbæk,Peru,2023,1
Lyngby-Taarbæk,Philippines,2023,22
Lyngby-Taarbæk,Poland,2023,66
Lyngby-Taarbæk,Portugal,2023,47
Lyngby-Taarbæk,Romania,2023,25
Lyngby-Taarbæk,Russia,2023,14
Lyngby-Taarbæk,Serbia,2023,2
Lyngby-Taarbæk,Singapore,2023,28
Lyngby-Taarbæk,Slovakia,2023,7
Lyngby-Taarbæk,Slovenia,2023,3
Lyngby-Taarbæk,South Africa,2023,2
Lyngby-Taarbæk,South Korea,2023,6
Lyngby-Taarbæk,Spain,2023,155
Lyngby-Taarbæk,Sri Lanka,2023,1
Lyngby-Taarbæk,Stateless,2023,2
Lyngby-Taarbæk,Sudan,2023,1
Lyngby-Taarbæk,Sweden,2023,14
Lyngby-Taarbæk,Switzerland,2023,23
Lyngby-Taarbæk,Syria,2023,4
Lyngby-Taarbæk,Taiwan,2023,8
Lyngby-Taarbæk,Thailand,2023,8
Lyngby-Taarbæk,Tunisia,2023,2
Lyngby-Taarbæk,Turkey,2023,19
Lyngby-Taarbæk,USA,2023,149
Lyngby-Taarbæk,Uganda,2023,1
Lyngby-Taarbæk,Ukraine,2023,106
Lyngby-Taarbæk,United Kingdom,2023,19
Lyngby-Taarbæk,Vietnam,2023,3
Læsø,Denmark,2023,4
Læsø,Sweden,2023,2
Læsø,Ukraine,2023,3
Mariagerfjord,Australia,2023,2
Mariagerfjord,Belgium,2023,1
Mariagerfjord,Brazil,2023,1
Mariagerfjord,Bulgaria,2023,1
Mariagerfjord,Burkina Faso,2023,1
Mariagerfjord,Cameroon,2023,1
Mariagerfjord,Canada,2023,1
Mariagerfjord,Colombia,2023,1
Mariagerfjord,Croatia,2023,1
Mariagerfjord,Cuba,2023,1
Mariagerfjord,Czech Republic,2023,5
Mariagerfjord,Denmark,2023,94
Mariagerfjord,Egypt,2023,1
Mariagerfjord,Estonia,2023,1
Mariagerfjord,Finland,2023,1
Mariagerfjord,Germany,2023,13
Mariagerfjord,Hungary,2023,1
Mariagerfjord,Iceland,2023,1
Mariagerfjord,India,2023,5
Mariagerfjord,Iraq,2023,1
Mariagerfjord,Ireland,2023,1
Mariagerfjord,Japan,2023,1
Mariagerfjord,Kenya,2023,3
Mariagerfjord,Kyrgyzstan,2023,1
Mariagerfjord,Latvia,2023,2
Mariagerfjord,Lithuania,2023,1
Mariagerfjord,Moldova,2023,2
Mariagerfjord,Morocco,2023,1
Mariagerfjord,Netherlands,2023,2
Mariagerfjord,Norway,2023,2
Mariagerfjord,Philippines,2023,17
Mariagerfjord,Poland,2023,53
Mariagerfjord,Portugal,2023,1
Mariagerfjord,Romania,2023,47
Mariagerfjord,Russia,2023,4
Mariagerfjord,Slovakia,2023,5
Mariagerfjord,Sri Lanka,2023,1
Mariagerfjord,Sweden,2023,2
Mariagerfjord,Syria,2023,2
Mariagerfjord,Tajikistan,2023,1
Mariagerfjord,Tanzania,2023,8
Mariagerfjord,Thailand,2023,1
Mariagerfjord,Turkey,2023,2
Mariagerfjord,Uganda,2023,8
Mariagerfjord,Ukraine,2023,87
Mariagerfjord,United Kingdom,2023,2
Mariagerfjord,Uzbekistan,2023,2
Mariagerfjord,Vietnam,2023,6
Middelfart,Afghanistan,2023,1
Middelfart,Australia,2023,1
Middelfart,Bahamas,2023,1
Middelfart,Belarus,2023,1
Middelfart,Belgium,2023,3
Middelfart,Bosnia and Herzegovina,2023,1
Middelfart,Brazil,2023,3
Middelfart,Canada,2023,4
Middelfart,China,2023,2
Middelfart,"Congo, Democratic Republic",2023,4
Middelfart,Costa Rica,2023,1
Middelfart,Croatia,2023,6
Middelfart,Cuba,2023,1
Middelfart,Denmark,2023,112
Middelfart,France,2023,2
Middelfart,Germany,2023,16
Middelfart,Guatemala,2023,1
Middelfart,Hungary,2023,9
Middelfart,Iceland,2023,1
Middelfart,India,2023,2
Middelfart,Iran,2023,1
Middelfart,Italy,2023,1
Middelfart,Kazakhstan,2023,1
Middelfart,Kenya,2023,1
Middelfart,Kosovo,2023,1
Middelfart,Latvia,2023,3
Middelfart,Lithuania,2023,9
Middelfart,Mexico,2023,3
Middelfart,Moldova,2023,2
Middelfart,Montenegro,2023,1
Middelfart,Morocco,2023,2
Middelfart,Nepal,2023,1
Middelfart,Nicaragua,2023,1
Middelfart,Norway,2023,6
Middelfart,Not stated,2023,1
Middelfart,Paraguay,2023,1
Middelfart,Poland,2023,20
Middelfart,Romania,2023,23
Middelfart,Serbia,2023,1
Middelfart,Somalia,2023,1
Middelfart,South Korea,2023,1
Middelfart,Spain,2023,2
Middelfart,Sri Lanka,2023,2
Middelfart,Sweden,2023,6
Middelfart,Syria,2023,2
Middelfart,Taiwan,2023,1
Middelfart,Thailand,2023,5
Middelfart,Turkey,2023,1
Middelfart,USA,2023,2
Middelfart,Uganda,2023,1
Middelfart,Ukraine,2023,54
Middelfart,United Kingdom,2023,3
Middelfart,Vietnam,2023,9
Morsø,Australia,2023,2
Morsø,Bhutan,2023,1
Morsø,Bosnia and Herzegovina,2023,4
Morsø,Brazil,2023,1
Morsø,China,2023,1
Morsø,"Congo, Democratic Republic",2023,2
Morsø,Denmark,2023,85
Morsø,Eritrea,2023,2
Morsø,France,2023,1
Morsø,Georgia,2023,1
Morsø,Germany,2023,9
Morsø,Hungary,2023,2
Morsø,Italy,2023,2
Morsø,Japan,2023,4
Morsø,Kenya,2023,1
Morsø,Lebanon,2023,2
Morsø,Lithuania,2023,4
Morsø,New Zealand,2023,1
Morsø,Not stated,2023,1
Morsø,Philippines,2023,4
Morsø,Poland,2023,11
Morsø,Romania,2023,6
Morsø,Slovenia,2023,2
Morsø,Sweden,2023,2
Morsø,Thailand,2023,3
Morsø,Uganda,2023,7
Morsø,Ukraine,2023,10
Morsø,United Kingdom,2023,1
Morsø,Vietnam,2023,3
Norddjurs,Afghanistan,2023,2
Norddjurs,Argentina,2023,1
Norddjurs,Bangladesh,2023,2
Norddjurs,Belgium,2023,2
Norddjurs,Bulgaria,2023,4
Norddjurs,Cameroon,2023,2
Norddjurs,China,2023,2
Norddjurs,Colombia,2023,1
Norddjurs,Croatia,2023,2
Norddjurs,Czech Republic,2023,16
Norddjurs,Denmark,2023,103
Norddjurs,Eritrea,2023,1
Norddjurs,Estonia,2023,2
Norddjurs,Germany,2023,5
Norddjurs,Hungary,2023,12
Norddjurs,Iceland,2023,6
Norddjurs,Indonesia,2023,1
Norddjurs,Iran,2023,1
Norddjurs,Ireland,2023,3
Norddjurs,Italy,2023,13
Norddjurs,Japan,2023,1
Norddjurs,Latvia,2023,12
Norddjurs,Lesotho,2023,1
Norddjurs,Lithuania,2023,133
Norddjurs,Netherlands,2023,1
Norddjurs,Norway,2023,2
Norddjurs,Philippines,2023,3
Norddjurs,Poland,2023,33
Norddjurs,Portugal,2023,3
Norddjurs,Romania,2023,37
Norddjurs,Slovakia,2023,1
Norddjurs,Spain,2023,4
Norddjurs,Switzerland,2023,1
Norddjurs,Syria,2023,6
Norddjurs,Tanzania,2023,4
Norddjurs,Thailand,2023,2
Norddjurs,Turkey,2023,2
Norddjurs,USA,2023,1
Norddjurs,Ukraine,2023,80
Norddjurs,Vietnam,2023,14
Nordfyns,Afghanistan,2023,1
Nordfyns,Austria,2023,5
Nordfyns,Bangladesh,2023,4
Nordfyns,Bosnia and Herzegovina,2023,1
Nordfyns,Brazil,2023,1
Nordfyns,Bulgaria,2023,1
Nordfyns,Cambodia,2023,1
Nordfyns,Cameroon,2023,1
Nordfyns,Canada,2023,1
Nordfyns,China,2023,1
Nordfyns,Denmark,2023,68
Nordfyns,France,2023,3
Nordfyns,Germany,2023,4
Nordfyns,Hungary,2023,1
Nordfyns,Iceland,2023,10
Nordfyns,India,2023,3
Nordfyns,Ireland,2023,1
Nordfyns,Japan,2023,37
Nordfyns,Lithuania,2023,16
Nordfyns,Mexico,2023,1
Nordfyns,Nepal,2023,3
Nordfyns,Norway,2023,2
Nordfyns,Pakistan,2023,1
Nordfyns,Philippines,2023,2
Nordfyns,Poland,2023,28
Nordfyns,Romania,2023,62
Nordfyns,Russia,2023,1
Nordfyns,South Africa,2023,1
Nordfyns,South Korea,2023,2
Nordfyns,Spain,2023,1
Nordfyns,Stateless,2023,1
Nordfyns,Sweden,2023,2
Nordfyns,Syria,2023,2
Nordfyns,Tanzania,2023,4
Nordfyns,Thailand,2023,6
Nordfyns,Turkey,2023,1
Nordfyns,USA,2023,1
Nordfyns,Ukraine,2023,37
Nordfyns,United Kingdom,2023,1
Nordfyns,Uzbekistan,2023,2
Nordfyns,Vietnam,2023,17
Nyborg,Afghanistan,2023,1
Nyborg,Belarus,2023,1
Nyborg,Bulgaria,2023,4
Nyborg,Cameroon,2023,1
Nyborg,Canada,2023,1
Nyborg,Chile,2023,1
Nyborg,China,2023,1
Nyborg,Czech Republic,2023,1
Nyborg,Denmark,2023,101
Nyborg,Germany,2023,10
Nyborg,Ghana,2023,1
Nyborg,Hungary,2023,3
Nyborg,Iceland,2023,1
Nyborg,Iran,2023,4
Nyborg,Iraq,2023,1
Nyborg,Italy,2023,6
Nyborg,Latvia,2023,10
Nyborg,Lithuania,2023,23
Nyborg,Moldova,2023,1
Nyborg,Morocco,2023,1
Nyborg,Netherlands,2023,1
Nyborg,New Zealand,2023,2
Nyborg,Norway,2023,2
Nyborg,Pakistan,2023,1
Nyborg,Philippines,2023,1
Nyborg,Poland,2023,13
Nyborg,Romania,2023,12
Nyborg,Russia,2023,1
Nyborg,Slovakia,2023,1
Nyborg,Somalia,2023,2
Nyborg,South Africa,2023,3
Nyborg,Spain,2023,5
Nyborg,Syria,2023,3
Nyborg,Tunisia,2023,2
Nyborg,Turkey,2023,7
Nyborg,USA,2023,5
Nyborg,Uganda,2023,1
Nyborg,Ukraine,2023,41
Nyborg,United Kingdom,2023,3
Nyborg,Vietnam,2023,1
Næstved,Afghanistan,2023,3
Næstved,Australia,2023,1
Næstved,Azerbaijan,2023,1
Næstved,Bangladesh,2023,15
Næstved,Belarus,2023,1
Næstved,Brazil,2023,2
Næstved,Bulgaria,2023,24
Næstved,Canada,2023,2
Næstved,Chile,2023,1
Næstved,China,2023,6
Næstved,Croatia,2023,2
Næstved,Czech Republic,2023,1
Næstved,Denmark,2023,198
Næstved,Egypt,2023,1
Næstved,Eritrea,2023,5
Næstved,Finland,2023,1
Næstved,France,2023,2
Næstved,Germany,2023,11
Næstved,Greece,2023,3
Næstved,Hungary,2023,2
Næstved,Iceland,2023,4
Næstved,India,2023,2
Næstved,Iran,2023,7
Næstved,Iraq,2023,1
Næstved,Ireland,2023,2
Næstved,Italy,2023,3
Næstved,Kenya,2023,1
Næstved,Latvia,2023,5
Næstved,Lithuania,2023,14
Næstved,Malaysia,2023,1
Næstved,Mexico,2023,2
Næstved,Morocco,2023,5
Næstved,Nepal,2023,9
Næstved,Netherlands,2023,10
Næstved,Norway,2023,8
Næstved,Not stated,2023,1
Næstved,Philippines,2023,6
Næstved,Poland,2023,58
Næstved,Portugal,2023,1
Næstved,Republic of North Macedonia,2023,2
Næstved,Romania,2023,64
Næstved,Russia,2023,2
Næstved,Serbia,2023,4
Næstved,Sierra Leone,2023,1
Næstved,Slovakia,2023,1
Næstved,Spain,2023,7
Næstved,Sri Lanka,2023,1
Næstved,Sweden,2023,12
Næstved,Syria,2023,4
Næstved,Tanzania,2023,3
Næstved,Thailand,2023,2
Næstved,Turkey,2023,3
Næstved,USA,2023,14
Næstved,Uganda,2023,9
Næstved,Ukraine,2023,118
Næstved,United Kingdom,2023,1
Næstved,Vietnam,2023,1
Odder,Argentina,2023,2
Odder,Bulgaria,2023,1
Odder,Canada,2023,1
Odder,Colombia,2023,2
Odder,Costa Rica,2023,1
Odder,Croatia,2023,1
Odder,Cyprus,2023,2
Odder,Denmark,2023,49
Odder,Germany,2023,7
Odder,Greece,2023,5
Odder,Guatemala,2023,1
Odder,Iran,2023,1
Odder,Italy,2023,5
Odder,Japan,2023,9
Odder,Kenya,2023,1
Odder,Lithuania,2023,1
Odder,Malta,2023,1
Odder,Mexico,2023,1
Odder,Mongolia,2023,1
Odder,Philippines,2023,2
Odder,Poland,2023,9
Odder,Romania,2023,10
Odder,Spain,2023,2
Odder,Stateless,2023,1
Odder,Sweden,2023,1
Odder,Syria,2023,4
Odder,Taiwan,2023,1
Odder,Turkey,2023,1
Odder,USA,2023,1
Odder,Uganda,2023,1
Odder,Ukraine,2023,38
Odder,United Kingdom,2023,3
Odder,Vietnam,2023,1
Odense,Afghanistan,2023,2
Odense,Albania,2023,95
Odense,Algeria,2023,3
Odense,Andorra,2023,1
Odense,Angola,2023,6
Odense,Argentina,2023,2
Odense,Australia,2023,4
Odense,Austria,2023,14
Odense,Azerbaijan,2023,2
Odense,Bangladesh,2023,96
Odense,Belarus,2023,1
Odense,Belgium,2023,15
Odense,Bosnia and Herzegovina,2023,8
Odense,Botswana,2023,1
Odense,Brazil,2023,28
Odense,Bulgaria,2023,27
Odense,Burkina Faso,2023,1
Odense,Cambodia,2023,1
Odense,Cameroon,2023,2
Odense,Canada,2023,24
Odense,Chad,2023,1
Odense,Chile,2023,2
Odense,China,2023,68
Odense,Colombia,2023,4
Odense,Costa Rica,2023,1
Odense,Croatia,2023,11
Odense,Cyprus,2023,2
Odense,Czech Republic,2023,44
Odense,Denmark,2023,655
Odense,Dominican Republic,2023,3
Odense,Ecuador,2023,4
Odense,Egypt,2023,8
Odense,Eritrea,2023,5
Odense,Estonia,2023,2
Odense,Ethiopia,2023,1
Odense,Finland,2023,20
Odense,France,2023,113
Odense,"Gambia, The",2023,2
Odense,Germany,2023,197
Odense,Ghana,2023,7
Odense,Greece,2023,35
Odense,Hungary,2023,49
Odense,Iceland,2023,54
Odense,India,2023,66
Odense,Indonesia,2023,6
Odense,Iran,2023,147
Odense,Iraq,2023,11
Odense,Ireland,2023,24
Odense,Israel,2023,1
Odense,Italy,2023,165
Odense,Ivory Coast,2023,1
Odense,Jamaica,2023,1
Odense,Japan,2023,12
Odense,Jordan,2023,3
Odense,Kenya,2023,1
Odense,Kosovo,2023,1
Odense,Kyrgyzstan,2023,1
Odense,Latvia,2023,8
Odense,Lebanon,2023,8
Odense,Liechtenstein,2023,1
Odense,Lithuania,2023,41
Odense,Luxembourg,2023,1
Odense,Malaysia,2023,3
Odense,Mexico,2023,14
Odense,Mongolia,2023,2
Odense,Morocco,2023,7
Odense,Myanmar,2023,1
Odense,Nepal,2023,38
Odense,Netherlands,2023,37
Odense,New Zealand,2023,3
Odense,Nigeria,2023,8
Odense,North Korea,2023,3
Odense,Norway,2023,90
Odense,Not stated,2023,9
Odense,Pakistan,2023,29
Odense,Peru,2023,2
Odense,Philippines,2023,12
Odense,Poland,2023,145
Odense,Portugal,2023,70
Odense,Republic of North Macedonia,2023,1
Odense,Romania,2023,128
Odense,Russia,2023,14
Odense,Serbia,2023,8
Odense,Sierra Leone,2023,2
Odense,Singapore,2023,11
Odense,Slovakia,2023,20
Odense,Slovenia,2023,8
Odense,Somalia,2023,1
Odense,South Africa,2023,1
Odense,South Korea,2023,21
Odense,Spain,2023,73
Odense,Sri Lanka,2023,12
Odense,Stateless,2023,8
Odense,Sudan,2023,1
Odense,Sweden,2023,62
Odense,Switzerland,2023,11
Odense,Syria,2023,16
Odense,Taiwan,2023,12
Odense,Tanzania,2023,1
Odense,Thailand,2023,29
Odense,Turkey,2023,58
Odense,USA,2023,50
Odense,Uganda,2023,4
Odense,Ukraine,2023,308
Odense,United Kingdom,2023,30
Odense,Venezuela,2023,3
Odense,Vietnam,2023,64
Odense,Zambia,2023,2
Odense,Zimbabwe,2023,1
Odsherred,Bangladesh,2023,2
Odsherred,Belarus,2023,2
Odsherred,Brazil,2023,5
Odsherred,Bulgaria,2023,5
Odsherred,Canada,2023,1
Odsherred,Chile,2023,1
Odsherred,China,2023,1
Odsherred,Denmark,2023,78
Odsherred,Finland,2023,1
Odsherred,France,2023,2
Odsherred,Germany,2023,3
Odsherred,Hungary,2023,4
Odsherred,Iran,2023,5
Odsherred,Iraq,2023,4
Odsherred,Italy,2023,2
Odsherred,Kosovo,2023,2
Odsherred,Latvia,2023,3
Odsherred,Lithuania,2023,4
Odsherred,Morocco,2023,1
Odsherred,Netherlands,2023,1
Odsherred,Norway,2023,2
Odsherred,Philippines,2023,1
Odsherred,Poland,2023,19
Odsherred,Portugal,2023,1
Odsherred,Romania,2023,24
Odsherred,Russia,2023,5
Odsherred,Sri Lanka,2023,1
Odsherred,Sweden,2023,2
Odsherred,Syria,2023,2
Odsherred,Thailand,2023,2
Odsherred,USA,2023,1
Odsherred,Uganda,2023,1
Odsherred,Ukraine,2023,55
Odsherred,Zambia,2023,2
Randers,Afghanistan,2023,5
Randers,Belgium,2023,1
Randers,Bosnia and Herzegovina,2023,3
Randers,Bulgaria,2023,4
Randers,Cameroon,2023,1
Randers,China,2023,8
Randers,"Congo, Democratic Republic",2023,4
Randers,Croatia,2023,2
Randers,Czech Republic,2023,1
Randers,Denmark,2023,224
Randers,Ecuador,2023,1
Randers,Eritrea,2023,2
Randers,Finland,2023,3
Randers,France,2023,2
Randers,Germany,2023,8
Randers,Ghana,2023,3
Randers,Hungary,2023,12
Randers,Iceland,2023,15
Randers,India,2023,5
Randers,Iran,2023,33
Randers,Iraq,2023,5
Randers,Italy,2023,7
Randers,Japan,2023,8
Randers,Kosovo,2023,2
Randers,Latvia,2023,5
Randers,Lebanon,2023,1
Randers,Lithuania,2023,9
Randers,Mexico,2023,3
Randers,Moldova,2023,3
Randers,Morocco,2023,1
Randers,Nepal,2023,3
Randers,Netherlands,2023,4
Randers,Nigeria,2023,1
Randers,Norway,2023,10
Randers,Philippines,2023,3
Randers,Poland,2023,50
Randers,Portugal,2023,5
Randers,Romania,2023,177
Randers,Russia,2023,5
Randers,Saudi Arabia,2023,1
Randers,Senegal,2023,1
Randers,Serbia,2023,1
Randers,Slovakia,2023,1
Randers,South Africa,2023,3
Randers,Spain,2023,4
Randers,Sri Lanka,2023,3
Randers,Sweden,2023,6
Randers,Switzerland,2023,1
Randers,Syria,2023,8
Randers,Thailand,2023,7
Randers,Tunisia,2023,2
Randers,Turkey,2023,3
Randers,USA,2023,9
Randers,Ukraine,2023,132
Randers,United Kingdom,2023,2
Randers,Vietnam,2023,5
Rebild,Australia,2023,2
Rebild,Botswana,2023,1
Rebild,Bulgaria,2023,3
Rebild,"Congo, Democratic Republic",2023,1
Rebild,Denmark,2023,53
Rebild,Eritrea,2023,2
Rebild,Estonia,2023,1
Rebild,Germany,2023,1
Rebild,Greece,2023,1
Rebild,Iceland,2023,5
Rebild,India,2023,9
Rebild,Italy,2023,4
Rebild,Kyrgyzstan,2023,3
Rebild,Latvia,2023,3
Rebild,Netherlands,2023,3
Rebild,Philippines,2023,1
Rebild,Poland,2023,12
Rebild,Romania,2023,9
Rebild,Russia,2023,2
Rebild,Samoa,2023,1
Rebild,Singapore,2023,1
Rebild,Sweden,2023,3
Rebild,Tanzania,2023,5
Rebild,Thailand,2023,2
Rebild,USA,2023,2
Rebild,Uganda,2023,3
Rebild,Ukraine,2023,30
Rebild,United Kingdom,2023,1
Rebild,Uzbekistan,2023,1
Rebild,Vietnam,2023,6
Ringkøbing-Skjern,Australia,2023,2
Ringkøbing-Skjern,Bangladesh,2023,2
Ringkøbing-Skjern,Belgium,2023,4
Ringkøbing-Skjern,Cambodia,2023,1
Ringkøbing-Skjern,Chile,2023,1
Ringkøbing-Skjern,China,2023,4
Ringkøbing-Skjern,"Congo, Democratic Republic",2023,7
Ringkøbing-Skjern,Croatia,2023,1
Ringkøbing-Skjern,Czech Republic,2023,5
Ringkøbing-Skjern,Denmark,2023,156
Ringkøbing-Skjern,Eritrea,2023,1
Ringkøbing-Skjern,France,2023,3
Ringkøbing-Skjern,Georgia,2023,2
Ringkøbing-Skjern,Germany,2023,109
Ringkøbing-Skjern,Ghana,2023,3
Ringkøbing-Skjern,Greece,2023,1
Ringkøbing-Skjern,Hungary,2023,5
Ringkøbing-Skjern,Iceland,2023,2
Ringkøbing-Skjern,India,2023,24
Ringkøbing-Skjern,Iran,2023,13
Ringkøbing-Skjern,Italy,2023,7
Ringkøbing-Skjern,Japan,2023,8
Ringkøbing-Skjern,Kenya,2023,4
Ringkøbing-Skjern,Kosovo,2023,1
Ringkøbing-Skjern,Kyrgyzstan,2023,1
Ringkøbing-Skjern,Latvia,2023,8
Ringkøbing-Skjern,Lithuania,2023,21
Ringkøbing-Skjern,Mexico,2023,1
Ringkøbing-Skjern,Moldova,2023,1
Ringkøbing-Skjern,Morocco,2023,1
Ringkøbing-Skjern,Nepal,2023,3
Ringkøbing-Skjern,Netherlands,2023,7
Ringkøbing-Skjern,Norway,2023,4
Ringkøbing-Skjern,Philippines,2023,8
Ringkøbing-Skjern,Poland,2023,66
Ringkøbing-Skjern,Portugal,2023,5
Ringkøbing-Skjern,Romania,2023,173
Ringkøbing-Skjern,Russia,2023,4
Ringkøbing-Skjern,Slovakia,2023,2
Ringkøbing-Skjern,South Africa,2023,3
Ringkøbing-Skjern,Spain,2023,7
Ringkøbing-Skjern,Sweden,2023,3
Ringkøbing-Skjern,Switzerland,2023,1
Ringkøbing-Skjern,Syria,2023,2
Ringkøbing-Skjern,Tanzania,2023,12
Ringkøbing-Skjern,Thailand,2023,6
Ringkøbing-Skjern,Tunisia,2023,3
Ringkøbing-Skjern,Turkey,2023,7
Ringkøbing-Skjern,USA,2023,6
Ringkøbing-Skjern,Uganda,2023,14
Ringkøbing-Skjern,Ukraine,2023,95
Ringkøbing-Skjern,United Kingdom,2023,2
Ringkøbing-Skjern,Uzbekistan,2023,5
Ringkøbing-Skjern,Vietnam,2023,21
Ringkøbing-Skjern,Zambia,2023,1
Ringkøbing-Skjern,Zimbabwe,2023,1
Ringsted,Albania,2023,6
Ringsted,Australia,2023,1
Ringsted,Austria,2023,1
Ringsted,Bangladesh,2023,14
Ringsted,Bulgaria,2023,48
Ringsted,Cameroon,2023,1
Ringsted,Chile,2023,2
Ringsted,China,2023,3
Ringsted,Colombia,2023,2
Ringsted,Croatia,2023,1
Ringsted,Denmark,2023,65
Ringsted,Eritrea,2023,2
Ringsted,France,2023,3
Ringsted,Germany,2023,8
Ringsted,Greece,2023,1
Ringsted,Hungary,2023,2
Ringsted,India,2023,4
Ringsted,Iraq,2023,2
Ringsted,Israel,2023,1
Ringsted,Italy,2023,5
Ringsted,Japan,2023,1
Ringsted,Lebanon,2023,2
Ringsted,Lithuania,2023,16
Ringsted,Mexico,2023,1
Ringsted,Morocco,2023,1
Ringsted,Nepal,2023,22
Ringsted,Norway,2023,1
Ringsted,Not stated,2023,2
Ringsted,Pakistan,2023,12
Ringsted,Philippines,2023,10
Ringsted,Poland,2023,86
Ringsted,Portugal,2023,28
Ringsted,Republic of North Macedonia,2023,2
Ringsted,Romania,2023,50
Ringsted,South Africa,2023,1
Ringsted,Spain,2023,4
Ringsted,Sweden,2023,6
Ringsted,Syria,2023,3
Ringsted,Thailand,2023,1
Ringsted,Turkey,2023,1
Ringsted,USA,2023,2
Ringsted,Ukraine,2023,61
Ringsted,Vietnam,2023,2
Roskilde,Afghanistan,2023,9
Roskilde,Albania,2023,2
Roskilde,Argentina,2023,3
Roskilde,Australia,2023,3
Roskilde,Austria,2023,7
Roskilde,Azerbaijan,2023,1
Roskilde,Bangladesh,2023,17
Roskilde,Belgium,2023,4
Roskilde,Brazil,2023,9
Roskilde,Bulgaria,2023,43
Roskilde,Canada,2023,4
Roskilde,China,2023,19
Roskilde,Colombia,2023,2
Roskilde,Croatia,2023,2
Roskilde,Czech Republic,2023,12
Roskilde,Denmark,2023,237
Roskilde,Dominican Republic,2023,1
Roskilde,Eritrea,2023,4
Roskilde,Estonia,2023,3
Roskilde,Ethiopia,2023,1
Roskilde,Finland,2023,7
Roskilde,France,2023,24
Roskilde,Germany,2023,54
Roskilde,Greece,2023,11
Roskilde,Honduras,2023,1
Roskilde,Hungary,2023,15
Roskilde,Iceland,2023,10
Roskilde,India,2023,25
Roskilde,Indonesia,2023,2
Roskilde,Iran,2023,11
Roskilde,Iraq,2023,2
Roskilde,Ireland,2023,15
Roskilde,Israel,2023,1
Roskilde,Italy,2023,35
Roskilde,Japan,2023,6
Roskilde,Kenya,2023,1
Roskilde,Kosovo,2023,2
Roskilde,Latvia,2023,17
Roskilde,Lithuania,2023,19
Roskilde,Luxembourg,2023,2
Roskilde,Malaysia,2023,1
Roskilde,Malta,2023,2
Roskilde,Mauritius,2023,1
Roskilde,Mexico,2023,16
Roskilde,Moldova,2023,1
Roskilde,Morocco,2023,4
Roskilde,Nepal,2023,2
Roskilde,Netherlands,2023,21
Roskilde,New Zealand,2023,3
Roskilde,Norway,2023,14
Roskilde,Not stated,2023,3
Roskilde,Pakistan,2023,6
Roskilde,Peru,2023,3
Roskilde,Philippines,2023,2
Roskilde,Poland,2023,57
Roskilde,Portugal,2023,25
Roskilde,Republic of North Macedonia,2023,3
Roskilde,Romania,2023,100
Roskilde,Russia,2023,3
Roskilde,Serbia,2023,1
Roskilde,Singapore,2023,1
Roskilde,Slovakia,2023,8
Roskilde,Slovenia,2023,2
Roskilde,Somalia,2023,1
Roskilde,South Africa,2023,4
Roskilde,South Korea,2023,11
Roskilde,Spain,2023,32
Roskilde,Sweden,2023,17
Roskilde,Switzerland,2023,1
Roskilde,Syria,2023,13
Roskilde,Taiwan,2023,2
Roskilde,Thailand,2023,7
Roskilde,Tunisia,2023,1
Roskilde,Turkey,2023,17
Roskilde,USA,2023,38
Roskilde,Uganda,2023,3
Roskilde,Ukraine,2023,125
Roskilde,United Kingdom,2023,13
Roskilde,Vietnam,2023,3
Roskilde,Zambia,2023,2
Rudersdal,Afghanistan,2023,4
Rudersdal,Argentina,2023,4
Rudersdal,Australia,2023,7
Rudersdal,Austria,2023,2
Rudersdal,Azerbaijan,2023,2
Rudersdal,Bangladesh,2023,7
Rudersdal,Belgium,2023,11
Rudersdal,Botswana,2023,2
Rudersdal,Brazil,2023,12
Rudersdal,Bulgaria,2023,8
Rudersdal,Canada,2023,11
Rudersdal,China,2023,39
Rudersdal,Colombia,2023,6
Rudersdal,"Congo, Democratic Republic",2023,1
Rudersdal,Croatia,2023,3
Rudersdal,Cyprus,2023,1
Rudersdal,Czech Republic,2023,4
Rudersdal,Denmark,2023,280
Rudersdal,Ecuador,2023,2
Rudersdal,El Salvador,2023,1
Rudersdal,Estonia,2023,3
Rudersdal,Ethiopia,2023,1
Rudersdal,Finland,2023,5
Rudersdal,France,2023,25
Rudersdal,Germany,2023,31
Rudersdal,Ghana,2023,1
Rudersdal,Greece,2023,16
Rudersdal,Guinea,2023,1
Rudersdal,Hungary,2023,6
Rudersdal,Iceland,2023,6
Rudersdal,India,2023,38
Rudersdal,Indonesia,2023,4
Rudersdal,Iran,2023,28
Rudersdal,Iraq,2023,3
Rudersdal,Ireland,2023,5
Rudersdal,Israel,2023,1
Rudersdal,Italy,2023,53
Rudersdal,Japan,2023,10
Rudersdal,Jordan,2023,1
Rudersdal,Kazakhstan,2023,3
Rudersdal,Kenya,2023,1
Rudersdal,Kosovo,2023,1
Rudersdal,Latvia,2023,1
Rudersdal,Lithuania,2023,6
Rudersdal,Mexico,2023,14
Rudersdal,Moldova,2023,3
Rudersdal,Nepal,2023,5
Rudersdal,Netherlands,2023,16
Rudersdal,New Zealand,2023,1
Rudersdal,Nigeria,2023,1
Rudersdal,Norway,2023,10
Rudersdal,Not stated,2023,1
Rudersdal,Pakistan,2023,5
Rudersdal,Philippines,2023,44
Rudersdal,Poland,2023,23
Rudersdal,Portugal,2023,11
Rudersdal,Romania,2023,16
Rudersdal,Russia,2023,5
Rudersdal,Serbia,2023,1
Rudersdal,Singapore,2023,1
Rudersdal,Slovakia,2023,1
Rudersdal,Slovenia,2023,2
Rudersdal,Somalia,2023,1
Rudersdal,South Africa,2023,9
Rudersdal,South Korea,2023,7
Rudersdal,Spain,2023,37
Rudersdal,Stateless,2023,4
Rudersdal,Sweden,2023,17
Rudersdal,Switzerland,2023,2
Rudersdal,Syria,2023,9
Rudersdal,Taiwan,2023,1
Rudersdal,Thailand,2023,7
Rudersdal,Tunisia,2023,3
Rudersdal,Turkey,2023,12
Rudersdal,USA,2023,36
Rudersdal,Ukraine,2023,88
Rudersdal,United Kingdom,2023,10
Rudersdal,Vietnam,2023,2
Rødovre,Afghanistan,2023,2
Rødovre,Argentina,2023,10
Rødovre,Australia,2023,3
Rødovre,Austria,2023,1
Rødovre,Bangladesh,2023,55
Rødovre,Belarus,2023,1
Rødovre,Belgium,2023,2
Rødovre,Bosnia and Herzegovina,2023,1
Rødovre,Brazil,2023,4
Rødovre,Bulgaria,2023,33
Rødovre,Cambodia,2023,2
Rødovre,Canada,2023,2
Rødovre,Chile,2023,4
Rødovre,China,2023,18
Rødovre,Colombia,2023,4
Rødovre,Croatia,2023,7
Rødovre,Cuba,2023,1
Rødovre,Cyprus,2023,2
Rødovre,Czech Republic,2023,1
Rødovre,Denmark,2023,131
Rødovre,Estonia,2023,1
Rødovre,Finland,2023,9
Rødovre,France,2023,8
Rødovre,Georgia,2023,1
Rødovre,Germany,2023,18
Rødovre,Ghana,2023,6
Rødovre,Greece,2023,1
Rødovre,Hungary,2023,11
Rødovre,Iceland,2023,2
Rødovre,India,2023,65
Rødovre,Iran,2023,62
Rødovre,Iraq,2023,2
Rødovre,Ireland,2023,4
Rødovre,Italy,2023,57
Rødovre,Ivory Coast,2023,1
Rødovre,Jordan,2023,2
Rødovre,Kazakhstan,2023,4
Rødovre,Kosovo,2023,1
Rødovre,Latvia,2023,12
Rødovre,Lebanon,2023,2
Rødovre,Lithuania,2023,5
Rødovre,Malaysia,2023,1
Rødovre,Mexico,2023,1
Rødovre,Moldova,2023,3
Rødovre,Montenegro,2023,1
Rødovre,Morocco,2023,2
Rødovre,Nepal,2023,207
Rødovre,Netherlands,2023,11
Rødovre,Nigeria,2023,4
Rødovre,Norway,2023,10
Rødovre,Not stated,2023,4
Rødovre,Pakistan,2023,16
Rødovre,Peru,2023,1
Rødovre,Philippines,2023,5
Rødovre,Poland,2023,39
Rødovre,Portugal,2023,74
Rødovre,Republic of North Macedonia,2023,5
Rødovre,Romania,2023,61
Rødovre,Russia,2023,4
Rødovre,Serbia,2023,1
Rødovre,Singapore,2023,1
Rødovre,Slovakia,2023,8
Rødovre,Slovenia,2023,1
Rødovre,South Africa,2023,1
Rødovre,Spain,2023,25
Rødovre,Sri Lanka,2023,6
Rødovre,Sweden,2023,22
Rødovre,Taiwan,2023,1
Rødovre,Thailand,2023,1
Rødovre,Tunisia,2023,1
Rødovre,Turkey,2023,19
Rødovre,USA,2023,16
Rødovre,Uganda,2023,1
Rødovre,Ukraine,2023,47
Rødovre,United Kingdom,2023,6
Rødovre,Vietnam,2023,1
Samsø,Bulgaria,2023,3
Samsø,Cyprus,2023,1
Samsø,Czech Republic,2023,1
Samsø,Denmark,2023,14
Samsø,Germany,2023,2
Samsø,Italy,2023,4
Samsø,Lithuania,2023,6
Samsø,Poland,2023,1
Samsø,Serbia,2023,3
Samsø,Spain,2023,3
Samsø,Sweden,2023,1
Samsø,Thailand,2023,1
Samsø,USA,2023,1
Samsø,Ukraine,2023,8
Silkeborg,Afghanistan,2023,4
Silkeborg,Argentina,2023,1
Silkeborg,Australia,2023,3
Silkeborg,Austria,2023,1
Silkeborg,Belgium,2023,5
Silkeborg,Bosnia and Herzegovina,2023,2
Silkeborg,Brazil,2023,5
Silkeborg,Bulgaria,2023,4
Silkeborg,Chile,2023,2
Silkeborg,China,2023,5
Silkeborg,Cuba,2023,4
Silkeborg,Czech Republic,2023,1
Silkeborg,Denmark,2023,219
Silkeborg,Eritrea,2023,1
Silkeborg,Estonia,2023,1
Silkeborg,France,2023,10
Silkeborg,Germany,2023,5
Silkeborg,Hungary,2023,14
Silkeborg,Iceland,2023,1
Silkeborg,India,2023,9
Silkeborg,Indonesia,2023,1
Silkeborg,Iran,2023,4
Silkeborg,Iraq,2023,1
Silkeborg,Italy,2023,7
Silkeborg,Japan,2023,9
Silkeborg,Kenya,2023,3
Silkeborg,Latvia,2023,3
Silkeborg,Lithuania,2023,16
Silkeborg,Mexico,2023,1
Silkeborg,Moldova,2023,2
Silkeborg,Montenegro,2023,2
Silkeborg,Nepal,2023,6
Silkeborg,Netherlands,2023,8
Silkeborg,New Zealand,2023,1
Silkeborg,Norway,2023,2
Silkeborg,Not stated,2023,5
Silkeborg,Pakistan,2023,3
Silkeborg,Peru,2023,2
Silkeborg,Philippines,2023,8
Silkeborg,Poland,2023,45
Silkeborg,Portugal,2023,2
Silkeborg,Romania,2023,115
Silkeborg,Russia,2023,1
Silkeborg,Serbia,2023,1
Silkeborg,South Korea,2023,1
Silkeborg,Spain,2023,7
Silkeborg,Stateless,2023,1
Silkeborg,Sweden,2023,9
Silkeborg,Syria,2023,9
Silkeborg,Tanzania,2023,6
Silkeborg,Thailand,2023,7
Silkeborg,Turkey,2023,2
Silkeborg,USA,2023,6
Silkeborg,Uganda,2023,6
Silkeborg,Ukraine,2023,126
Silkeborg,United Kingdom,2023,1
Silkeborg,Vietnam,2023,9
Skanderborg,Afghanistan,2023,3
Skanderborg,Argentina,2023,1
Skanderborg,Australia,2023,2
Skanderborg,Austria,2023,2
Skanderborg,Belgium,2023,1
Skanderborg,Bosnia and Herzegovina,2023,1
Skanderborg,Brazil,2023,3
Skanderborg,Bulgaria,2023,3
Skanderborg,Cambodia,2023,1
Skanderborg,China,2023,5
Skanderborg,Colombia,2023,2
Skanderborg,Denmark,2023,168
Skanderborg,Estonia,2023,1
Skanderborg,France,2023,2
Skanderborg,Germany,2023,9
Skanderborg,Greece,2023,2
Skanderborg,Hungary,2023,1
Skanderborg,Iceland,2023,2
Skanderborg,India,2023,2
Skanderborg,Indonesia,2023,1
Skanderborg,Iran,2023,1
Skanderborg,Italy,2023,3
Skanderborg,Japan,2023,1
Skanderborg,Kenya,2023,3
Skanderborg,Lithuania,2023,3
Skanderborg,Malaysia,2023,1
Skanderborg,Nepal,2023,2
Skanderborg,Netherlands,2023,1
Skanderborg,Norway,2023,2
Skanderborg,Philippines,2023,4
Skanderborg,Poland,2023,23
Skanderborg,Portugal,2023,1
Skanderborg,Romania,2023,11
Skanderborg,Russia,2023,2
Skanderborg,Slovakia,2023,2
Skanderborg,Spain,2023,3
Skanderborg,Sweden,2023,3
Skanderborg,Syria,2023,3
Skanderborg,Taiwan,2023,2
Skanderborg,Tajikistan,2023,1
Skanderborg,Tanzania,2023,1
Skanderborg,Thailand,2023,2
Skanderborg,Turkey,2023,1
Skanderborg,USA,2023,2
Skanderborg,Uganda,2023,1
Skanderborg,Ukraine,2023,84
Skanderborg,United Kingdom,2023,1
Skanderborg,Vietnam,2023,1
Skive,Austria,2023,2
Skive,Belgium,2023,1
Skive,Bulgaria,2023,3
Skive,Cameroon,2023,1
Skive,China,2023,4
Skive,"Congo, Democratic Republic",2023,4
Skive,Denmark,2023,130
Skive,Eritrea,2023,2
Skive,Estonia,2023,2
Skive,Germany,2023,7
Skive,Ghana,2023,1
Skive,Hungary,2023,2
Skive,Iceland,2023,7
Skive,India,2023,8
Skive,Iran,2023,1
Skive,Ireland,2023,1
Skive,Italy,2023,5
Skive,Japan,2023,5
Skive,Kenya,2023,5
Skive,Latvia,2023,5
Skive,Lebanon,2023,1
Skive,Lithuania,2023,4
Skive,Netherlands,2023,4
Skive,Norway,2023,2
Skive,Philippines,2023,2
Skive,Poland,2023,34
Skive,Portugal,2023,3
Skive,Romania,2023,50
Skive,Russia,2023,5
Skive,Serbia,2023,1
Skive,Sweden,2023,7
Skive,Syria,2023,3
Skive,Tanzania,2023,5
Skive,Thailand,2023,1
Skive,Turkey,2023,4
Skive,USA,2023,2
Skive,Uganda,2023,4
Skive,Ukraine,2023,49
Skive,Uzbekistan,2023,1
Skive,Vietnam,2023,6
Slagelse,Afghanistan,2023,6
Slagelse,Australia,2023,2
Slagelse,Austria,2023,1
Slagelse,Bangladesh,2023,7
Slagelse,Belgium,2023,1
Slagelse,Bosnia and Herzegovina,2023,2
Slagelse,Brazil,2023,3
Slagelse,Bulgaria,2023,59
Slagelse,Cambodia,2023,2
Slagelse,China,2023,5
Slagelse,Colombia,2023,6
Slagelse,Cuba,2023,1
Slagelse,Cyprus,2023,4
Slagelse,Czech Republic,2023,5
Slagelse,Denmark,2023,152
Slagelse,Dominican Republic,2023,3
Slagelse,Egypt,2023,1
Slagelse,Eritrea,2023,4
Slagelse,Finland,2023,8
Slagelse,Germany,2023,9
Slagelse,Ghana,2023,5
Slagelse,Greece,2023,3
Slagelse,Hungary,2023,3
Slagelse,India,2023,22
Slagelse,Indonesia,2023,2
Slagelse,Iran,2023,18
Slagelse,Iraq,2023,2
Slagelse,Ireland,2023,5
Slagelse,Italy,2023,1
Slagelse,Ivory Coast,2023,1
Slagelse,Japan,2023,1
Slagelse,Kenya,2023,2
Slagelse,Kosovo,2023,1
Slagelse,Latvia,2023,4
Slagelse,Lebanon,2023,1
Slagelse,Lithuania,2023,4
Slagelse,Mexico,2023,1
Slagelse,Moldova,2023,1
Slagelse,Morocco,2023,2
Slagelse,Nepal,2023,5
Slagelse,Netherlands,2023,2
Slagelse,Nigeria,2023,6
Slagelse,Norway,2023,3
Slagelse,Not stated,2023,1
Slagelse,Pakistan,2023,1
Slagelse,Peru,2023,2
Slagelse,Philippines,2023,2
Slagelse,Poland,2023,40
Slagelse,Portugal,2023,1
Slagelse,Republic of North Macedonia,2023,4
Slagelse,Romania,2023,61
Slagelse,Russia,2023,2
Slagelse,Serbia,2023,2
Slagelse,South Africa,2023,3
Slagelse,South Korea,2023,1
Slagelse,Spain,2023,22
Slagelse,Sri Lanka,2023,4
Slagelse,Sweden,2023,23
Slagelse,Syria,2023,9
Slagelse,Tanzania,2023,2
Slagelse,Thailand,2023,3
Slagelse,Tunisia,2023,1
Slagelse,Turkey,2023,11
Slagelse,USA,2023,11
Slagelse,Ukraine,2023,113
Slagelse,Vietnam,2023,3
Slagelse,Yugoslavia,2023,1
Solrød,Afghanistan,2023,1
Solrød,Belgium,2023,1
Solrød,Canada,2023,1
Solrød,China,2023,10
Solrød,Croatia,2023,1
Solrød,Denmark,2023,47
Solrød,Finland,2023,1
Solrød,Germany,2023,5
Solrød,Guinea,2023,1
Solrød,Hungary,2023,4
Solrød,India,2023,2
Solrød,Iran,2023,5
Solrød,Ireland,2023,4
Solrød,Italy,2023,4
Solrød,Latvia,2023,2
Solrød,Lithuania,2023,4
Solrød,Malta,2023,1
Solrød,Mexico,2023,1
Solrød,Nepal,2023,6
Solrød,Netherlands,2023,5
Solrød,Norway,2023,1
Solrød,Paraguay,2023,1
Solrød,Philippines,2023,10
Solrød,Poland,2023,39
Solrød,Portugal,2023,3
Solrød,Republic of North Macedonia,2023,1
Solrød,Romania,2023,15
Solrød,Serbia,2023,1
Solrød,Slovakia,2023,5
Solrød,South Africa,2023,2
Solrød,South Korea,2023,1
Solrød,Sweden,2023,5
Solrød,Syria,2023,3
Solrød,Turkey,2023,8
Solrød,Turkmenistan,2023,1
Solrød,USA,2023,7
Solrød,Ukraine,2023,44
Solrød,United Kingdom,2023,6
Sorø,Bulgaria,2023,8
Sorø,Colombia,2023,2
Sorø,Croatia,2023,1
Sorø,Denmark,2023,54
Sorø,Eritrea,2023,1
Sorø,Germany,2023,1
Sorø,Greece,2023,1
Sorø,Hungary,2023,2
Sorø,India,2023,4
Sorø,Iran,2023,5
Sorø,Italy,2023,1
Sorø,Latvia,2023,1
Sorø,Lithuania,2023,5
Sorø,Moldova,2023,2
Sorø,Netherlands,2023,1
Sorø,Nigeria,2023,1
Sorø,Norway,2023,1
Sorø,Pakistan,2023,1
Sorø,Philippines,2023,1
Sorø,Poland,2023,17
Sorø,Romania,2023,34
Sorø,Russia,2023,1
Sorø,Serbia,2023,1
Sorø,Spain,2023,8
Sorø,Sudan,2023,1
Sorø,Sweden,2023,7
Sorø,Taiwan,2023,2
Sorø,Thailand,2023,4
Sorø,USA,2023,1
Sorø,Ukraine,2023,58
Sorø,United Kingdom,2023,1
Stevns,Afghanistan,2023,2
Stevns,Algeria,2023,1
Stevns,Argentina,2023,2
Stevns,Australia,2023,3
Stevns,Bangladesh,2023,1
Stevns,Bosnia and Herzegovina,2023,1
Stevns,Bulgaria,2023,8
Stevns,Cameroon,2023,3
Stevns,Croatia,2023,1
Stevns,Cyprus,2023,1
Stevns,Denmark,2023,67
Stevns,Eritrea,2023,4
Stevns,France,2023,2
Stevns,Germany,2023,3
Stevns,Hungary,2023,4
Stevns,Iceland,2023,6
Stevns,India,2023,3
Stevns,Iran,2023,6
Stevns,Iraq,2023,1
Stevns,Japan,2023,1
Stevns,Latvia,2023,6
Stevns,Lithuania,2023,22
Stevns,Mexico,2023,1
Stevns,Moldova,2023,1
Stevns,Morocco,2023,1
Stevns,Netherlands,2023,1
Stevns,Norway,2023,1
Stevns,Not stated,2023,3
Stevns,Philippines,2023,3
Stevns,Poland,2023,15
Stevns,Romania,2023,18
Stevns,Russia,2023,1
Stevns,Slovakia,2023,1
Stevns,South Africa,2023,1
Stevns,Sweden,2023,3
Stevns,Thailand,2023,1
Stevns,Uganda,2023,1
Stevns,Ukraine,2023,40
Stevns,United Kingdom,2023,1
Stevns,Uzbekistan,2023,2
Stevns,Vietnam,2023,1
Struer,Bulgaria,2023,3
Struer,Canada,2023,1
Struer,China,2023,5
Struer,Czech Republic,2023,19
Struer,Denmark,2023,51
Struer,Eritrea,2023,1
Struer,Finland,2023,1
Struer,France,2023,1
Struer,Germany,2023,11
Struer,Hungary,2023,4
Struer,India,2023,4
Struer,Italy,2023,5
Struer,Kenya,2023,1
Struer,Latvia,2023,12
Struer,Lithuania,2023,2
Struer,Moldova,2023,1
Struer,Norway,2023,1
Struer,Philippines,2023,1
Struer,Poland,2023,21
Struer,Portugal,2023,2
Struer,Romania,2023,42
Struer,Russia,2023,3
Struer,Singapore,2023,2
Struer,Spain,2023,3
Struer,Sri Lanka,2023,1
Struer,Sweden,2023,7
Struer,Tanzania,2023,3
Struer,USA,2023,1
Struer,Uganda,2023,2
Struer,Ukraine,2023,28
Struer,Uzbekistan,2023,2
Struer,Vietnam,2023,4
Svendborg,Afghanistan,2023,1
Svendborg,Africa not stated,2023,2
Svendborg,Argentina,2023,5
Svendborg,Australia,2023,8
Svendborg,Austria,2023,1
Svendborg,Bangladesh,2023,5
Svendborg,Bosnia and Herzegovina,2023,1
Svendborg,Brazil,2023,8
Svendborg,Canada,2023,2
Svendborg,China,2023,5
Svendborg,Colombia,2023,2
Svendborg,"Congo, Democratic Republic",2023,7
Svendborg,Costa Rica,2023,2
Svendborg,Czech Republic,2023,6
Svendborg,Denmark,2023,209
Svendborg,Eritrea,2023,2
Svendborg,Finland,2023,3
Svendborg,France,2023,2
Svendborg,Germany,2023,9
Svendborg,Ghana,2023,1
Svendborg,Guatemala,2023,1
Svendborg,Hungary,2023,2
Svendborg,India,2023,3
Svendborg,Iran,2023,1
Svendborg,Iraq,2023,1
Svendborg,Italy,2023,4
Svendborg,Japan,2023,4
Svendborg,Kenya,2023,1
Svendborg,Kosovo,2023,2
Svendborg,Lithuania,2023,4
Svendborg,Mexico,2023,1
Svendborg,Morocco,2023,1
Svendborg,Netherlands,2023,7
Svendborg,New Zealand,2023,6
Svendborg,Nigeria,2023,1
Svendborg,Norway,2023,2
Svendborg,Not stated,2023,2
Svendborg,Philippines,2023,2
Svendborg,Poland,2023,5
Svendborg,Portugal,2023,3
Svendborg,Romania,2023,16
Svendborg,Russia,2023,2
Svendborg,Serbia,2023,2
Svendborg,Slovakia,2023,1
Svendborg,Slovenia,2023,2
Svendborg,South Africa,2023,1
Svendborg,South Korea,2023,1
Svendborg,Spain,2023,3
Svendborg,Sri Lanka,2023,2
Svendborg,Stateless,2023,2
Svendborg,Sweden,2023,7
Svendborg,Switzerland,2023,1
Svendborg,Syria,2023,3
Svendborg,Tanzania,2023,1
Svendborg,Thailand,2023,3
Svendborg,Tunisia,2023,2
Svendborg,Turkey,2023,5
Svendborg,USA,2023,7
Svendborg,Uganda,2023,1
Svendborg,Ukraine,2023,67
Svendborg,United Kingdom,2023,1
Svendborg,Vietnam,2023,9
Syddjurs,Afghanistan,2023,1
Syddjurs,Albania,2023,1
Syddjurs,Argentina,2023,1
Syddjurs,Austria,2023,2
Syddjurs,Belgium,2023,3
Syddjurs,Brazil,2023,1
Syddjurs,Canada,2023,2
Syddjurs,Colombia,2023,1
Syddjurs,Cuba,2023,1
Syddjurs,Denmark,2023,176
Syddjurs,Eritrea,2023,1
Syddjurs,Estonia,2023,1
Syddjurs,France,2023,8
Syddjurs,Germany,2023,27
Syddjurs,Greece,2023,2
Syddjurs,Hungary,2023,7
Syddjurs,Iceland,2023,5
Syddjurs,India,2023,3
Syddjurs,Iran,2023,2
Syddjurs,Ireland,2023,1
Syddjurs,Italy,2023,13
Syddjurs,Japan,2023,35
Syddjurs,Kenya,2023,1
Syddjurs,Laos,2023,1
Syddjurs,Latvia,2023,1
Syddjurs,Lithuania,2023,12
Syddjurs,Mexico,2023,3
Syddjurs,Nepal,2023,3
Syddjurs,Netherlands,2023,22
Syddjurs,Norway,2023,19
Syddjurs,Not stated,2023,1
Syddjurs,Peru,2023,1
Syddjurs,Poland,2023,21
Syddjurs,Portugal,2023,3
Syddjurs,Romania,2023,26
Syddjurs,Russia,2023,2
Syddjurs,Singapore,2023,1
Syddjurs,South Korea,2023,1
Syddjurs,Spain,2023,6
Syddjurs,Sweden,2023,7
Syddjurs,Syria,2023,3
Syddjurs,Thailand,2023,4
Syddjurs,USA,2023,5
Syddjurs,Uganda,2023,1
Syddjurs,Ukraine,2023,62
Syddjurs,United Kingdom,2023,1
Syddjurs,Vietnam,2023,3
Sønderborg,Afghanistan,2023,7
Sønderborg,Albania,2023,2
Sønderborg,Algeria,2023,2
Sønderborg,Argentina,2023,4
Sønderborg,Australia,2023,7
Sønderborg,Austria,2023,3
Sønderborg,Bangladesh,2023,15
Sønderborg,Belarus,2023,1
Sønderborg,Belgium,2023,7
Sønderborg,Brazil,2023,10
Sønderborg,Bulgaria,2023,20
Sønderborg,Cambodia,2023,1
Sønderborg,Canada,2023,1
Sønderborg,China,2023,8
Sønderborg,Colombia,2023,5
Sønderborg,Croatia,2023,18
Sønderborg,Cyprus,2023,6
Sønderborg,Czech Republic,2023,21
Sønderborg,Denmark,2023,225
Sønderborg,Eritrea,2023,3
Sønderborg,Estonia,2023,2
Sønderborg,Ethiopia,2023,2
Sønderborg,Finland,2023,5
Sønderborg,France,2023,10
Sønderborg,"Gambia, The",2023,4
Sønderborg,Germany,2023,369
Sønderborg,Greece,2023,4
Sønderborg,Hungary,2023,50
Sønderborg,Iceland,2023,25
Sønderborg,India,2023,52
Sønderborg,Iran,2023,28
Sønderborg,Iraq,2023,3
Sønderborg,Ireland,2023,3
Sønderborg,Israel,2023,2
Sønderborg,Italy,2023,32
Sønderborg,Japan,2023,3
Sønderborg,Kosovo,2023,2
Sønderborg,Latvia,2023,23
Sønderborg,Lithuania,2023,26
Sønderborg,Luxembourg,2023,2
Sønderborg,Malta,2023,1
Sønderborg,Mexico,2023,8
Sønderborg,Nepal,2023,3
Sønderborg,Netherlands,2023,8
Sønderborg,Nigeria,2023,6
Sønderborg,Norway,2023,10
Sønderborg,Not stated,2023,5
Sønderborg,Pakistan,2023,15
Sønderborg,Philippines,2023,5
Sønderborg,Poland,2023,116
Sønderborg,Portugal,2023,12
Sønderborg,Republic of North Macedonia,2023,1
Sønderborg,Romania,2023,65
Sønderborg,Russia,2023,4
Sønderborg,Serbia,2023,7
Sønderborg,Sierra Leone,2023,1
Sønderborg,Singapore,2023,1
Sønderborg,Slovakia,2023,38
Sønderborg,South Africa,2023,7
Sønderborg,Spain,2023,38
Sønderborg,Sri Lanka,2023,1
Sønderborg,Stateless,2023,3
Sønderborg,Sweden,2023,6
Sønderborg,Switzerland,2023,1
Sønderborg,Syria,2023,3
Sønderborg,Taiwan,2023,1
Sønderborg,Thailand,2023,5
Sønderborg,Tunisia,2023,3
Sønderborg,Turkey,2023,16
Sønderborg,Turkmenistan,2023,1
Sønderborg,USA,2023,21
Sønderborg,Uganda,2023,1
Sønderborg,Ukraine,2023,87
Sønderborg,United Kingdom,2023,4
Sønderborg,Venezuela,2023,1
Sønderborg,Vietnam,2023,6
Thisted,Azerbaijan,2023,1
Thisted,Brazil,2023,1
Thisted,"Congo, Democratic Republic",2023,1
Thisted,Cuba,2023,1
Thisted,Denmark,2023,80
Thisted,Egypt,2023,1
Thisted,Eritrea,2023,3
Thisted,Ethiopia,2023,1
Thisted,Finland,2023,1
Thisted,Germany,2023,37
Thisted,Hungary,2023,4
Thisted,Iceland,2023,5
Thisted,Iraq,2023,1
Thisted,Italy,2023,5
Thisted,Kosovo,2023,1
Thisted,Kyrgyzstan,2023,1
Thisted,Latvia,2023,1
Thisted,Lebanon,2023,1
Thisted,Lithuania,2023,4
Thisted,Moldova,2023,1
Thisted,Nepal,2023,2
Thisted,Netherlands,2023,5
Thisted,Norway,2023,7
Thisted,Philippines,2023,6
Thisted,Poland,2023,27
Thisted,Romania,2023,28
Thisted,Russia,2023,1
Thisted,Slovakia,2023,1
Thisted,Somalia,2023,1
Thisted,Syria,2023,1
Thisted,Tanzania,2023,8
Thisted,Thailand,2023,2
Thisted,Turkey,2023,1
Thisted,Uganda,2023,2
Thisted,Ukraine,2023,33
Thisted,United Kingdom,2023,1
Thisted,Vietnam,2023,1
Tårnby,Albania,2023,1
Tårnby,Argentina,2023,4
Tårnby,Australia,2023,3
Tårnby,Bangladesh,2023,43
Tårnby,Belarus,2023,1
Tårnby,Belgium,2023,3
Tårnby,Brazil,2023,1
Tårnby,Bulgaria,2023,11
Tårnby,Chile,2023,2
Tårnby,China,2023,11
Tårnby,Colombia,2023,1
Tårnby,Croatia,2023,1
Tårnby,Cuba,2023,1
Tårnby,Czech Republic,2023,4
Tårnby,Denmark,2023,111
Tårnby,Eritrea,2023,2
Tårnby,Finland,2023,7
Tårnby,France,2023,6
Tårnby,Germany,2023,11
Tårnby,Greece,2023,4
Tårnby,Hungary,2023,6
Tårnby,Iceland,2023,6
Tårnby,India,2023,10
Tårnby,Iran,2023,6
Tårnby,Iraq,2023,2
Tårnby,Ireland,2023,2
Tårnby,Italy,2023,21
Tårnby,Kenya,2023,2
Tårnby,Lithuania,2023,10
Tårnby,Mexico,2023,1
Tårnby,Nepal,2023,18
Tårnby,Netherlands,2023,4
Tårnby,Norway,2023,3
Tårnby,Pakistan,2023,3
Tårnby,Philippines,2023,4
Tårnby,Poland,2023,14
Tårnby,Portugal,2023,13
Tårnby,Romania,2023,21
Tårnby,South Korea,2023,1
Tårnby,Spain,2023,13
Tårnby,Stateless,2023,1
Tårnby,Sweden,2023,10
Tårnby,Syria,2023,6
Tårnby,Thailand,2023,2
Tårnby,Turkey,2023,1
Tårnby,USA,2023,8
Tårnby,Ukraine,2023,60
Tårnby,United Kingdom,2023,3
Tårnby,Venezuela,2023,1
Tårnby,Vietnam,2023,3
Tønder,Afghanistan,2023,1
Tønder,Bangladesh,2023,1
Tønder,Bosnia and Herzegovina,2023,1
Tønder,Brazil,2023,10
Tønder,Canada,2023,2
Tønder,Chile,2023,1
Tønder,China,2023,3
Tønder,Croatia,2023,1
Tønder,Denmark,2023,97
Tønder,Finland,2023,1
Tønder,France,2023,1
Tønder,Georgia,2023,1
Tønder,Germany,2023,305
Tønder,Hungary,2023,1
Tønder,India,2023,21
Tønder,Indonesia,2023,3
Tønder,Iran,2023,3
Tønder,Ireland,2023,1
Tønder,Italy,2023,9
Tønder,Japan,2023,14
Tønder,Kenya,2023,1
Tønder,Kosovo,2023,1
Tønder,Latvia,2023,13
Tønder,Lithuania,2023,5
Tønder,Malaysia,2023,1
Tønder,Mexico,2023,1
Tønder,Morocco,2023,4
Tønder,Netherlands,2023,7
Tønder,Norway,2023,3
Tønder,Not stated,2023,4
Tønder,Pakistan,2023,3
Tønder,Poland,2023,9
Tønder,Portugal,2023,7
Tønder,Romania,2023,60
Tønder,Russia,2023,1
Tønder,Serbia,2023,1
Tønder,Singapore,2023,2
Tønder,Slovenia,2023,1
Tønder,Somalia,2023,1
Tønder,Spain,2023,5
Tønder,Sweden,2023,2
Tønder,Switzerland,2023,1
Tønder,Syria,2023,3
Tønder,Tanzania,2023,13
Tønder,Turkey,2023,4
Tønder,USA,2023,1
Tønder,Uganda,2023,8
Tønder,Ukraine,2023,46
Tønder,United Kingdom,2023,3
Tønder,Uzbekistan,2023,4
Tønder,Vietnam,2023,14
Vallensbæk,Afghanistan,2023,1
Vallensbæk,Albania,2023,3
Vallensbæk,Bangladesh,2023,26
Vallensbæk,Bosnia and Herzegovina,2023,4
Vallensbæk,Bulgaria,2023,30
Vallensbæk,Chile,2023,2
Vallensbæk,China,2023,14
Vallensbæk,Colombia,2023,1
Vallensbæk,Croatia,2023,1
Vallensbæk,Denmark,2023,83
Vallensbæk,Egypt,2023,5
Vallensbæk,Finland,2023,1
Vallensbæk,France,2023,2
Vallensbæk,Germany,2023,6
Vallensbæk,Ghana,2023,2
Vallensbæk,Greece,2023,5
Vallensbæk,Hungary,2023,1
Vallensbæk,Iceland,2023,7
Vallensbæk,India,2023,43
Vallensbæk,Iran,2023,16
Vallensbæk,Iraq,2023,1
Vallensbæk,Ireland,2023,5
Vallensbæk,Italy,2023,13
Vallensbæk,Kyrgyzstan,2023,1
Vallensbæk,Latvia,2023,4
Vallensbæk,Lithuania,2023,10
Vallensbæk,Morocco,2023,1
Vallensbæk,Nepal,2023,110
Vallensbæk,Netherlands,2023,1
Vallensbæk,Nigeria,2023,1
Vallensbæk,Not stated,2023,1
Vallensbæk,Pakistan,2023,20
Vallensbæk,Philippines,2023,2
Vallensbæk,Poland,2023,36
Vallensbæk,Portugal,2023,32
Vallensbæk,Romania,2023,51
Vallensbæk,Russia,2023,1
Vallensbæk,Serbia,2023,1
Vallensbæk,Slovakia,2023,1
Vallensbæk,Slovenia,2023,1
Vallensbæk,South Africa,2023,3
Vallensbæk,Spain,2023,13
Vallensbæk,Sri Lanka,2023,9
Vallensbæk,Sweden,2023,8
Vallensbæk,Thailand,2023,2
Vallensbæk,Turkey,2023,28
Vallensbæk,USA,2023,4
Vallensbæk,Ukraine,2023,34
Vallensbæk,United Kingdom,2023,2
Vallensbæk,Venezuela,2023,1
Varde,Afghanistan,2023,4
Varde,Australia,2023,2
Varde,Austria,2023,1
Varde,Bangladesh,2023,3
Varde,Belgium,2023,2
Varde,Brazil,2023,1
Varde,Bulgaria,2023,8
Varde,Canada,2023,1
Varde,Chile,2023,1
Varde,China,2023,1
Varde,"Congo, Democratic Republic",2023,1
Varde,Cyprus,2023,2
Varde,Czech Republic,2023,2
Varde,Denmark,2023,95
Varde,Eritrea,2023,1
Varde,Germany,2023,55
Varde,Ghana,2023,4
Varde,Hungary,2023,1
Varde,Iceland,2023,5
Varde,India,2023,8
Varde,Indonesia,2023,1
Varde,Iran,2023,1
Varde,Iraq,2023,1
Varde,Italy,2023,9
Varde,Japan,2023,1
Varde,Kenya,2023,5
Varde,Kyrgyzstan,2023,4
Varde,Latvia,2023,6
Varde,Lebanon,2023,1
Varde,Lithuania,2023,5
Varde,Mexico,2023,1
Varde,Moldova,2023,3
Varde,Myanmar,2023,1
Varde,Netherlands,2023,32
Varde,New Zealand,2023,1
Varde,Norway,2023,6
Varde,Pakistan,2023,1
Varde,Philippines,2023,7
Varde,Poland,2023,37
Varde,Portugal,2023,1
Varde,Romania,2023,114
Varde,Slovenia,2023,1
Varde,South Africa,2023,2
Varde,Spain,2023,2
Varde,Sri Lanka,2023,1
Varde,Stateless,2023,1
Varde,Sweden,2023,1
Varde,Syria,2023,1
Varde,Tanzania,2023,20
Varde,Thailand,2023,3
Varde,Turkey,2023,1
Varde,USA,2023,6
Varde,Uganda,2023,7
Varde,Ukraine,2023,54
Varde,United Kingdom,2023,2
Varde,Uzbekistan,2023,5
Varde,Vietnam,2023,21
Vejen,Afghanistan,2023,1
Vejen,Austria,2023,1
Vejen,Bangladesh,2023,4
Vejen,Brazil,2023,2
Vejen,Bulgaria,2023,4
Vejen,Canada,2023,1
Vejen,Chile,2023,2
Vejen,Colombia,2023,2
Vejen,Costa Rica,2023,1
Vejen,Croatia,2023,1
Vejen,Denmark,2023,76
Vejen,Eritrea,2023,1
Vejen,Finland,2023,1
Vejen,France,2023,2
Vejen,Germany,2023,10
Vejen,Ghana,2023,2
Vejen,Hungary,2023,4
Vejen,Iceland,2023,2
Vejen,India,2023,11
Vejen,Iran,2023,1
Vejen,Italy,2023,2
Vejen,Japan,2023,4
Vejen,Kyrgyzstan,2023,2
Vejen,Latvia,2023,4
Vejen,Lebanon,2023,1
Vejen,Lithuania,2023,10
Vejen,Morocco,2023,1
Vejen,Nepal,2023,1
Vejen,Netherlands,2023,12
Vejen,Nigeria,2023,2
Vejen,Norway,2023,3
Vejen,Peru,2023,1
Vejen,Philippines,2023,1
Vejen,Poland,2023,60
Vejen,Romania,2023,165
Vejen,Russia,2023,2
Vejen,Serbia,2023,1
Vejen,South Africa,2023,1
Vejen,Sri Lanka,2023,1
Vejen,Sudan,2023,1
Vejen,Sweden,2023,6
Vejen,Syria,2023,15
Vejen,Tanzania,2023,3
Vejen,Thailand,2023,5
Vejen,USA,2023,4
Vejen,Uganda,2023,6
Vejen,Ukraine,2023,65
Vejen,United Kingdom,2023,1
Vejen,Venezuela,2023,1
Vejen,Vietnam,2023,16
Vejle,Afghanistan,2023,12
Vejle,Albania,2023,2
Vejle,Argentina,2023,5
Vejle,Armenia,2023,5
Vejle,Australia,2023,9
Vejle,Austria,2023,2
Vejle,Belgium,2023,5
Vejle,Bosnia and Herzegovina,2023,5
Vejle,Brazil,2023,8
Vejle,Bulgaria,2023,11
Vejle,Canada,2023,5
Vejle,Chile,2023,2
Vejle,China,2023,14
Vejle,Colombia,2023,5
Vejle,"Congo, Democratic Republic",2023,1
Vejle,Croatia,2023,8
Vejle,Cuba,2023,1
Vejle,Czech Republic,2023,3
Vejle,Denmark,2023,375
Vejle,Egypt,2023,2
Vejle,Eritrea,2023,2
Vejle,Finland,2023,11
Vejle,France,2023,22
Vejle,Georgia,2023,1
Vejle,Germany,2023,37
Vejle,Ghana,2023,5
Vejle,Greece,2023,4
Vejle,Guatemala,2023,1
Vejle,Hungary,2023,16
Vejle,Iceland,2023,14
Vejle,India,2023,21
Vejle,Indonesia,2023,3
Vejle,Iran,2023,43
Vejle,Iraq,2023,4
Vejle,Ireland,2023,4
Vejle,Italy,2023,52
Vejle,Jamaica,2023,1
Vejle,Japan,2023,20
Vejle,Kenya,2023,2
Vejle,Kosovo,2023,3
Vejle,Latvia,2023,10
Vejle,Lithuania,2023,35
Vejle,Luxembourg,2023,1
Vejle,Mauritius,2023,1
Vejle,Mexico,2023,3
Vejle,Moldova,2023,3
Vejle,Morocco,2023,4
Vejle,Nepal,2023,1
Vejle,Netherlands,2023,27
Vejle,New Zealand,2023,5
Vejle,Nigeria,2023,6
Vejle,Norway,2023,13
Vejle,Not stated,2023,2
Vejle,Pakistan,2023,3
Vejle,Philippines,2023,16
Vejle,Poland,2023,193
Vejle,Portugal,2023,26
Vejle,Romania,2023,192
Vejle,Russia,2023,17
Vejle,Serbia,2023,3
Vejle,Singapore,2023,1
Vejle,Slovakia,2023,6
Vejle,Slovenia,2023,3
Vejle,South Africa,2023,1
Vejle,South Korea,2023,2
Vejle,Spain,2023,29
Vejle,Sri Lanka,2023,7
Vejle,Stateless,2023,1
Vejle,Sweden,2023,21
Vejle,Switzerland,2023,2
Vejle,Syria,2023,22
Vejle,Tanzania,2023,3
Vejle,Thailand,2023,6
Vejle,Turkey,2023,23
Vejle,USA,2023,50
Vejle,Uganda,2023,9
Vejle,Ukraine,2023,151
Vejle,United Kingdom,2023,16
Vejle,Venezuela,2023,3
Vejle,Vietnam,2023,9
Vesthimmerlands,Afghanistan,2023,2
Vesthimmerlands,Austria,2023,1
Vesthimmerlands,Belarus,2023,1
Vesthimmerlands,Bulgaria,2023,7
Vesthimmerlands,Chile,2023,1
Vesthimmerlands,Costa Rica,2023,1
Vesthimmerlands,Croatia,2023,1
Vesthimmerlands,Denmark,2023,69
Vesthimmerlands,France,2023,1
Vesthimmerlands,Germany,2023,9
Vesthimmerlands,Ghana,2023,2
Vesthimmerlands,Iceland,2023,2
Vesthimmerlands,India,2023,9
Vesthimmerlands,Iran,2023,2
Vesthimmerlands,Ireland,2023,1
Vesthimmerlands,Italy,2023,3
Vesthimmerlands,Kenya,2023,2
Vesthimmerlands,Kyrgyzstan,2023,1
Vesthimmerlands,Latvia,2023,4
Vesthimmerlands,Lebanon,2023,1
Vesthimmerlands,Lithuania,2023,5
Vesthimmerlands,Luxembourg,2023,4
Vesthimmerlands,Mexico,2023,24
Vesthimmerlands,Moldova,2023,1
Vesthimmerlands,Morocco,2023,2
Vesthimmerlands,Netherlands,2023,3
Vesthimmerlands,Nigeria,2023,1
Vesthimmerlands,Norway,2023,6
Vesthimmerlands,Peru,2023,1
Vesthimmerlands,Poland,2023,39
Vesthimmerlands,Portugal,2023,1
Vesthimmerlands,Romania,2023,26
Vesthimmerlands,Russia,2023,1
Vesthimmerlands,Spain,2023,6
Vesthimmerlands,Sweden,2023,1
Vesthimmerlands,Syria,2023,7
Vesthimmerlands,Tanzania,2023,9
Vesthimmerlands,Thailand,2023,5
Vesthimmerlands,Tunisia,2023,1
Vesthimmerlands,Turkey,2023,4
Vesthimmerlands,USA,2023,1
Vesthimmerlands,Uganda,2023,5
Vesthimmerlands,Ukraine,2023,48
Vesthimmerlands,United Kingdom,2023,1
Vesthimmerlands,Vietnam,2023,1
Viborg,Afghanistan,2023,9
Viborg,Australia,2023,12
Viborg,Austria,2023,2
Viborg,Bangladesh,2023,2
Viborg,Belarus,2023,1
Viborg,Belgium,2023,10
Viborg,Brazil,2023,5
Viborg,Bulgaria,2023,4
Viborg,Cameroon,2023,1
Viborg,Canada,2023,1
Viborg,China,2023,30
Viborg,Colombia,2023,2
Viborg,Croatia,2023,1
Viborg,Cuba,2023,1
Viborg,Czech Republic,2023,5
Viborg,Denmark,2023,245
Viborg,Egypt,2023,1
Viborg,Finland,2023,5
Viborg,France,2023,9
Viborg,Germany,2023,22
Viborg,Ghana,2023,3
Viborg,Greece,2023,8
Viborg,Hungary,2023,21
Viborg,Iceland,2023,8
Viborg,India,2023,31
Viborg,Indonesia,2023,1
Viborg,Iran,2023,30
Viborg,Iraq,2023,3
Viborg,Ireland,2023,3
Viborg,Italy,2023,16
Viborg,Japan,2023,20
Viborg,Kazakhstan,2023,1
Viborg,Kenya,2023,2
Viborg,Kyrgyzstan,2023,1
Viborg,Latvia,2023,2
Viborg,Lithuania,2023,36
Viborg,Luxembourg,2023,1
Viborg,Mauritius,2023,1
Viborg,Mexico,2023,3
Viborg,Moldova,2023,1
Viborg,Netherlands,2023,21
Viborg,New Zealand,2023,1
Viborg,Norway,2023,22
Viborg,Not stated,2023,4
Viborg,Pakistan,2023,3
Viborg,Philippines,2023,11
Viborg,Poland,2023,67
Viborg,Portugal,2023,8
Viborg,Romania,2023,161
Viborg,Russia,2023,4
Viborg,Rwanda,2023,1
Viborg,Serbia,2023,1
Viborg,Slovakia,2023,6
Viborg,Slovenia,2023,4
Viborg,Somalia,2023,1
Viborg,South Korea,2023,4
Viborg,South Sudan,2023,1
Viborg,Spain,2023,16
Viborg,Sri Lanka,2023,2
Viborg,Stateless,2023,5
Viborg,Sweden,2023,12
Viborg,Switzerland,2023,1
Viborg,Syria,2023,3
Viborg,Taiwan,2023,6
Viborg,Tanzania,2023,9
Viborg,Thailand,2023,9
Viborg,Tunisia,2023,1
Viborg,Turkey,2023,1
Viborg,USA,2023,6
Viborg,Uganda,2023,10
Viborg,Ukraine,2023,119
Viborg,United Kingdom,2023,5
Viborg,Uzbekistan,2023,4
Viborg,Vietnam,2023,10
Vordingborg,Afghanistan,2023,4
Vordingborg,Albania,2023,4
Vordingborg,Bangladesh,2023,2
Vordingborg,Brazil,2023,1
Vordingborg,Bulgaria,2023,22
Vordingborg,China,2023,2
Vordingborg,Costa Rica,2023,1
Vordingborg,Croatia,2023,11
Vordingborg,Czech Republic,2023,4
Vordingborg,Denmark,2023,134
Vordingborg,Egypt,2023,15
Vordingborg,Ethiopia,2023,37
Vordingborg,Finland,2023,2
Vordingborg,France,2023,2
Vordingborg,Germany,2023,10
Vordingborg,Hungary,2023,2
Vordingborg,Iceland,2023,3
Vordingborg,India,2023,133
Vordingborg,Indonesia,2023,1
Vordingborg,Iran,2023,3
Vordingborg,Ireland,2023,3
Vordingborg,Italy,2023,56
Vordingborg,Japan,2023,9
Vordingborg,Jordan,2023,6
Vordingborg,Latvia,2023,5
Vordingborg,Lebanon,2023,1
Vordingborg,Lithuania,2023,4
Vordingborg,Malaysia,2023,1
Vordingborg,Malta,2023,1
Vordingborg,Mauritius,2023,1
Vordingborg,Mexico,2023,1
Vordingborg,Mozambique,2023,1
Vordingborg,Namibia,2023,1
Vordingborg,Nepal,2023,13
Vordingborg,Netherlands,2023,2
Vordingborg,Nigeria,2023,4
Vordingborg,Norway,2023,1
Vordingborg,Not stated,2023,3
Vordingborg,Pakistan,2023,55
Vordingborg,Philippines,2023,12
Vordingborg,Poland,2023,114
Vordingborg,Portugal,2023,16
Vordingborg,Romania,2023,284
Vordingborg,Russia,2023,2
Vordingborg,Slovakia,2023,5
Vordingborg,South Africa,2023,1
Vordingborg,Spain,2023,4
Vordingborg,Sweden,2023,3
Vordingborg,Syria,2023,3
Vordingborg,Tanzania,2023,1
Vordingborg,Thailand,2023,114
Vordingborg,Turkey,2023,1
Vordingborg,USA,2023,1
Vordingborg,Uganda,2023,6
Vordingborg,Ukraine,2023,65
Vordingborg,United Arab Emirates,2023,1
Vordingborg,United Kingdom,2023,4
Vordingborg,Vietnam,2023,4
Ærø,Denmark,2023,33
Ærø,Germany,2023,29
Ærø,Ghana,2023,1
Ærø,Italy,2023,4
Ærø,Japan,2023,1
Ærø,Netherlands,2023,6
Ærø,Norway,2023,3
Ærø,Philippines,2023,1
Ærø,Poland,2023,6
Ærø,Romania,2023,6
Ærø,Spain,2023,9
Ærø,Sweden,2023,4
Ærø,USA,2023,3
Ærø,Ukraine,2023,3
Ærø,United Kingdom,2023,2
Aabenraa,Afghanistan,2024,2
Aabenraa,Australia,2024,1
Aabenraa,Austria,2024,3
Aabenraa,Bangladesh,2024,3
Aabenraa,Brazil,2024,12
Aabenraa,Bulgaria,2024,1
Aabenraa,Cameroon,2024,1
Aabenraa,China,2024,7
Aabenraa,Colombia,2024,1
Aabenraa,Croatia,2024,2
Aabenraa,Denmark,2024,180
Aabenraa,Estonia,2024,1
Aabenraa,France,2024,5
Aabenraa,Germany,2024,460
Aabenraa,Guatemala,2024,1
Aabenraa,Hungary,2024,5
Aabenraa,Iceland,2024,4
Aabenraa,India,2024,3
Aabenraa,Iraq,2024,2
Aabenraa,Ireland,2024,1
Aabenraa,Italy,2024,3
Aabenraa,Japan,2024,15
Aabenraa,Jordan,2024,1
Aabenraa,Kosovo,2024,2
Aabenraa,Latvia,2024,11
Aabenraa,Lithuania,2024,7
Aabenraa,Luxembourg,2024,1
Aabenraa,Moldova,2024,2
Aabenraa,Netherlands,2024,2
Aabenraa,New Zealand,2024,1
Aabenraa,Nigeria,2024,2
Aabenraa,Norway,2024,5
Aabenraa,Not stated,2024,5
Aabenraa,Philippines,2024,2
Aabenraa,Poland,2024,20
Aabenraa,Portugal,2024,1
Aabenraa,Romania,2024,53
Aabenraa,Russia,2024,2
Aabenraa,Serbia,2024,3
Aabenraa,Slovakia,2024,2
Aabenraa,Sri Lanka,2024,7
Aabenraa,Stateless,2024,1
Aabenraa,Sweden,2024,3
Aabenraa,Switzerland,2024,1
Aabenraa,Syria,2024,12
Aabenraa,Tanzania,2024,4
Aabenraa,Thailand,2024,4
Aabenraa,USA,2024,1
Aabenraa,Uganda,2024,12
Aabenraa,Ukraine,2024,82
Aabenraa,United Kingdom,2024,3
Aabenraa,Uzbekistan,2024,1
Aabenraa,Vietnam,2024,9
Aalborg,Afghanistan,2024,15
Aalborg,Algeria,2024,3
Aalborg,Argentina,2024,3
Aalborg,Australia,2024,12
Aalborg,Austria,2024,6
Aalborg,Azerbaijan,2024,1
Aalborg,Bangladesh,2024,159
Aalborg,Belarus,2024,1
Aalborg,Belgium,2024,11
Aalborg,Bolivia,2024,1
Aalborg,Bosnia and Herzegovina,2024,3
Aalborg,Brazil,2024,30
Aalborg,Bulgaria,2024,34
Aalborg,Cameroon,2024,22
Aalborg,Canada,2024,15
Aalborg,Chile,2024,4
Aalborg,China,2024,120
Aalborg,Colombia,2024,6
Aalborg,"Congo, Democratic Republic",2024,8
Aalborg,Croatia,2024,11
Aalborg,Cyprus,2024,1
Aalborg,Czech Republic,2024,18
Aalborg,Denmark,2024,805
Aalborg,Dominican Republic,2024,1
Aalborg,Ecuador,2024,5
Aalborg,Egypt,2024,7
Aalborg,Eritrea,2024,5
Aalborg,Estonia,2024,3
Aalborg,Ethiopia,2024,2
Aalborg,Finland,2024,11
Aalborg,France,2024,54
Aalborg,"Gambia, The",2024,1
Aalborg,Georgia,2024,4
Aalborg,Germany,2024,86
Aalborg,Ghana,2024,13
Aalborg,Greece,2024,25
Aalborg,Guatemala,2024,1
Aalborg,Honduras,2024,1
Aalborg,Hungary,2024,23
Aalborg,Iceland,2024,30
Aalborg,India,2024,92
Aalborg,Indonesia,2024,12
Aalborg,Iran,2024,106
Aalborg,Iraq,2024,9
Aalborg,Ireland,2024,10
Aalborg,Israel,2024,3
Aalborg,Italy,2024,99
Aalborg,Japan,2024,16
Aalborg,Jordan,2024,1
Aalborg,Kazakhstan,2024,2
Aalborg,Kosovo,2024,2
Aalborg,Kyrgyzstan,2024,2
Aalborg,Laos,2024,1
Aalborg,Latvia,2024,9
Aalborg,Lebanon,2024,10
Aalborg,Lithuania,2024,12
Aalborg,Malawi,2024,1
Aalborg,Malaysia,2024,1
Aalborg,Malta,2024,1
Aalborg,Mauritius,2024,1
Aalborg,Mexico,2024,7
Aalborg,Morocco,2024,2
Aalborg,Myanmar,2024,1
Aalborg,Nepal,2024,81
Aalborg,Netherlands,2024,17
Aalborg,New Zealand,2024,1
Aalborg,Nigeria,2024,12
Aalborg,Norway,2024,69
Aalborg,Not stated,2024,3
Aalborg,Pakistan,2024,21
Aalborg,Peru,2024,4
Aalborg,Philippines,2024,24
Aalborg,Poland,2024,94
Aalborg,Portugal,2024,62
Aalborg,Republic of North Macedonia,2024,1
Aalborg,Romania,2024,98
Aalborg,Russia,2024,6
Aalborg,Serbia,2024,3
Aalborg,Singapore,2024,5
Aalborg,Slovakia,2024,5
Aalborg,Slovenia,2024,1
Aalborg,Somalia,2024,1
Aalborg,South Africa,2024,1
Aalborg,South Korea,2024,31
Aalborg,Spain,2024,86
Aalborg,Sri Lanka,2024,45
Aalborg,Stateless,2024,3
Aalborg,Sudan,2024,4
Aalborg,Sweden,2024,41
Aalborg,Switzerland,2024,10
Aalborg,Syria,2024,48
Aalborg,Taiwan,2024,3
Aalborg,Tanzania,2024,5
Aalborg,Thailand,2024,8
Aalborg,Tunisia,2024,4
Aalborg,Turkey,2024,32
Aalborg,USA,2024,36
Aalborg,Uganda,2024,13
Aalborg,Ukraine,2024,357
Aalborg,United Kingdom,2024,23
Aalborg,Uzbekistan,2024,1
Aalborg,Venezuela,2024,1
Aalborg,Vietnam,2024,21
Aalborg,Yemen,2024,1
Aalborg,Zambia,2024,1
Aalborg,Zimbabwe,2024,3
Aarhus,Afghanistan,2024,12
Aarhus,Albania,2024,12
Aarhus,Algeria,2024,1
Aarhus,Argentina,2024,58
Aarhus,Armenia,2024,1
Aarhus,Australia,2024,85
Aarhus,Austria,2024,54
Aarhus,Azerbaijan,2024,3
Aarhus,Bangladesh,2024,260
Aarhus,Belarus,2024,1
Aarhus,Belgium,2024,79
Aarhus,Bosnia and Herzegovina,2024,3
Aarhus,Botswana,2024,1
Aarhus,Brazil,2024,54
Aarhus,Bulgaria,2024,68
Aarhus,Cameroon,2024,1
Aarhus,Canada,2024,60
Aarhus,Chile,2024,24
Aarhus,China,2024,288
Aarhus,Colombia,2024,15
Aarhus,"Congo, Democratic Republic",2024,12
Aarhus,Costa Rica,2024,5
Aarhus,Croatia,2024,21
Aarhus,Cuba,2024,2
Aarhus,Cyprus,2024,7
Aarhus,Czech Republic,2024,53
Aarhus,Denmark,2024,1508
Aarhus,Dominica,2024,1
Aarhus,Ecuador,2024,4
Aarhus,Egypt,2024,19
Aarhus,Eritrea,2024,8
Aarhus,Estonia,2024,16
Aarhus,Ethiopia,2024,3
Aarhus,Finland,2024,70
Aarhus,France,2024,169
Aarhus,"Gambia, The",2024,1
Aarhus,Georgia,2024,5
Aarhus,Germany,2024,502
Aarhus,Ghana,2024,15
Aarhus,Greece,2024,51
Aarhus,Guatemala,2024,3
Aarhus,Hungary,2024,164
Aarhus,Iceland,2024,74
Aarhus,India,2024,259
Aarhus,Indonesia,2024,21
Aarhus,Iran,2024,474
Aarhus,Iraq,2024,14
Aarhus,Ireland,2024,52
Aarhus,Israel,2024,9
Aarhus,Italy,2024,387
Aarhus,Ivory Coast,2024,1
Aarhus,Japan,2024,61
Aarhus,Jordan,2024,4
Aarhus,Kazakhstan,2024,4
Aarhus,Kenya,2024,8
Aarhus,Latvia,2024,19
Aarhus,Lebanon,2024,8
Aarhus,Lithuania,2024,42
Aarhus,Luxembourg,2024,6
Aarhus,Madagascar,2024,1
Aarhus,Malawi,2024,1
Aarhus,Malaysia,2024,6
Aarhus,Malta,2024,2
Aarhus,Mexico,2024,38
Aarhus,Moldova,2024,4
Aarhus,Montenegro,2024,1
Aarhus,Morocco,2024,14
Aarhus,Myanmar,2024,1
Aarhus,Nepal,2024,44
Aarhus,Netherlands,2024,141
Aarhus,New Zealand,2024,20
Aarhus,Nigeria,2024,24
Aarhus,North Korea,2024,1
Aarhus,Norway,2024,266
Aarhus,Not stated,2024,64
Aarhus,Pakistan,2024,103
Aarhus,Panama,2024,2
Aarhus,Paraguay,2024,1
Aarhus,Peru,2024,9
Aarhus,Philippines,2024,31
Aarhus,Poland,2024,181
Aarhus,Portugal,2024,117
Aarhus,Romania,2024,248
Aarhus,Russia,2024,21
Aarhus,Rwanda,2024,1
Aarhus,Saint Kitts and Nevis,2024,1
Aarhus,Senegal,2024,1
Aarhus,Serbia,2024,10
Aarhus,Singapore,2024,37
Aarhus,Slovakia,2024,54
Aarhus,Slovenia,2024,20
Aarhus,Somalia,2024,3
Aarhus,South Africa,2024,13
Aarhus,South Korea,2024,16
Aarhus,Spain,2024,273
Aarhus,Sri Lanka,2024,44
Aarhus,Stateless,2024,14
Aarhus,Sudan,2024,2
Aarhus,Sweden,2024,121
Aarhus,Switzerland,2024,37
Aarhus,Syria,2024,46
Aarhus,Taiwan,2024,10
Aarhus,Tanzania,2024,1
Aarhus,Thailand,2024,32
Aarhus,Togo,2024,1
Aarhus,Trinidad and Tobago,2024,1
Aarhus,Tunisia,2024,1
Aarhus,Turkey,2024,52
Aarhus,USA,2024,148
Aarhus,Uganda,2024,2
Aarhus,Ukraine,2024,608
Aarhus,United Kingdom,2024,109
Aarhus,Uruguay,2024,2
Aarhus,Venezuela,2024,4
Aarhus,Vietnam,2024,24
Aarhus,Yemen,2024,1
Aarhus,Zambia,2024,1
Aarhus,Zimbabwe,2024,1
Albertslund,Afghanistan,2024,5
Albertslund,Argentina,2024,1
Albertslund,Bangladesh,2024,77
Albertslund,Belgium,2024,2
Albertslund,Bolivia,2024,1
Albertslund,Brazil,2024,1
Albertslund,Bulgaria,2024,12
Albertslund,Cameroon,2024,2
Albertslund,China,2024,14
Albertslund,Colombia,2024,1
Albertslund,Croatia,2024,1
Albertslund,Cyprus,2024,1
Albertslund,Czech Republic,2024,2
Albertslund,Denmark,2024,82
Albertslund,Finland,2024,1
Albertslund,France,2024,3
Albertslund,Georgia,2024,2
Albertslund,Germany,2024,20
Albertslund,Ghana,2024,2
Albertslund,Greece,2024,7
Albertslund,Hungary,2024,4
Albertslund,Iceland,2024,7
Albertslund,India,2024,5
Albertslund,Iran,2024,93
Albertslund,Iraq,2024,2
Albertslund,Ireland,2024,4
Albertslund,Israel,2024,2
Albertslund,Italy,2024,15
Albertslund,Jordan,2024,1
Albertslund,Latvia,2024,6
Albertslund,Lithuania,2024,2
Albertslund,Malaysia,2024,1
Albertslund,Mexico,2024,3
Albertslund,Morocco,2024,1
Albertslund,Nepal,2024,78
Albertslund,Netherlands,2024,5
Albertslund,Nigeria,2024,5
Albertslund,Norway,2024,4
Albertslund,Pakistan,2024,36
Albertslund,Poland,2024,10
Albertslund,Portugal,2024,14
Albertslund,Republic of North Macedonia,2024,3
Albertslund,Romania,2024,11
Albertslund,Serbia,2024,2
Albertslund,Slovakia,2024,1
Albertslund,Spain,2024,18
Albertslund,Sri Lanka,2024,1
Albertslund,Sweden,2024,10
Albertslund,Syria,2024,1
Albertslund,Taiwan,2024,3
Albertslund,Thailand,2024,3
Albertslund,Turkey,2024,24
Albertslund,USA,2024,9
Albertslund,Ukraine,2024,34
Albertslund,United Kingdom,2024,4
Albertslund,Vietnam,2024,3
Albertslund,Zimbabwe,2024,1
Allerød,Afghanistan,2024,1
Allerød,Argentina,2024,1
Allerød,Azerbaijan,2024,1
Allerød,Brazil,2024,2
Allerød,Bulgaria,2024,4
Allerød,Canada,2024,1
Allerød,China,2024,7
Allerød,Denmark,2024,69
Allerød,Estonia,2024,1
Allerød,Finland,2024,1
Allerød,Germany,2024,1
Allerød,Greece,2024,2
Allerød,Iceland,2024,1
Allerød,India,2024,1
Allerød,Indonesia,2024,1
Allerød,Iran,2024,6
Allerød,Italy,2024,1
Allerød,Lithuania,2024,2
Allerød,Morocco,2024,1
Allerød,Nepal,2024,1
Allerød,Norway,2024,1
Allerød,Philippines,2024,2
Allerød,Poland,2024,11
Allerød,Portugal,2024,5
Allerød,Romania,2024,10
Allerød,Russia,2024,1
Allerød,Serbia,2024,1
Allerød,Slovakia,2024,1
Allerød,Slovenia,2024,1
Allerød,Spain,2024,5
Allerød,Sweden,2024,1
Allerød,Syria,2024,5
Allerød,Turkey,2024,3
Allerød,USA,2024,13
Allerød,Ukraine,2024,34
Allerød,United Kingdom,2024,4
Allerød,Vietnam,2024,1
Assens,Argentina,2024,1
Assens,Australia,2024,1
Assens,Bangladesh,2024,2
Assens,Bulgaria,2024,2
Assens,China,2024,1
Assens,Denmark,2024,91
Assens,France,2024,2
Assens,Germany,2024,7
Assens,Ghana,2024,2
Assens,Hungary,2024,11
Assens,Iceland,2024,8
Assens,India,2024,9
Assens,Italy,2024,8
Assens,Latvia,2024,6
Assens,Lithuania,2024,19
Assens,Mexico,2024,1
Assens,Moldova,2024,2
Assens,Netherlands,2024,1
Assens,New Zealand,2024,1
Assens,Not stated,2024,1
Assens,Philippines,2024,1
Assens,Poland,2024,15
Assens,Romania,2024,91
Assens,Slovakia,2024,6
Assens,South Africa,2024,1
Assens,Sweden,2024,5
Assens,Syria,2024,21
Assens,Tanzania,2024,1
Assens,Thailand,2024,1
Assens,Turkey,2024,3
Assens,USA,2024,1
Assens,Uganda,2024,8
Assens,Ukraine,2024,67
Assens,Vietnam,2024,8
Ballerup,Afghanistan,2024,6
Ballerup,Albania,2024,3
Ballerup,Algeria,2024,1
Ballerup,Argentina,2024,3
Ballerup,Australia,2024,5
Ballerup,Austria,2024,1
Ballerup,Bangladesh,2024,16
Ballerup,Belgium,2024,4
Ballerup,Bosnia and Herzegovina,2024,1
Ballerup,Brazil,2024,16
Ballerup,Bulgaria,2024,16
Ballerup,Cameroon,2024,2
Ballerup,Canada,2024,3
Ballerup,Chile,2024,7
Ballerup,China,2024,37
Ballerup,Costa Rica,2024,1
Ballerup,Croatia,2024,3
Ballerup,Cyprus,2024,2
Ballerup,Czech Republic,2024,8
Ballerup,Denmark,2024,126
Ballerup,Egypt,2024,1
Ballerup,Eritrea,2024,1
Ballerup,Estonia,2024,3
Ballerup,Ethiopia,2024,1
Ballerup,Finland,2024,4
Ballerup,France,2024,7
Ballerup,Georgia,2024,3
Ballerup,Germany,2024,21
Ballerup,Ghana,2024,1
Ballerup,Greece,2024,28
Ballerup,Hungary,2024,10
Ballerup,Iceland,2024,6
Ballerup,India,2024,138
Ballerup,Indonesia,2024,3
Ballerup,Iran,2024,118
Ballerup,Iraq,2024,2
Ballerup,Ireland,2024,4
Ballerup,Israel,2024,1
Ballerup,Italy,2024,38
Ballerup,Japan,2024,4
Ballerup,Kazakhstan,2024,3
Ballerup,Kenya,2024,1
Ballerup,Latvia,2024,3
Ballerup,Lebanon,2024,3
Ballerup,Lithuania,2024,6
Ballerup,Mauritius,2024,2
Ballerup,Mexico,2024,6
Ballerup,Moldova,2024,1
Ballerup,Montenegro,2024,8
Ballerup,Morocco,2024,2
Ballerup,Nepal,2024,47
Ballerup,Netherlands,2024,6
Ballerup,New Zealand,2024,1
Ballerup,Nigeria,2024,8
Ballerup,Norway,2024,8
Ballerup,Pakistan,2024,22
Ballerup,Panama,2024,1
Ballerup,Peru,2024,1
Ballerup,Philippines,2024,9
Ballerup,Poland,2024,19
Ballerup,Portugal,2024,26
Ballerup,Republic of North Macedonia,2024,16
Ballerup,Romania,2024,35
Ballerup,Russia,2024,3
Ballerup,Serbia,2024,9
Ballerup,Singapore,2024,3
Ballerup,Slovakia,2024,1
Ballerup,South Korea,2024,1
Ballerup,Spain,2024,21
Ballerup,Sri Lanka,2024,12
Ballerup,Stateless,2024,2
Ballerup,Sweden,2024,9
Ballerup,Switzerland,2024,2
Ballerup,Syria,2024,2
Ballerup,Thailand,2024,2
Ballerup,Turkey,2024,7
Ballerup,USA,2024,26
Ballerup,Uganda,2024,2
Ballerup,Ukraine,2024,85
Ballerup,United Kingdom,2024,7
Ballerup,Venezuela,2024,2
Ballerup,Vietnam,2024,2
Ballerup,Zimbabwe,2024,1
Billund,Australia,2024,5
Billund,Austria,2024,1
Billund,Bangladesh,2024,1
Billund,Belgium,2024,2
Billund,Brazil,2024,2
Billund,Bulgaria,2024,5
Billund,Canada,2024,4
Billund,China,2024,6
Billund,Colombia,2024,4
Billund,Croatia,2024,2
Billund,Czech Republic,2024,6
Billund,Denmark,2024,48
Billund,Estonia,2024,4
Billund,France,2024,9
Billund,Germany,2024,21
Billund,Greece,2024,1
Billund,Hungary,2024,7
Billund,India,2024,15
Billund,Iran,2024,1
Billund,Ireland,2024,6
Billund,Israel,2024,1
Billund,Italy,2024,25
Billund,Latvia,2024,6
Billund,Lithuania,2024,5
Billund,Mexico,2024,6
Billund,Moldova,2024,4
Billund,Myanmar,2024,1
Billund,Nepal,2024,1
Billund,Netherlands,2024,16
Billund,New Zealand,2024,1
Billund,Norway,2024,2
Billund,Philippines,2024,3
Billund,Poland,2024,33
Billund,Portugal,2024,5
Billund,Romania,2024,47
Billund,Russia,2024,3
Billund,Rwanda,2024,1
Billund,Slovakia,2024,4
Billund,South Africa,2024,1
Billund,South Korea,2024,1
Billund,Spain,2024,7
Billund,Stateless,2024,1
Billund,Sweden,2024,3
Billund,Syria,2024,9
Billund,Thailand,2024,3
Billund,Tunisia,2024,2
Billund,Turkey,2024,6
Billund,USA,2024,35
Billund,Uganda,2024,3
Billund,Ukraine,2024,37
Billund,United Kingdom,2024,31
Billund,Uzbekistan,2024,6
Billund,Vietnam,2024,98
Bornholm,Argentina,2024,7
Bornholm,Australia,2024,3
Bornholm,Austria,2024,1
Bornholm,Belgium,2024,2
Bornholm,Bulgaria,2024,2
Bornholm,China,2024,1
Bornholm,Croatia,2024,1
Bornholm,Czech Republic,2024,2
Bornholm,Denmark,2024,75
Bornholm,Finland,2024,2
Bornholm,France,2024,7
Bornholm,Germany,2024,33
Bornholm,Greece,2024,1
Bornholm,Hungary,2024,4
Bornholm,Iceland,2024,5
Bornholm,Iran,2024,4
Bornholm,Iraq,2024,1
Bornholm,Italy,2024,35
Bornholm,Japan,2024,9
Bornholm,Latvia,2024,4
Bornholm,Luxembourg,2024,1
Bornholm,Malta,2024,1
Bornholm,Mexico,2024,1
Bornholm,Myanmar,2024,1
Bornholm,Nepal,2024,2
Bornholm,Netherlands,2024,12
Bornholm,Norway,2024,2
Bornholm,Not stated,2024,2
Bornholm,Philippines,2024,3
Bornholm,Poland,2024,20
Bornholm,Portugal,2024,1
Bornholm,Romania,2024,15
Bornholm,Spain,2024,3
Bornholm,Sweden,2024,37
Bornholm,Switzerland,2024,2
Bornholm,Syria,2024,1
Bornholm,USA,2024,4
Bornholm,Uganda,2024,2
Bornholm,Ukraine,2024,63
Bornholm,United Kingdom,2024,2
Bornholm,Vietnam,2024,8
Brøndby,Afghanistan,2024,4
Brøndby,Albania,2024,1
Brøndby,Argentina,2024,9
Brøndby,Australia,2024,2
Brøndby,Austria,2024,6
Brøndby,Bangladesh,2024,67
Brøndby,Belgium,2024,2
Brøndby,Brazil,2024,2
Brøndby,Bulgaria,2024,33
Brøndby,Cameroon,2024,6
Brøndby,Canada,2024,1
Brøndby,Chile,2024,1
Brøndby,China,2024,34
Brøndby,Colombia,2024,2
Brøndby,Croatia,2024,5
Brøndby,Czech Republic,2024,1
Brøndby,Denmark,2024,102
Brøndby,Egypt,2024,1
Brøndby,Estonia,2024,1
Brøndby,Finland,2024,5
Brøndby,France,2024,17
Brøndby,Georgia,2024,1
Brøndby,Germany,2024,32
Brøndby,Ghana,2024,5
Brøndby,Greece,2024,10
Brøndby,Hungary,2024,16
Brøndby,Iceland,2024,6
Brøndby,India,2024,47
Brøndby,Iran,2024,166
Brøndby,Iraq,2024,1
Brøndby,Ireland,2024,10
Brøndby,Italy,2024,42
Brøndby,Ivory Coast,2024,1
Brøndby,Japan,2024,5
Brøndby,Jordan,2024,1
Brøndby,Kosovo,2024,1
Brøndby,Latvia,2024,2
Brøndby,Lebanon,2024,2
Brøndby,Lithuania,2024,15
Brøndby,Mexico,2024,4
Brøndby,Morocco,2024,5
Brøndby,Myanmar,2024,2
Brøndby,Nepal,2024,202
Brøndby,Netherlands,2024,18
Brøndby,New Zealand,2024,4
Brøndby,Nigeria,2024,4
Brøndby,Norway,2024,16
Brøndby,Not stated,2024,1
Brøndby,Pakistan,2024,41
Brøndby,Peru,2024,1
Brøndby,Philippines,2024,3
Brøndby,Poland,2024,17
Brøndby,Portugal,2024,38
Brøndby,Republic of North Macedonia,2024,8
Brøndby,Romania,2024,47
Brøndby,Russia,2024,1
Brøndby,Singapore,2024,5
Brøndby,Slovakia,2024,7
Brøndby,Slovenia,2024,1
Brøndby,South Korea,2024,2
Brøndby,Spain,2024,38
Brøndby,Sri Lanka,2024,52
Brøndby,Stateless,2024,2
Brøndby,Sweden,2024,35
Brøndby,Switzerland,2024,7
Brøndby,Syria,2024,2
Brøndby,Taiwan,2024,2
Brøndby,Thailand,2024,4
Brøndby,Tunisia,2024,1
Brøndby,Turkey,2024,49
Brøndby,Turkmenistan,2024,1
Brøndby,USA,2024,23
Brøndby,Ukraine,2024,44
Brøndby,United Kingdom,2024,15
Brøndby,Venezuela,2024,1
Brøndby,Vietnam,2024,11
Brønderslev,Afghanistan,2024,3
Brønderslev,Argentina,2024,1
Brønderslev,Austria,2024,1
Brønderslev,Bangladesh,2024,1
Brønderslev,Belarus,2024,1
Brønderslev,Belgium,2024,8
Brønderslev,Brazil,2024,1
Brønderslev,Bulgaria,2024,11
Brønderslev,Canada,2024,2
Brønderslev,China,2024,4
Brønderslev,Denmark,2024,57
Brønderslev,Eritrea,2024,4
Brønderslev,France,2024,1
Brønderslev,Germany,2024,3
Brønderslev,Iceland,2024,6
Brønderslev,Indonesia,2024,1
Brønderslev,Iran,2024,1
Brønderslev,Ireland,2024,1
Brønderslev,Israel,2024,1
Brønderslev,Italy,2024,3
Brønderslev,Japan,2024,1
Brønderslev,Lithuania,2024,3
Brønderslev,Mexico,2024,1
Brønderslev,Morocco,2024,2
Brønderslev,Myanmar,2024,1
Brønderslev,Nepal,2024,6
Brønderslev,Netherlands,2024,1
Brønderslev,Norway,2024,1
Brønderslev,Paraguay,2024,1
Brønderslev,Peru,2024,1
Brønderslev,Philippines,2024,8
Brønderslev,Poland,2024,7
Brønderslev,Romania,2024,18
Brønderslev,Spain,2024,1
Brønderslev,Sweden,2024,2
Brønderslev,Switzerland,2024,9
Brønderslev,Syria,2024,4
Brønderslev,Tanzania,2024,2
Brønderslev,Thailand,2024,2
Brønderslev,USA,2024,1
Brønderslev,Uganda,2024,23
Brønderslev,Ukraine,2024,68
Brønderslev,United Kingdom,2024,1
Brønderslev,Uzbekistan,2024,1
Brønderslev,Vietnam,2024,22
Copenhagen,Afghanistan,2024,32
Copenhagen,Albania,2024,9
Copenhagen,Algeria,2024,4
Copenhagen,Argentina,2024,213
Copenhagen,Armenia,2024,3
Copenhagen,Australia,2024,375
Copenhagen,Austria,2024,103
Copenhagen,Azerbaijan,2024,2
Copenhagen,Bangladesh,2024,765
Copenhagen,Belarus,2024,13
Copenhagen,Belgium,2024,147
Copenhagen,Bosnia and Herzegovina,2024,7
Copenhagen,Brazil,2024,200
Copenhagen,Bulgaria,2024,131
Copenhagen,Cameroon,2024,6
Copenhagen,Canada,2024,284
Copenhagen,Chile,2024,122
Copenhagen,China,2024,577
Copenhagen,Colombia,2024,59
Copenhagen,"Congo, Democratic Republic",2024,2
Copenhagen,Costa Rica,2024,3
Copenhagen,Croatia,2024,99
Copenhagen,Cuba,2024,2
Copenhagen,Cyprus,2024,22
Copenhagen,Czech Republic,2024,101
Copenhagen,Denmark,2024,3712
Copenhagen,Djibouti,2024,1
Copenhagen,Dominican Republic,2024,4
Copenhagen,Ecuador,2024,5
Copenhagen,Egypt,2024,32
Copenhagen,El Salvador,2024,2
Copenhagen,Eritrea,2024,3
Copenhagen,Estonia,2024,10
Copenhagen,Ethiopia,2024,13
Copenhagen,Finland,2024,179
Copenhagen,France,2024,758
Copenhagen,"Gambia, The",2024,4
Copenhagen,Georgia,2024,10
Copenhagen,Germany,2024,1372
Copenhagen,Ghana,2024,10
Copenhagen,Greece,2024,338
Copenhagen,Guatemala,2024,7
Copenhagen,Honduras,2024,3
Copenhagen,Hungary,2024,186
Copenhagen,Iceland,2024,268
Copenhagen,India,2024,685
Copenhagen,Indonesia,2024,27
Copenhagen,Iran,2024,261
Copenhagen,Iraq,2024,27
Copenhagen,Ireland,2024,298
Copenhagen,Israel,2024,67
Copenhagen,Italy,2024,1642
Copenhagen,Ivory Coast,2024,3
Copenhagen,Jamaica,2024,2
Copenhagen,Japan,2024,193
Copenhagen,Jordan,2024,15
Copenhagen,Kazakhstan,2024,14
Copenhagen,Kenya,2024,18
Copenhagen,Kosovo,2024,15
Copenhagen,Latvia,2024,58
Copenhagen,Lebanon,2024,19
Copenhagen,Liechtenstein,2024,1
Copenhagen,Lithuania,2024,82
Copenhagen,Luxembourg,2024,19
Copenhagen,Malawi,2024,1
Copenhagen,Malaysia,2024,33
Copenhagen,Maldives,2024,1
Copenhagen,Malta,2024,13
Copenhagen,Mexico,2024,98
Copenhagen,Moldova,2024,4
Copenhagen,Mongolia,2024,2
Copenhagen,Montenegro,2024,4
Copenhagen,Morocco,2024,19
Copenhagen,Mozambique,2024,1
Copenhagen,Myanmar,2024,6
Copenhagen,Nepal,2024,488
Copenhagen,Netherlands,2024,377
Copenhagen,New Zealand,2024,57
Copenhagen,Nigeria,2024,14
Copenhagen,Norway,2024,703
Copenhagen,Not stated,2024,20
Copenhagen,Oman,2024,1
Copenhagen,Pakistan,2024,191
Copenhagen,Panama,2024,3
Copenhagen,Paraguay,2024,1
Copenhagen,Peru,2024,10
Copenhagen,Philippines,2024,98
Copenhagen,Poland,2024,427
Copenhagen,Portugal,2024,419
Copenhagen,Republic of North Macedonia,2024,51
Copenhagen,Romania,2024,279
Copenhagen,Russia,2024,80
Copenhagen,Rwanda,2024,1
Copenhagen,Serbia,2024,28
Copenhagen,Singapore,2024,73
Copenhagen,Slovakia,2024,70
Copenhagen,Slovenia,2024,29
Copenhagen,Somalia,2024,4
Copenhagen,South Africa,2024,43
Copenhagen,South Korea,2024,99
Copenhagen,Spain,2024,830
Copenhagen,Sri Lanka,2024,9
Copenhagen,Stateless,2024,16
Copenhagen,Sudan,2024,2
Copenhagen,Sweden,2024,887
Copenhagen,Switzerland,2024,147
Copenhagen,Syria,2024,20
Copenhagen,Taiwan,2024,32
Copenhagen,Tanzania,2024,6
Copenhagen,Thailand,2024,42
Copenhagen,Togo,2024,1
Copenhagen,Trinidad and Tobago,2024,1
Copenhagen,Tunisia,2024,7
Copenhagen,Turkey,2024,199
Copenhagen,USA,2024,3045
Copenhagen,Uganda,2024,16
Copenhagen,Ukraine,2024,925
Copenhagen,United Kingdom,2024,527
Copenhagen,Uruguay,2024,3
Copenhagen,Uzbekistan,2024,2
Copenhagen,Venezuela,2024,16
Copenhagen,Vietnam,2024,62
Copenhagen,Yugoslavia,2024,2
Copenhagen,Zambia,2024,1
Copenhagen,Zimbabwe,2024,8
Dragør,Afghanistan,2024,1
Dragør,Argentina,2024,3
Dragør,Bolivia,2024,1
Dragør,Brazil,2024,1
Dragør,Bulgaria,2024,2
Dragør,Denmark,2024,45
Dragør,Eritrea,2024,2
Dragør,France,2024,1
Dragør,Iraq,2024,2
Dragør,Italy,2024,1
Dragør,Latvia,2024,2
Dragør,Not stated,2024,2
Dragør,Philippines,2024,5
Dragør,Poland,2024,1
Dragør,Republic of North Macedonia,2024,1
Dragør,Spain,2024,1
Dragør,Sri Lanka,2024,1
Dragør,Sweden,2024,4
Dragør,Syria,2024,1
Dragør,Thailand,2024,1
Dragør,USA,2024,3
Dragør,Ukraine,2024,25
Dragør,United Kingdom,2024,1
Egedal,Afghanistan,2024,6
Egedal,Bangladesh,2024,5
Egedal,Bosnia and Herzegovina,2024,1
Egedal,Brazil,2024,1
Egedal,Bulgaria,2024,12
Egedal,China,2024,8
Egedal,Denmark,2024,66
Egedal,Eritrea,2024,5
Egedal,Estonia,2024,5
Egedal,Finland,2024,1
Egedal,France,2024,1
Egedal,Hungary,2024,1
Egedal,Iceland,2024,1
Egedal,India,2024,12
Egedal,Iran,2024,8
Egedal,Ireland,2024,1
Egedal,Italy,2024,5
Egedal,Japan,2024,1
Egedal,Latvia,2024,3
Egedal,Lithuania,2024,12
Egedal,Montenegro,2024,2
Egedal,Nepal,2024,42
Egedal,Nigeria,2024,2
Egedal,Norway,2024,4
Egedal,Not stated,2024,1
Egedal,Pakistan,2024,3
Egedal,Peru,2024,1
Egedal,Philippines,2024,1
Egedal,Poland,2024,10
Egedal,Portugal,2024,1
Egedal,Republic of North Macedonia,2024,3
Egedal,Romania,2024,19
Egedal,Serbia,2024,1
Egedal,Spain,2024,6
Egedal,Sudan,2024,1
Egedal,Sweden,2024,6
Egedal,Switzerland,2024,1
Egedal,Syria,2024,4
Egedal,Tanzania,2024,1
Egedal,Turkey,2024,10
Egedal,USA,2024,6
Egedal,Uganda,2024,1
Egedal,Ukraine,2024,63
Egedal,Vietnam,2024,1
Esbjerg,Afghanistan,2024,3
Esbjerg,Albania,2024,1
Esbjerg,Angola,2024,2
Esbjerg,Argentina,2024,2
Esbjerg,Australia,2024,1
Esbjerg,Austria,2024,1
Esbjerg,Bangladesh,2024,51
Esbjerg,Belgium,2024,14
Esbjerg,Bosnia and Herzegovina,2024,3
Esbjerg,Brazil,2024,5
Esbjerg,Bulgaria,2024,30
Esbjerg,Cameroon,2024,4
Esbjerg,Canada,2024,4
Esbjerg,Chile,2024,4
Esbjerg,China,2024,24
Esbjerg,Colombia,2024,2
Esbjerg,"Congo, Democratic Republic",2024,6
Esbjerg,Croatia,2024,6
Esbjerg,Cyprus,2024,1
Esbjerg,Czech Republic,2024,13
Esbjerg,Denmark,2024,306
Esbjerg,Dominican Republic,2024,1
Esbjerg,Ecuador,2024,1
Esbjerg,Egypt,2024,3
Esbjerg,Eritrea,2024,1
Esbjerg,Ethiopia,2024,3
Esbjerg,Finland,2024,6
Esbjerg,France,2024,33
Esbjerg,Germany,2024,41
Esbjerg,Ghana,2024,7
Esbjerg,Greece,2024,9
Esbjerg,Guyana,2024,1
Esbjerg,Hungary,2024,19
Esbjerg,Iceland,2024,7
Esbjerg,India,2024,14
Esbjerg,Indonesia,2024,8
Esbjerg,Iran,2024,6
Esbjerg,Iraq,2024,2
Esbjerg,Ireland,2024,4
Esbjerg,Italy,2024,29
Esbjerg,Japan,2024,6
Esbjerg,Jordan,2024,1
Esbjerg,Kazakhstan,2024,2
Esbjerg,Kenya,2024,1
Esbjerg,Latvia,2024,7
Esbjerg,Lebanon,2024,2
Esbjerg,Lithuania,2024,9
Esbjerg,Malaysia,2024,1
Esbjerg,Mexico,2024,2
Esbjerg,Moldova,2024,2
Esbjerg,Montenegro,2024,1
Esbjerg,Morocco,2024,1
Esbjerg,Myanmar,2024,2
Esbjerg,Nepal,2024,12
Esbjerg,Netherlands,2024,19
Esbjerg,Nigeria,2024,5
Esbjerg,Norway,2024,21
Esbjerg,Not stated,2024,2
Esbjerg,Pakistan,2024,8
Esbjerg,Paraguay,2024,1
Esbjerg,Peru,2024,1
Esbjerg,Philippines,2024,9
Esbjerg,Poland,2024,82
Esbjerg,Portugal,2024,10
Esbjerg,Romania,2024,55
Esbjerg,Russia,2024,8
Esbjerg,Rwanda,2024,1
Esbjerg,Serbia,2024,3
Esbjerg,Singapore,2024,1
Esbjerg,Slovakia,2024,7
Esbjerg,Slovenia,2024,3
Esbjerg,Somalia,2024,1
Esbjerg,South Africa,2024,7
Esbjerg,South Korea,2024,6
Esbjerg,Spain,2024,34
Esbjerg,Sri Lanka,2024,15
Esbjerg,Stateless,2024,4
Esbjerg,Sweden,2024,15
Esbjerg,Syria,2024,15
Esbjerg,Tanzania,2024,2
Esbjerg,Thailand,2024,4
Esbjerg,Trinidad and Tobago,2024,1
Esbjerg,Tunisia,2024,2
Esbjerg,Turkey,2024,6
Esbjerg,USA,2024,23
Esbjerg,Uganda,2024,10
Esbjerg,Ukraine,2024,186
Esbjerg,United Kingdom,2024,35
Esbjerg,Uzbekistan,2024,3
Esbjerg,Vietnam,2024,46
Esbjerg,Yemen,2024,3
Faaborg-Midtfyn,Austria,2024,1
Faaborg-Midtfyn,Bangladesh,2024,1
Faaborg-Midtfyn,Brazil,2024,4
Faaborg-Midtfyn,Bulgaria,2024,3
Faaborg-Midtfyn,Croatia,2024,2
Faaborg-Midtfyn,Czech Republic,2024,1
Faaborg-Midtfyn,Denmark,2024,112
Faaborg-Midtfyn,Eritrea,2024,3
Faaborg-Midtfyn,Finland,2024,2
Faaborg-Midtfyn,Germany,2024,27
Faaborg-Midtfyn,Greece,2024,1
Faaborg-Midtfyn,Hungary,2024,2
Faaborg-Midtfyn,Iceland,2024,3
Faaborg-Midtfyn,India,2024,8
Faaborg-Midtfyn,Italy,2024,3
Faaborg-Midtfyn,Japan,2024,1
Faaborg-Midtfyn,Lithuania,2024,22
Faaborg-Midtfyn,Moldova,2024,1
Faaborg-Midtfyn,Morocco,2024,1
Faaborg-Midtfyn,Myanmar,2024,1
Faaborg-Midtfyn,Netherlands,2024,7
Faaborg-Midtfyn,Nigeria,2024,1
Faaborg-Midtfyn,Norway,2024,3
Faaborg-Midtfyn,Philippines,2024,3
Faaborg-Midtfyn,Poland,2024,12
Faaborg-Midtfyn,Republic of North Macedonia,2024,1
Faaborg-Midtfyn,Romania,2024,115
Faaborg-Midtfyn,Serbia,2024,1
Faaborg-Midtfyn,Slovakia,2024,1
Faaborg-Midtfyn,South Africa,2024,2
Faaborg-Midtfyn,Spain,2024,2
Faaborg-Midtfyn,Sri Lanka,2024,1
Faaborg-Midtfyn,Sweden,2024,1
Faaborg-Midtfyn,Syria,2024,3
Faaborg-Midtfyn,Thailand,2024,2
Faaborg-Midtfyn,Turkey,2024,6
Faaborg-Midtfyn,USA,2024,1
Faaborg-Midtfyn,Uganda,2024,3
Faaborg-Midtfyn,Ukraine,2024,86
Faaborg-Midtfyn,United Kingdom,2024,3
Faaborg-Midtfyn,Uzbekistan,2024,3
Faaborg-Midtfyn,Vietnam,2024,29
Faaborg-Midtfyn,Zambia,2024,1
Fanø,Bosnia and Herzegovina,2024,1
Fanø,Czech Republic,2024,1
Fanø,Denmark,2024,5
Fanø,Finland,2024,1
Fanø,Germany,2024,2
Fanø,Latvia,2024,1
Fanø,Peru,2024,1
Fanø,Romania,2024,1
Fanø,Ukraine,2024,10
Favrskov,Afghanistan,2024,8
Favrskov,Bangladesh,2024,2
Favrskov,Canada,2024,1
Favrskov,China,2024,2
Favrskov,Denmark,2024,64
Favrskov,Ecuador,2024,1
Favrskov,Eritrea,2024,2
Favrskov,France,2024,1
Favrskov,Germany,2024,7
Favrskov,Greece,2024,1
Favrskov,Hungary,2024,1
Favrskov,Iceland,2024,2
Favrskov,India,2024,3
Favrskov,Latvia,2024,3
Favrskov,Lebanon,2024,1
Favrskov,Lithuania,2024,7
Favrskov,Mexico,2024,2
Favrskov,Nepal,2024,2
Favrskov,New Zealand,2024,1
Favrskov,Nigeria,2024,1
Favrskov,Norway,2024,2
Favrskov,Peru,2024,1
Favrskov,Philippines,2024,2
Favrskov,Poland,2024,25
Favrskov,Portugal,2024,2
Favrskov,Romania,2024,44
Favrskov,Slovakia,2024,1
Favrskov,Spain,2024,1
Favrskov,Sweden,2024,5
Favrskov,Syria,2024,6
Favrskov,Tanzania,2024,3
Favrskov,Thailand,2024,5
Favrskov,Turkey,2024,2
Favrskov,USA,2024,1
Favrskov,Uganda,2024,8
Favrskov,Ukraine,2024,81
Favrskov,United Kingdom,2024,3
Favrskov,Vietnam,2024,9
Faxe,Afghanistan,2024,4
Faxe,Australia,2024,1
Faxe,Bulgaria,2024,18
Faxe,Canada,2024,1
Faxe,Denmark,2024,51
Faxe,Eritrea,2024,1
Faxe,Estonia,2024,1
Faxe,France,2024,1
Faxe,Germany,2024,3
Faxe,Hungary,2024,7
Faxe,Iceland,2024,2
Faxe,India,2024,1
Faxe,Indonesia,2024,1
Faxe,Iran,2024,1
Faxe,Italy,2024,3
Faxe,Kenya,2024,1
Faxe,Latvia,2024,6
Faxe,Lithuania,2024,5
Faxe,Moldova,2024,1
Faxe,Nepal,2024,18
Faxe,Norway,2024,1
Faxe,Not stated,2024,1
Faxe,Pakistan,2024,4
Faxe,Philippines,2024,9
Faxe,Poland,2024,139
Faxe,Portugal,2024,1
Faxe,Romania,2024,31
Faxe,Serbia,2024,1
Faxe,Slovakia,2024,1
Faxe,South Africa,2024,1
Faxe,Spain,2024,2
Faxe,Stateless,2024,1
Faxe,Sweden,2024,2
Faxe,Syria,2024,1
Faxe,Turkey,2024,2
Faxe,USA,2024,1
Faxe,Uganda,2024,1
Faxe,Ukraine,2024,39
Faxe,United Kingdom,2024,1
Faxe,Vietnam,2024,2
Fredensborg,Argentina,2024,3
Fredensborg,Australia,2024,1
Fredensborg,Austria,2024,3
Fredensborg,Bangladesh,2024,5
Fredensborg,Belgium,2024,1
Fredensborg,Bosnia and Herzegovina,2024,1
Fredensborg,Brazil,2024,1
Fredensborg,Bulgaria,2024,22
Fredensborg,Canada,2024,4
Fredensborg,China,2024,3
Fredensborg,Croatia,2024,2
Fredensborg,Denmark,2024,110
Fredensborg,Egypt,2024,2
Fredensborg,Eritrea,2024,4
Fredensborg,Estonia,2024,1
Fredensborg,Finland,2024,2
Fredensborg,France,2024,2
Fredensborg,"Gambia, The",2024,1
Fredensborg,Germany,2024,3
Fredensborg,Greece,2024,1
Fredensborg,Hungary,2024,3
Fredensborg,India,2024,6
Fredensborg,Iran,2024,8
Fredensborg,Iraq,2024,1
Fredensborg,Israel,2024,1
Fredensborg,Italy,2024,4
Fredensborg,Kenya,2024,2
Fredensborg,Latvia,2024,7
Fredensborg,Lithuania,2024,10
Fredensborg,Malaysia,2024,1
Fredensborg,Mauritius,2024,1
Fredensborg,Mexico,2024,1
Fredensborg,Nepal,2024,2
Fredensborg,Netherlands,2024,3
Fredensborg,Nigeria,2024,1
Fredensborg,Norway,2024,10
Fredensborg,Not stated,2024,1
Fredensborg,Pakistan,2024,8
Fredensborg,Philippines,2024,15
Fredensborg,Poland,2024,28
Fredensborg,Portugal,2024,2
Fredensborg,Romania,2024,42
Fredensborg,Senegal,2024,1
Fredensborg,Serbia,2024,1
Fredensborg,Slovenia,2024,1
Fredensborg,South Africa,2024,2
Fredensborg,South Korea,2024,1
Fredensborg,Spain,2024,8
Fredensborg,Stateless,2024,2
Fredensborg,Sweden,2024,9
Fredensborg,Syria,2024,4
Fredensborg,Thailand,2024,2
Fredensborg,Trinidad and Tobago,2024,1
Fredensborg,Turkey,2024,15
Fredensborg,USA,2024,9
Fredensborg,Ukraine,2024,65
Fredensborg,United Kingdom,2024,3
Fredensborg,Zimbabwe,2024,2
Fredericia,Afghanistan,2024,4
Fredericia,Argentina,2024,1
Fredericia,Australia,2024,1
Fredericia,Bangladesh,2024,4
Fredericia,Belgium,2024,8
Fredericia,Bosnia and Herzegovina,2024,1
Fredericia,Brazil,2024,7
Fredericia,Bulgaria,2024,11
Fredericia,China,2024,8
Fredericia,Colombia,2024,3
Fredericia,Croatia,2024,3
Fredericia,Czech Republic,2024,1
Fredericia,Denmark,2024,138
Fredericia,Finland,2024,1
Fredericia,France,2024,3
Fredericia,Germany,2024,14
Fredericia,Ghana,2024,2
Fredericia,Hungary,2024,11
Fredericia,Iceland,2024,5
Fredericia,India,2024,3
Fredericia,Iran,2024,17
Fredericia,Italy,2024,5
Fredericia,Japan,2024,4
Fredericia,Kosovo,2024,2
Fredericia,Kyrgyzstan,2024,1
Fredericia,Latvia,2024,5
Fredericia,Lithuania,2024,5
Fredericia,Malaysia,2024,1
Fredericia,Moldova,2024,1
Fredericia,Nepal,2024,5
Fredericia,Netherlands,2024,4
Fredericia,Norway,2024,13
Fredericia,Not stated,2024,1
Fredericia,Pakistan,2024,4
Fredericia,Paraguay,2024,1
Fredericia,Philippines,2024,4
Fredericia,Poland,2024,35
Fredericia,Portugal,2024,1
Fredericia,Romania,2024,116
Fredericia,Russia,2024,1
Fredericia,Serbia,2024,9
Fredericia,Singapore,2024,1
Fredericia,Somalia,2024,1
Fredericia,Spain,2024,2
Fredericia,Stateless,2024,3
Fredericia,Sweden,2024,6
Fredericia,Syria,2024,5
Fredericia,Thailand,2024,5
Fredericia,Turkey,2024,5
Fredericia,USA,2024,2
Fredericia,Uganda,2024,6
Fredericia,Ukraine,2024,85
Fredericia,United Kingdom,2024,2
Frederiksberg,Afghanistan,2024,1
Frederiksberg,Algeria,2024,4
Frederiksberg,Argentina,2024,15
Frederiksberg,Armenia,2024,3
Frederiksberg,Australia,2024,86
Frederiksberg,Austria,2024,32
Frederiksberg,Azerbaijan,2024,2
Frederiksberg,Bangladesh,2024,5
Frederiksberg,Belarus,2024,1
Frederiksberg,Belgium,2024,34
Frederiksberg,Bosnia and Herzegovina,2024,1
Frederiksberg,Brazil,2024,39
Frederiksberg,Bulgaria,2024,10
Frederiksberg,Cambodia,2024,1
Frederiksberg,Canada,2024,86
Frederiksberg,Chile,2024,12
Frederiksberg,China,2024,172
Frederiksberg,Colombia,2024,4
Frederiksberg,"Congo, Democratic Republic",2024,1
Frederiksberg,Costa Rica,2024,2
Frederiksberg,Croatia,2024,9
Frederiksberg,Cuba,2024,1
Frederiksberg,Cyprus,2024,4
Frederiksberg,Czech Republic,2024,11
Frederiksberg,Denmark,2024,542
Frederiksberg,Dominican Republic,2024,1
Frederiksberg,Ecuador,2024,4
Frederiksberg,Egypt,2024,6
Frederiksberg,El Salvador,2024,1
Frederiksberg,Eritrea,2024,1
Frederiksberg,Estonia,2024,6
Frederiksberg,Ethiopia,2024,4
Frederiksberg,Finland,2024,23
Frederiksberg,France,2024,168
Frederiksberg,Georgia,2024,2
Frederiksberg,Germany,2024,322
Frederiksberg,Ghana,2024,4
Frederiksberg,Greece,2024,36
Frederiksberg,Hungary,2024,18
Frederiksberg,Iceland,2024,31
Frederiksberg,India,2024,107
Frederiksberg,Indonesia,2024,10
Frederiksberg,Iran,2024,33
Frederiksberg,Iraq,2024,1
Frederiksberg,Ireland,2024,33
Frederiksberg,Israel,2024,10
Frederiksberg,Italy,2024,230
Frederiksberg,Japan,2024,31
Frederiksberg,Jordan,2024,1
Frederiksberg,Kazakhstan,2024,1
Frederiksberg,Kenya,2024,13
Frederiksberg,Kosovo,2024,1
Frederiksberg,Laos,2024,2
Frederiksberg,Latvia,2024,8
Frederiksberg,Lebanon,2024,4
Frederiksberg,Libya,2024,1
Frederiksberg,Lithuania,2024,8
Frederiksberg,Luxembourg,2024,1
Frederiksberg,Malawi,2024,1
Frederiksberg,Malaysia,2024,7
Frederiksberg,Mexico,2024,26
Frederiksberg,Morocco,2024,6
Frederiksberg,Nepal,2024,8
Frederiksberg,Netherlands,2024,71
Frederiksberg,New Zealand,2024,27
Frederiksberg,Nigeria,2024,3
Frederiksberg,Norway,2024,160
Frederiksberg,Not stated,2024,8
Frederiksberg,Pakistan,2024,9
Frederiksberg,Peru,2024,3
Frederiksberg,Philippines,2024,18
Frederiksberg,Poland,2024,52
Frederiksberg,Portugal,2024,48
Frederiksberg,Republic of North Macedonia,2024,4
Frederiksberg,Romania,2024,17
Frederiksberg,Russia,2024,12
Frederiksberg,Serbia,2024,8
Frederiksberg,Singapore,2024,48
Frederiksberg,Slovakia,2024,7
Frederiksberg,Slovenia,2024,5
Frederiksberg,Somalia,2024,4
Frederiksberg,South Africa,2024,4
Frederiksberg,South Korea,2024,17
Frederiksberg,Spain,2024,99
Frederiksberg,Stateless,2024,5
Frederiksberg,Sweden,2024,161
Frederiksberg,Switzerland,2024,38
Frederiksberg,Syria,2024,11
Frederiksberg,Taiwan,2024,12
Frederiksberg,Tanzania,2024,5
Frederiksberg,Thailand,2024,19
Frederiksberg,Turkey,2024,32
Frederiksberg,USA,2024,403
Frederiksberg,Uganda,2024,8
Frederiksberg,Ukraine,2024,178
Frederiksberg,United Kingdom,2024,84
Frederiksberg,Uruguay,2024,2
Frederiksberg,Vietnam,2024,6
Frederiksberg,Zimbabwe,2024,1
Frederikshavn,Afghanistan,2024,3
Frederikshavn,Albania,2024,1
Frederikshavn,Australia,2024,2
Frederikshavn,Austria,2024,2
Frederikshavn,Azerbaijan,2024,1
Frederikshavn,Belgium,2024,2
Frederikshavn,Bosnia and Herzegovina,2024,1
Frederikshavn,Brazil,2024,2
Frederikshavn,Bulgaria,2024,12
Frederikshavn,Canada,2024,2
Frederikshavn,China,2024,4
Frederikshavn,Costa Rica,2024,1
Frederikshavn,Croatia,2024,1
Frederikshavn,Czech Republic,2024,1
Frederikshavn,Denmark,2024,157
Frederikshavn,Eritrea,2024,3
Frederikshavn,Ethiopia,2024,1
Frederikshavn,Finland,2024,2
Frederikshavn,Germany,2024,19
Frederikshavn,Greece,2024,1
Frederikshavn,Hungary,2024,5
Frederikshavn,Iceland,2024,3
Frederikshavn,India,2024,4
Frederikshavn,Iran,2024,1
Frederikshavn,Iraq,2024,1
Frederikshavn,Italy,2024,9
Frederikshavn,Kosovo,2024,1
Frederikshavn,Latvia,2024,2
Frederikshavn,Lithuania,2024,12
Frederikshavn,Mexico,2024,5
Frederikshavn,Myanmar,2024,1
Frederikshavn,Nepal,2024,3
Frederikshavn,Netherlands,2024,2
Frederikshavn,Norway,2024,25
Frederikshavn,Philippines,2024,17
Frederikshavn,Poland,2024,50
Frederikshavn,Portugal,2024,4
Frederikshavn,Romania,2024,133
Frederikshavn,Russia,2024,1
Frederikshavn,Slovakia,2024,1
Frederikshavn,South Africa,2024,1
Frederikshavn,Spain,2024,2
Frederikshavn,Sri Lanka,2024,1
Frederikshavn,Sweden,2024,18
Frederikshavn,Syria,2024,3
Frederikshavn,Thailand,2024,4
Frederikshavn,Turkey,2024,2
Frederikshavn,USA,2024,3
Frederikshavn,Uganda,2024,12
Frederikshavn,Ukraine,2024,76
Frederikshavn,Vietnam,2024,10
Frederikssund,Afghanistan,2024,4
Frederikssund,Argentina,2024,1
Frederikssund,Australia,2024,1
Frederikssund,Bangladesh,2024,5
Frederikssund,Belarus,2024,1
Frederikssund,Brazil,2024,1
Frederikssund,Bulgaria,2024,18
Frederikssund,Cameroon,2024,3
Frederikssund,Canada,2024,1
Frederikssund,Chile,2024,2
Frederikssund,China,2024,4
Frederikssund,Denmark,2024,94
Frederikssund,Finland,2024,1
Frederikssund,Germany,2024,2
Frederikssund,Ghana,2024,1
Frederikssund,Hungary,2024,1
Frederikssund,India,2024,3
Frederikssund,Iran,2024,24
Frederikssund,Ireland,2024,11
Frederikssund,Israel,2024,2
Frederikssund,Italy,2024,2
Frederikssund,Jordan,2024,1
Frederikssund,Latvia,2024,4
Frederikssund,Lithuania,2024,4
Frederikssund,Nepal,2024,4
Frederikssund,Netherlands,2024,3
Frederikssund,New Zealand,2024,1
Frederikssund,Nigeria,2024,5
Frederikssund,Pakistan,2024,3
Frederikssund,Philippines,2024,7
Frederikssund,Poland,2024,21
Frederikssund,Portugal,2024,4
Frederikssund,Romania,2024,45
Frederikssund,Serbia,2024,1
Frederikssund,South Africa,2024,6
Frederikssund,Spain,2024,5
Frederikssund,Sri Lanka,2024,2
Frederikssund,Stateless,2024,2
Frederikssund,Sweden,2024,7
Frederikssund,Switzerland,2024,1
Frederikssund,Syria,2024,4
Frederikssund,Taiwan,2024,1
Frederikssund,Thailand,2024,3
Frederikssund,Turkey,2024,3
Frederikssund,USA,2024,4
Frederikssund,Ukraine,2024,70
Frederikssund,United Kingdom,2024,5
Frederikssund,Vietnam,2024,1
Furesø,Afghanistan,2024,2
Furesø,Bangladesh,2024,2
Furesø,Belgium,2024,2
Furesø,Bulgaria,2024,17
Furesø,Burkina Faso,2024,1
Furesø,Cameroon,2024,2
Furesø,Canada,2024,3
Furesø,China,2024,17
Furesø,Croatia,2024,1
Furesø,Czech Republic,2024,1
Furesø,Denmark,2024,117
Furesø,Eritrea,2024,2
Furesø,Finland,2024,3
Furesø,France,2024,2
Furesø,Germany,2024,3
Furesø,Ghana,2024,7
Furesø,Greece,2024,4
Furesø,Hungary,2024,11
Furesø,Iceland,2024,4
Furesø,India,2024,15
Furesø,Iran,2024,2
Furesø,Ireland,2024,4
Furesø,Italy,2024,9
Furesø,Ivory Coast,2024,2
Furesø,Japan,2024,1
Furesø,Jordan,2024,1
Furesø,Kenya,2024,3
Furesø,Latvia,2024,2
Furesø,Lithuania,2024,4
Furesø,Mexico,2024,1
Furesø,Nepal,2024,32
Furesø,Netherlands,2024,3
Furesø,Nigeria,2024,4
Furesø,Norway,2024,2
Furesø,Not stated,2024,2
Furesø,Pakistan,2024,6
Furesø,Philippines,2024,5
Furesø,Poland,2024,22
Furesø,Portugal,2024,2
Furesø,Republic of North Macedonia,2024,2
Furesø,Romania,2024,15
Furesø,South Africa,2024,2
Furesø,Spain,2024,8
Furesø,Stateless,2024,1
Furesø,Sweden,2024,12
Furesø,Turkey,2024,12
Furesø,USA,2024,6
Furesø,Uganda,2024,3
Furesø,Ukraine,2024,65
Furesø,United Kingdom,2024,4
Gentofte,Afghanistan,2024,3
Gentofte,Argentina,2024,7
Gentofte,Australia,2024,13
Gentofte,Austria,2024,5
Gentofte,Azerbaijan,2024,1
Gentofte,Bangladesh,2024,11
Gentofte,Belarus,2024,1
Gentofte,Belgium,2024,9
Gentofte,Bosnia and Herzegovina,2024,2
Gentofte,Brazil,2024,8
Gentofte,Bulgaria,2024,2
Gentofte,Canada,2024,8
Gentofte,Chile,2024,15
Gentofte,China,2024,34
Gentofte,Colombia,2024,3
Gentofte,Croatia,2024,7
Gentofte,Czech Republic,2024,6
Gentofte,Denmark,2024,384
Gentofte,Egypt,2024,3
Gentofte,Estonia,2024,6
Gentofte,Ethiopia,2024,1
Gentofte,Finland,2024,13
Gentofte,France,2024,37
Gentofte,Georgia,2024,1
Gentofte,Germany,2024,46
Gentofte,Ghana,2024,1
Gentofte,Greece,2024,8
Gentofte,Guatemala,2024,1
Gentofte,Hungary,2024,14
Gentofte,Iceland,2024,13
Gentofte,India,2024,41
Gentofte,Indonesia,2024,3
Gentofte,Iran,2024,34
Gentofte,Iraq,2024,1
Gentofte,Ireland,2024,8
Gentofte,Israel,2024,5
Gentofte,Italy,2024,54
Gentofte,Japan,2024,11
Gentofte,Kenya,2024,1
Gentofte,Kosovo,2024,2
Gentofte,Latvia,2024,1
Gentofte,Lebanon,2024,3
Gentofte,Lithuania,2024,9
Gentofte,Luxembourg,2024,1
Gentofte,Malta,2024,1
Gentofte,Mexico,2024,9
Gentofte,Morocco,2024,2
Gentofte,Myanmar,2024,3
Gentofte,Namibia,2024,1
Gentofte,Nepal,2024,6
Gentofte,Netherlands,2024,9
Gentofte,Nigeria,2024,1
Gentofte,Norway,2024,24
Gentofte,Not stated,2024,1
Gentofte,Pakistan,2024,11
Gentofte,Panama,2024,1
Gentofte,Philippines,2024,124
Gentofte,Poland,2024,27
Gentofte,Portugal,2024,17
Gentofte,Republic of North Macedonia,2024,3
Gentofte,Romania,2024,12
Gentofte,Russia,2024,7
Gentofte,Senegal,2024,1
Gentofte,Serbia,2024,1
Gentofte,Singapore,2024,2
Gentofte,Slovakia,2024,6
Gentofte,South Africa,2024,4
Gentofte,South Korea,2024,6
Gentofte,Spain,2024,34
Gentofte,Sri Lanka,2024,6
Gentofte,Stateless,2024,3
Gentofte,Sweden,2024,31
Gentofte,Switzerland,2024,13
Gentofte,Syria,2024,20
Gentofte,Thailand,2024,7
Gentofte,Turkey,2024,6
Gentofte,USA,2024,34
Gentofte,Ukraine,2024,123
Gentofte,United Kingdom,2024,33
Gentofte,Vietnam,2024,4
Gentofte,Zimbabwe,2024,1
Gladsaxe,Afghanistan,2024,8
Gladsaxe,Albania,2024,2
Gladsaxe,Algeria,2024,1
Gladsaxe,Argentina,2024,8
Gladsaxe,Australia,2024,2
Gladsaxe,Austria,2024,2
Gladsaxe,Bangladesh,2024,56
Gladsaxe,Belarus,2024,2
Gladsaxe,Belgium,2024,2
Gladsaxe,Bosnia and Herzegovina,2024,1
Gladsaxe,Brazil,2024,17
Gladsaxe,Bulgaria,2024,31
Gladsaxe,Cameroon,2024,4
Gladsaxe,Canada,2024,2
Gladsaxe,Chile,2024,12
Gladsaxe,China,2024,40
Gladsaxe,Colombia,2024,1
Gladsaxe,Croatia,2024,5
Gladsaxe,Cyprus,2024,2
Gladsaxe,Czech Republic,2024,1
Gladsaxe,Denmark,2024,231
Gladsaxe,Ecuador,2024,1
Gladsaxe,Egypt,2024,2
Gladsaxe,Estonia,2024,6
Gladsaxe,Finland,2024,9
Gladsaxe,France,2024,22
Gladsaxe,Germany,2024,37
Gladsaxe,Ghana,2024,3
Gladsaxe,Greece,2024,17
Gladsaxe,Guinea,2024,1
Gladsaxe,Hungary,2024,18
Gladsaxe,Iceland,2024,24
Gladsaxe,India,2024,120
Gladsaxe,Indonesia,2024,13
Gladsaxe,Iran,2024,120
Gladsaxe,Ireland,2024,20
Gladsaxe,Israel,2024,2
Gladsaxe,Italy,2024,50
Gladsaxe,Japan,2024,8
Gladsaxe,Kenya,2024,3
Gladsaxe,Kosovo,2024,2
Gladsaxe,Latvia,2024,5
Gladsaxe,Lebanon,2024,11
Gladsaxe,Lithuania,2024,15
Gladsaxe,Malaysia,2024,4
Gladsaxe,Mexico,2024,8
Gladsaxe,Montenegro,2024,4
Gladsaxe,Morocco,2024,2
Gladsaxe,Nepal,2024,121
Gladsaxe,Netherlands,2024,7
Gladsaxe,Nigeria,2024,5
Gladsaxe,Norway,2024,15
Gladsaxe,Pakistan,2024,50
Gladsaxe,Peru,2024,1
Gladsaxe,Philippines,2024,11
Gladsaxe,Poland,2024,60
Gladsaxe,Portugal,2024,15
Gladsaxe,Republic of North Macedonia,2024,2
Gladsaxe,Romania,2024,64
Gladsaxe,Russia,2024,7
Gladsaxe,Serbia,2024,3
Gladsaxe,Slovakia,2024,6
Gladsaxe,South Korea,2024,2
Gladsaxe,Spain,2024,37
Gladsaxe,Sri Lanka,2024,2
Gladsaxe,Stateless,2024,2
Gladsaxe,Sweden,2024,24
Gladsaxe,Switzerland,2024,1
Gladsaxe,Syria,2024,8
Gladsaxe,Taiwan,2024,1
Gladsaxe,Thailand,2024,2
Gladsaxe,Turkey,2024,18
Gladsaxe,USA,2024,19
Gladsaxe,Uganda,2024,4
Gladsaxe,Ukraine,2024,116
Gladsaxe,United Kingdom,2024,11
Gladsaxe,Venezuela,2024,2
Gladsaxe,Vietnam,2024,5
Glostrup,Argentina,2024,2
Glostrup,Australia,2024,1
Glostrup,Azerbaijan,2024,6
Glostrup,Bangladesh,2024,39
Glostrup,Belgium,2024,1
Glostrup,Brazil,2024,4
Glostrup,Bulgaria,2024,16
Glostrup,Cameroon,2024,2
Glostrup,Chile,2024,1
Glostrup,China,2024,19
Glostrup,Croatia,2024,2
Glostrup,Cyprus,2024,1
Glostrup,Czech Republic,2024,2
Glostrup,Denmark,2024,74
Glostrup,Egypt,2024,6
Glostrup,Estonia,2024,1
Glostrup,France,2024,4
Glostrup,Germany,2024,4
Glostrup,Ghana,2024,6
Glostrup,Greece,2024,4
Glostrup,Hungary,2024,13
Glostrup,Iceland,2024,11
Glostrup,India,2024,36
Glostrup,Indonesia,2024,5
Glostrup,Iran,2024,93
Glostrup,Iraq,2024,1
Glostrup,Ireland,2024,1
Glostrup,Italy,2024,16
Glostrup,Ivory Coast,2024,2
Glostrup,Kazakhstan,2024,1
Glostrup,Kosovo,2024,1
Glostrup,Latvia,2024,1
Glostrup,Lithuania,2024,5
Glostrup,Malaysia,2024,1
Glostrup,Morocco,2024,2
Glostrup,Nepal,2024,145
Glostrup,Netherlands,2024,2
Glostrup,Nigeria,2024,1
Glostrup,Norway,2024,2
Glostrup,Not stated,2024,1
Glostrup,Pakistan,2024,17
Glostrup,Philippines,2024,7
Glostrup,Poland,2024,6
Glostrup,Portugal,2024,20
Glostrup,Republic of North Macedonia,2024,3
Glostrup,Romania,2024,56
Glostrup,Russia,2024,2
Glostrup,Serbia,2024,4
Glostrup,Slovakia,2024,3
Glostrup,South Africa,2024,2
Glostrup,South Korea,2024,2
Glostrup,Spain,2024,15
Glostrup,Sri Lanka,2024,12
Glostrup,Sweden,2024,17
Glostrup,Turkey,2024,13
Glostrup,USA,2024,10
Glostrup,Ukraine,2024,39
Glostrup,United Kingdom,2024,1
Glostrup,Vietnam,2024,1
Greve,Albania,2024,8
Greve,Argentina,2024,1
Greve,Azerbaijan,2024,1
Greve,Bangladesh,2024,20
Greve,Belgium,2024,3
Greve,Bulgaria,2024,35
Greve,Cameroon,2024,1
Greve,Canada,2024,1
Greve,China,2024,11
Greve,Croatia,2024,3
Greve,Cyprus,2024,2
Greve,Czech Republic,2024,6
Greve,Denmark,2024,105
Greve,Egypt,2024,2
Greve,Ethiopia,2024,4
Greve,France,2024,7
Greve,Germany,2024,13
Greve,Ghana,2024,2
Greve,Greece,2024,3
Greve,Hungary,2024,7
Greve,India,2024,22
Greve,Indonesia,2024,1
Greve,Iran,2024,13
Greve,Iraq,2024,3
Greve,Ireland,2024,5
Greve,Italy,2024,15
Greve,Ivory Coast,2024,1
Greve,Japan,2024,6
Greve,Latvia,2024,4
Greve,Lebanon,2024,2
Greve,Lithuania,2024,3
Greve,Mexico,2024,3
Greve,Nepal,2024,63
Greve,Netherlands,2024,4
Greve,Nigeria,2024,1
Greve,Norway,2024,4
Greve,Not stated,2024,1
Greve,Pakistan,2024,19
Greve,Panama,2024,1
Greve,Peru,2024,2
Greve,Philippines,2024,5
Greve,Poland,2024,52
Greve,Portugal,2024,12
Greve,Romania,2024,40
Greve,Serbia,2024,3
Greve,Slovakia,2024,2
Greve,Somalia,2024,1
Greve,South Africa,2024,2
Greve,South Korea,2024,1
Greve,Spain,2024,3
Greve,Sri Lanka,2024,1
Greve,Stateless,2024,1
Greve,Sweden,2024,19
Greve,Switzerland,2024,2
Greve,Syria,2024,4
Greve,Turkey,2024,17
Greve,USA,2024,18
Greve,Ukraine,2024,85
Greve,United Kingdom,2024,4
Greve,Vietnam,2024,5
Gribskov,Afghanistan,2024,1
Gribskov,Austria,2024,1
Gribskov,Bangladesh,2024,3
Gribskov,Bolivia,2024,1
Gribskov,Brazil,2024,1
Gribskov,Bulgaria,2024,22
Gribskov,China,2024,4
Gribskov,Colombia,2024,1
Gribskov,"Congo, Democratic Republic",2024,1
Gribskov,Czech Republic,2024,1
Gribskov,Denmark,2024,152
Gribskov,Eritrea,2024,2
Gribskov,Finland,2024,2
Gribskov,Germany,2024,6
Gribskov,Greece,2024,1
Gribskov,Hungary,2024,8
Gribskov,Iceland,2024,8
Gribskov,India,2024,1
Gribskov,Iran,2024,1
Gribskov,Iraq,2024,4
Gribskov,Italy,2024,9
Gribskov,Kenya,2024,4
Gribskov,Latvia,2024,6
Gribskov,Lebanon,2024,1
Gribskov,Lithuania,2024,11
Gribskov,Mexico,2024,1
Gribskov,Nepal,2024,13
Gribskov,Netherlands,2024,2
Gribskov,New Zealand,2024,1
Gribskov,Norway,2024,5
Gribskov,Pakistan,2024,1
Gribskov,Philippines,2024,4
Gribskov,Poland,2024,38
Gribskov,Portugal,2024,2
Gribskov,Romania,2024,51
Gribskov,Russia,2024,2
Gribskov,Serbia,2024,4
Gribskov,Slovenia,2024,1
Gribskov,Spain,2024,1
Gribskov,Stateless,2024,1
Gribskov,Sweden,2024,10
Gribskov,Syria,2024,12
Gribskov,Thailand,2024,3
Gribskov,Turkey,2024,3
Gribskov,USA,2024,6
Gribskov,Uganda,2024,1
Gribskov,Ukraine,2024,64
Gribskov,United Kingdom,2024,2
Gribskov,Vietnam,2024,2
Guldborgsund,Antigua and Barbuda,2024,1
Guldborgsund,Argentina,2024,1
Guldborgsund,Austria,2024,1
Guldborgsund,Belgium,2024,3
Guldborgsund,Bosnia and Herzegovina,2024,1
Guldborgsund,Bulgaria,2024,26
Guldborgsund,Chile,2024,2
Guldborgsund,China,2024,11
Guldborgsund,"Congo, Democratic Republic",2024,4
Guldborgsund,Croatia,2024,2
Guldborgsund,Cyprus,2024,1
Guldborgsund,Denmark,2024,119
Guldborgsund,Eritrea,2024,6
Guldborgsund,France,2024,5
Guldborgsund,Germany,2024,12
Guldborgsund,Greece,2024,3
Guldborgsund,Hungary,2024,5
Guldborgsund,Iceland,2024,3
Guldborgsund,India,2024,2
Guldborgsund,Iran,2024,4
Guldborgsund,Iraq,2024,1
Guldborgsund,Italy,2024,15
Guldborgsund,Kenya,2024,3
Guldborgsund,Kyrgyzstan,2024,5
Guldborgsund,Latvia,2024,3
Guldborgsund,Lebanon,2024,1
Guldborgsund,Lithuania,2024,6
Guldborgsund,Morocco,2024,3
Guldborgsund,Namibia,2024,1
Guldborgsund,Nepal,2024,1
Guldborgsund,Netherlands,2024,10
Guldborgsund,Norway,2024,5
Guldborgsund,Not stated,2024,3
Guldborgsund,Peru,2024,2
Guldborgsund,Philippines,2024,7
Guldborgsund,Poland,2024,24
Guldborgsund,Portugal,2024,15
Guldborgsund,Romania,2024,84
Guldborgsund,Serbia,2024,3
Guldborgsund,Somalia,2024,3
Guldborgsund,Spain,2024,5
Guldborgsund,Sri Lanka,2024,5
Guldborgsund,Sweden,2024,12
Guldborgsund,Syria,2024,5
Guldborgsund,Tanzania,2024,2
Guldborgsund,Thailand,2024,5
Guldborgsund,Turkey,2024,21
Guldborgsund,USA,2024,2
Guldborgsund,Uganda,2024,8
Guldborgsund,Ukraine,2024,81
Guldborgsund,United Kingdom,2024,1
Guldborgsund,Vietnam,2024,3
Haderslev,Afghanistan,2024,1
Haderslev,Argentina,2024,1
Haderslev,Austria,2024,4
Haderslev,Belarus,2024,1
Haderslev,Belgium,2024,4
Haderslev,Bosnia and Herzegovina,2024,1
Haderslev,Brazil,2024,8
Haderslev,Bulgaria,2024,4
Haderslev,Cameroon,2024,1
Haderslev,Canada,2024,1
Haderslev,China,2024,11
Haderslev,Czech Republic,2024,5
Haderslev,Denmark,2024,149
Haderslev,Egypt,2024,1
Haderslev,Finland,2024,3
Haderslev,France,2024,3
Haderslev,Germany,2024,123
Haderslev,Greece,2024,2
Haderslev,Hungary,2024,14
Haderslev,India,2024,4
Haderslev,Indonesia,2024,2
Haderslev,Iran,2024,2
Haderslev,Ireland,2024,2
Haderslev,Italy,2024,17
Haderslev,Japan,2024,6
Haderslev,Kenya,2024,1
Haderslev,Kosovo,2024,5
Haderslev,Latvia,2024,14
Haderslev,Lebanon,2024,2
Haderslev,Lithuania,2024,6
Haderslev,Netherlands,2024,12
Haderslev,Nigeria,2024,1
Haderslev,Norway,2024,6
Haderslev,Philippines,2024,5
Haderslev,Poland,2024,28
Haderslev,Portugal,2024,2
Haderslev,Republic of North Macedonia,2024,1
Haderslev,Romania,2024,74
Haderslev,Russia,2024,4
Haderslev,Serbia,2024,4
Haderslev,Slovakia,2024,2
Haderslev,South Africa,2024,1
Haderslev,Spain,2024,8
Haderslev,Sweden,2024,15
Haderslev,Switzerland,2024,4
Haderslev,Syria,2024,11
Haderslev,Tanzania,2024,5
Haderslev,Thailand,2024,6
Haderslev,Turkey,2024,1
Haderslev,USA,2024,1
Haderslev,Uganda,2024,15
Haderslev,Ukraine,2024,71
Haderslev,United Kingdom,2024,5
Haderslev,Uzbekistan,2024,1
Haderslev,Vietnam,2024,29
Halsnæs,Bangladesh,2024,1
Halsnæs,Bulgaria,2024,6
Halsnæs,Canada,2024,2
Halsnæs,China,2024,12
Halsnæs,Croatia,2024,2
Halsnæs,Denmark,2024,75
Halsnæs,Eritrea,2024,5
Halsnæs,Finland,2024,1
Halsnæs,Germany,2024,7
Halsnæs,Hungary,2024,4
Halsnæs,Iceland,2024,1
Halsnæs,India,2024,12
Halsnæs,Iran,2024,7
Halsnæs,Ireland,2024,1
Halsnæs,Israel,2024,1
Halsnæs,Italy,2024,3
Halsnæs,Latvia,2024,20
Halsnæs,Lithuania,2024,14
Halsnæs,Netherlands,2024,1
Halsnæs,New Zealand,2024,1
Halsnæs,Norway,2024,1
Halsnæs,Pakistan,2024,3
Halsnæs,Philippines,2024,4
Halsnæs,Poland,2024,21
Halsnæs,Portugal,2024,5
Halsnæs,Republic of North Macedonia,2024,6
Halsnæs,Romania,2024,99
Halsnæs,Russia,2024,3
Halsnæs,Serbia,2024,3
Halsnæs,South Africa,2024,1
Halsnæs,Spain,2024,5
Halsnæs,Sri Lanka,2024,3
Halsnæs,Sweden,2024,7
Halsnæs,Syria,2024,10
Halsnæs,Thailand,2024,2
Halsnæs,Tunisia,2024,1
Halsnæs,Turkey,2024,2
Halsnæs,Ukraine,2024,39
Halsnæs,Yugoslavia,2024,2
Hedensted,Australia,2024,1
Hedensted,Brazil,2024,1
Hedensted,Bulgaria,2024,3
Hedensted,Burundi,2024,1
Hedensted,Canada,2024,2
Hedensted,Cape Verde,2024,1
Hedensted,China,2024,2
Hedensted,Czech Republic,2024,1
Hedensted,Denmark,2024,139
Hedensted,Estonia,2024,1
Hedensted,Germany,2024,15
Hedensted,Greece,2024,1
Hedensted,Hungary,2024,5
Hedensted,Iceland,2024,6
Hedensted,Iran,2024,1
Hedensted,Iraq,2024,2
Hedensted,Ireland,2024,1
Hedensted,Italy,2024,4
Hedensted,Japan,2024,3
Hedensted,Kenya,2024,2
Hedensted,Latvia,2024,21
Hedensted,Lithuania,2024,12
Hedensted,Myanmar,2024,1
Hedensted,New Zealand,2024,1
Hedensted,Norway,2024,3
Hedensted,Philippines,2024,2
Hedensted,Poland,2024,45
Hedensted,Portugal,2024,3
Hedensted,Romania,2024,89
Hedensted,Serbia,2024,1
Hedensted,South Africa,2024,2
Hedensted,South Korea,2024,1
Hedensted,Spain,2024,3
Hedensted,Sweden,2024,7
Hedensted,Syria,2024,16
Hedensted,Tanzania,2024,2
Hedensted,Thailand,2024,3
Hedensted,Turkey,2024,1
Hedensted,USA,2024,2
Hedensted,Uganda,2024,3
Hedensted,Ukraine,2024,59
Hedensted,United Kingdom,2024,1
Helsingør,Argentina,2024,1
Helsingør,Australia,2024,1
Helsingør,Austria,2024,1
Helsingør,Bangladesh,2024,9
Helsingør,Belarus,2024,1
Helsingør,Belgium,2024,21
Helsingør,Brazil,2024,6
Helsingør,Bulgaria,2024,1
Helsingør,Cambodia,2024,1
Helsingør,Canada,2024,5
Helsingør,Chile,2024,2
Helsingør,China,2024,3
Helsingør,Croatia,2024,1
Helsingør,Denmark,2024,221
Helsingør,Ecuador,2024,1
Helsingør,Egypt,2024,2
Helsingør,Eritrea,2024,3
Helsingør,Finland,2024,1
Helsingør,France,2024,15
Helsingør,Germany,2024,20
Helsingør,Ghana,2024,1
Helsingør,Greece,2024,1
Helsingør,Guatemala,2024,1
Helsingør,Iceland,2024,2
Helsingør,India,2024,11
Helsingør,Indonesia,2024,1
Helsingør,Iran,2024,9
Helsingør,Ireland,2024,1
Helsingør,Italy,2024,19
Helsingør,Japan,2024,22
Helsingør,Kenya,2024,2
Helsingør,Latvia,2024,1
Helsingør,Lebanon,2024,2
Helsingør,Lithuania,2024,20
Helsingør,Mexico,2024,8
Helsingør,Morocco,2024,2
Helsingør,Nepal,2024,1
Helsingør,Netherlands,2024,16
Helsingør,Nigeria,2024,1
Helsingør,Norway,2024,2
Helsingør,Not stated,2024,1
Helsingør,Pakistan,2024,2
Helsingør,Philippines,2024,6
Helsingør,Poland,2024,7
Helsingør,Portugal,2024,2
Helsingør,Romania,2024,27
Helsingør,Senegal,2024,2
Helsingør,Serbia,2024,6
Helsingør,South Africa,2024,3
Helsingør,South Korea,2024,11
Helsingør,Spain,2024,20
Helsingør,Stateless,2024,7
Helsingør,Sweden,2024,29
Helsingør,Switzerland,2024,3
Helsingør,Syria,2024,9
Helsingør,Thailand,2024,4
Helsingør,Turkey,2024,8
Helsingør,USA,2024,19
Helsingør,Uganda,2024,1
Helsingør,Ukraine,2024,94
Helsingør,United Kingdom,2024,10
Helsingør,Uzbekistan,2024,1
Helsingør,Vietnam,2024,11
Helsingør,"Yugoslavia, Federal Republic",2024,1
Herlev,Afghanistan,2024,1
Herlev,Albania,2024,1
Herlev,Argentina,2024,5
Herlev,Australia,2024,1
Herlev,Austria,2024,1
Herlev,Azerbaijan,2024,7
Herlev,Bangladesh,2024,21
Herlev,Belgium,2024,2
Herlev,Brazil,2024,5
Herlev,Bulgaria,2024,11
Herlev,Cameroon,2024,1
Herlev,Canada,2024,3
Herlev,China,2024,19
Herlev,Croatia,2024,4
Herlev,Cyprus,2024,2
Herlev,Czech Republic,2024,1
Herlev,Denmark,2024,67
Herlev,Egypt,2024,6
Herlev,France,2024,1
Herlev,Georgia,2024,1
Herlev,Germany,2024,4
Herlev,Ghana,2024,12
Herlev,Greece,2024,8
Herlev,Hungary,2024,1
Herlev,Iceland,2024,3
Herlev,India,2024,55
Herlev,Indonesia,2024,1
Herlev,Iran,2024,62
Herlev,Iraq,2024,1
Herlev,Ireland,2024,1
Herlev,Italy,2024,8
Herlev,Japan,2024,2
Herlev,Kenya,2024,1
Herlev,Latvia,2024,2
Herlev,Lebanon,2024,5
Herlev,Lithuania,2024,2
Herlev,Malaysia,2024,1
Herlev,Montenegro,2024,1
Herlev,Morocco,2024,1
Herlev,Nepal,2024,68
Herlev,Netherlands,2024,3
Herlev,Nigeria,2024,1
Herlev,Norway,2024,6
Herlev,Not stated,2024,3
Herlev,Pakistan,2024,9
Herlev,Philippines,2024,9
Herlev,Poland,2024,8
Herlev,Portugal,2024,7
Herlev,Republic of North Macedonia,2024,5
Herlev,Romania,2024,13
Herlev,Russia,2024,1
Herlev,Serbia,2024,3
Herlev,South Africa,2024,3
Herlev,Spain,2024,10
Herlev,Sweden,2024,22
Herlev,Switzerland,2024,1
Herlev,Syria,2024,2
Herlev,Taiwan,2024,1
Herlev,Thailand,2024,5
Herlev,Turkey,2024,3
Herlev,USA,2024,6
Herlev,Uganda,2024,1
Herlev,Ukraine,2024,48
Herlev,United Kingdom,2024,1
Herlev,Venezuela,2024,1
Herlev,Vietnam,2024,5
Herning,Afghanistan,2024,9
Herning,Argentina,2024,2
Herning,Armenia,2024,1
Herning,Australia,2024,2
Herning,Azerbaijan,2024,1
Herning,Bangladesh,2024,5
Herning,Belarus,2024,1
Herning,Belgium,2024,1
Herning,Benin,2024,1
Herning,Bosnia and Herzegovina,2024,2
Herning,Brazil,2024,1
Herning,Bulgaria,2024,39
Herning,Canada,2024,13
Herning,Chile,2024,1
Herning,China,2024,7
Herning,Cyprus,2024,1
Herning,Czech Republic,2024,20
Herning,Denmark,2024,179
Herning,Ecuador,2024,1
Herning,Eritrea,2024,2
Herning,Finland,2024,2
Herning,France,2024,6
Herning,Germany,2024,14
Herning,Ghana,2024,2
Herning,Greece,2024,4
Herning,Hungary,2024,23
Herning,Iceland,2024,9
Herning,India,2024,3
Herning,Indonesia,2024,3
Herning,Iran,2024,52
Herning,Iraq,2024,1
Herning,Israel,2024,4
Herning,Italy,2024,17
Herning,Japan,2024,3
Herning,Kenya,2024,7
Herning,Latvia,2024,26
Herning,Lebanon,2024,1
Herning,Lithuania,2024,9
Herning,Malaysia,2024,1
Herning,Mexico,2024,2
Herning,Morocco,2024,1
Herning,Nepal,2024,5
Herning,Netherlands,2024,11
Herning,New Zealand,2024,1
Herning,Norway,2024,9
Herning,Not stated,2024,3
Herning,Pakistan,2024,7
Herning,Paraguay,2024,2
Herning,Philippines,2024,6
Herning,Poland,2024,61
Herning,Portugal,2024,5
Herning,Romania,2024,79
Herning,Russia,2024,1
Herning,Serbia and Montenegro,2024,1
Herning,Slovakia,2024,21
Herning,Somalia,2024,1
Herning,Spain,2024,13
Herning,Sri Lanka,2024,87
Herning,Stateless,2024,1
Herning,Sweden,2024,11
Herning,Switzerland,2024,2
Herning,Syria,2024,30
Herning,Tanzania,2024,3
Herning,Thailand,2024,5
Herning,Turkey,2024,14
Herning,USA,2024,10
Herning,Uganda,2024,12
Herning,Ukraine,2024,118
Herning,United Kingdom,2024,4
Herning,Uzbekistan,2024,4
Herning,Vietnam,2024,10
Herning,Zambia,2024,1
Hillerød,Australia,2024,1
Hillerød,Azerbaijan,2024,1
Hillerød,Bangladesh,2024,8
Hillerød,Belgium,2024,2
Hillerød,Brazil,2024,5
Hillerød,Bulgaria,2024,25
Hillerød,Canada,2024,1
Hillerød,Chile,2024,2
Hillerød,China,2024,26
Hillerød,Colombia,2024,1
Hillerød,Croatia,2024,4
Hillerød,Czech Republic,2024,3
Hillerød,Denmark,2024,158
Hillerød,Egypt,2024,1
Hillerød,Estonia,2024,9
Hillerød,Finland,2024,3
Hillerød,France,2024,5
Hillerød,Germany,2024,7
Hillerød,Greece,2024,3
Hillerød,Guatemala,2024,1
Hillerød,Hungary,2024,8
Hillerød,Iceland,2024,8
Hillerød,India,2024,12
Hillerød,Indonesia,2024,1
Hillerød,Iran,2024,16
Hillerød,Ireland,2024,86
Hillerød,Italy,2024,7
Hillerød,Japan,2024,2
Hillerød,Latvia,2024,5
Hillerød,Lithuania,2024,20
Hillerød,Malaysia,2024,1
Hillerød,Mexico,2024,1
Hillerød,Montenegro,2024,1
Hillerød,Nepal,2024,4
Hillerød,Netherlands,2024,4
Hillerød,New Zealand,2024,1
Hillerød,Nigeria,2024,1
Hillerød,Norway,2024,5
Hillerød,Not stated,2024,4
Hillerød,Pakistan,2024,3
Hillerød,Philippines,2024,12
Hillerød,Poland,2024,80
Hillerød,Portugal,2024,6
Hillerød,Republic of North Macedonia,2024,2
Hillerød,Romania,2024,93
Hillerød,Russia,2024,1
Hillerød,Serbia,2024,3
Hillerød,Slovakia,2024,2
Hillerød,South Africa,2024,7
Hillerød,Spain,2024,8
Hillerød,Stateless,2024,2
Hillerød,Sweden,2024,11
Hillerød,Syria,2024,21
Hillerød,Turkey,2024,7
Hillerød,USA,2024,9
Hillerød,Uganda,2024,1
Hillerød,Ukraine,2024,86
Hillerød,United Kingdom,2024,29
Hillerød,Vietnam,2024,5
Hjørring,Afghanistan,2024,1
Hjørring,Africa not stated,2024,1
Hjørring,Algeria,2024,1
Hjørring,Argentina,2024,3
Hjørring,Bangladesh,2024,2
Hjørring,Belgium,2024,9
Hjørring,Brazil,2024,3
Hjørring,Bulgaria,2024,10
Hjørring,Cambodia,2024,1
Hjørring,Chile,2024,2
Hjørring,China,2024,3
Hjørring,"Congo, Democratic Republic",2024,7
Hjørring,Croatia,2024,3
Hjørring,Czech Republic,2024,1
Hjørring,Denmark,2024,153
Hjørring,Egypt,2024,1
Hjørring,Eritrea,2024,2
Hjørring,Estonia,2024,2
Hjørring,Finland,2024,1
Hjørring,France,2024,2
Hjørring,Germany,2024,33
Hjørring,Ghana,2024,3
Hjørring,Greece,2024,3
Hjørring,Hungary,2024,4
Hjørring,Iceland,2024,6
Hjørring,India,2024,4
Hjørring,Indonesia,2024,4
Hjørring,Iran,2024,5
Hjørring,Italy,2024,3
Hjørring,Japan,2024,21
Hjørring,Jordan,2024,1
Hjørring,Latvia,2024,1
Hjørring,Lithuania,2024,1
Hjørring,Malta,2024,1
Hjørring,Mexico,2024,1
Hjørring,Morocco,2024,1
Hjørring,Nepal,2024,14
Hjørring,Netherlands,2024,7
Hjørring,Norway,2024,22
Hjørring,Not stated,2024,4
Hjørring,Philippines,2024,7
Hjørring,Poland,2024,38
Hjørring,Portugal,2024,1
Hjørring,Romania,2024,52
Hjørring,Russia,2024,4
Hjørring,South Africa,2024,1
Hjørring,South Korea,2024,1
Hjørring,Spain,2024,4
Hjørring,Sri Lanka,2024,5
Hjørring,Sweden,2024,11
Hjørring,Switzerland,2024,1
Hjørring,Syria,2024,3
Hjørring,Tanzania,2024,7
Hjørring,Thailand,2024,3
Hjørring,Turkey,2024,1
Hjørring,USA,2024,8
Hjørring,Uganda,2024,15
Hjørring,Ukraine,2024,85
Hjørring,United Kingdom,2024,4
Hjørring,Uzbekistan,2024,2
Hjørring,Vietnam,2024,11
Holbæk,Afghanistan,2024,5
Holbæk,Algeria,2024,1
Holbæk,Argentina,2024,1
Holbæk,Bangladesh,2024,2
Holbæk,Belgium,2024,1
Holbæk,Bolivia,2024,1
Holbæk,Bulgaria,2024,19
Holbæk,Cameroon,2024,1
Holbæk,Canada,2024,3
Holbæk,Chile,2024,1
Holbæk,China,2024,7
Holbæk,Czech Republic,2024,10
Holbæk,Denmark,2024,169
Holbæk,Egypt,2024,4
Holbæk,Eritrea,2024,1
Holbæk,Finland,2024,1
Holbæk,France,2024,3
Holbæk,Germany,2024,2
Holbæk,Greece,2024,3
Holbæk,Hungary,2024,6
Holbæk,Iceland,2024,3
Holbæk,India,2024,13
Holbæk,Iran,2024,2
Holbæk,Iraq,2024,1
Holbæk,Ireland,2024,2
Holbæk,Israel,2024,1
Holbæk,Italy,2024,4
Holbæk,Japan,2024,3
Holbæk,Kosovo,2024,1
Holbæk,Latvia,2024,9
Holbæk,Lithuania,2024,4
Holbæk,Moldova,2024,1
Holbæk,Morocco,2024,1
Holbæk,Nepal,2024,1
Holbæk,Netherlands,2024,3
Holbæk,Nigeria,2024,1
Holbæk,North Korea,2024,1
Holbæk,Norway,2024,5
Holbæk,Not stated,2024,2
Holbæk,Pakistan,2024,4
Holbæk,Philippines,2024,3
Holbæk,Poland,2024,27
Holbæk,Portugal,2024,5
Holbæk,Romania,2024,74
Holbæk,Russia,2024,1
Holbæk,Serbia,2024,3
Holbæk,Slovakia,2024,4
Holbæk,Somalia,2024,1
Holbæk,South Africa,2024,1
Holbæk,Spain,2024,8
Holbæk,Sri Lanka,2024,3
Holbæk,Sweden,2024,19
Holbæk,Switzerland,2024,2
Holbæk,Syria,2024,1
Holbæk,Taiwan,2024,1
Holbæk,Tanzania,2024,2
Holbæk,Thailand,2024,4
Holbæk,Turkey,2024,5
Holbæk,USA,2024,5
Holbæk,Uganda,2024,8
Holbæk,Ukraine,2024,110
Holbæk,United Kingdom,2024,8
Holbæk,Uruguay,2024,1
Holbæk,Uzbekistan,2024,1
Holbæk,Vietnam,2024,4
Holstebro,Afghanistan,2024,2
Holstebro,Argentina,2024,1
Holstebro,Australia,2024,2
Holstebro,Austria,2024,1
Holstebro,Bahrain,2024,1
Holstebro,Bangladesh,2024,1
Holstebro,Belgium,2024,1
Holstebro,Brazil,2024,1
Holstebro,Bulgaria,2024,10
Holstebro,China,2024,1
Holstebro,Czech Republic,2024,3
Holstebro,Denmark,2024,125
Holstebro,Eritrea,2024,2
Holstebro,Finland,2024,1
Holstebro,France,2024,5
Holstebro,Germany,2024,31
Holstebro,Ghana,2024,1
Holstebro,Greece,2024,2
Holstebro,Hungary,2024,3
Holstebro,Iceland,2024,2
Holstebro,India,2024,7
Holstebro,Iran,2024,1
Holstebro,Iraq,2024,1
Holstebro,Italy,2024,6
Holstebro,Kenya,2024,4
Holstebro,Latvia,2024,7
Holstebro,Lebanon,2024,1
Holstebro,Lithuania,2024,4
Holstebro,Mauritius,2024,1
Holstebro,Nepal,2024,7
Holstebro,Netherlands,2024,4
Holstebro,New Zealand,2024,1
Holstebro,Norway,2024,12
Holstebro,Not stated,2024,5
Holstebro,Pakistan,2024,8
Holstebro,Peru,2024,1
Holstebro,Poland,2024,11
Holstebro,Portugal,2024,1
Holstebro,Romania,2024,40
Holstebro,Slovakia,2024,1
Holstebro,Somalia,2024,2
Holstebro,Spain,2024,4
Holstebro,Sweden,2024,8
Holstebro,Switzerland,2024,1
Holstebro,Syria,2024,6
Holstebro,Tanzania,2024,1
Holstebro,Thailand,2024,13
Holstebro,Turkey,2024,8
Holstebro,Uganda,2024,12
Holstebro,Ukraine,2024,78
Holstebro,United Kingdom,2024,1
Holstebro,Uzbekistan,2024,1
Holstebro,Vietnam,2024,4
Horsens,Afghanistan,2024,5
Horsens,Albania,2024,1
Horsens,Argentina,2024,2
Horsens,Australia,2024,2
Horsens,Austria,2024,3
Horsens,Bangladesh,2024,2
Horsens,Belarus,2024,1
Horsens,Benin,2024,2
Horsens,Bosnia and Herzegovina,2024,2
Horsens,Brazil,2024,2
Horsens,Bulgaria,2024,21
Horsens,Cameroon,2024,2
Horsens,Canada,2024,4
Horsens,Chad,2024,1
Horsens,China,2024,23
Horsens,Colombia,2024,2
Horsens,"Congo, Democratic Republic",2024,1
Horsens,Croatia,2024,5
Horsens,Cyprus,2024,1
Horsens,Czech Republic,2024,4
Horsens,Denmark,2024,167
Horsens,Ecuador,2024,1
Horsens,Eritrea,2024,8
Horsens,Estonia,2024,1
Horsens,Finland,2024,1
Horsens,France,2024,13
Horsens,"Gambia, The",2024,5
Horsens,Germany,2024,25
Horsens,Ghana,2024,2
Horsens,Greece,2024,1
Horsens,Guinea,2024,1
Horsens,Hungary,2024,39
Horsens,Iceland,2024,36
Horsens,India,2024,13
Horsens,Iran,2024,28
Horsens,Ireland,2024,2
Horsens,Israel,2024,1
Horsens,Italy,2024,22
Horsens,Ivory Coast,2024,4
Horsens,Japan,2024,1
Horsens,Jordan,2024,1
Horsens,Kenya,2024,7
Horsens,Kosovo,2024,2
Horsens,Kyrgyzstan,2024,1
Horsens,Latvia,2024,19
Horsens,Liberia,2024,2
Horsens,Lithuania,2024,38
Horsens,Malta,2024,6
Horsens,Moldova,2024,3
Horsens,Nepal,2024,44
Horsens,Netherlands,2024,10
Horsens,Nigeria,2024,1
Horsens,Norway,2024,14
Horsens,Not stated,2024,3
Horsens,Pakistan,2024,1
Horsens,Peru,2024,3
Horsens,Philippines,2024,11
Horsens,Poland,2024,188
Horsens,Portugal,2024,9
Horsens,Romania,2024,166
Horsens,Serbia,2024,3
Horsens,Sierra Leone,2024,2
Horsens,Slovakia,2024,26
Horsens,South Africa,2024,5
Horsens,South Korea,2024,1
Horsens,Spain,2024,25
Horsens,Sri Lanka,2024,38
Horsens,Sweden,2024,17
Horsens,Syria,2024,6
Horsens,Tanzania,2024,1
Horsens,Thailand,2024,3
Horsens,Turkey,2024,6
Horsens,USA,2024,14
Horsens,Uganda,2024,10
Horsens,Ukraine,2024,145
Horsens,United Kingdom,2024,3
Horsens,Venezuela,2024,2
Horsens,Vietnam,2024,4
Hvidovre,Afghanistan,2024,1
Hvidovre,Albania,2024,2
Hvidovre,Argentina,2024,8
Hvidovre,Armenia,2024,1
Hvidovre,Australia,2024,1
Hvidovre,Austria,2024,1
Hvidovre,Bangladesh,2024,24
Hvidovre,Brazil,2024,1
Hvidovre,Bulgaria,2024,21
Hvidovre,Canada,2024,1
Hvidovre,Chile,2024,1
Hvidovre,China,2024,68
Hvidovre,Colombia,2024,1
Hvidovre,Croatia,2024,1
Hvidovre,Czech Republic,2024,5
Hvidovre,Denmark,2024,139
Hvidovre,Egypt,2024,2
Hvidovre,France,2024,2
Hvidovre,Georgia,2024,1
Hvidovre,Germany,2024,14
Hvidovre,Ghana,2024,2
Hvidovre,Greece,2024,7
Hvidovre,Hungary,2024,10
Hvidovre,Iceland,2024,3
Hvidovre,India,2024,22
Hvidovre,Indonesia,2024,2
Hvidovre,Iran,2024,30
Hvidovre,Iraq,2024,1
Hvidovre,Ireland,2024,7
Hvidovre,Italy,2024,31
Hvidovre,Japan,2024,2
Hvidovre,Latvia,2024,2
Hvidovre,Lithuania,2024,6
Hvidovre,Mexico,2024,2
Hvidovre,Moldova,2024,2
Hvidovre,Morocco,2024,3
Hvidovre,Nepal,2024,83
Hvidovre,Netherlands,2024,2
Hvidovre,Nigeria,2024,2
Hvidovre,Norway,2024,9
Hvidovre,Pakistan,2024,20
Hvidovre,Philippines,2024,2
Hvidovre,Poland,2024,19
Hvidovre,Portugal,2024,22
Hvidovre,Republic of North Macedonia,2024,4
Hvidovre,Romania,2024,22
Hvidovre,Rwanda,2024,2
Hvidovre,Serbia,2024,3
Hvidovre,Slovakia,2024,3
Hvidovre,Spain,2024,20
Hvidovre,Stateless,2024,2
Hvidovre,Sweden,2024,17
Hvidovre,Switzerland,2024,3
Hvidovre,Syria,2024,4
Hvidovre,Tajikistan,2024,1
Hvidovre,Thailand,2024,2
Hvidovre,Tunisia,2024,1
Hvidovre,Turkey,2024,14
Hvidovre,USA,2024,11
Hvidovre,Uganda,2024,3
Hvidovre,Ukraine,2024,86
Hvidovre,United Kingdom,2024,5
Hvidovre,Vietnam,2024,6
Hvidovre,Zambia,2024,1
Høje-Taastrup,Afghanistan,2024,6
Høje-Taastrup,Albania,2024,2
Høje-Taastrup,Argentina,2024,2
Høje-Taastrup,Australia,2024,1
Høje-Taastrup,Austria,2024,6
Høje-Taastrup,Azerbaijan,2024,1
Høje-Taastrup,Bangladesh,2024,64
Høje-Taastrup,Belarus,2024,4
Høje-Taastrup,Belgium,2024,1
Høje-Taastrup,Brazil,2024,4
Høje-Taastrup,Bulgaria,2024,203
Høje-Taastrup,Cameroon,2024,30
Høje-Taastrup,Canada,2024,2
Høje-Taastrup,China,2024,21
Høje-Taastrup,Colombia,2024,2
Høje-Taastrup,Croatia,2024,1
Høje-Taastrup,Cyprus,2024,1
Høje-Taastrup,Czech Republic,2024,2
Høje-Taastrup,Denmark,2024,170
Høje-Taastrup,Ecuador,2024,1
Høje-Taastrup,Finland,2024,2
Høje-Taastrup,France,2024,11
Høje-Taastrup,Germany,2024,8
Høje-Taastrup,Ghana,2024,3
Høje-Taastrup,Greece,2024,7
Høje-Taastrup,Hungary,2024,24
Høje-Taastrup,Iceland,2024,3
Høje-Taastrup,India,2024,93
Høje-Taastrup,Iran,2024,95
Høje-Taastrup,Iraq,2024,5
Høje-Taastrup,Ireland,2024,16
Høje-Taastrup,Israel,2024,2
Høje-Taastrup,Italy,2024,30
Høje-Taastrup,Japan,2024,1
Høje-Taastrup,Jordan,2024,1
Høje-Taastrup,Kosovo,2024,1
Høje-Taastrup,Latvia,2024,5
Høje-Taastrup,Lebanon,2024,1
Høje-Taastrup,Lithuania,2024,31
Høje-Taastrup,Malaysia,2024,1
Høje-Taastrup,Malta,2024,1
Høje-Taastrup,Mauritius,2024,1
Høje-Taastrup,Mexico,2024,1
Høje-Taastrup,Moldova,2024,1
Høje-Taastrup,Namibia,2024,5
Høje-Taastrup,Nepal,2024,395
Høje-Taastrup,Netherlands,2024,4
Høje-Taastrup,New Zealand,2024,2
Høje-Taastrup,Nigeria,2024,1
Høje-Taastrup,Norway,2024,10
Høje-Taastrup,Pakistan,2024,64
Høje-Taastrup,Philippines,2024,16
Høje-Taastrup,Poland,2024,72
Høje-Taastrup,Portugal,2024,69
Høje-Taastrup,Republic of North Macedonia,2024,18
Høje-Taastrup,Romania,2024,152
Høje-Taastrup,Russia,2024,5
Høje-Taastrup,Serbia,2024,7
Høje-Taastrup,Slovakia,2024,5
Høje-Taastrup,South Africa,2024,1
Høje-Taastrup,South Korea,2024,1
Høje-Taastrup,Spain,2024,44
Høje-Taastrup,Sri Lanka,2024,37
Høje-Taastrup,Sudan,2024,1
Høje-Taastrup,Sweden,2024,52
Høje-Taastrup,Switzerland,2024,1
Høje-Taastrup,Syria,2024,6
Høje-Taastrup,Taiwan,2024,1
Høje-Taastrup,Tanzania,2024,2
Høje-Taastrup,Thailand,2024,5
Høje-Taastrup,Turkey,2024,77
Høje-Taastrup,USA,2024,14
Høje-Taastrup,Uganda,2024,1
Høje-Taastrup,Ukraine,2024,80
Høje-Taastrup,United Kingdom,2024,8
Høje-Taastrup,Venezuela,2024,2
Høje-Taastrup,Vietnam,2024,19
Hørsholm,Argentina,2024,1
Hørsholm,Australia,2024,3
Hørsholm,Bangladesh,2024,3
Hørsholm,Brazil,2024,2
Hørsholm,Bulgaria,2024,4
Hørsholm,Canada,2024,1
Hørsholm,China,2024,4
Hørsholm,Colombia,2024,1
Hørsholm,Denmark,2024,119
Hørsholm,Eritrea,2024,1
Hørsholm,Ethiopia,2024,1
Hørsholm,Europe not stated,2024,1
Hørsholm,Finland,2024,6
Hørsholm,France,2024,1
Hørsholm,Georgia,2024,2
Hørsholm,Germany,2024,8
Hørsholm,Iceland,2024,1
Hørsholm,India,2024,11
Hørsholm,Iran,2024,7
Hørsholm,Iraq,2024,1
Hørsholm,Italy,2024,3
Hørsholm,Kenya,2024,2
Hørsholm,Lithuania,2024,5
Hørsholm,Malaysia,2024,1
Hørsholm,Mexico,2024,1
Hørsholm,Nepal,2024,1
Hørsholm,Netherlands,2024,2
Hørsholm,Norway,2024,2
Hørsholm,Philippines,2024,25
Hørsholm,Poland,2024,5
Hørsholm,Portugal,2024,1
Hørsholm,Romania,2024,5
Hørsholm,Russia,2024,1
Hørsholm,Spain,2024,2
Hørsholm,Sri Lanka,2024,6
Hørsholm,Stateless,2024,7
Hørsholm,Sweden,2024,6
Hørsholm,Syria,2024,2
Hørsholm,Thailand,2024,2
Hørsholm,Turkey,2024,2
Hørsholm,USA,2024,7
Hørsholm,Ukraine,2024,39
Hørsholm,United Kingdom,2024,2
Hørsholm,Uzbekistan,2024,1
Hørsholm,Zambia,2024,1
Ikast-Brande,Australia,2024,1
Ikast-Brande,Bangladesh,2024,3
Ikast-Brande,Belgium,2024,1
Ikast-Brande,Brazil,2024,6
Ikast-Brande,Bulgaria,2024,6
Ikast-Brande,Canada,2024,2
Ikast-Brande,China,2024,7
Ikast-Brande,Colombia,2024,1
Ikast-Brande,Croatia,2024,5
Ikast-Brande,Cyprus,2024,1
Ikast-Brande,Czech Republic,2024,13
Ikast-Brande,Denmark,2024,125
Ikast-Brande,Finland,2024,5
Ikast-Brande,France,2024,4
Ikast-Brande,Germany,2024,13
Ikast-Brande,Greece,2024,3
Ikast-Brande,Hungary,2024,8
Ikast-Brande,Iceland,2024,5
Ikast-Brande,India,2024,31
Ikast-Brande,Indonesia,2024,3
Ikast-Brande,Iran,2024,1
Ikast-Brande,Ireland,2024,5
Ikast-Brande,Italy,2024,4
Ikast-Brande,Japan,2024,7
Ikast-Brande,Kenya,2024,2
Ikast-Brande,Latvia,2024,17
Ikast-Brande,Lithuania,2024,22
Ikast-Brande,Morocco,2024,1
Ikast-Brande,Nepal,2024,3
Ikast-Brande,Netherlands,2024,3
Ikast-Brande,New Zealand,2024,2
Ikast-Brande,Nigeria,2024,4
Ikast-Brande,Norway,2024,8
Ikast-Brande,Not stated,2024,1
Ikast-Brande,Philippines,2024,1
Ikast-Brande,Poland,2024,51
Ikast-Brande,Portugal,2024,5
Ikast-Brande,Romania,2024,47
Ikast-Brande,Senegal,2024,1
Ikast-Brande,Serbia,2024,1
Ikast-Brande,Slovakia,2024,10
Ikast-Brande,South Africa,2024,2
Ikast-Brande,South Korea,2024,3
Ikast-Brande,Spain,2024,17
Ikast-Brande,Sri Lanka,2024,38
Ikast-Brande,Sweden,2024,6
Ikast-Brande,Switzerland,2024,1
Ikast-Brande,Syria,2024,9
Ikast-Brande,Thailand,2024,3
Ikast-Brande,Turkey,2024,6
Ikast-Brande,USA,2024,1
Ikast-Brande,Uganda,2024,10
Ikast-Brande,Ukraine,2024,64
Ikast-Brande,United Kingdom,2024,18
Ikast-Brande,Vietnam,2024,44
Ikast-Brande,Zimbabwe,2024,2
Ishøj,Afghanistan,2024,3
Ishøj,Argentina,2024,4
Ishøj,Bangladesh,2024,20
Ishøj,Bosnia and Herzegovina,2024,2
Ishøj,Bulgaria,2024,29
Ishøj,Cambodia,2024,1
Ishøj,Chile,2024,3
Ishøj,China,2024,11
Ishøj,Croatia,2024,3
Ishøj,Denmark,2024,56
Ishøj,France,2024,2
Ishøj,Germany,2024,7
Ishøj,Ghana,2024,4
Ishøj,Guinea,2024,1
Ishøj,Hungary,2024,9
Ishøj,India,2024,16
Ishøj,Iran,2024,18
Ishøj,Iraq,2024,1
Ishøj,Italy,2024,4
Ishøj,Japan,2024,1
Ishøj,Kyrgyzstan,2024,1
Ishøj,Lithuania,2024,10
Ishøj,Moldova,2024,2
Ishøj,Nepal,2024,332
Ishøj,Netherlands,2024,1
Ishøj,New Zealand,2024,1
Ishøj,Not stated,2024,3
Ishøj,Pakistan,2024,54
Ishøj,Philippines,2024,1
Ishøj,Poland,2024,16
Ishøj,Portugal,2024,48
Ishøj,Republic of North Macedonia,2024,1
Ishøj,Romania,2024,27
Ishøj,Serbia,2024,1
Ishøj,Slovakia,2024,2
Ishøj,Slovenia,2024,1
Ishøj,South Africa,2024,3
Ishøj,Spain,2024,11
Ishøj,Sweden,2024,18
Ishøj,Switzerland,2024,2
Ishøj,Turkey,2024,24
Ishøj,Ukraine,2024,33
Ishøj,United Kingdom,2024,2
Ishøj,Vietnam,2024,9
Jammerbugt,Afghanistan,2024,2
Jammerbugt,Bulgaria,2024,11
Jammerbugt,China,2024,1
Jammerbugt,"Congo, Democratic Republic",2024,1
Jammerbugt,Denmark,2024,73
Jammerbugt,Eritrea,2024,3
Jammerbugt,Estonia,2024,2
Jammerbugt,Germany,2024,27
Jammerbugt,Hungary,2024,1
Jammerbugt,Iceland,2024,9
Jammerbugt,India,2024,4
Jammerbugt,Ireland,2024,1
Jammerbugt,Italy,2024,7
Jammerbugt,Japan,2024,1
Jammerbugt,Kenya,2024,2
Jammerbugt,Latvia,2024,9
Jammerbugt,Lithuania,2024,3
Jammerbugt,Moldova,2024,1
Jammerbugt,Nepal,2024,1
Jammerbugt,Netherlands,2024,3
Jammerbugt,Norway,2024,5
Jammerbugt,Not stated,2024,1
Jammerbugt,Philippines,2024,2
Jammerbugt,Poland,2024,17
Jammerbugt,Romania,2024,16
Jammerbugt,Russia,2024,2
Jammerbugt,Sweden,2024,1
Jammerbugt,Switzerland,2024,2
Jammerbugt,Syria,2024,7
Jammerbugt,Turkey,2024,2
Jammerbugt,USA,2024,1
Jammerbugt,Uganda,2024,16
Jammerbugt,Ukraine,2024,56
Jammerbugt,United Kingdom,2024,1
Jammerbugt,Uzbekistan,2024,2
Jammerbugt,Vietnam,2024,7
Jammerbugt,Zambia,2024,1
Kalundborg,Albania,2024,1
Kalundborg,Algeria,2024,1
Kalundborg,Argentina,2024,6
Kalundborg,Australia,2024,2
Kalundborg,Bangladesh,2024,2
Kalundborg,Belgium,2024,1
Kalundborg,Bosnia and Herzegovina,2024,14
Kalundborg,Brazil,2024,66
Kalundborg,Bulgaria,2024,4
Kalundborg,Canada,2024,1
Kalundborg,China,2024,9
Kalundborg,Colombia,2024,19
Kalundborg,"Congo, Democratic Republic",2024,6
Kalundborg,Croatia,2024,8
Kalundborg,Denmark,2024,90
Kalundborg,Dominican Republic,2024,3
Kalundborg,Egypt,2024,4
Kalundborg,Eritrea,2024,1
Kalundborg,Estonia,2024,1
Kalundborg,Finland,2024,1
Kalundborg,France,2024,7
Kalundborg,Georgia,2024,1
Kalundborg,Germany,2024,4
Kalundborg,Greece,2024,2
Kalundborg,Honduras,2024,1
Kalundborg,Hungary,2024,4
Kalundborg,India,2024,163
Kalundborg,Indonesia,2024,2
Kalundborg,Ireland,2024,7
Kalundborg,Italy,2024,16
Kalundborg,Japan,2024,12
Kalundborg,Jordan,2024,1
Kalundborg,Kenya,2024,1
Kalundborg,Latvia,2024,8
Kalundborg,Lithuania,2024,8
Kalundborg,Mexico,2024,1
Kalundborg,Moldova,2024,2
Kalundborg,Netherlands,2024,1
Kalundborg,Norway,2024,8
Kalundborg,Not stated,2024,3
Kalundborg,Pakistan,2024,2
Kalundborg,Peru,2024,31
Kalundborg,Philippines,2024,38
Kalundborg,Poland,2024,81
Kalundborg,Portugal,2024,9
Kalundborg,Republic of North Macedonia,2024,2
Kalundborg,Romania,2024,46
Kalundborg,Russia,2024,13
Kalundborg,Serbia,2024,18
Kalundborg,Slovakia,2024,4
Kalundborg,Somalia,2024,1
Kalundborg,South Africa,2024,3
Kalundborg,Spain,2024,24
Kalundborg,Sri Lanka,2024,1
Kalundborg,Sweden,2024,6
Kalundborg,Syria,2024,3
Kalundborg,Tanzania,2024,4
Kalundborg,Thailand,2024,5
Kalundborg,Turkey,2024,6
Kalundborg,USA,2024,6
Kalundborg,Uganda,2024,11
Kalundborg,Ukraine,2024,69
Kalundborg,United Kingdom,2024,19
Kalundborg,Venezuela,2024,3
Kalundborg,Vietnam,2024,11
Kerteminde,Albania,2024,12
Kerteminde,Brazil,2024,2
Kerteminde,Chile,2024,1
Kerteminde,China,2024,1
Kerteminde,Colombia,2024,1
Kerteminde,Croatia,2024,1
Kerteminde,Denmark,2024,56
Kerteminde,Finland,2024,2
Kerteminde,Germany,2024,1
Kerteminde,Hungary,2024,2
Kerteminde,Iraq,2024,1
Kerteminde,Italy,2024,2
Kerteminde,Latvia,2024,8
Kerteminde,Lithuania,2024,3
Kerteminde,Malaysia,2024,11
Kerteminde,Nepal,2024,1
Kerteminde,Netherlands,2024,4
Kerteminde,Norway,2024,1
Kerteminde,Pakistan,2024,2
Kerteminde,Peru,2024,1
Kerteminde,Philippines,2024,4
Kerteminde,Poland,2024,16
Kerteminde,Portugal,2024,1
Kerteminde,Romania,2024,64
Kerteminde,South Africa,2024,1
Kerteminde,South Korea,2024,4
Kerteminde,Spain,2024,2
Kerteminde,Sri Lanka,2024,5
Kerteminde,Stateless,2024,1
Kerteminde,Sweden,2024,1
Kerteminde,Syria,2024,3
Kerteminde,Turkey,2024,3
Kerteminde,Ukraine,2024,23
Kerteminde,Vietnam,2024,7
Kolding,Afghanistan,2024,4
Kolding,Albania,2024,1
Kolding,Andorra,2024,1
Kolding,Australia,2024,1
Kolding,Austria,2024,3
Kolding,Bangladesh,2024,213
Kolding,Belgium,2024,2
Kolding,Bosnia and Herzegovina,2024,4
Kolding,Brazil,2024,5
Kolding,Bulgaria,2024,16
Kolding,Canada,2024,4
Kolding,China,2024,27
Kolding,Colombia,2024,1
Kolding,"Congo, Democratic Republic",2024,1
Kolding,Costa Rica,2024,1
Kolding,Croatia,2024,6
Kolding,Czech Republic,2024,7
Kolding,Denmark,2024,305
Kolding,Egypt,2024,1
Kolding,Eritrea,2024,8
Kolding,Estonia,2024,1
Kolding,Ethiopia,2024,1
Kolding,Finland,2024,4
Kolding,France,2024,11
Kolding,Germany,2024,57
Kolding,Ghana,2024,1
Kolding,Greece,2024,9
Kolding,Hungary,2024,15
Kolding,Iceland,2024,26
Kolding,India,2024,152
Kolding,Indonesia,2024,3
Kolding,Iran,2024,51
Kolding,Ireland,2024,5
Kolding,Italy,2024,19
Kolding,Japan,2024,1
Kolding,Kenya,2024,1
Kolding,Kosovo,2024,3
Kolding,Latvia,2024,5
Kolding,Lebanon,2024,2
Kolding,Lithuania,2024,20
Kolding,Mexico,2024,3
Kolding,Moldova,2024,1
Kolding,Morocco,2024,1
Kolding,Myanmar,2024,2
Kolding,Nepal,2024,219
Kolding,Netherlands,2024,16
Kolding,New Zealand,2024,1
Kolding,Nigeria,2024,10
Kolding,Norway,2024,20
Kolding,Not stated,2024,1
Kolding,Pakistan,2024,9
Kolding,Philippines,2024,16
Kolding,Poland,2024,81
Kolding,Portugal,2024,15
Kolding,Romania,2024,77
Kolding,Russia,2024,4
Kolding,Serbia,2024,3
Kolding,Slovakia,2024,10
Kolding,Slovenia,2024,1
Kolding,Somalia,2024,1
Kolding,South Africa,2024,2
Kolding,South Korea,2024,2
Kolding,Spain,2024,24
Kolding,Sri Lanka,2024,25
Kolding,Sweden,2024,20
Kolding,Switzerland,2024,3
Kolding,Syria,2024,22
Kolding,Tanzania,2024,2
Kolding,Thailand,2024,4
Kolding,Tunisia,2024,2
Kolding,Turkey,2024,5
Kolding,USA,2024,37
Kolding,Uganda,2024,1
Kolding,Ukraine,2024,152
Kolding,United Kingdom,2024,3
Kolding,Uzbekistan,2024,1
Kolding,Venezuela,2024,1
Kolding,Vietnam,2024,26
Køge,Afghanistan,2024,4
Køge,Albania,2024,23
Køge,Algeria,2024,1
Køge,Armenia,2024,1
Køge,Australia,2024,2
Køge,Bangladesh,2024,9
Køge,Belgium,2024,2
Køge,Bhutan,2024,3
Køge,Brazil,2024,1
Køge,Bulgaria,2024,58
Køge,Cameroon,2024,5
Køge,Canada,2024,1
Køge,Chile,2024,1
Køge,China,2024,10
Køge,Croatia,2024,2
Køge,Denmark,2024,121
Køge,Egypt,2024,6
Køge,Eritrea,2024,4
Køge,Finland,2024,1
Køge,France,2024,2
Køge,Germany,2024,4
Køge,Greece,2024,6
Køge,Hungary,2024,1
Køge,Iceland,2024,10
Køge,India,2024,13
Køge,Iran,2024,5
Køge,Iraq,2024,1
Køge,Ireland,2024,9
Køge,Italy,2024,6
Køge,Japan,2024,1
Køge,Latvia,2024,9
Køge,Lithuania,2024,23
Køge,Mexico,2024,2
Køge,Moldova,2024,2
Køge,Morocco,2024,1
Køge,Nepal,2024,6
Køge,Netherlands,2024,8
Køge,Nigeria,2024,1
Køge,Norway,2024,11
Køge,Not stated,2024,2
Køge,Pakistan,2024,11
Køge,Philippines,2024,9
Køge,Poland,2024,49
Køge,Portugal,2024,3
Køge,Romania,2024,104
Køge,Slovakia,2024,2
Køge,Slovenia,2024,1
Køge,Spain,2024,3
Køge,Stateless,2024,1
Køge,Sweden,2024,19
Køge,Syria,2024,5
Køge,Trinidad and Tobago,2024,1
Køge,Turkey,2024,10
Køge,USA,2024,6
Køge,Uganda,2024,2
Køge,Ukraine,2024,101
Køge,United Kingdom,2024,13
Køge,Vietnam,2024,1
Langeland,Belgium,2024,1
Langeland,China,2024,1
Langeland,Denmark,2024,31
Langeland,Egypt,2024,1
Langeland,Germany,2024,7
Langeland,Ghana,2024,2
Langeland,Israel,2024,1
Langeland,Italy,2024,3
Langeland,Kenya,2024,1
Langeland,Lithuania,2024,2
Langeland,Luxembourg,2024,2
Langeland,Netherlands,2024,6
Langeland,Norway,2024,1
Langeland,Philippines,2024,1
Langeland,Poland,2024,22
Langeland,Romania,2024,7
Langeland,Spain,2024,1
Langeland,Sweden,2024,1
Langeland,Switzerland,2024,1
Langeland,Tanzania,2024,2
Langeland,Turkey,2024,1
Langeland,USA,2024,2
Langeland,Uganda,2024,5
Langeland,Ukraine,2024,19
Langeland,United Kingdom,2024,1
Langeland,Uzbekistan,2024,2
Langeland,Vietnam,2024,3
Lejre,Afghanistan,2024,1
Lejre,Australia,2024,1
Lejre,Bangladesh,2024,6
Lejre,Belgium,2024,2
Lejre,Bulgaria,2024,10
Lejre,"Congo, Democratic Republic",2024,2
Lejre,Czech Republic,2024,1
Lejre,Denmark,2024,65
Lejre,Eritrea,2024,1
Lejre,Iceland,2024,5
Lejre,India,2024,2
Lejre,Iran,2024,10
Lejre,Ireland,2024,2
Lejre,Italy,2024,3
Lejre,Lithuania,2024,9
Lejre,Mexico,2024,1
Lejre,Nepal,2024,4
Lejre,Norway,2024,3
Lejre,Pakistan,2024,1
Lejre,Philippines,2024,2
Lejre,Poland,2024,21
Lejre,Romania,2024,24
Lejre,Russia,2024,1
Lejre,Slovakia,2024,4
Lejre,South Korea,2024,1
Lejre,Stateless,2024,1
Lejre,Sweden,2024,6
Lejre,Switzerland,2024,1
Lejre,Syria,2024,1
Lejre,Turkey,2024,1
Lejre,USA,2024,1
Lejre,Uganda,2024,1
Lejre,Ukraine,2024,48
Lejre,United Kingdom,2024,1
Lejre,Vietnam,2024,4
Lemvig,Bangladesh,2024,2
Lemvig,Bulgaria,2024,4
Lemvig,Costa Rica,2024,1
Lemvig,Denmark,2024,29
Lemvig,Eritrea,2024,1
Lemvig,France,2024,1
Lemvig,Germany,2024,14
Lemvig,India,2024,2
Lemvig,Ireland,2024,1
Lemvig,Japan,2024,2
Lemvig,Kenya,2024,6
Lemvig,Latvia,2024,2
Lemvig,Lithuania,2024,7
Lemvig,Nepal,2024,2
Lemvig,Netherlands,2024,1
Lemvig,Norway,2024,3
Lemvig,Not stated,2024,3
Lemvig,Philippines,2024,3
Lemvig,Poland,2024,18
Lemvig,Portugal,2024,1
Lemvig,Romania,2024,26
Lemvig,Spain,2024,1
Lemvig,Switzerland,2024,1
Lemvig,Syria,2024,3
Lemvig,Tanzania,2024,1
Lemvig,Thailand,2024,1
Lemvig,USA,2024,2
Lemvig,Uganda,2024,3
Lemvig,Ukraine,2024,29
Lemvig,Uzbekistan,2024,2
Lemvig,Vietnam,2024,17
Lolland,Argentina,2024,1
Lolland,Australia,2024,2
Lolland,Austria,2024,1
Lolland,Belgium,2024,3
Lolland,Bolivia,2024,1
Lolland,Bosnia and Herzegovina,2024,5
Lolland,Brazil,2024,3
Lolland,Bulgaria,2024,8
Lolland,Cameroon,2024,1
Lolland,Canada,2024,1
Lolland,Chile,2024,4
Lolland,China,2024,11
Lolland,Colombia,2024,6
Lolland,"Congo, Democratic Republic",2024,6
Lolland,Croatia,2024,1
Lolland,Cyprus,2024,1
Lolland,Denmark,2024,78
Lolland,Egypt,2024,2
Lolland,Estonia,2024,1
Lolland,Finland,2024,2
Lolland,France,2024,24
Lolland,Georgia,2024,1
Lolland,Germany,2024,14
Lolland,Ghana,2024,2
Lolland,Greece,2024,1
Lolland,Hungary,2024,7
Lolland,Iceland,2024,1
Lolland,India,2024,3
Lolland,Iran,2024,1
Lolland,Italy,2024,18
Lolland,Kenya,2024,1
Lolland,Laos,2024,1
Lolland,Latvia,2024,1
Lolland,Lithuania,2024,8
Lolland,Morocco,2024,3
Lolland,Myanmar,2024,1
Lolland,Nepal,2024,1
Lolland,Netherlands,2024,6
Lolland,Nigeria,2024,1
Lolland,Pakistan,2024,5
Lolland,Panama,2024,3
Lolland,Philippines,2024,48
Lolland,Poland,2024,83
Lolland,Portugal,2024,14
Lolland,Romania,2024,43
Lolland,Senegal,2024,8
Lolland,Serbia,2024,2
Lolland,Slovakia,2024,1
Lolland,Spain,2024,12
Lolland,Stateless,2024,1
Lolland,Sweden,2024,3
Lolland,Syria,2024,3
Lolland,Tanzania,2024,2
Lolland,Thailand,2024,1
Lolland,Tunisia,2024,1
Lolland,Turkey,2024,3
Lolland,USA,2024,2
Lolland,Uganda,2024,15
Lolland,Ukraine,2024,58
Lolland,United Kingdom,2024,4
Lyngby-Taarbæk,Afghanistan,2024,2
Lyngby-Taarbæk,Albania,2024,4
Lyngby-Taarbæk,Algeria,2024,3
Lyngby-Taarbæk,Argentina,2024,3
Lyngby-Taarbæk,Australia,2024,53
Lyngby-Taarbæk,Austria,2024,14
Lyngby-Taarbæk,Bangladesh,2024,22
Lyngby-Taarbæk,Belgium,2024,14
Lyngby-Taarbæk,Bolivia,2024,1
Lyngby-Taarbæk,Brazil,2024,24
Lyngby-Taarbæk,Bulgaria,2024,6
Lyngby-Taarbæk,Canada,2024,29
Lyngby-Taarbæk,Chile,2024,2
Lyngby-Taarbæk,China,2024,107
Lyngby-Taarbæk,Colombia,2024,5
Lyngby-Taarbæk,Costa Rica,2024,2
Lyngby-Taarbæk,Croatia,2024,8
Lyngby-Taarbæk,Cyprus,2024,5
Lyngby-Taarbæk,Czech Republic,2024,5
Lyngby-Taarbæk,Denmark,2024,261
Lyngby-Taarbæk,Egypt,2024,2
Lyngby-Taarbæk,Estonia,2024,10
Lyngby-Taarbæk,Ethiopia,2024,1
Lyngby-Taarbæk,Finland,2024,1
Lyngby-Taarbæk,France,2024,72
Lyngby-Taarbæk,Georgia,2024,3
Lyngby-Taarbæk,Germany,2024,137
Lyngby-Taarbæk,Ghana,2024,1
Lyngby-Taarbæk,Greece,2024,92
Lyngby-Taarbæk,Hungary,2024,24
Lyngby-Taarbæk,Iceland,2024,32
Lyngby-Taarbæk,India,2024,93
Lyngby-Taarbæk,Indonesia,2024,7
Lyngby-Taarbæk,Iran,2024,64
Lyngby-Taarbæk,Iraq,2024,1
Lyngby-Taarbæk,Ireland,2024,12
Lyngby-Taarbæk,Israel,2024,3
Lyngby-Taarbæk,Italy,2024,149
Lyngby-Taarbæk,Japan,2024,4
Lyngby-Taarbæk,Kenya,2024,2
Lyngby-Taarbæk,Latvia,2024,8
Lyngby-Taarbæk,Lebanon,2024,3
Lyngby-Taarbæk,Lithuania,2024,9
Lyngby-Taarbæk,Luxembourg,2024,1
Lyngby-Taarbæk,Malaysia,2024,5
Lyngby-Taarbæk,Mexico,2024,25
Lyngby-Taarbæk,Morocco,2024,4
Lyngby-Taarbæk,Myanmar,2024,1
Lyngby-Taarbæk,Nepal,2024,12
Lyngby-Taarbæk,Netherlands,2024,33
Lyngby-Taarbæk,New Zealand,2024,4
Lyngby-Taarbæk,Nigeria,2024,1
Lyngby-Taarbæk,Norway,2024,32
Lyngby-Taarbæk,Not stated,2024,2
Lyngby-Taarbæk,Pakistan,2024,28
Lyngby-Taarbæk,Panama,2024,1
Lyngby-Taarbæk,Peru,2024,3
Lyngby-Taarbæk,Philippines,2024,19
Lyngby-Taarbæk,Poland,2024,32
Lyngby-Taarbæk,Portugal,2024,67
Lyngby-Taarbæk,Republic of North Macedonia,2024,1
Lyngby-Taarbæk,Romania,2024,21
Lyngby-Taarbæk,Russia,2024,8
Lyngby-Taarbæk,Serbia,2024,1
Lyngby-Taarbæk,Singapore,2024,28
Lyngby-Taarbæk,Slovakia,2024,8
Lyngby-Taarbæk,Slovenia,2024,5
Lyngby-Taarbæk,South Africa,2024,4
Lyngby-Taarbæk,South Korea,2024,17
Lyngby-Taarbæk,Spain,2024,149
Lyngby-Taarbæk,Sri Lanka,2024,7
Lyngby-Taarbæk,Stateless,2024,1
Lyngby-Taarbæk,Sweden,2024,18
Lyngby-Taarbæk,Switzerland,2024,17
Lyngby-Taarbæk,Syria,2024,2
Lyngby-Taarbæk,Taiwan,2024,10
Lyngby-Taarbæk,Thailand,2024,3
Lyngby-Taarbæk,Tunisia,2024,2
Lyngby-Taarbæk,Turkey,2024,25
Lyngby-Taarbæk,USA,2024,195
Lyngby-Taarbæk,Ukraine,2024,109
Lyngby-Taarbæk,United Kingdom,2024,11
Lyngby-Taarbæk,Venezuela,2024,1
Lyngby-Taarbæk,Vietnam,2024,2
Læsø,Australia,2024,1
Læsø,Brazil,2024,1
Læsø,Denmark,2024,4
Læsø,Germany,2024,4
Læsø,Morocco,2024,1
Læsø,Norway,2024,2
Læsø,Uganda,2024,1
Læsø,Ukraine,2024,3
Mariagerfjord,Bangladesh,2024,1
Mariagerfjord,Belarus,2024,1
Mariagerfjord,Bosnia and Herzegovina,2024,1
Mariagerfjord,China,2024,5
Mariagerfjord,Czech Republic,2024,4
Mariagerfjord,Denmark,2024,92
Mariagerfjord,Egypt,2024,1
Mariagerfjord,Finland,2024,1
Mariagerfjord,France,2024,2
Mariagerfjord,Germany,2024,2
Mariagerfjord,Ghana,2024,2
Mariagerfjord,Greece,2024,1
Mariagerfjord,Hungary,2024,1
Mariagerfjord,Iceland,2024,1
Mariagerfjord,India,2024,1
Mariagerfjord,Iraq,2024,2
Mariagerfjord,Italy,2024,2
Mariagerfjord,Kenya,2024,3
Mariagerfjord,Latvia,2024,1
Mariagerfjord,Lithuania,2024,1
Mariagerfjord,Mauritius,2024,1
Mariagerfjord,Mexico,2024,1
Mariagerfjord,Moldova,2024,2
Mariagerfjord,Nepal,2024,2
Mariagerfjord,Netherlands,2024,6
Mariagerfjord,Norway,2024,5
Mariagerfjord,Peru,2024,1
Mariagerfjord,Philippines,2024,66
Mariagerfjord,Poland,2024,20
Mariagerfjord,Portugal,2024,3
Mariagerfjord,Republic of North Macedonia,2024,1
Mariagerfjord,Romania,2024,26
Mariagerfjord,Russia,2024,1
Mariagerfjord,Slovakia,2024,2
Mariagerfjord,South Africa,2024,1
Mariagerfjord,Spain,2024,1
Mariagerfjord,Sri Lanka,2024,2
Mariagerfjord,Syria,2024,14
Mariagerfjord,Tanzania,2024,4
Mariagerfjord,Thailand,2024,3
Mariagerfjord,Turkey,2024,1
Mariagerfjord,USA,2024,2
Mariagerfjord,Uganda,2024,3
Mariagerfjord,Ukraine,2024,60
Mariagerfjord,United Kingdom,2024,1
Mariagerfjord,Uzbekistan,2024,2
Mariagerfjord,Vietnam,2024,24
Middelfart,Australia,2024,2
Middelfart,Belgium,2024,4
Middelfart,Bosnia and Herzegovina,2024,1
Middelfart,Brazil,2024,1
Middelfart,Bulgaria,2024,1
Middelfart,Canada,2024,3
Middelfart,China,2024,6
Middelfart,Colombia,2024,1
Middelfart,Croatia,2024,2
Middelfart,Czech Republic,2024,4
Middelfart,Denmark,2024,103
Middelfart,Eritrea,2024,4
Middelfart,Estonia,2024,1
Middelfart,France,2024,1
Middelfart,Germany,2024,11
Middelfart,Greece,2024,1
Middelfart,Hungary,2024,4
Middelfart,Iceland,2024,3
Middelfart,Italy,2024,2
Middelfart,Japan,2024,11
Middelfart,Kenya,2024,1
Middelfart,Latvia,2024,4
Middelfart,Lithuania,2024,6
Middelfart,Mexico,2024,3
Middelfart,Moldova,2024,1
Middelfart,Nepal,2024,7
Middelfart,Netherlands,2024,5
Middelfart,Norway,2024,1
Middelfart,Philippines,2024,3
Middelfart,Poland,2024,5
Middelfart,Portugal,2024,1
Middelfart,Romania,2024,10
Middelfart,Serbia,2024,4
Middelfart,Somalia,2024,3
Middelfart,South Africa,2024,2
Middelfart,Spain,2024,2
Middelfart,Sri Lanka,2024,1
Middelfart,Stateless,2024,1
Middelfart,Switzerland,2024,1
Middelfart,Syria,2024,7
Middelfart,Thailand,2024,2
Middelfart,Turkey,2024,1
Middelfart,USA,2024,5
Middelfart,Uganda,2024,4
Middelfart,Ukraine,2024,57
Middelfart,United Kingdom,2024,1
Middelfart,Vietnam,2024,10
Morsø,Australia,2024,1
Morsø,Cambodia,2024,2
Morsø,Denmark,2024,96
Morsø,Germany,2024,11
Morsø,Iceland,2024,3
Morsø,India,2024,1
Morsø,Japan,2024,2
Morsø,Kenya,2024,1
Morsø,Lithuania,2024,5
Morsø,Netherlands,2024,3
Morsø,New Zealand,2024,1
Morsø,Norway,2024,1
Morsø,Not stated,2024,3
Morsø,Poland,2024,2
Morsø,Romania,2024,6
Morsø,Sweden,2024,5
Morsø,Syria,2024,1
Morsø,Taiwan,2024,1
Morsø,Tanzania,2024,1
Morsø,USA,2024,1
Morsø,Uganda,2024,15
Morsø,Ukraine,2024,14
Morsø,United Kingdom,2024,2
Morsø,Uzbekistan,2024,2
Morsø,Vietnam,2024,7
Norddjurs,Australia,2024,2
Norddjurs,Austria,2024,1
Norddjurs,Bangladesh,2024,2
Norddjurs,Bulgaria,2024,2
Norddjurs,China,2024,6
Norddjurs,Croatia,2024,1
Norddjurs,Czech Republic,2024,15
Norddjurs,Denmark,2024,81
Norddjurs,Ecuador,2024,1
Norddjurs,Estonia,2024,3
Norddjurs,Finland,2024,1
Norddjurs,France,2024,3
Norddjurs,Germany,2024,12
Norddjurs,Ghana,2024,3
Norddjurs,Hungary,2024,10
Norddjurs,Iceland,2024,2
Norddjurs,India,2024,1
Norddjurs,Iran,2024,5
Norddjurs,Ireland,2024,2
Norddjurs,Italy,2024,12
Norddjurs,Kazakhstan,2024,1
Norddjurs,Kenya,2024,1
Norddjurs,Kosovo,2024,2
Norddjurs,Latvia,2024,23
Norddjurs,Lithuania,2024,91
Norddjurs,Luxembourg,2024,1
Norddjurs,Mexico,2024,3
Norddjurs,Netherlands,2024,3
Norddjurs,Philippines,2024,1
Norddjurs,Poland,2024,24
Norddjurs,Portugal,2024,2
Norddjurs,Romania,2024,25
Norddjurs,Rwanda,2024,1
Norddjurs,Slovakia,2024,4
Norddjurs,Spain,2024,23
Norddjurs,Switzerland,2024,1
Norddjurs,Syria,2024,9
Norddjurs,Tanzania,2024,3
Norddjurs,Thailand,2024,1
Norddjurs,Turkey,2024,11
Norddjurs,USA,2024,1
Norddjurs,Uganda,2024,6
Norddjurs,Ukraine,2024,47
Norddjurs,United Kingdom,2024,4
Norddjurs,Vietnam,2024,11
Nordfyns,Afghanistan,2024,1
Nordfyns,Bangladesh,2024,2
Nordfyns,Canada,2024,2
Nordfyns,China,2024,1
Nordfyns,Croatia,2024,2
Nordfyns,Denmark,2024,60
Nordfyns,Eritrea,2024,1
Nordfyns,Estonia,2024,1
Nordfyns,France,2024,1
Nordfyns,Germany,2024,6
Nordfyns,Ghana,2024,2
Nordfyns,Hungary,2024,1
Nordfyns,Iceland,2024,3
Nordfyns,India,2024,3
Nordfyns,Iran,2024,1
Nordfyns,Japan,2024,25
Nordfyns,Kenya,2024,3
Nordfyns,Latvia,2024,9
Nordfyns,Lithuania,2024,29
Nordfyns,Nepal,2024,2
Nordfyns,Netherlands,2024,2
Nordfyns,Norway,2024,6
Nordfyns,Not stated,2024,1
Nordfyns,Philippines,2024,1
Nordfyns,Poland,2024,34
Nordfyns,Portugal,2024,1
Nordfyns,Romania,2024,57
Nordfyns,Russia,2024,1
Nordfyns,Slovakia,2024,5
Nordfyns,Spain,2024,1
Nordfyns,Stateless,2024,1
Nordfyns,Sweden,2024,2
Nordfyns,Switzerland,2024,1
Nordfyns,Syria,2024,7
Nordfyns,Tanzania,2024,2
Nordfyns,USA,2024,3
Nordfyns,Uganda,2024,1
Nordfyns,Ukraine,2024,45
Nordfyns,Vietnam,2024,16
Nordfyns,Zambia,2024,1
Nyborg,Afghanistan,2024,1
Nyborg,Belgium,2024,1
Nyborg,Brazil,2024,1
Nyborg,Bulgaria,2024,8
Nyborg,Canada,2024,1
Nyborg,Chile,2024,1
Nyborg,China,2024,8
Nyborg,Croatia,2024,3
Nyborg,Czech Republic,2024,2
Nyborg,Denmark,2024,87
Nyborg,Finland,2024,1
Nyborg,France,2024,1
Nyborg,Germany,2024,4
Nyborg,Greece,2024,2
Nyborg,Hungary,2024,1
Nyborg,Iceland,2024,1
Nyborg,India,2024,2
Nyborg,Italy,2024,6
Nyborg,Jordan,2024,1
Nyborg,Kenya,2024,1
Nyborg,Latvia,2024,12
Nyborg,Lithuania,2024,11
Nyborg,Malaysia,2024,1
Nyborg,Mongolia,2024,1
Nyborg,Netherlands,2024,2
Nyborg,Norway,2024,1
Nyborg,Poland,2024,6
Nyborg,Portugal,2024,2
Nyborg,Romania,2024,20
Nyborg,Slovakia,2024,3
Nyborg,Spain,2024,5
Nyborg,Sri Lanka,2024,2
Nyborg,Switzerland,2024,2
Nyborg,Syria,2024,7
Nyborg,Tanzania,2024,1
Nyborg,Thailand,2024,1
Nyborg,Turkey,2024,2
Nyborg,Uganda,2024,4
Nyborg,Ukraine,2024,45
Nyborg,United Kingdom,2024,1
Nyborg,Vietnam,2024,6
Næstved,Afghanistan,2024,7
Næstved,Albania,2024,11
Næstved,Argentina,2024,1
Næstved,Azerbaijan,2024,1
Næstved,Bangladesh,2024,10
Næstved,Belarus,2024,8
Næstved,Bolivia,2024,2
Næstved,Brazil,2024,1
Næstved,Bulgaria,2024,19
Næstved,China,2024,29
Næstved,Czech Republic,2024,1
Næstved,Denmark,2024,144
Næstved,Eritrea,2024,3
Næstved,Finland,2024,5
Næstved,"Gambia, The",2024,1
Næstved,Germany,2024,7
Næstved,Greece,2024,2
Næstved,Hungary,2024,4
Næstved,Iceland,2024,2
Næstved,India,2024,8
Næstved,Iran,2024,18
Næstved,Iraq,2024,3
Næstved,Ireland,2024,4
Næstved,Israel,2024,1
Næstved,Italy,2024,8
Næstved,Japan,2024,1
Næstved,Kenya,2024,1
Næstved,Latvia,2024,7
Næstved,Lithuania,2024,14
Næstved,Mexico,2024,2
Næstved,Morocco,2024,6
Næstved,Nepal,2024,10
Næstved,Netherlands,2024,7
Næstved,Norway,2024,8
Næstved,Philippines,2024,6
Næstved,Poland,2024,47
Næstved,Portugal,2024,3
Næstved,Republic of North Macedonia,2024,3
Næstved,Romania,2024,61
Næstved,Russia,2024,2
Næstved,Serbia,2024,3
Næstved,Slovakia,2024,1
Næstved,South Africa,2024,2
Næstved,Spain,2024,10
Næstved,Sri Lanka,2024,13
Næstved,Sweden,2024,17
Næstved,Switzerland,2024,1
Næstved,Syria,2024,6
Næstved,Tanzania,2024,3
Næstved,Thailand,2024,1
Næstved,Trinidad and Tobago,2024,1
Næstved,Tunisia,2024,1
Næstved,Turkey,2024,12
Næstved,USA,2024,14
Næstved,Uganda,2024,17
Næstved,Ukraine,2024,154
Næstved,Vietnam,2024,9
Odder,Australia,2024,1
Odder,China,2024,1
Odder,Colombia,2024,1
Odder,Cyprus,2024,1
Odder,Czech Republic,2024,1
Odder,Denmark,2024,62
Odder,Finland,2024,1
Odder,Germany,2024,8
Odder,Iran,2024,3
Odder,Italy,2024,2
Odder,Japan,2024,13
Odder,Latvia,2024,1
Odder,Lithuania,2024,6
Odder,Norway,2024,2
Odder,Poland,2024,5
Odder,Romania,2024,12
Odder,Spain,2024,2
Odder,Stateless,2024,2
Odder,Thailand,2024,1
Odder,Turkey,2024,1
Odder,USA,2024,1
Odder,Uganda,2024,7
Odder,Ukraine,2024,24
Odder,United Kingdom,2024,2
Odder,Vietnam,2024,1
Odense,Afghanistan,2024,10
Odense,Albania,2024,128
Odense,Algeria,2024,4
Odense,Angola,2024,1
Odense,Argentina,2024,2
Odense,Armenia,2024,1
Odense,Australia,2024,10
Odense,Austria,2024,20
Odense,Bangladesh,2024,121
Odense,Barbados,2024,1
Odense,Belgium,2024,14
Odense,Bosnia and Herzegovina,2024,4
Odense,Brazil,2024,17
Odense,Bulgaria,2024,24
Odense,Cameroon,2024,4
Odense,Canada,2024,20
Odense,Chile,2024,2
Odense,China,2024,93
Odense,Colombia,2024,1
Odense,"Congo, Democratic Republic",2024,4
Odense,Croatia,2024,23
Odense,Cyprus,2024,7
Odense,Czech Republic,2024,35
Odense,Denmark,2024,707
Odense,Egypt,2024,11
Odense,Eritrea,2024,3
Odense,Estonia,2024,6
Odense,Ethiopia,2024,2
Odense,Finland,2024,24
Odense,France,2024,104
Odense,Germany,2024,176
Odense,Ghana,2024,3
Odense,Greece,2024,31
Odense,Guyana,2024,1
Odense,Hungary,2024,41
Odense,Iceland,2024,70
Odense,India,2024,60
Odense,Indonesia,2024,6
Odense,Iran,2024,192
Odense,Iraq,2024,21
Odense,Ireland,2024,10
Odense,Italy,2024,181
Odense,Japan,2024,10
Odense,Jordan,2024,1
Odense,Kazakhstan,2024,3
Odense,Kenya,2024,4
Odense,Kosovo,2024,6
Odense,Latvia,2024,13
Odense,Lebanon,2024,7
Odense,Lithuania,2024,46
Odense,Malaysia,2024,24
Odense,Malta,2024,1
Odense,Mexico,2024,11
Odense,Moldova,2024,2
Odense,Mongolia,2024,2
Odense,Morocco,2024,7
Odense,Mozambique,2024,1
Odense,Nepal,2024,111
Odense,Netherlands,2024,39
Odense,New Zealand,2024,2
Odense,Nigeria,2024,2
Odense,North Korea,2024,3
Odense,Norway,2024,76
Odense,Not stated,2024,6
Odense,Pakistan,2024,81
Odense,Paraguay,2024,1
Odense,Philippines,2024,30
Odense,Poland,2024,95
Odense,Portugal,2024,52
Odense,Republic of North Macedonia,2024,1
Odense,Romania,2024,98
Odense,Russia,2024,5
Odense,Serbia,2024,8
Odense,Singapore,2024,8
Odense,Slovakia,2024,21
Odense,Slovenia,2024,6
Odense,Somalia,2024,2
Odense,South Africa,2024,3
Odense,South Korea,2024,34
Odense,Spain,2024,70
Odense,Sri Lanka,2024,3
Odense,Stateless,2024,10
Odense,Sweden,2024,58
Odense,Switzerland,2024,8
Odense,Syria,2024,32
Odense,Taiwan,2024,8
Odense,Thailand,2024,16
Odense,Trinidad and Tobago,2024,1
Odense,Turkey,2024,58
Odense,USA,2024,53
Odense,Uganda,2024,4
Odense,Ukraine,2024,364
Odense,United Kingdom,2024,17
Odense,Uzbekistan,2024,1
Odense,Vietnam,2024,71
Odense,Yugoslavia,2024,1
Odsherred,Bangladesh,2024,3
Odsherred,Belarus,2024,3
Odsherred,Bulgaria,2024,4
Odsherred,Chile,2024,1
Odsherred,China,2024,3
Odsherred,Czech Republic,2024,1
Odsherred,Denmark,2024,89
Odsherred,Egypt,2024,1
Odsherred,Finland,2024,2
Odsherred,Germany,2024,7
Odsherred,Hungary,2024,2
Odsherred,Iceland,2024,1
Odsherred,India,2024,1
Odsherred,Iran,2024,1
Odsherred,Iraq,2024,4
Odsherred,Italy,2024,4
Odsherred,Japan,2024,3
Odsherred,Kenya,2024,3
Odsherred,Latvia,2024,1
Odsherred,Lithuania,2024,3
Odsherred,Myanmar,2024,3
Odsherred,Netherlands,2024,2
Odsherred,Norway,2024,7
Odsherred,Not stated,2024,1
Odsherred,Poland,2024,11
Odsherred,Portugal,2024,2
Odsherred,Romania,2024,7
Odsherred,Russia,2024,2
Odsherred,Sri Lanka,2024,2
Odsherred,Sweden,2024,4
Odsherred,Syria,2024,8
Odsherred,Thailand,2024,4
Odsherred,Turkey,2024,1
Odsherred,USA,2024,2
Odsherred,Uganda,2024,4
Odsherred,Ukraine,2024,28
Odsherred,Vietnam,2024,2
Randers,Afghanistan,2024,2
Randers,Argentina,2024,2
Randers,Australia,2024,1
Randers,Bangladesh,2024,1
Randers,Belgium,2024,2
Randers,Bosnia and Herzegovina,2024,2
Randers,Brazil,2024,2
Randers,Bulgaria,2024,4
Randers,Canada,2024,2
Randers,Cape Verde,2024,2
Randers,Chile,2024,1
Randers,China,2024,7
Randers,"Congo, Democratic Republic",2024,2
Randers,Croatia,2024,1
Randers,Czech Republic,2024,2
Randers,Denmark,2024,244
Randers,Eritrea,2024,2
Randers,Finland,2024,1
Randers,France,2024,3
Randers,Germany,2024,5
Randers,Ghana,2024,3
Randers,Greece,2024,1
Randers,Hungary,2024,12
Randers,Iceland,2024,5
Randers,India,2024,10
Randers,Iran,2024,51
Randers,Ireland,2024,1
Randers,Italy,2024,7
Randers,Jamaica,2024,1
Randers,Japan,2024,9
Randers,Kenya,2024,1
Randers,Kosovo,2024,4
Randers,Latvia,2024,6
Randers,Lithuania,2024,11
Randers,Mexico,2024,4
Randers,Moldova,2024,1
Randers,Morocco,2024,1
Randers,Nepal,2024,1
Randers,Netherlands,2024,1
Randers,Nigeria,2024,3
Randers,Norway,2024,3
Randers,Pakistan,2024,5
Randers,Philippines,2024,8
Randers,Poland,2024,59
Randers,Portugal,2024,5
Randers,Romania,2024,155
Randers,Russia,2024,3
Randers,Serbia,2024,5
Randers,Slovakia,2024,3
Randers,Spain,2024,5
Randers,Sri Lanka,2024,26
Randers,Stateless,2024,1
Randers,Sweden,2024,9
Randers,Syria,2024,19
Randers,Tanzania,2024,3
Randers,Thailand,2024,8
Randers,Turkey,2024,4
Randers,USA,2024,9
Randers,Ukraine,2024,165
Randers,United Kingdom,2024,3
Randers,Vietnam,2024,1
Rebild,Australia,2024,1
Rebild,Bangladesh,2024,1
Rebild,Bulgaria,2024,8
Rebild,Canada,2024,1
Rebild,Denmark,2024,72
Rebild,Ecuador,2024,1
Rebild,Eritrea,2024,2
Rebild,France,2024,3
Rebild,Germany,2024,2
Rebild,Ghana,2024,1
Rebild,Hungary,2024,1
Rebild,Iceland,2024,1
Rebild,Ireland,2024,1
Rebild,Italy,2024,2
Rebild,Japan,2024,1
Rebild,Latvia,2024,4
Rebild,Lithuania,2024,2
Rebild,Nepal,2024,1
Rebild,Netherlands,2024,4
Rebild,New Zealand,2024,1
Rebild,Not stated,2024,2
Rebild,Philippines,2024,3
Rebild,Poland,2024,22
Rebild,Romania,2024,13
Rebild,Slovakia,2024,3
Rebild,Spain,2024,1
Rebild,Sweden,2024,2
Rebild,Tanzania,2024,1
Rebild,Thailand,2024,1
Rebild,Uganda,2024,10
Rebild,Ukraine,2024,45
Rebild,United Kingdom,2024,2
Rebild,Vietnam,2024,9
Ringkøbing-Skjern,Afghanistan,2024,1
Ringkøbing-Skjern,Australia,2024,2
Ringkøbing-Skjern,Austria,2024,1
Ringkøbing-Skjern,Bangladesh,2024,6
Ringkøbing-Skjern,Belgium,2024,2
Ringkøbing-Skjern,Brazil,2024,1
Ringkøbing-Skjern,Bulgaria,2024,2
Ringkøbing-Skjern,Canada,2024,1
Ringkøbing-Skjern,Chile,2024,1
Ringkøbing-Skjern,China,2024,1
Ringkøbing-Skjern,Costa Rica,2024,1
Ringkøbing-Skjern,Croatia,2024,1
Ringkøbing-Skjern,Cyprus,2024,1
Ringkøbing-Skjern,Denmark,2024,134
Ringkøbing-Skjern,Eritrea,2024,7
Ringkøbing-Skjern,France,2024,3
Ringkøbing-Skjern,Germany,2024,114
Ringkøbing-Skjern,Ghana,2024,3
Ringkøbing-Skjern,Hungary,2024,11
Ringkøbing-Skjern,Iceland,2024,3
Ringkøbing-Skjern,India,2024,14
Ringkøbing-Skjern,Ireland,2024,1
Ringkøbing-Skjern,Italy,2024,6
Ringkøbing-Skjern,Japan,2024,8
Ringkøbing-Skjern,Kenya,2024,1
Ringkøbing-Skjern,Kosovo,2024,3
Ringkøbing-Skjern,Latvia,2024,10
Ringkøbing-Skjern,Lebanon,2024,1
Ringkøbing-Skjern,Lithuania,2024,5
Ringkøbing-Skjern,Mexico,2024,2
Ringkøbing-Skjern,Moldova,2024,1
Ringkøbing-Skjern,Nepal,2024,4
Ringkøbing-Skjern,Netherlands,2024,1
Ringkøbing-Skjern,North Korea,2024,2
Ringkøbing-Skjern,Norway,2024,11
Ringkøbing-Skjern,Philippines,2024,6
Ringkøbing-Skjern,Poland,2024,33
Ringkøbing-Skjern,Portugal,2024,2
Ringkøbing-Skjern,Romania,2024,156
Ringkøbing-Skjern,Russia,2024,1
Ringkøbing-Skjern,South Africa,2024,2
Ringkøbing-Skjern,South Korea,2024,1
Ringkøbing-Skjern,Spain,2024,4
Ringkøbing-Skjern,Sri Lanka,2024,16
Ringkøbing-Skjern,Stateless,2024,1
Ringkøbing-Skjern,Sweden,2024,3
Ringkøbing-Skjern,Syria,2024,5
Ringkøbing-Skjern,Tanzania,2024,10
Ringkøbing-Skjern,Thailand,2024,7
Ringkøbing-Skjern,Turkey,2024,8
Ringkøbing-Skjern,USA,2024,2
Ringkøbing-Skjern,Uganda,2024,41
Ringkøbing-Skjern,Ukraine,2024,82
Ringkøbing-Skjern,United Kingdom,2024,5
Ringkøbing-Skjern,Vietnam,2024,32
Ringkøbing-Skjern,Zambia,2024,1
Ringsted,Afghanistan,2024,9
Ringsted,Bangladesh,2024,29
Ringsted,Belarus,2024,12
Ringsted,Brazil,2024,1
Ringsted,Bulgaria,2024,37
Ringsted,Cameroon,2024,4
Ringsted,China,2024,4
Ringsted,Croatia,2024,1
Ringsted,Czech Republic,2024,1
Ringsted,Denmark,2024,89
Ringsted,Eritrea,2024,3
Ringsted,Finland,2024,1
Ringsted,France,2024,1
Ringsted,Germany,2024,3
Ringsted,Greece,2024,1
Ringsted,Hungary,2024,1
Ringsted,Iceland,2024,1
Ringsted,India,2024,5
Ringsted,Iran,2024,4
Ringsted,Italy,2024,6
Ringsted,Jordan,2024,1
Ringsted,Kenya,2024,3
Ringsted,Kosovo,2024,1
Ringsted,Latvia,2024,1
Ringsted,Lithuania,2024,27
Ringsted,Luxembourg,2024,1
Ringsted,Mexico,2024,1
Ringsted,Moldova,2024,1
Ringsted,Morocco,2024,2
Ringsted,Nepal,2024,53
Ringsted,Netherlands,2024,1
Ringsted,Nigeria,2024,1
Ringsted,Norway,2024,3
Ringsted,Not stated,2024,2
Ringsted,Pakistan,2024,8
Ringsted,Philippines,2024,2
Ringsted,Poland,2024,63
Ringsted,Portugal,2024,25
Ringsted,Romania,2024,44
Ringsted,Russia,2024,1
Ringsted,Somalia,2024,1
Ringsted,South Africa,2024,1
Ringsted,Spain,2024,2
Ringsted,Sri Lanka,2024,1
Ringsted,Stateless,2024,1
Ringsted,Sweden,2024,15
Ringsted,Syria,2024,8
Ringsted,Thailand,2024,1
Ringsted,Turkey,2024,5
Ringsted,USA,2024,1
Ringsted,Ukraine,2024,63
Roskilde,Afghanistan,2024,12
Roskilde,Albania,2024,1
Roskilde,Argentina,2024,1
Roskilde,Armenia,2024,1
Roskilde,Australia,2024,3
Roskilde,Austria,2024,4
Roskilde,Azerbaijan,2024,1
Roskilde,Bangladesh,2024,38
Roskilde,Belgium,2024,2
Roskilde,Brazil,2024,3
Roskilde,Bulgaria,2024,33
Roskilde,Cameroon,2024,2
Roskilde,Canada,2024,6
Roskilde,Chile,2024,2
Roskilde,China,2024,20
Roskilde,Colombia,2024,6
Roskilde,Costa Rica,2024,1
Roskilde,Croatia,2024,3
Roskilde,Cuba,2024,1
Roskilde,Cyprus,2024,1
Roskilde,Czech Republic,2024,24
Roskilde,Denmark,2024,216
Roskilde,Ecuador,2024,1
Roskilde,Egypt,2024,2
Roskilde,Eritrea,2024,2
Roskilde,Estonia,2024,1
Roskilde,Finland,2024,8
Roskilde,France,2024,33
Roskilde,Georgia,2024,1
Roskilde,Germany,2024,42
Roskilde,Greece,2024,13
Roskilde,Hungary,2024,19
Roskilde,Iceland,2024,6
Roskilde,India,2024,11
Roskilde,Indonesia,2024,1
Roskilde,Iran,2024,15
Roskilde,Iraq,2024,1
Roskilde,Ireland,2024,8
Roskilde,Israel,2024,3
Roskilde,Italy,2024,38
Roskilde,Japan,2024,7
Roskilde,Jordan,2024,1
Roskilde,Kazakhstan,2024,2
Roskilde,Kenya,2024,1
Roskilde,Kosovo,2024,1
Roskilde,Latvia,2024,5
Roskilde,Lebanon,2024,3
Roskilde,Lithuania,2024,21
Roskilde,Malaysia,2024,1
Roskilde,Malta,2024,1
Roskilde,Mexico,2024,6
Roskilde,Morocco,2024,8
Roskilde,Nepal,2024,4
Roskilde,Netherlands,2024,15
Roskilde,New Zealand,2024,1
Roskilde,Nicaragua,2024,1
Roskilde,Norway,2024,9
Roskilde,Pakistan,2024,17
Roskilde,Panama,2024,1
Roskilde,Peru,2024,2
Roskilde,Philippines,2024,4
Roskilde,Poland,2024,42
Roskilde,Portugal,2024,16
Roskilde,Republic of North Macedonia,2024,1
Roskilde,Romania,2024,60
Roskilde,Russia,2024,3
Roskilde,Serbia,2024,2
Roskilde,Slovakia,2024,10
Roskilde,Slovenia,2024,1
Roskilde,South Africa,2024,2
Roskilde,South Korea,2024,4
Roskilde,Spain,2024,27
Roskilde,Stateless,2024,6
Roskilde,Sweden,2024,31
Roskilde,Switzerland,2024,2
Roskilde,Syria,2024,3
Roskilde,Taiwan,2024,1
Roskilde,Tanzania,2024,1
Roskilde,Thailand,2024,5
Roskilde,Turkey,2024,35
Roskilde,USA,2024,41
Roskilde,Uganda,2024,4
Roskilde,Ukraine,2024,155
Roskilde,United Kingdom,2024,14
Roskilde,Uzbekistan,2024,1
Roskilde,Vietnam,2024,3
Roskilde,Zimbabwe,2024,1
Rudersdal,Albania,2024,1
Rudersdal,Algeria,2024,1
Rudersdal,Argentina,2024,1
Rudersdal,Australia,2024,11
Rudersdal,Austria,2024,6
Rudersdal,Bangladesh,2024,16
Rudersdal,Belgium,2024,7
Rudersdal,Brazil,2024,8
Rudersdal,Bulgaria,2024,9
Rudersdal,Cameroon,2024,1
Rudersdal,Canada,2024,5
Rudersdal,Chile,2024,4
Rudersdal,China,2024,54
Rudersdal,Colombia,2024,3
Rudersdal,Croatia,2024,2
Rudersdal,Cyprus,2024,4
Rudersdal,Czech Republic,2024,2
Rudersdal,Denmark,2024,274
Rudersdal,Dominican Republic,2024,2
Rudersdal,Ecuador,2024,1
Rudersdal,Eritrea,2024,2
Rudersdal,Estonia,2024,4
Rudersdal,Finland,2024,2
Rudersdal,France,2024,16
Rudersdal,Germany,2024,30
Rudersdal,Ghana,2024,2
Rudersdal,Greece,2024,13
Rudersdal,Hungary,2024,2
Rudersdal,Iceland,2024,8
Rudersdal,India,2024,55
Rudersdal,Indonesia,2024,2
Rudersdal,Iran,2024,34
Rudersdal,Iraq,2024,1
Rudersdal,Ireland,2024,2
Rudersdal,Israel,2024,5
Rudersdal,Italy,2024,37
Rudersdal,Japan,2024,11
Rudersdal,Jordan,2024,1
Rudersdal,Kazakhstan,2024,1
Rudersdal,Latvia,2024,3
Rudersdal,Lebanon,2024,2
Rudersdal,Lithuania,2024,12
Rudersdal,Malaysia,2024,3
Rudersdal,Mexico,2024,11
Rudersdal,Morocco,2024,1
Rudersdal,Namibia,2024,1
Rudersdal,Nepal,2024,10
Rudersdal,Netherlands,2024,9
Rudersdal,New Zealand,2024,1
Rudersdal,Nigeria,2024,1
Rudersdal,Norway,2024,7
Rudersdal,Not stated,2024,2
Rudersdal,Pakistan,2024,11
Rudersdal,Philippines,2024,33
Rudersdal,Poland,2024,21
Rudersdal,Portugal,2024,15
Rudersdal,Republic of North Macedonia,2024,2
Rudersdal,Romania,2024,10
Rudersdal,Russia,2024,9
Rudersdal,Serbia,2024,2
Rudersdal,Singapore,2024,9
Rudersdal,Slovakia,2024,4
Rudersdal,Slovenia,2024,1
Rudersdal,Somalia,2024,1
Rudersdal,South Africa,2024,1
Rudersdal,South Korea,2024,8
Rudersdal,Spain,2024,36
Rudersdal,Sri Lanka,2024,1
Rudersdal,Stateless,2024,3
Rudersdal,Sweden,2024,8
Rudersdal,Syria,2024,13
Rudersdal,Taiwan,2024,1
Rudersdal,Tanzania,2024,1
Rudersdal,Thailand,2024,1
Rudersdal,Tunisia,2024,1
Rudersdal,Turkey,2024,18
Rudersdal,USA,2024,26
Rudersdal,Ukraine,2024,92
Rudersdal,United Kingdom,2024,12
Rudersdal,Vietnam,2024,5
Rødovre,Afghanistan,2024,1
Rødovre,Algeria,2024,1
Rødovre,Argentina,2024,7
Rødovre,Australia,2024,1
Rødovre,Austria,2024,3
Rødovre,Bangladesh,2024,48
Rødovre,Belarus,2024,1
Rødovre,Belgium,2024,4
Rødovre,Bosnia and Herzegovina,2024,2
Rødovre,Brazil,2024,8
Rødovre,Bulgaria,2024,28
Rødovre,Cambodia,2024,1
Rødovre,Cameroon,2024,1
Rødovre,Canada,2024,3
Rødovre,Chile,2024,6
Rødovre,China,2024,27
Rødovre,Croatia,2024,3
Rødovre,Czech Republic,2024,1
Rødovre,Denmark,2024,113
Rødovre,Egypt,2024,1
Rødovre,Equatorial Guinea ,2024,1
Rødovre,Estonia,2024,1
Rødovre,Ethiopia,2024,1
Rødovre,Finland,2024,5
Rødovre,France,2024,9
Rødovre,Germany,2024,17
Rødovre,Greece,2024,9
Rødovre,Hungary,2024,3
Rødovre,Iceland,2024,4
Rødovre,India,2024,59
Rødovre,Indonesia,2024,4
Rødovre,Iran,2024,97
Rødovre,Iraq,2024,2
Rødovre,Ireland,2024,8
Rødovre,Israel,2024,1
Rødovre,Italy,2024,46
Rødovre,Japan,2024,3
Rødovre,Kenya,2024,3
Rødovre,Latvia,2024,2
Rødovre,Lebanon,2024,1
Rødovre,Lithuania,2024,10
Rødovre,Malaysia,2024,4
Rødovre,Mexico,2024,2
Rødovre,Montenegro,2024,1
Rødovre,Morocco,2024,1
Rødovre,Nepal,2024,208
Rødovre,Netherlands,2024,6
Rødovre,Norway,2024,10
Rødovre,Pakistan,2024,19
Rødovre,Philippines,2024,4
Rødovre,Poland,2024,19
Rødovre,Portugal,2024,38
Rødovre,Republic of North Macedonia,2024,5
Rødovre,Romania,2024,58
Rødovre,Russia,2024,7
Rødovre,Serbia,2024,3
Rødovre,Slovakia,2024,1
Rødovre,South Africa,2024,1
Rødovre,South Korea,2024,1
Rødovre,Spain,2024,20
Rødovre,Stateless,2024,1
Rødovre,Sweden,2024,24
Rødovre,Switzerland,2024,3
Rødovre,Syria,2024,1
Rødovre,Tanzania,2024,1
Rødovre,Thailand,2024,2
Rødovre,Tunisia,2024,2
Rødovre,Turkey,2024,21
Rødovre,USA,2024,12
Rødovre,Ukraine,2024,77
Rødovre,United Kingdom,2024,8
Rødovre,Uzbekistan,2024,1
Rødovre,Vietnam,2024,7
Rødovre,Zimbabwe,2024,1
Samsø,Bulgaria,2024,6
Samsø,Denmark,2024,22
Samsø,France,2024,1
Samsø,"Gambia, The",2024,1
Samsø,Germany,2024,2
Samsø,Italy,2024,2
Samsø,Lithuania,2024,4
Samsø,Romania,2024,2
Samsø,Spain,2024,1
Samsø,Uganda,2024,1
Silkeborg,Australia,2024,1
Silkeborg,Belarus,2024,1
Silkeborg,Belgium,2024,4
Silkeborg,Brazil,2024,4
Silkeborg,Bulgaria,2024,2
Silkeborg,Canada,2024,1
Silkeborg,China,2024,9
Silkeborg,Croatia,2024,2
Silkeborg,Czech Republic,2024,1
Silkeborg,Denmark,2024,221
Silkeborg,Eritrea,2024,6
Silkeborg,Finland,2024,1
Silkeborg,France,2024,3
Silkeborg,Germany,2024,11
Silkeborg,Greece,2024,2
Silkeborg,Hungary,2024,7
Silkeborg,Iceland,2024,14
Silkeborg,India,2024,7
Silkeborg,Iran,2024,5
Silkeborg,Iraq,2024,1
Silkeborg,Ireland,2024,2
Silkeborg,Israel,2024,4
Silkeborg,Italy,2024,3
Silkeborg,Japan,2024,6
Silkeborg,Jordan,2024,1
Silkeborg,Kazakhstan,2024,3
Silkeborg,Kenya,2024,3
Silkeborg,Latvia,2024,5
Silkeborg,Lithuania,2024,13
Silkeborg,Malawi,2024,1
Silkeborg,Mexico,2024,1
Silkeborg,Moldova,2024,1
Silkeborg,Montenegro,2024,2
Silkeborg,Morocco,2024,1
Silkeborg,Nepal,2024,3
Silkeborg,Netherlands,2024,2
Silkeborg,Nigeria,2024,1
Silkeborg,Norway,2024,4
Silkeborg,Not stated,2024,64
Silkeborg,Peru,2024,2
Silkeborg,Philippines,2024,2
Silkeborg,Poland,2024,47
Silkeborg,Portugal,2024,5
Silkeborg,Romania,2024,82
Silkeborg,Russia,2024,1
Silkeborg,Serbia,2024,2
Silkeborg,Somalia,2024,1
Silkeborg,Spain,2024,4
Silkeborg,Sri Lanka,2024,1
Silkeborg,Stateless,2024,1
Silkeborg,Sweden,2024,13
Silkeborg,Syria,2024,13
Silkeborg,Tanzania,2024,7
Silkeborg,Thailand,2024,5
Silkeborg,Turkey,2024,2
Silkeborg,USA,2024,1
Silkeborg,Uganda,2024,15
Silkeborg,Ukraine,2024,128
Silkeborg,United Kingdom,2024,4
Silkeborg,Uzbekistan,2024,1
Silkeborg,Vietnam,2024,8
Silkeborg,Yugoslavia,2024,2
Skanderborg,Australia,2024,3
Skanderborg,Bangladesh,2024,1
Skanderborg,Belgium,2024,2
Skanderborg,Bulgaria,2024,9
Skanderborg,Cameroon,2024,1
Skanderborg,China,2024,1
Skanderborg,Colombia,2024,1
Skanderborg,"Congo, Democratic Republic",2024,7
Skanderborg,Cuba,2024,1
Skanderborg,Czech Republic,2024,1
Skanderborg,Denmark,2024,141
Skanderborg,Eritrea,2024,3
Skanderborg,Estonia,2024,1
Skanderborg,Ethiopia,2024,2
Skanderborg,Finland,2024,1
Skanderborg,France,2024,4
Skanderborg,Germany,2024,11
Skanderborg,Greece,2024,2
Skanderborg,Hungary,2024,4
Skanderborg,India,2024,3
Skanderborg,Indonesia,2024,2
Skanderborg,Italy,2024,10
Skanderborg,Kenya,2024,2
Skanderborg,Norway,2024,4
Skanderborg,Not stated,2024,1
Skanderborg,Philippines,2024,3
Skanderborg,Poland,2024,17
Skanderborg,Portugal,2024,6
Skanderborg,Romania,2024,19
Skanderborg,Rwanda,2024,1
Skanderborg,Spain,2024,3
Skanderborg,Sri Lanka,2024,1
Skanderborg,Sweden,2024,2
Skanderborg,Syria,2024,22
Skanderborg,Tanzania,2024,3
Skanderborg,Thailand,2024,3
Skanderborg,Turkey,2024,4
Skanderborg,USA,2024,2
Skanderborg,Uganda,2024,5
Skanderborg,Ukraine,2024,77
Skanderborg,United Kingdom,2024,5
Skanderborg,Vietnam,2024,2
Skive,Australia,2024,1
Skive,Bangladesh,2024,3
Skive,Bulgaria,2024,1
Skive,China,2024,5
Skive,Colombia,2024,1
Skive,Denmark,2024,83
Skive,Eritrea,2024,5
Skive,France,2024,3
Skive,Germany,2024,15
Skive,Ghana,2024,3
Skive,Greece,2024,1
Skive,Iceland,2024,8
Skive,India,2024,10
Skive,Iran,2024,3
Skive,Italy,2024,1
Skive,Japan,2024,3
Skive,Kenya,2024,8
Skive,Latvia,2024,3
Skive,Lithuania,2024,2
Skive,Mexico,2024,1
Skive,Nepal,2024,1
Skive,Norway,2024,8
Skive,Philippines,2024,7
Skive,Poland,2024,13
Skive,Romania,2024,43
Skive,Serbia,2024,1
Skive,Sweden,2024,7
Skive,Syria,2024,11
Skive,Tanzania,2024,5
Skive,Thailand,2024,3
Skive,USA,2024,2
Skive,Uganda,2024,10
Skive,Ukraine,2024,63
Skive,United Kingdom,2024,2
Skive,Venezuela,2024,1
Skive,Vietnam,2024,7
Skive,Zambia,2024,2
Slagelse,Afghanistan,2024,1
Slagelse,Albania,2024,1
Slagelse,Argentina,2024,3
Slagelse,Australia,2024,1
Slagelse,Bangladesh,2024,14
Slagelse,Belgium,2024,1
Slagelse,Bosnia and Herzegovina,2024,1
Slagelse,Brazil,2024,38
Slagelse,Bulgaria,2024,38
Slagelse,Burundi,2024,2
Slagelse,Canada,2024,8
Slagelse,China,2024,17
Slagelse,"Congo, Democratic Republic",2024,2
Slagelse,Costa Rica,2024,1
Slagelse,Croatia,2024,2
Slagelse,Czech Republic,2024,1
Slagelse,Denmark,2024,181
Slagelse,Dominican Republic,2024,5
Slagelse,Egypt,2024,1
Slagelse,Eritrea,2024,4
Slagelse,Ethiopia,2024,3
Slagelse,Finland,2024,6
Slagelse,France,2024,6
Slagelse,"Gambia, The",2024,3
Slagelse,Germany,2024,7
Slagelse,Ghana,2024,8
Slagelse,Greece,2024,1
Slagelse,Hungary,2024,1
Slagelse,Iceland,2024,2
Slagelse,India,2024,16
Slagelse,Indonesia,2024,1
Slagelse,Iran,2024,8
Slagelse,Ireland,2024,13
Slagelse,Italy,2024,9
Slagelse,Ivory Coast,2024,1
Slagelse,Japan,2024,1
Slagelse,Jordan,2024,1
Slagelse,Latvia,2024,6
Slagelse,Lithuania,2024,8
Slagelse,Mexico,2024,1
Slagelse,Moldova,2024,1
Slagelse,Montenegro,2024,1
Slagelse,Nepal,2024,4
Slagelse,Netherlands,2024,4
Slagelse,New Zealand,2024,3
Slagelse,Nigeria,2024,1
Slagelse,Norway,2024,2
Slagelse,Not stated,2024,2
Slagelse,Pakistan,2024,6
Slagelse,Philippines,2024,12
Slagelse,Poland,2024,28
Slagelse,Portugal,2024,5
Slagelse,Romania,2024,50
Slagelse,Russia,2024,2
Slagelse,Serbia,2024,2
Slagelse,Somalia,2024,3
Slagelse,Spain,2024,8
Slagelse,Sri Lanka,2024,3
Slagelse,Stateless,2024,8
Slagelse,Sweden,2024,17
Slagelse,Syria,2024,7
Slagelse,Thailand,2024,4
Slagelse,Turkey,2024,29
Slagelse,Turkmenistan,2024,1
Slagelse,USA,2024,9
Slagelse,Uganda,2024,1
Slagelse,Ukraine,2024,128
Slagelse,United Kingdom,2024,6
Slagelse,Vietnam,2024,4
Solrød,Afghanistan,2024,3
Solrød,Albania,2024,8
Solrød,Argentina,2024,2
Solrød,Bangladesh,2024,2
Solrød,Brazil,2024,2
Solrød,Bulgaria,2024,3
Solrød,Canada,2024,2
Solrød,China,2024,12
Solrød,Czech Republic,2024,1
Solrød,Denmark,2024,44
Solrød,Germany,2024,5
Solrød,Greece,2024,1
Solrød,Iceland,2024,1
Solrød,India,2024,6
Solrød,Iran,2024,2
Solrød,Italy,2024,2
Solrød,Japan,2024,1
Solrød,Lithuania,2024,3
Solrød,Nepal,2024,7
Solrød,Nigeria,2024,1
Solrød,Norway,2024,1
Solrød,Philippines,2024,4
Solrød,Poland,2024,22
Solrød,Portugal,2024,1
Solrød,Romania,2024,10
Solrød,Serbia,2024,1
Solrød,Slovakia,2024,1
Solrød,Spain,2024,3
Solrød,Sweden,2024,1
Solrød,Switzerland,2024,1
Solrød,Syria,2024,2
Solrød,Trinidad and Tobago,2024,1
Solrød,Turkey,2024,2
Solrød,USA,2024,4
Solrød,Uganda,2024,1
Solrød,Ukraine,2024,30
Solrød,United Kingdom,2024,1
Solrød,Uruguay,2024,1
Sorø,Algeria,2024,1
Sorø,Brazil,2024,1
Sorø,Bulgaria,2024,1
Sorø,China,2024,1
Sorø,Denmark,2024,76
Sorø,Eritrea,2024,4
Sorø,Germany,2024,2
Sorø,Ghana,2024,1
Sorø,Greece,2024,2
Sorø,Iceland,2024,5
Sorø,India,2024,5
Sorø,Indonesia,2024,1
Sorø,Iran,2024,3
Sorø,Italy,2024,5
Sorø,Latvia,2024,1
Sorø,Lithuania,2024,10
Sorø,Moldova,2024,3
Sorø,Nepal,2024,8
Sorø,Pakistan,2024,3
Sorø,Panama,2024,1
Sorø,Philippines,2024,1
Sorø,Poland,2024,26
Sorø,Romania,2024,47
Sorø,Sweden,2024,4
Sorø,Syria,2024,2
Sorø,Tanzania,2024,3
Sorø,Thailand,2024,1
Sorø,Turkey,2024,2
Sorø,USA,2024,5
Sorø,Ukraine,2024,35
Sorø,Vietnam,2024,1
Stevns,Albania,2024,1
Stevns,Brazil,2024,1
Stevns,Bulgaria,2024,1
Stevns,Colombia,2024,1
Stevns,Denmark,2024,45
Stevns,Eritrea,2024,4
Stevns,Finland,2024,1
Stevns,Germany,2024,2
Stevns,Ghana,2024,1
Stevns,Greece,2024,1
Stevns,Hungary,2024,2
Stevns,India,2024,6
Stevns,Latvia,2024,9
Stevns,Lebanon,2024,1
Stevns,Lithuania,2024,13
Stevns,Moldova,2024,1
Stevns,Nepal,2024,2
Stevns,Norway,2024,4
Stevns,Poland,2024,18
Stevns,Romania,2024,26
Stevns,Spain,2024,2
Stevns,Sweden,2024,5
Stevns,Syria,2024,2
Stevns,Turkey,2024,4
Stevns,USA,2024,3
Stevns,Uganda,2024,1
Stevns,Ukraine,2024,29
Stevns,Vietnam,2024,1
Struer,Australia,2024,1
Struer,Belgium,2024,2
Struer,Bulgaria,2024,2
Struer,China,2024,3
Struer,Czech Republic,2024,25
Struer,Denmark,2024,41
Struer,Estonia,2024,1
Struer,Germany,2024,2
Struer,Hungary,2024,12
Struer,India,2024,2
Struer,Ireland,2024,1
Struer,Italy,2024,3
Struer,Latvia,2024,8
Struer,Lithuania,2024,2
Struer,Morocco,2024,2
Struer,Peru,2024,1
Struer,Philippines,2024,3
Struer,Poland,2024,10
Struer,Romania,2024,45
Struer,Slovakia,2024,6
Struer,Slovenia,2024,1
Struer,Spain,2024,2
Struer,Syria,2024,7
Struer,Tanzania,2024,6
Struer,Ukraine,2024,22
Struer,United Kingdom,2024,2
Struer,Uzbekistan,2024,2
Struer,Vietnam,2024,2
Svendborg,Argentina,2024,3
Svendborg,Australia,2024,8
Svendborg,Austria,2024,2
Svendborg,Bangladesh,2024,4
Svendborg,Belgium,2024,3
Svendborg,Brazil,2024,1
Svendborg,Bulgaria,2024,1
Svendborg,Canada,2024,5
Svendborg,Chile,2024,2
Svendborg,China,2024,8
Svendborg,Colombia,2024,4
Svendborg,Costa Rica,2024,2
Svendborg,Czech Republic,2024,2
Svendborg,Denmark,2024,184
Svendborg,Egypt,2024,3
Svendborg,Eritrea,2024,4
Svendborg,Estonia,2024,2
Svendborg,Finland,2024,3
Svendborg,France,2024,7
Svendborg,Germany,2024,18
Svendborg,Hungary,2024,1
Svendborg,Iceland,2024,10
Svendborg,India,2024,1
Svendborg,Iran,2024,3
Svendborg,Italy,2024,6
Svendborg,Japan,2024,6
Svendborg,Kosovo,2024,4
Svendborg,Latvia,2024,1
Svendborg,Mexico,2024,5
Svendborg,Nepal,2024,1
Svendborg,Netherlands,2024,4
Svendborg,New Zealand,2024,4
Svendborg,Norway,2024,7
Svendborg,Not stated,2024,1
Svendborg,Paraguay,2024,1
Svendborg,Philippines,2024,4
Svendborg,Poland,2024,10
Svendborg,Portugal,2024,2
Svendborg,Romania,2024,9
Svendborg,Serbia,2024,2
Svendborg,Slovakia,2024,1
Svendborg,South Africa,2024,2
Svendborg,Spain,2024,2
Svendborg,Sweden,2024,15
Svendborg,Syria,2024,2
Svendborg,Tanzania,2024,1
Svendborg,Thailand,2024,2
Svendborg,Turkey,2024,4
Svendborg,USA,2024,8
Svendborg,Ukraine,2024,122
Svendborg,United Kingdom,2024,5
Svendborg,Uruguay,2024,1
Svendborg,Vietnam,2024,5
Syddjurs,Afghanistan,2024,1
Syddjurs,Australia,2024,2
Syddjurs,Austria,2024,3
Syddjurs,Belgium,2024,4
Syddjurs,Brazil,2024,2
Syddjurs,Bulgaria,2024,3
Syddjurs,Canada,2024,2
Syddjurs,Chile,2024,2
Syddjurs,China,2024,2
Syddjurs,Colombia,2024,2
Syddjurs,Czech Republic,2024,1
Syddjurs,Denmark,2024,180
Syddjurs,Egypt,2024,1
Syddjurs,Eritrea,2024,1
Syddjurs,Estonia,2024,1
Syddjurs,France,2024,4
Syddjurs,Germany,2024,19
Syddjurs,Hungary,2024,2
Syddjurs,Iceland,2024,6
Syddjurs,India,2024,1
Syddjurs,Iran,2024,5
Syddjurs,Italy,2024,14
Syddjurs,Japan,2024,24
Syddjurs,Kenya,2024,6
Syddjurs,Lithuania,2024,19
Syddjurs,Luxembourg,2024,2
Syddjurs,Mexico,2024,1
Syddjurs,Moldova,2024,1
Syddjurs,Nepal,2024,2
Syddjurs,Netherlands,2024,22
Syddjurs,Norway,2024,18
Syddjurs,Philippines,2024,2
Syddjurs,Poland,2024,11
Syddjurs,Portugal,2024,3
Syddjurs,Romania,2024,15
Syddjurs,Russia,2024,2
Syddjurs,South Korea,2024,1
Syddjurs,Spain,2024,10
Syddjurs,Sri Lanka,2024,8
Syddjurs,Sweden,2024,6
Syddjurs,Syria,2024,6
Syddjurs,Thailand,2024,2
Syddjurs,USA,2024,7
Syddjurs,Uganda,2024,2
Syddjurs,Ukraine,2024,56
Syddjurs,United Kingdom,2024,1
Syddjurs,Vietnam,2024,5
Sønderborg,Albania,2024,2
Sønderborg,Argentina,2024,1
Sønderborg,Australia,2024,1
Sønderborg,Austria,2024,4
Sønderborg,Azerbaijan,2024,1
Sønderborg,Bangladesh,2024,19
Sønderborg,Belgium,2024,1
Sønderborg,Bolivia,2024,1
Sønderborg,Bosnia and Herzegovina,2024,1
Sønderborg,Brazil,2024,15
Sønderborg,Bulgaria,2024,16
Sønderborg,Cameroon,2024,4
Sønderborg,Canada,2024,2
Sønderborg,Chile,2024,1
Sønderborg,China,2024,9
Sønderborg,Colombia,2024,6
Sønderborg,Croatia,2024,12
Sønderborg,Cyprus,2024,7
Sønderborg,Czech Republic,2024,33
Sønderborg,Denmark,2024,191
Sønderborg,Egypt,2024,1
Sønderborg,Eritrea,2024,2
Sønderborg,Estonia,2024,2
Sønderborg,Ethiopia,2024,1
Sønderborg,Finland,2024,4
Sønderborg,France,2024,15
Sønderborg,"Gambia, The",2024,6
Sønderborg,Germany,2024,301
Sønderborg,Greece,2024,9
Sønderborg,Hungary,2024,57
Sønderborg,Iceland,2024,26
Sønderborg,India,2024,28
Sønderborg,Indonesia,2024,2
Sønderborg,Iran,2024,20
Sønderborg,Iraq,2024,2
Sønderborg,Ireland,2024,4
Sønderborg,Italy,2024,24
Sønderborg,Kenya,2024,2
Sønderborg,Kosovo,2024,3
Sønderborg,Latvia,2024,24
Sønderborg,Lebanon,2024,1
Sønderborg,Lithuania,2024,30
Sønderborg,Malaysia,2024,1
Sønderborg,Malta,2024,1
Sønderborg,Mexico,2024,3
Sønderborg,Moldova,2024,1
Sønderborg,Mongolia,2024,1
Sønderborg,Morocco,2024,1
Sønderborg,Nepal,2024,2
Sønderborg,Netherlands,2024,9
Sønderborg,New Zealand,2024,1
Sønderborg,Nigeria,2024,2
Sønderborg,Norway,2024,7
Sønderborg,Not stated,2024,3
Sønderborg,Pakistan,2024,21
Sønderborg,Peru,2024,2
Sønderborg,Philippines,2024,6
Sønderborg,Poland,2024,85
Sønderborg,Portugal,2024,20
Sønderborg,Republic of North Macedonia,2024,1
Sønderborg,Romania,2024,62
Sønderborg,Russia,2024,4
Sønderborg,Serbia,2024,2
Sønderborg,Singapore,2024,1
Sønderborg,Slovakia,2024,60
Sønderborg,Slovenia,2024,1
Sønderborg,South Korea,2024,1
Sønderborg,Spain,2024,65
Sønderborg,Sri Lanka,2024,3
Sønderborg,Stateless,2024,1
Sønderborg,Sweden,2024,17
Sønderborg,Switzerland,2024,2
Sønderborg,Syria,2024,10
Sønderborg,Taiwan,2024,3
Sønderborg,Thailand,2024,3
Sønderborg,Trinidad and Tobago,2024,1
Sønderborg,Tunisia,2024,1
Sønderborg,Turkey,2024,19
Sønderborg,USA,2024,11
Sønderborg,Uganda,2024,7
Sønderborg,Ukraine,2024,113
Sønderborg,United Kingdom,2024,7
Sønderborg,Uzbekistan,2024,4
Sønderborg,Vietnam,2024,14
Thisted,Afghanistan,2024,3
Thisted,Bangladesh,2024,2
Thisted,Bosnia and Herzegovina,2024,1
Thisted,Bulgaria,2024,1
Thisted,China,2024,4
Thisted,Croatia,2024,1
Thisted,Denmark,2024,73
Thisted,Eritrea,2024,2
Thisted,Estonia,2024,1
Thisted,France,2024,1
Thisted,Germany,2024,23
Thisted,Hungary,2024,1
Thisted,Iceland,2024,2
Thisted,India,2024,2
Thisted,Iran,2024,1
Thisted,Italy,2024,1
Thisted,Kenya,2024,1
Thisted,Lithuania,2024,7
Thisted,Mexico,2024,2
Thisted,Netherlands,2024,8
Thisted,Norway,2024,4
Thisted,Philippines,2024,2
Thisted,Poland,2024,28
Thisted,Romania,2024,23
Thisted,Russia,2024,2
Thisted,Serbia,2024,1
Thisted,Slovakia,2024,1
Thisted,Spain,2024,1
Thisted,Sri Lanka,2024,5
Thisted,Stateless,2024,1
Thisted,Sweden,2024,4
Thisted,Switzerland,2024,2
Thisted,Syria,2024,10
Thisted,Tanzania,2024,2
Thisted,Turkey,2024,1
Thisted,USA,2024,2
Thisted,Uganda,2024,10
Thisted,Ukraine,2024,56
Thisted,United Kingdom,2024,2
Thisted,Uzbekistan,2024,4
Thisted,Vietnam,2024,3
Tårnby,Afghanistan,2024,2
Tårnby,Argentina,2024,2
Tårnby,Australia,2024,1
Tårnby,Austria,2024,1
Tårnby,Bangladesh,2024,36
Tårnby,Belgium,2024,3
Tårnby,Brazil,2024,4
Tårnby,Bulgaria,2024,10
Tårnby,Canada,2024,1
Tårnby,Chile,2024,2
Tårnby,China,2024,32
Tårnby,Czech Republic,2024,6
Tårnby,Denmark,2024,107
Tårnby,Eritrea,2024,1
Tårnby,Estonia,2024,3
Tårnby,Finland,2024,1
Tårnby,France,2024,6
Tårnby,Germany,2024,9
Tårnby,Hungary,2024,5
Tårnby,Iceland,2024,7
Tårnby,India,2024,8
Tårnby,Indonesia,2024,1
Tårnby,Iran,2024,27
Tårnby,Iraq,2024,2
Tårnby,Ireland,2024,2
Tårnby,Italy,2024,19
Tårnby,Japan,2024,1
Tårnby,Kenya,2024,1
Tårnby,Latvia,2024,3
Tårnby,Lebanon,2024,1
Tårnby,Lithuania,2024,6
Tårnby,Nepal,2024,14
Tårnby,Netherlands,2024,5
Tårnby,Norway,2024,9
Tårnby,Not stated,2024,1
Tårnby,Pakistan,2024,5
Tårnby,Philippines,2024,1
Tårnby,Poland,2024,5
Tårnby,Portugal,2024,5
Tårnby,Romania,2024,18
Tårnby,Russia,2024,2
Tårnby,Slovakia,2024,2
Tårnby,South Korea,2024,4
Tårnby,Spain,2024,14
Tårnby,Sri Lanka,2024,6
Tårnby,Stateless,2024,1
Tårnby,Sweden,2024,11
Tårnby,Switzerland,2024,1
Tårnby,Syria,2024,3
Tårnby,Thailand,2024,2
Tårnby,Turkey,2024,3
Tårnby,USA,2024,17
Tårnby,Uganda,2024,1
Tårnby,Ukraine,2024,72
Tårnby,United Kingdom,2024,1
Tårnby,Vietnam,2024,1
Tårnby,Zimbabwe,2024,1
Tønder,Austria,2024,2
Tønder,Bangladesh,2024,1
Tønder,Belgium,2024,1
Tønder,Bosnia and Herzegovina,2024,1
Tønder,Brazil,2024,13
Tønder,China,2024,13
Tønder,Croatia,2024,4
Tønder,Czech Republic,2024,3
Tønder,Denmark,2024,93
Tønder,Eritrea,2024,2
Tønder,Finland,2024,1
Tønder,France,2024,2
Tønder,Germany,2024,318
Tønder,Ghana,2024,2
Tønder,Greece,2024,1
Tønder,Hungary,2024,6
Tønder,Iceland,2024,3
Tønder,India,2024,20
Tønder,Iraq,2024,2
Tønder,Ireland,2024,1
Tønder,Italy,2024,3
Tønder,Ivory Coast,2024,1
Tønder,Japan,2024,17
Tønder,Latvia,2024,3
Tønder,Malaysia,2024,1
Tønder,Nepal,2024,3
Tønder,Netherlands,2024,14
Tønder,Nigeria,2024,1
Tønder,Norway,2024,1
Tønder,Not stated,2024,6
Tønder,Philippines,2024,5
Tønder,Poland,2024,25
Tønder,Portugal,2024,4
Tønder,Romania,2024,48
Tønder,Saudi Arabia,2024,1
Tønder,Senegal,2024,1
Tønder,Slovakia,2024,1
Tønder,Somalia,2024,4
Tønder,South Africa,2024,1
Tønder,Spain,2024,1
Tønder,Sri Lanka,2024,5
Tønder,Sweden,2024,3
Tønder,Switzerland,2024,3
Tønder,Syria,2024,3
Tønder,Tanzania,2024,3
Tønder,Thailand,2024,1
Tønder,Turkey,2024,3
Tønder,Uganda,2024,9
Tønder,Ukraine,2024,59
Tønder,United Kingdom,2024,1
Tønder,Uzbekistan,2024,5
Tønder,Vietnam,2024,26
Tønder,Zambia,2024,1
Vallensbæk,Afghanistan,2024,1
Vallensbæk,Argentina,2024,2
Vallensbæk,Australia,2024,1
Vallensbæk,Austria,2024,1
Vallensbæk,Bangladesh,2024,35
Vallensbæk,Belgium,2024,1
Vallensbæk,Brazil,2024,1
Vallensbæk,Bulgaria,2024,42
Vallensbæk,Cameroon,2024,5
Vallensbæk,Chile,2024,2
Vallensbæk,China,2024,22
Vallensbæk,Croatia,2024,3
Vallensbæk,Denmark,2024,95
Vallensbæk,Ecuador,2024,1
Vallensbæk,France,2024,5
Vallensbæk,Germany,2024,5
Vallensbæk,Ghana,2024,1
Vallensbæk,Greece,2024,6
Vallensbæk,Hungary,2024,5
Vallensbæk,Iceland,2024,8
Vallensbæk,India,2024,43
Vallensbæk,Iran,2024,29
Vallensbæk,Ireland,2024,5
Vallensbæk,Italy,2024,15
Vallensbæk,Kazakhstan,2024,2
Vallensbæk,Latvia,2024,8
Vallensbæk,Lithuania,2024,5
Vallensbæk,Malawi,2024,1
Vallensbæk,Morocco,2024,1
Vallensbæk,Nepal,2024,152
Vallensbæk,Netherlands,2024,3
Vallensbæk,Norway,2024,4
Vallensbæk,Pakistan,2024,44
Vallensbæk,Peru,2024,1
Vallensbæk,Philippines,2024,1
Vallensbæk,Poland,2024,21
Vallensbæk,Portugal,2024,25
Vallensbæk,Republic of North Macedonia,2024,3
Vallensbæk,Romania,2024,21
Vallensbæk,Russia,2024,1
Vallensbæk,Slovakia,2024,1
Vallensbæk,South Korea,2024,2
Vallensbæk,Spain,2024,12
Vallensbæk,Sri Lanka,2024,58
Vallensbæk,Stateless,2024,1
Vallensbæk,Sweden,2024,15
Vallensbæk,Thailand,2024,2
Vallensbæk,Turkey,2024,43
Vallensbæk,USA,2024,10
Vallensbæk,Ukraine,2024,22
Vallensbæk,United Kingdom,2024,4
Vallensbæk,Venezuela,2024,3
Vallensbæk,Zimbabwe,2024,1
Varde,Afghanistan,2024,1
Varde,Albania,2024,1
Varde,Bangladesh,2024,3
Varde,Bosnia and Herzegovina,2024,18
Varde,Brazil,2024,1
Varde,Bulgaria,2024,6
Varde,Canada,2024,3
Varde,China,2024,3
Varde,Colombia,2024,2
Varde,Costa Rica,2024,1
Varde,Croatia,2024,2
Varde,Denmark,2024,86
Varde,France,2024,2
Varde,Germany,2024,39
Varde,Ghana,2024,3
Varde,Hungary,2024,1
Varde,Iceland,2024,1
Varde,India,2024,2
Varde,Italy,2024,4
Varde,Kazakhstan,2024,1
Varde,Kenya,2024,6
Varde,Kyrgyzstan,2024,1
Varde,Latvia,2024,4
Varde,Lebanon,2024,1
Varde,Lithuania,2024,13
Varde,Moldova,2024,5
Varde,Montenegro,2024,5
Varde,Nepal,2024,2
Varde,Netherlands,2024,33
Varde,New Zealand,2024,1
Varde,Norway,2024,6
Varde,Philippines,2024,3
Varde,Poland,2024,53
Varde,Portugal,2024,2
Varde,Republic of North Macedonia,2024,9
Varde,Romania,2024,85
Varde,Russia,2024,2
Varde,Rwanda,2024,1
Varde,Serbia,2024,4
Varde,Spain,2024,1
Varde,Sweden,2024,4
Varde,Syria,2024,5
Varde,Tanzania,2024,8
Varde,Thailand,2024,3
Varde,USA,2024,3
Varde,Uganda,2024,29
Varde,Ukraine,2024,59
Varde,United Kingdom,2024,3
Varde,Uzbekistan,2024,6
Varde,Vietnam,2024,40
Vejen,Argentina,2024,1
Vejen,Bangladesh,2024,3
Vejen,Belgium,2024,2
Vejen,Brazil,2024,4
Vejen,Bulgaria,2024,11
Vejen,Cambodia,2024,1
Vejen,China,2024,2
Vejen,"Congo, Democratic Republic",2024,1
Vejen,Croatia,2024,3
Vejen,Denmark,2024,70
Vejen,Eritrea,2024,2
Vejen,Estonia,2024,1
Vejen,Finland,2024,1
Vejen,France,2024,1
Vejen,Germany,2024,14
Vejen,Ghana,2024,2
Vejen,Greece,2024,1
Vejen,Hungary,2024,4
Vejen,Iceland,2024,9
Vejen,India,2024,26
Vejen,Iran,2024,2
Vejen,Iraq,2024,1
Vejen,Italy,2024,4
Vejen,Kazakhstan,2024,1
Vejen,Kenya,2024,4
Vejen,Kyrgyzstan,2024,1
Vejen,Latvia,2024,1
Vejen,Lithuania,2024,5
Vejen,Malta,2024,1
Vejen,Moldova,2024,1
Vejen,Morocco,2024,1
Vejen,Nepal,2024,4
Vejen,Netherlands,2024,13
Vejen,Norway,2024,1
Vejen,Philippines,2024,6
Vejen,Poland,2024,36
Vejen,Republic of North Macedonia,2024,1
Vejen,Romania,2024,120
Vejen,Russia,2024,1
Vejen,South Africa,2024,3
Vejen,South Korea,2024,1
Vejen,Spain,2024,1
Vejen,Sweden,2024,1
Vejen,Syria,2024,14
Vejen,Tanzania,2024,6
Vejen,Thailand,2024,2
Vejen,USA,2024,4
Vejen,Uganda,2024,9
Vejen,Ukraine,2024,64
Vejen,United Kingdom,2024,1
Vejen,Vietnam,2024,18
Vejen,Yugoslavia,2024,1
Vejle,Afghanistan,2024,11
Vejle,Albania,2024,3
Vejle,Argentina,2024,3
Vejle,Armenia,2024,2
Vejle,Australia,2024,6
Vejle,Austria,2024,3
Vejle,Bangladesh,2024,7
Vejle,Belarus,2024,1
Vejle,Belgium,2024,12
Vejle,Botswana,2024,1
Vejle,Brazil,2024,5
Vejle,Bulgaria,2024,18
Vejle,Canada,2024,4
Vejle,Chile,2024,2
Vejle,China,2024,22
Vejle,Colombia,2024,1
Vejle,Croatia,2024,4
Vejle,Czech Republic,2024,2
Vejle,Denmark,2024,385
Vejle,Egypt,2024,1
Vejle,Eritrea,2024,3
Vejle,Estonia,2024,3
Vejle,Ethiopia,2024,1
Vejle,Finland,2024,4
Vejle,France,2024,11
Vejle,"Gambia, The",2024,5
Vejle,Georgia,2024,2
Vejle,Germany,2024,27
Vejle,Ghana,2024,8
Vejle,Greece,2024,5
Vejle,Guatemala,2024,1
Vejle,Hungary,2024,11
Vejle,Iceland,2024,17
Vejle,India,2024,15
Vejle,Indonesia,2024,1
Vejle,Iran,2024,60
Vejle,Iraq,2024,5
Vejle,Ireland,2024,2
Vejle,Italy,2024,35
Vejle,Japan,2024,31
Vejle,Kenya,2024,5
Vejle,Kyrgyzstan,2024,1
Vejle,Latvia,2024,9
Vejle,Lebanon,2024,1
Vejle,Lithuania,2024,13
Vejle,Mauritius,2024,2
Vejle,Mexico,2024,4
Vejle,Moldova,2024,3
Vejle,Morocco,2024,3
Vejle,Nepal,2024,3
Vejle,Netherlands,2024,20
Vejle,New Zealand,2024,1
Vejle,Nigeria,2024,4
Vejle,Norway,2024,8
Vejle,Not stated,2024,2
Vejle,Pakistan,2024,3
Vejle,Peru,2024,2
Vejle,Philippines,2024,13
Vejle,Poland,2024,164
Vejle,Portugal,2024,7
Vejle,Romania,2024,135
Vejle,Russia,2024,5
Vejle,Serbia,2024,7
Vejle,Slovakia,2024,5
Vejle,Slovenia,2024,1
Vejle,Somalia,2024,2
Vejle,South Africa,2024,7
Vejle,South Korea,2024,1
Vejle,Spain,2024,17
Vejle,Sri Lanka,2024,45
Vejle,Stateless,2024,6
Vejle,Sweden,2024,29
Vejle,Switzerland,2024,1
Vejle,Syria,2024,29
Vejle,Tanzania,2024,4
Vejle,Thailand,2024,4
Vejle,Tunisia,2024,4
Vejle,Turkey,2024,21
Vejle,USA,2024,31
Vejle,Uganda,2024,17
Vejle,Ukraine,2024,219
Vejle,United Arab Emirates,2024,1
Vejle,United Kingdom,2024,24
Vejle,Uruguay,2024,1
Vejle,Venezuela,2024,2
Vejle,Vietnam,2024,52
Vesthimmerlands,Brazil,2024,2
Vesthimmerlands,Bulgaria,2024,11
Vesthimmerlands,Denmark,2024,80
Vesthimmerlands,Eritrea,2024,3
Vesthimmerlands,Finland,2024,2
Vesthimmerlands,France,2024,2
Vesthimmerlands,Germany,2024,18
Vesthimmerlands,Ghana,2024,2
Vesthimmerlands,Hungary,2024,2
Vesthimmerlands,Iceland,2024,9
Vesthimmerlands,India,2024,3
Vesthimmerlands,Iran,2024,5
Vesthimmerlands,Italy,2024,3
Vesthimmerlands,Kenya,2024,6
Vesthimmerlands,Kyrgyzstan,2024,1
Vesthimmerlands,Latvia,2024,10
Vesthimmerlands,Lithuania,2024,10
Vesthimmerlands,Mexico,2024,27
Vesthimmerlands,Moldova,2024,3
Vesthimmerlands,Mozambique,2024,1
Vesthimmerlands,Nepal,2024,7
Vesthimmerlands,Netherlands,2024,5
Vesthimmerlands,Norway,2024,5
Vesthimmerlands,Not stated,2024,1
Vesthimmerlands,Philippines,2024,2
Vesthimmerlands,Poland,2024,7
Vesthimmerlands,Portugal,2024,3
Vesthimmerlands,Romania,2024,28
Vesthimmerlands,Russia,2024,2
Vesthimmerlands,Slovakia,2024,2
Vesthimmerlands,Spain,2024,7
Vesthimmerlands,Sweden,2024,2
Vesthimmerlands,Syria,2024,5
Vesthimmerlands,Tanzania,2024,7
Vesthimmerlands,Thailand,2024,8
Vesthimmerlands,Tunisia,2024,1
Vesthimmerlands,Turkey,2024,4
Vesthimmerlands,Uganda,2024,19
Vesthimmerlands,Ukraine,2024,46
Vesthimmerlands,United Kingdom,2024,1
Vesthimmerlands,Uzbekistan,2024,4
Vesthimmerlands,Vietnam,2024,10
Viborg,Afghanistan,2024,3
Viborg,Albania,2024,1
Viborg,Algeria,2024,1
Viborg,Argentina,2024,4
Viborg,Armenia,2024,1
Viborg,Australia,2024,7
Viborg,Austria,2024,2
Viborg,Bahrain,2024,2
Viborg,Bangladesh,2024,1
Viborg,Belarus,2024,1
Viborg,Belgium,2024,8
Viborg,Botswana,2024,1
Viborg,Brazil,2024,3
Viborg,Bulgaria,2024,3
Viborg,Cambodia,2024,1
Viborg,Canada,2024,6
Viborg,Chad,2024,1
Viborg,China,2024,15
Viborg,"Congo, Democratic Republic",2024,1
Viborg,Croatia,2024,2
Viborg,Cuba,2024,1
Viborg,Czech Republic,2024,2
Viborg,Denmark,2024,244
Viborg,Egypt,2024,1
Viborg,Eritrea,2024,6
Viborg,Finland,2024,2
Viborg,France,2024,10
Viborg,"Gambia, The",2024,3
Viborg,Germany,2024,22
Viborg,Ghana,2024,4
Viborg,Greece,2024,7
Viborg,Guatemala,2024,1
Viborg,Hungary,2024,6
Viborg,Iceland,2024,14
Viborg,India,2024,35
Viborg,Indonesia,2024,1
Viborg,Iran,2024,21
Viborg,Ireland,2024,4
Viborg,Israel,2024,1
Viborg,Italy,2024,17
Viborg,Japan,2024,29
Viborg,Kenya,2024,4
Viborg,Latvia,2024,9
Viborg,Lebanon,2024,1
Viborg,Lithuania,2024,24
Viborg,Mexico,2024,5
Viborg,Moldova,2024,1
Viborg,Nepal,2024,1
Viborg,Netherlands,2024,10
Viborg,Nigeria,2024,1
Viborg,Norway,2024,14
Viborg,Not stated,2024,4
Viborg,Pakistan,2024,8
Viborg,Peru,2024,2
Viborg,Philippines,2024,8
Viborg,Poland,2024,49
Viborg,Portugal,2024,9
Viborg,Romania,2024,169
Viborg,Russia,2024,1
Viborg,Rwanda,2024,2
Viborg,Serbia,2024,1
Viborg,Slovakia,2024,3
Viborg,South Africa,2024,1
Viborg,Spain,2024,22
Viborg,Sri Lanka,2024,14
Viborg,Sweden,2024,6
Viborg,Switzerland,2024,4
Viborg,Syria,2024,12
Viborg,Taiwan,2024,2
Viborg,Tanzania,2024,7
Viborg,Thailand,2024,5
Viborg,Tunisia,2024,1
Viborg,Turkey,2024,4
Viborg,USA,2024,5
Viborg,Uganda,2024,10
Viborg,Ukraine,2024,112
Viborg,United Kingdom,2024,4
Viborg,Uzbekistan,2024,3
Viborg,Vietnam,2024,34
Vordingborg,Afghanistan,2024,2
Vordingborg,Australia,2024,1
Vordingborg,Austria,2024,1
Vordingborg,Bangladesh,2024,10
Vordingborg,Brazil,2024,7
Vordingborg,Bulgaria,2024,6
Vordingborg,China,2024,10
Vordingborg,Colombia,2024,1
Vordingborg,Czech Republic,2024,2
Vordingborg,Denmark,2024,110
Vordingborg,Ecuador,2024,1
Vordingborg,Egypt,2024,4
Vordingborg,Eritrea,2024,1
Vordingborg,France,2024,3
Vordingborg,Germany,2024,13
Vordingborg,Ghana,2024,2
Vordingborg,Greece,2024,2
Vordingborg,Hungary,2024,2
Vordingborg,Iceland,2024,8
Vordingborg,India,2024,9
Vordingborg,Indonesia,2024,1
Vordingborg,Iraq,2024,1
Vordingborg,Ireland,2024,2
Vordingborg,Italy,2024,26
Vordingborg,Japan,2024,13
Vordingborg,Jordan,2024,1
Vordingborg,Kenya,2024,2
Vordingborg,Latvia,2024,4
Vordingborg,Lithuania,2024,8
Vordingborg,Mexico,2024,1
Vordingborg,Moldova,2024,1
Vordingborg,Nepal,2024,4
Vordingborg,Netherlands,2024,7
Vordingborg,Norway,2024,3
Vordingborg,Not stated,2024,1
Vordingborg,Pakistan,2024,7
Vordingborg,Philippines,2024,4
Vordingborg,Poland,2024,48
Vordingborg,Portugal,2024,1
Vordingborg,Romania,2024,129
Vordingborg,Slovakia,2024,4
Vordingborg,Somalia,2024,2
Vordingborg,South Korea,2024,2
Vordingborg,Spain,2024,10
Vordingborg,Sri Lanka,2024,4
Vordingborg,Stateless,2024,2
Vordingborg,Sweden,2024,8
Vordingborg,Syria,2024,6
Vordingborg,Tanzania,2024,2
Vordingborg,Thailand,2024,5
Vordingborg,Turkey,2024,1
Vordingborg,USA,2024,3
Vordingborg,Uganda,2024,2
Vordingborg,Ukraine,2024,64
Vordingborg,United Kingdom,2024,5
Vordingborg,Vietnam,2024,5
Ærø,Belgium,2024,2
Ærø,Denmark,2024,42
Ærø,Finland,2024,2
Ærø,Germany,2024,22
Ærø,Italy,2024,2
Ærø,Japan,2024,1
Ærø,Netherlands,2024,1
Ærø,Norway,2024,3
Ærø,Philippines,2024,2
Ærø,Poland,2024,6
Ærø,Portugal,2024,1
Ærø,Romania,2024,12
Ærø,Spain,2024,5
Ærø,USA,2024,3
Ærø,Ukraine,2024,6
Ærø,United Kingdom,2024,1
Aabenraa,Afghanistan,2025,7
Aabenraa,Argentina,2025,1
Aabenraa,Australia,2025,1
Aabenraa,Belgium,2025,4
Aabenraa,Bosnia and Herzegovina,2025,1
Aabenraa,Brazil,2025,7
Aabenraa,Bulgaria,2025,1
Aabenraa,China,2025,5
Aabenraa,Colombia,2025,1
Aabenraa,"Congo, Democratic Republic",2025,8
Aabenraa,Croatia,2025,2
Aabenraa,Czech Republic,2025,1
Aabenraa,Denmark,2025,171
Aabenraa,Eritrea,2025,3
Aabenraa,Finland,2025,1
Aabenraa,France,2025,1
Aabenraa,Germany,2025,412
Aabenraa,Ghana,2025,1
Aabenraa,Hungary,2025,3
Aabenraa,Iceland,2025,2
Aabenraa,India,2025,7
Aabenraa,Italy,2025,1
Aabenraa,Japan,2025,12
Aabenraa,Kenya,2025,9
Aabenraa,Kosovo,2025,7
Aabenraa,Lithuania,2025,5
Aabenraa,Luxembourg,2025,3
Aabenraa,Mexico,2025,2
Aabenraa,Myanmar,2025,2
Aabenraa,Netherlands,2025,14
Aabenraa,Norway,2025,2
Aabenraa,Not stated,2025,11
Aabenraa,Philippines,2025,1
Aabenraa,Poland,2025,8
Aabenraa,Portugal,2025,3
Aabenraa,Republic of North Macedonia,2025,1
Aabenraa,Romania,2025,54
Aabenraa,Russia,2025,1
Aabenraa,Sri Lanka,2025,10
Aabenraa,Sweden,2025,7
Aabenraa,Switzerland,2025,2
Aabenraa,Syria,2025,5
Aabenraa,Tanzania,2025,3
Aabenraa,Thailand,2025,1
Aabenraa,Tunisia,2025,1
Aabenraa,Turkey,2025,3
Aabenraa,USA,2025,3
Aabenraa,Uganda,2025,5
Aabenraa,Ukraine,2025,127
Aabenraa,United Kingdom,2025,2
Aabenraa,Uzbekistan,2025,4
Aabenraa,Vietnam,2025,16
Aabenraa,Yemen,2025,1
Aabenraa,Yugoslavia,2025,1
Aalborg,Afghanistan,2025,19
Aalborg,Albania,2025,4
Aalborg,Algeria,2025,1
Aalborg,Argentina,2025,4
Aalborg,Australia,2025,11
Aalborg,Austria,2025,7
Aalborg,Bangladesh,2025,92
Aalborg,Belgium,2025,11
Aalborg,Bosnia and Herzegovina,2025,3
Aalborg,Brazil,2025,18
Aalborg,Bulgaria,2025,41
Aalborg,Cameroon,2025,19
Aalborg,Canada,2025,9
Aalborg,Chile,2025,7
Aalborg,China,2025,87
Aalborg,Colombia,2025,10
Aalborg,"Congo, Democratic Republic",2025,18
Aalborg,Croatia,2025,22
Aalborg,Cyprus,2025,1
Aalborg,Czech Republic,2025,6
Aalborg,Denmark,2025,804
Aalborg,Dominican Republic,2025,2
Aalborg,Ecuador,2025,3
Aalborg,Egypt,2025,4
Aalborg,Eritrea,2025,3
Aalborg,Ethiopia,2025,1
Aalborg,Finland,2025,11
Aalborg,France,2025,52
Aalborg,"Gambia, The",2025,1
Aalborg,Georgia,2025,1
Aalborg,Germany,2025,105
Aalborg,Ghana,2025,10
Aalborg,Greece,2025,29
Aalborg,Hungary,2025,20
Aalborg,Iceland,2025,35
Aalborg,India,2025,81
Aalborg,Indonesia,2025,12
Aalborg,Iran,2025,78
Aalborg,Iraq,2025,7
Aalborg,Ireland,2025,9
Aalborg,Italy,2025,98
Aalborg,Ivory Coast,2025,1
Aalborg,Japan,2025,13
Aalborg,Jordan,2025,3
Aalborg,Kazakhstan,2025,7
Aalborg,Kenya,2025,14
Aalborg,Kosovo,2025,4
Aalborg,Kyrgyzstan,2025,1
Aalborg,Latvia,2025,5
Aalborg,Lebanon,2025,2
Aalborg,Lithuania,2025,5
Aalborg,Malaysia,2025,1
Aalborg,Mexico,2025,9
Aalborg,Moldova,2025,1
Aalborg,Morocco,2025,4
Aalborg,Myanmar,2025,5
Aalborg,Namibia,2025,1
Aalborg,Nepal,2025,115
Aalborg,Netherlands,2025,25
Aalborg,Nigeria,2025,12
Aalborg,North Korea,2025,1
Aalborg,Norway,2025,91
Aalborg,Not stated,2025,2
Aalborg,Pakistan,2025,39
Aalborg,Peru,2025,2
Aalborg,Philippines,2025,39
Aalborg,Poland,2025,57
Aalborg,Portugal,2025,40
Aalborg,Republic of North Macedonia,2025,1
Aalborg,Romania,2025,97
Aalborg,Russia,2025,5
Aalborg,Rwanda,2025,2
Aalborg,Saudi Arabia,2025,1
Aalborg,Serbia,2025,2
Aalborg,Singapore,2025,4
Aalborg,Slovakia,2025,4
Aalborg,Slovenia,2025,1
Aalborg,Somalia,2025,1
Aalborg,South Africa,2025,22
Aalborg,South Korea,2025,7
Aalborg,Spain,2025,89
Aalborg,Sri Lanka,2025,97
Aalborg,Stateless,2025,1
Aalborg,Sudan,2025,2
Aalborg,Sweden,2025,23
Aalborg,Switzerland,2025,4
Aalborg,Syria,2025,12
Aalborg,Taiwan,2025,1
Aalborg,Tanzania,2025,6
Aalborg,Thailand,2025,7
Aalborg,Tunisia,2025,1
Aalborg,Turkey,2025,25
Aalborg,USA,2025,28
Aalborg,Uganda,2025,14
Aalborg,Ukraine,2025,438
Aalborg,United Kingdom,2025,20
Aalborg,Uzbekistan,2025,4
Aalborg,Venezuela,2025,1
Aalborg,Vietnam,2025,25
Aalborg,Zimbabwe,2025,2
Aarhus,Afghanistan,2025,13
Aarhus,Albania,2025,2
Aarhus,Algeria,2025,3
Aarhus,Argentina,2025,51
Aarhus,Armenia,2025,3
Aarhus,Australia,2025,106
Aarhus,Austria,2025,52
Aarhus,Azerbaijan,2025,1
Aarhus,Bangladesh,2025,211
Aarhus,Belarus,2025,1
Aarhus,Belgium,2025,84
Aarhus,Belize,2025,1
Aarhus,Bolivia,2025,3
Aarhus,Bosnia and Herzegovina,2025,2
Aarhus,Brazil,2025,32
Aarhus,Bulgaria,2025,53
Aarhus,Burundi,2025,3
Aarhus,Cambodia,2025,2
Aarhus,Cameroon,2025,3
Aarhus,Canada,2025,52
Aarhus,Cape Verde,2025,1
Aarhus,Chile,2025,25
Aarhus,China,2025,265
Aarhus,Colombia,2025,24
Aarhus,Comoros,2025,1
Aarhus,"Congo, Democratic Republic",2025,20
Aarhus,Costa Rica,2025,3
Aarhus,Croatia,2025,16
Aarhus,Cuba,2025,2
Aarhus,Cyprus,2025,5
Aarhus,Czech Republic,2025,66
Aarhus,Denmark,2025,1380
Aarhus,Ecuador,2025,6
Aarhus,Egypt,2025,26
Aarhus,Eritrea,2025,8
Aarhus,Estonia,2025,20
Aarhus,Ethiopia,2025,4
Aarhus,Finland,2025,40
Aarhus,France,2025,169
Aarhus,Georgia,2025,2
Aarhus,Germany,2025,480
Aarhus,Ghana,2025,7
Aarhus,Greece,2025,57
Aarhus,Hungary,2025,145
Aarhus,Iceland,2025,84
Aarhus,India,2025,241
Aarhus,Indonesia,2025,25
Aarhus,Iran,2025,181
Aarhus,Iraq,2025,9
Aarhus,Ireland,2025,48
Aarhus,Israel,2025,9
Aarhus,Italy,2025,388
Aarhus,Japan,2025,61
Aarhus,Jordan,2025,2
Aarhus,Kazakhstan,2025,7
Aarhus,Kenya,2025,4
Aarhus,Laos,2025,1
Aarhus,Latvia,2025,20
Aarhus,Lebanon,2025,14
Aarhus,Lithuania,2025,23
Aarhus,Luxembourg,2025,3
Aarhus,Malaysia,2025,5
Aarhus,Mali,2025,2
Aarhus,Malta,2025,2
Aarhus,Mexico,2025,35
Aarhus,Moldova,2025,1
Aarhus,Morocco,2025,10
Aarhus,Nepal,2025,55
Aarhus,Netherlands,2025,152
Aarhus,New Zealand,2025,16
Aarhus,Nigeria,2025,13
Aarhus,North Korea,2025,1
Aarhus,Norway,2025,218
Aarhus,Not stated,2025,48
Aarhus,Pakistan,2025,132
Aarhus,Paraguay,2025,1
Aarhus,Peru,2025,6
Aarhus,Philippines,2025,36
Aarhus,Poland,2025,157
Aarhus,Portugal,2025,113
Aarhus,Romania,2025,258
Aarhus,Russia,2025,35
Aarhus,Rwanda,2025,1
Aarhus,Serbia,2025,10
Aarhus,Singapore,2025,38
Aarhus,Slovakia,2025,78
Aarhus,Slovenia,2025,14
Aarhus,Somalia,2025,1
Aarhus,South Africa,2025,3
Aarhus,South Korea,2025,23
Aarhus,Spain,2025,257
Aarhus,Sri Lanka,2025,44
Aarhus,Stateless,2025,10
Aarhus,Sudan,2025,2
Aarhus,Sweden,2025,116
Aarhus,Switzerland,2025,27
Aarhus,Syria,2025,42
Aarhus,Taiwan,2025,1
Aarhus,Tanzania,2025,1
Aarhus,Thailand,2025,16
Aarhus,Tunisia,2025,4
Aarhus,Turkey,2025,61
Aarhus,USA,2025,185
Aarhus,Uganda,2025,5
Aarhus,Ukraine,2025,764
Aarhus,United Kingdom,2025,95
Aarhus,Uzbekistan,2025,4
Aarhus,Venezuela,2025,6
Aarhus,Vietnam,2025,41
Aarhus,Zambia,2025,1
Aarhus,Zimbabwe,2025,1
Albertslund,Afghanistan,2025,14
Albertslund,Argentina,2025,1
Albertslund,Bangladesh,2025,75
Albertslund,Brazil,2025,3
Albertslund,Bulgaria,2025,6
Albertslund,Cameroon,2025,10
Albertslund,Chile,2025,1
Albertslund,China,2025,10
Albertslund,Denmark,2025,67
Albertslund,Dominican Republic,2025,1
Albertslund,Estonia,2025,1
Albertslund,Finland,2025,1
Albertslund,France,2025,4
Albertslund,Georgia,2025,1
Albertslund,Germany,2025,19
Albertslund,Greece,2025,7
Albertslund,Hungary,2025,6
Albertslund,Iceland,2025,2
Albertslund,India,2025,20
Albertslund,Indonesia,2025,1
Albertslund,Iran,2025,42
Albertslund,Italy,2025,12
Albertslund,Japan,2025,7
Albertslund,Kosovo,2025,5
Albertslund,Lithuania,2025,5
Albertslund,Luxembourg,2025,1
Albertslund,Mexico,2025,2
Albertslund,Moldova,2025,2
Albertslund,Morocco,2025,1
Albertslund,Nepal,2025,142
Albertslund,Netherlands,2025,3
Albertslund,Nigeria,2025,4
Albertslund,Norway,2025,3
Albertslund,Not stated,2025,4
Albertslund,Pakistan,2025,71
Albertslund,Poland,2025,15
Albertslund,Portugal,2025,5
Albertslund,Republic of North Macedonia,2025,1
Albertslund,Romania,2025,33
Albertslund,Serbia,2025,4
Albertslund,Slovakia,2025,2
Albertslund,Spain,2025,9
Albertslund,Sri Lanka,2025,4
Albertslund,Sweden,2025,19
Albertslund,Switzerland,2025,1
Albertslund,Syria,2025,4
Albertslund,Tunisia,2025,1
Albertslund,Turkey,2025,22
Albertslund,USA,2025,8
Albertslund,Ukraine,2025,66
Albertslund,United Kingdom,2025,4
Albertslund,Vietnam,2025,1
Allerød,Austria,2025,1
Allerød,Brazil,2025,3
Allerød,Bulgaria,2025,3
Allerød,China,2025,3
Allerød,Denmark,2025,60
Allerød,Estonia,2025,1
Allerød,Ethiopia,2025,2
Allerød,Finland,2025,1
Allerød,France,2025,3
Allerød,Germany,2025,1
Allerød,Greece,2025,2
Allerød,Iceland,2025,2
Allerød,India,2025,2
Allerød,Iran,2025,9
Allerød,Ireland,2025,6
Allerød,Italy,2025,1
Allerød,Latvia,2025,1
Allerød,Lithuania,2025,4
Allerød,Mexico,2025,1
Allerød,Netherlands,2025,1
Allerød,Norway,2025,2
Allerød,Pakistan,2025,1
Allerød,Philippines,2025,3
Allerød,Poland,2025,5
Allerød,Portugal,2025,1
Allerød,Romania,2025,2
Allerød,Spain,2025,2
Allerød,Sri Lanka,2025,1
Allerød,Stateless,2025,2
Allerød,Sweden,2025,7
Allerød,Syria,2025,4
Allerød,Turkey,2025,2
Allerød,USA,2025,6
Allerød,Ukraine,2025,62
Allerød,United Kingdom,2025,1
Allerød,Vietnam,2025,1
Assens,Afghanistan,2025,6
Assens,Albania,2025,6
Assens,Belarus,2025,2
Assens,Canada,2025,1
Assens,Colombia,2025,1
Assens,Denmark,2025,69
Assens,Eritrea,2025,2
Assens,Ethiopia,2025,2
Assens,France,2025,1
Assens,Germany,2025,3
Assens,Hungary,2025,8
Assens,Iceland,2025,4
Assens,India,2025,3
Assens,Italy,2025,5
Assens,Japan,2025,1
Assens,Kenya,2025,2
Assens,Kyrgyzstan,2025,1
Assens,Latvia,2025,3
Assens,Lebanon,2025,1
Assens,Lithuania,2025,12
Assens,Myanmar,2025,1
Assens,Nepal,2025,2
Assens,Netherlands,2025,25
Assens,Norway,2025,1
Assens,Pakistan,2025,2
Assens,Philippines,2025,1
Assens,Poland,2025,9
Assens,Romania,2025,97
Assens,Russia,2025,1
Assens,Slovakia,2025,7
Assens,Spain,2025,1
Assens,Sweden,2025,2
Assens,Syria,2025,1
Assens,Tanzania,2025,5
Assens,Thailand,2025,1
Assens,Uganda,2025,13
Assens,Ukraine,2025,100
Assens,Uruguay,2025,1
Assens,Venezuela,2025,2
Assens,Vietnam,2025,10
Ballerup,Afghanistan,2025,1
Ballerup,Albania,2025,3
Ballerup,Australia,2025,2
Ballerup,Bangladesh,2025,32
Ballerup,Belarus,2025,1
Ballerup,Belgium,2025,1
Ballerup,Benin,2025,2
Ballerup,Brazil,2025,8
Ballerup,Bulgaria,2025,10
Ballerup,Cameroon,2025,1
Ballerup,Canada,2025,4
Ballerup,Chile,2025,1
Ballerup,China,2025,22
Ballerup,Colombia,2025,2
Ballerup,Croatia,2025,1
Ballerup,Cyprus,2025,1
Ballerup,Czech Republic,2025,2
Ballerup,Denmark,2025,94
Ballerup,Egypt,2025,4
Ballerup,Eritrea,2025,2
Ballerup,Estonia,2025,3
Ballerup,Ethiopia,2025,1
Ballerup,Finland,2025,5
Ballerup,France,2025,19
Ballerup,"Gambia, The",2025,1
Ballerup,Germany,2025,25
Ballerup,Greece,2025,14
Ballerup,Guinea,2025,2
Ballerup,Hungary,2025,16
Ballerup,Iceland,2025,6
Ballerup,India,2025,134
Ballerup,Indonesia,2025,3
Ballerup,Iran,2025,73
Ballerup,Iraq,2025,3
Ballerup,Ireland,2025,6
Ballerup,Italy,2025,32
Ballerup,Japan,2025,2
Ballerup,Kenya,2025,1
Ballerup,Kosovo,2025,3
Ballerup,Laos,2025,1
Ballerup,Lithuania,2025,10
Ballerup,Malaysia,2025,1
Ballerup,Mexico,2025,5
Ballerup,Montenegro,2025,2
Ballerup,Morocco,2025,1
Ballerup,Nepal,2025,86
Ballerup,Netherlands,2025,7
Ballerup,Nigeria,2025,1
Ballerup,North Korea,2025,1
Ballerup,Norway,2025,8
Ballerup,Not stated,2025,4
Ballerup,Pakistan,2025,22
Ballerup,Philippines,2025,7
Ballerup,Poland,2025,17
Ballerup,Portugal,2025,20
Ballerup,Republic of North Macedonia,2025,19
Ballerup,Romania,2025,27
Ballerup,Russia,2025,3
Ballerup,Serbia,2025,1
Ballerup,Singapore,2025,3
Ballerup,Slovakia,2025,7
Ballerup,Slovenia,2025,2
Ballerup,South Africa,2025,1
Ballerup,South Korea,2025,3
Ballerup,Spain,2025,24
Ballerup,Sri Lanka,2025,10
Ballerup,Stateless,2025,1
Ballerup,Sweden,2025,20
Ballerup,Switzerland,2025,2
Ballerup,Syria,2025,2
Ballerup,Thailand,2025,1
Ballerup,Tunisia,2025,2
Ballerup,Turkey,2025,14
Ballerup,USA,2025,15
Ballerup,Uganda,2025,2
Ballerup,Ukraine,2025,110
Ballerup,United Kingdom,2025,5
Ballerup,Vietnam,2025,3
Billund,Afghanistan,2025,4
Billund,Argentina,2025,1
Billund,Australia,2025,10
Billund,Austria,2025,1
Billund,Bangladesh,2025,13
Billund,Belarus,2025,2
Billund,Belgium,2025,3
Billund,Brazil,2025,3
Billund,Bulgaria,2025,7
Billund,Canada,2025,6
Billund,Chile,2025,1
Billund,China,2025,5
Billund,Colombia,2025,2
Billund,Croatia,2025,1
Billund,Czech Republic,2025,4
Billund,Denmark,2025,51
Billund,Egypt,2025,4
Billund,Eritrea,2025,3
Billund,Ethiopia,2025,1
Billund,Finland,2025,6
Billund,France,2025,8
Billund,Germany,2025,10
Billund,Guatemala,2025,2
Billund,Hungary,2025,6
Billund,Iceland,2025,4
Billund,India,2025,13
Billund,Indonesia,2025,7
Billund,Ireland,2025,11
Billund,Italy,2025,13
Billund,Kenya,2025,4
Billund,Kyrgyzstan,2025,1
Billund,Latvia,2025,1
Billund,Lebanon,2025,2
Billund,Lithuania,2025,3
Billund,Malaysia,2025,4
Billund,Mexico,2025,6
Billund,Moldova,2025,1
Billund,Myanmar,2025,1
Billund,Netherlands,2025,15
Billund,Norway,2025,4
Billund,Not stated,2025,1
Billund,Peru,2025,1
Billund,Philippines,2025,65
Billund,Poland,2025,22
Billund,Portugal,2025,2
Billund,Republic of North Macedonia,2025,1
Billund,Romania,2025,77
Billund,Russia,2025,1
Billund,Saint Kitts and Nevis,2025,1
Billund,Singapore,2025,3
Billund,Slovakia,2025,2
Billund,South Africa,2025,1
Billund,South Korea,2025,2
Billund,Spain,2025,2
Billund,Sri Lanka,2025,2
Billund,Sweden,2025,4
Billund,Switzerland,2025,1
Billund,Tanzania,2025,1
Billund,Thailand,2025,2
Billund,Turkey,2025,1
Billund,USA,2025,51
Billund,Uganda,2025,14
Billund,Ukraine,2025,69
Billund,United Kingdom,2025,16
Billund,Uzbekistan,2025,3
Billund,Vietnam,2025,53
Bornholm,Argentina,2025,7
Bornholm,Austria,2025,1
Bornholm,Belgium,2025,2
Bornholm,Chile,2025,2
Bornholm,China,2025,2
Bornholm,Croatia,2025,1
Bornholm,Czech Republic,2025,1
Bornholm,Denmark,2025,93
Bornholm,Eritrea,2025,4
Bornholm,Estonia,2025,1
Bornholm,Finland,2025,2
Bornholm,France,2025,2
Bornholm,Germany,2025,46
Bornholm,Greece,2025,1
Bornholm,Hungary,2025,4
Bornholm,Iceland,2025,5
Bornholm,Ireland,2025,1
Bornholm,Italy,2025,25
Bornholm,Japan,2025,6
Bornholm,Kenya,2025,1
Bornholm,Latvia,2025,1
Bornholm,Lithuania,2025,3
Bornholm,Nepal,2025,3
Bornholm,Netherlands,2025,8
Bornholm,Nicaragua,2025,1
Bornholm,Norway,2025,2
Bornholm,Not stated,2025,4
Bornholm,Pakistan,2025,3
Bornholm,Philippines,2025,42
Bornholm,Poland,2025,14
Bornholm,Portugal,2025,1
Bornholm,Romania,2025,14
Bornholm,Slovakia,2025,4
Bornholm,Spain,2025,5
Bornholm,Stateless,2025,1
Bornholm,Sweden,2025,24
Bornholm,Switzerland,2025,1
Bornholm,Syria,2025,2
Bornholm,Thailand,2025,2
Bornholm,USA,2025,4
Bornholm,Ukraine,2025,94
Bornholm,United Kingdom,2025,3
Bornholm,Venezuela,2025,1
Bornholm,Vietnam,2025,10
Brøndby,Afghanistan,2025,6
Brøndby,Albania,2025,2
Brøndby,Argentina,2025,5
Brøndby,Australia,2025,2
Brøndby,Austria,2025,2
Brøndby,Azerbaijan,2025,1
Brøndby,Bahrain,2025,1
Brøndby,Bangladesh,2025,65
Brøndby,Bosnia and Herzegovina,2025,1
Brøndby,Brazil,2025,3
Brøndby,Bulgaria,2025,17
Brøndby,Canada,2025,3
Brøndby,Chile,2025,3
Brøndby,China,2025,19
Brøndby,Colombia,2025,2
Brøndby,Croatia,2025,3
Brøndby,Cyprus,2025,1
Brøndby,Czech Republic,2025,4
Brøndby,Denmark,2025,136
Brøndby,Dominican Republic,2025,1
Brøndby,Eritrea,2025,2
Brøndby,Estonia,2025,1
Brøndby,Finland,2025,1
Brøndby,France,2025,8
Brøndby,Germany,2025,17
Brøndby,Ghana,2025,6
Brøndby,Greece,2025,17
Brøndby,Hungary,2025,14
Brøndby,India,2025,36
Brøndby,Indonesia,2025,1
Brøndby,Iran,2025,39
Brøndby,Ireland,2025,6
Brøndby,Israel,2025,1
Brøndby,Italy,2025,34
Brøndby,Japan,2025,4
Brøndby,Jordan,2025,1
Brøndby,Kosovo,2025,1
Brøndby,Latvia,2025,1
Brøndby,Lithuania,2025,5
Brøndby,Mexico,2025,2
Brøndby,Montenegro,2025,1
Brøndby,Morocco,2025,6
Brøndby,Nepal,2025,144
Brøndby,Netherlands,2025,4
Brøndby,New Zealand,2025,2
Brøndby,Nigeria,2025,6
Brøndby,Norway,2025,12
Brøndby,Not stated,2025,4
Brøndby,Pakistan,2025,81
Brøndby,Peru,2025,2
Brøndby,Philippines,2025,3
Brøndby,Poland,2025,25
Brøndby,Portugal,2025,21
Brøndby,Republic of North Macedonia,2025,3
Brøndby,Romania,2025,63
Brøndby,Russia,2025,4
Brøndby,Serbia,2025,2
Brøndby,Slovakia,2025,1
Brøndby,Somalia,2025,1
Brøndby,Spain,2025,39
Brøndby,Sri Lanka,2025,16
Brøndby,Stateless,2025,1
Brøndby,Sweden,2025,31
Brøndby,Syria,2025,6
Brøndby,Thailand,2025,5
Brøndby,Turkey,2025,44
Brøndby,USA,2025,9
Brøndby,Uganda,2025,2
Brøndby,Ukraine,2025,81
Brøndby,United Kingdom,2025,9
Brøndby,Uzbekistan,2025,3
Brøndby,Venezuela,2025,1
Brøndby,Vietnam,2025,9
Brønderslev,Afghanistan,2025,5
Brønderslev,Australia,2025,1
Brønderslev,Austria,2025,1
Brønderslev,Bangladesh,2025,2
Brønderslev,Belarus,2025,1
Brønderslev,Belgium,2025,7
Brønderslev,Bulgaria,2025,3
Brønderslev,Cambodia,2025,1
Brønderslev,China,2025,1
Brønderslev,Denmark,2025,73
Brønderslev,Finland,2025,2
Brønderslev,France,2025,2
Brønderslev,Germany,2025,2
Brønderslev,Ghana,2025,2
Brønderslev,Iceland,2025,2
Brønderslev,India,2025,3
Brønderslev,Indonesia,2025,2
Brønderslev,Iran,2025,1
Brønderslev,Italy,2025,3
Brønderslev,Japan,2025,1
Brønderslev,Jordan,2025,1
Brønderslev,Kenya,2025,4
Brønderslev,Latvia,2025,11
Brønderslev,Lithuania,2025,1
Brønderslev,Myanmar,2025,1
Brønderslev,Netherlands,2025,5
Brønderslev,Norway,2025,2
Brønderslev,Not stated,2025,1
Brønderslev,Pakistan,2025,3
Brønderslev,Peru,2025,2
Brønderslev,Philippines,2025,27
Brønderslev,Poland,2025,13
Brønderslev,Portugal,2025,1
Brønderslev,Romania,2025,27
Brønderslev,Spain,2025,4
Brønderslev,Sri Lanka,2025,2
Brønderslev,Sweden,2025,2
Brønderslev,Syria,2025,5
Brønderslev,Tanzania,2025,6
Brønderslev,Thailand,2025,1
Brønderslev,Turkey,2025,1
Brønderslev,USA,2025,1
Brønderslev,Uganda,2025,14
Brønderslev,Ukraine,2025,71
Brønderslev,United Kingdom,2025,1
Brønderslev,Uzbekistan,2025,2
Brønderslev,Vietnam,2025,5
Copenhagen,Afghanistan,2025,35
Copenhagen,Albania,2025,12
Copenhagen,Algeria,2025,4
Copenhagen,Andorra,2025,1
Copenhagen,Angola,2025,1
Copenhagen,Argentina,2025,185
Copenhagen,Armenia,2025,5
Copenhagen,Australia,2025,360
Copenhagen,Austria,2025,128
Copenhagen,Azerbaijan,2025,4
Copenhagen,Bahamas,2025,1
Copenhagen,Bangladesh,2025,518
Copenhagen,Belarus,2025,7
Copenhagen,Belgium,2025,132
Copenhagen,Benin,2025,1
Copenhagen,Bhutan,2025,4
Copenhagen,Bosnia and Herzegovina,2025,9
Copenhagen,Botswana,2025,1
Copenhagen,Brazil,2025,127
Copenhagen,Bulgaria,2025,86
Copenhagen,Burundi,2025,1
Copenhagen,Cambodia,2025,2
Copenhagen,Cameroon,2025,11
Copenhagen,Canada,2025,236
Copenhagen,Cape Verde,2025,1
Copenhagen,Chile,2025,107
Copenhagen,China,2025,560
Copenhagen,Colombia,2025,44
Copenhagen,"Congo, Democratic Republic",2025,13
Copenhagen,Costa Rica,2025,2
Copenhagen,Croatia,2025,79
Copenhagen,Cuba,2025,2
Copenhagen,Cyprus,2025,19
Copenhagen,Czech Republic,2025,99
Copenhagen,Denmark,2025,3387
Copenhagen,Dominica,2025,1
Copenhagen,Dominican Republic,2025,1
Copenhagen,East Timor,2025,1
Copenhagen,Ecuador,2025,4
Copenhagen,Egypt,2025,35
Copenhagen,El Salvador,2025,2
Copenhagen,Eritrea,2025,3
Copenhagen,Estonia,2025,43
Copenhagen,Eswantini,2025,1
Copenhagen,Ethiopia,2025,6
Copenhagen,Finland,2025,174
Copenhagen,France,2025,689
Copenhagen,"Gambia, The",2025,3
Copenhagen,Georgia,2025,1
Copenhagen,Germany,2025,1349
Copenhagen,Ghana,2025,21
Copenhagen,Greece,2025,317
Copenhagen,Guatemala,2025,6
Copenhagen,Guinea,2025,1
Copenhagen,Guinea-Bissau,2025,2
Copenhagen,Honduras,2025,2
Copenhagen,Hungary,2025,157
Copenhagen,Iceland,2025,249
Copenhagen,India,2025,590
Copenhagen,Indonesia,2025,28
Copenhagen,Iran,2025,139
Copenhagen,Iraq,2025,16
Copenhagen,Ireland,2025,312
Copenhagen,Israel,2025,24
Copenhagen,Italy,2025,1692
Copenhagen,Ivory Coast,2025,3
Copenhagen,Japan,2025,211
Copenhagen,Jordan,2025,16
Copenhagen,Kazakhstan,2025,27
Copenhagen,Kenya,2025,10
Copenhagen,Kosovo,2025,2
Copenhagen,Kyrgyzstan,2025,3
Copenhagen,Laos,2025,2
Copenhagen,Latvia,2025,50
Copenhagen,Lebanon,2025,12
Copenhagen,Libya,2025,1
Copenhagen,Liechtenstein,2025,2
Copenhagen,Lithuania,2025,101
Copenhagen,Luxembourg,2025,17
Copenhagen,Madagascar,2025,2
Copenhagen,Malawi,2025,2
Copenhagen,Malaysia,2025,15
Copenhagen,Malta,2025,8
Copenhagen,Mexico,2025,96
Copenhagen,Moldova,2025,2
Copenhagen,Monaco,2025,1
Copenhagen,Mongolia,2025,1
Copenhagen,Montenegro,2025,2
Copenhagen,Morocco,2025,25
Copenhagen,Myanmar,2025,5
Copenhagen,Nepal,2025,396
Copenhagen,Netherlands,2025,385
Copenhagen,New Zealand,2025,64
Copenhagen,Nicaragua,2025,1
Copenhagen,Nigeria,2025,23
Copenhagen,Norway,2025,625
Copenhagen,Not stated,2025,29
Copenhagen,Oman,2025,2
Copenhagen,Pakistan,2025,272
Copenhagen,Panama,2025,1
Copenhagen,Peru,2025,16
Copenhagen,Philippines,2025,84
Copenhagen,Poland,2025,380
Copenhagen,Portugal,2025,336
Copenhagen,Republic of North Macedonia,2025,37
Copenhagen,Romania,2025,252
Copenhagen,Russia,2025,52
Copenhagen,Rwanda,2025,2
Copenhagen,Saudi Arabia,2025,1
Copenhagen,Senegal,2025,2
Copenhagen,Serbia,2025,24
Copenhagen,Sierra Leone,2025,1
Copenhagen,Singapore,2025,67
Copenhagen,Slovakia,2025,83
Copenhagen,Slovenia,2025,22
Copenhagen,Somalia,2025,2
Copenhagen,South Africa,2025,20
Copenhagen,South Korea,2025,131
Copenhagen,South Sudan,2025,1
Copenhagen,Spain,2025,805
Copenhagen,Sri Lanka,2025,16
Copenhagen,Stateless,2025,7
Copenhagen,Sudan,2025,1
Copenhagen,Sweden,2025,868
Copenhagen,Switzerland,2025,139
Copenhagen,Syria,2025,12
Copenhagen,Taiwan,2025,7
Copenhagen,Tanzania,2025,4
Copenhagen,Thailand,2025,46
Copenhagen,Trinidad and Tobago,2025,1
Copenhagen,Tunisia,2025,9
Copenhagen,Turkey,2025,192
Copenhagen,USA,2025,3195
Copenhagen,Uganda,2025,7
Copenhagen,Ukraine,2025,1437
Copenhagen,United Kingdom,2025,478
Copenhagen,Uruguay,2025,3
Copenhagen,Uzbekistan,2025,3
Copenhagen,Venezuela,2025,11
Copenhagen,Vietnam,2025,64
Copenhagen,Zambia,2025,2
Copenhagen,Zimbabwe,2025,1
Dragør,Afghanistan,2025,3
Dragør,Australia,2025,1
Dragør,Austria,2025,1
Dragør,Bangladesh,2025,3
Dragør,Brazil,2025,2
Dragør,China,2025,1
Dragør,Denmark,2025,33
Dragør,Eritrea,2025,1
Dragør,France,2025,3
Dragør,Germany,2025,3
Dragør,Greece,2025,2
Dragør,Italy,2025,1
Dragør,Japan,2025,1
Dragør,Latvia,2025,1
Dragør,Netherlands,2025,1
Dragør,Norway,2025,5
Dragør,Pakistan,2025,8
Dragør,Peru,2025,1
Dragør,Philippines,2025,4
Dragør,Poland,2025,1
Dragør,Slovakia,2025,3
Dragør,Sweden,2025,5
Dragør,Thailand,2025,4
Dragør,USA,2025,2
Dragør,Ukraine,2025,40
Dragør,United Kingdom,2025,2
Egedal,Afghanistan,2025,4
Egedal,Albania,2025,1
Egedal,Australia,2025,1
Egedal,Azerbaijan,2025,1
Egedal,Bangladesh,2025,9
Egedal,Belarus,2025,2
Egedal,Brazil,2025,3
Egedal,Bulgaria,2025,18
Egedal,Cameroon,2025,6
Egedal,China,2025,5
Egedal,Croatia,2025,2
Egedal,Denmark,2025,80
Egedal,Eritrea,2025,3
Egedal,Estonia,2025,1
Egedal,France,2025,3
Egedal,Germany,2025,3
Egedal,Greece,2025,3
Egedal,Hungary,2025,1
Egedal,India,2025,18
Egedal,Iran,2025,12
Egedal,Iraq,2025,1
Egedal,Italy,2025,5
Egedal,Japan,2025,2
Egedal,Kenya,2025,1
Egedal,Latvia,2025,7
Egedal,Lithuania,2025,5
Egedal,Mexico,2025,2
Egedal,Moldova,2025,1
Egedal,Nepal,2025,32
Egedal,Netherlands,2025,2
Egedal,Norway,2025,2
Egedal,Not stated,2025,1
Egedal,Pakistan,2025,6
Egedal,Philippines,2025,2
Egedal,Poland,2025,15
Egedal,Portugal,2025,5
Egedal,Republic of North Macedonia,2025,3
Egedal,Romania,2025,14
Egedal,Rwanda,2025,2
Egedal,Serbia,2025,1
Egedal,Slovakia,2025,1
Egedal,South Korea,2025,2
Egedal,Spain,2025,3
Egedal,Sweden,2025,7
Egedal,Syria,2025,3
Egedal,Thailand,2025,2
Egedal,Turkey,2025,4
Egedal,USA,2025,5
Egedal,Ukraine,2025,90
Egedal,United Kingdom,2025,7
Esbjerg,Algeria,2025,1
Esbjerg,Argentina,2025,1
Esbjerg,Australia,2025,3
Esbjerg,Austria,2025,4
Esbjerg,Azerbaijan,2025,1
Esbjerg,Bangladesh,2025,32
Esbjerg,Belgium,2025,6
Esbjerg,Bosnia and Herzegovina,2025,1
Esbjerg,Brazil,2025,4
Esbjerg,Bulgaria,2025,14
Esbjerg,Cameroon,2025,8
Esbjerg,Canada,2025,7
Esbjerg,Chile,2025,3
Esbjerg,China,2025,28
Esbjerg,Colombia,2025,3
Esbjerg,"Congo, Democratic Republic",2025,6
Esbjerg,Croatia,2025,6
Esbjerg,Cyprus,2025,1
Esbjerg,Czech Republic,2025,15
Esbjerg,Denmark,2025,281
Esbjerg,Dominican Republic,2025,1
Esbjerg,Eritrea,2025,7
Esbjerg,Estonia,2025,6
Esbjerg,Ethiopia,2025,3
Esbjerg,Finland,2025,7
Esbjerg,France,2025,26
Esbjerg,Germany,2025,57
Esbjerg,Ghana,2025,1
Esbjerg,Greece,2025,8
Esbjerg,Guyana,2025,1
Esbjerg,Hungary,2025,25
Esbjerg,Iceland,2025,5
Esbjerg,India,2025,20
Esbjerg,Indonesia,2025,5
Esbjerg,Iran,2025,15
Esbjerg,Iraq,2025,6
Esbjerg,Ireland,2025,2
Esbjerg,Italy,2025,21
Esbjerg,Ivory Coast,2025,1
Esbjerg,Japan,2025,7
Esbjerg,Jordan,2025,1
Esbjerg,Kenya,2025,3
Esbjerg,Kosovo,2025,1
Esbjerg,Latvia,2025,10
Esbjerg,Lithuania,2025,9
Esbjerg,Mexico,2025,2
Esbjerg,Moldova,2025,3
Esbjerg,Montenegro,2025,1
Esbjerg,Morocco,2025,1
Esbjerg,Myanmar,2025,6
Esbjerg,Nepal,2025,17
Esbjerg,Netherlands,2025,13
Esbjerg,Nigeria,2025,11
Esbjerg,Norway,2025,30
Esbjerg,Not stated,2025,3
Esbjerg,Pakistan,2025,9
Esbjerg,Paraguay,2025,1
Esbjerg,Philippines,2025,6
Esbjerg,Poland,2025,39
Esbjerg,Portugal,2025,10
Esbjerg,Republic of North Macedonia,2025,1
Esbjerg,Romania,2025,86
Esbjerg,Rwanda,2025,1
Esbjerg,Saint Kitts and Nevis,2025,1
Esbjerg,Saudi Arabia,2025,1
Esbjerg,Singapore,2025,2
Esbjerg,Slovakia,2025,4
Esbjerg,South Africa,2025,6
Esbjerg,South Korea,2025,1
Esbjerg,Spain,2025,27
Esbjerg,Sri Lanka,2025,24
Esbjerg,Stateless,2025,6
Esbjerg,Sudan,2025,2
Esbjerg,Sweden,2025,19
Esbjerg,Switzerland,2025,8
Esbjerg,Syria,2025,16
Esbjerg,Taiwan,2025,1
Esbjerg,Tanzania,2025,5
Esbjerg,Thailand,2025,4
Esbjerg,Tunisia,2025,1
Esbjerg,Turkey,2025,11
Esbjerg,USA,2025,15
Esbjerg,Uganda,2025,12
Esbjerg,Ukraine,2025,256
Esbjerg,United Kingdom,2025,32
Esbjerg,Uzbekistan,2025,9
Esbjerg,Vietnam,2025,42
Faaborg-Midtfyn,Afghanistan,2025,1
Faaborg-Midtfyn,Australia,2025,2
Faaborg-Midtfyn,Bangladesh,2025,3
Faaborg-Midtfyn,Bulgaria,2025,7
Faaborg-Midtfyn,Cameroon,2025,3
Faaborg-Midtfyn,"Congo, Democratic Republic",2025,5
Faaborg-Midtfyn,Denmark,2025,81
Faaborg-Midtfyn,France,2025,3
Faaborg-Midtfyn,Germany,2025,6
Faaborg-Midtfyn,Greece,2025,1
Faaborg-Midtfyn,Hungary,2025,8
Faaborg-Midtfyn,India,2025,3
Faaborg-Midtfyn,Iran,2025,3
Faaborg-Midtfyn,Ireland,2025,1
Faaborg-Midtfyn,Italy,2025,4
Faaborg-Midtfyn,Japan,2025,3
Faaborg-Midtfyn,Kazakhstan,2025,1
Faaborg-Midtfyn,Kenya,2025,1
Faaborg-Midtfyn,Latvia,2025,1
Faaborg-Midtfyn,Lithuania,2025,5
Faaborg-Midtfyn,Mexico,2025,1
Faaborg-Midtfyn,Myanmar,2025,1
Faaborg-Midtfyn,Netherlands,2025,7
Faaborg-Midtfyn,Philippines,2025,3
Faaborg-Midtfyn,Poland,2025,23
Faaborg-Midtfyn,Romania,2025,80
Faaborg-Midtfyn,Russia,2025,1
Faaborg-Midtfyn,Rwanda,2025,1
Faaborg-Midtfyn,Spain,2025,3
Faaborg-Midtfyn,Sweden,2025,2
Faaborg-Midtfyn,Switzerland,2025,1
Faaborg-Midtfyn,Tanzania,2025,3
Faaborg-Midtfyn,Thailand,2025,1
Faaborg-Midtfyn,Uganda,2025,6
Faaborg-Midtfyn,Ukraine,2025,107
Faaborg-Midtfyn,Uzbekistan,2025,1
Faaborg-Midtfyn,Vietnam,2025,22
Fanø,Austria,2025,1
Fanø,Chile,2025,1
Fanø,Denmark,2025,26
Fanø,France,2025,1
Fanø,Germany,2025,17
Fanø,Greece,2025,1
Fanø,Iran,2025,2
Fanø,Italy,2025,1
Fanø,Norway,2025,2
Fanø,Thailand,2025,1
Fanø,Uganda,2025,1
Fanø,Ukraine,2025,6
Fanø,United Kingdom,2025,1
Favrskov,Afghanistan,2025,6
Favrskov,Albania,2025,1
Favrskov,Argentina,2025,1
Favrskov,Brazil,2025,2
Favrskov,China,2025,1
Favrskov,Croatia,2025,1
Favrskov,Denmark,2025,80
Favrskov,Eritrea,2025,1
Favrskov,Germany,2025,16
Favrskov,Hungary,2025,4
Favrskov,Iceland,2025,2
Favrskov,India,2025,8
Favrskov,Indonesia,2025,1
Favrskov,Italy,2025,5
Favrskov,Kenya,2025,1
Favrskov,Latvia,2025,1
Favrskov,Lithuania,2025,7
Favrskov,Mexico,2025,1
Favrskov,Morocco,2025,1
Favrskov,Netherlands,2025,5
Favrskov,Peru,2025,1
Favrskov,Philippines,2025,4
Favrskov,Poland,2025,15
Favrskov,Romania,2025,54
Favrskov,Sierra Leone,2025,1
Favrskov,Slovakia,2025,4
Favrskov,South Korea,2025,1
Favrskov,Spain,2025,1
Favrskov,Sweden,2025,4
Favrskov,Syria,2025,1
Favrskov,Tanzania,2025,7
Favrskov,Thailand,2025,3
Favrskov,USA,2025,2
Favrskov,Uganda,2025,7
Favrskov,Ukraine,2025,130
Favrskov,United Kingdom,2025,1
Favrskov,Vietnam,2025,10
Faxe,Afghanistan,2025,2
Faxe,Argentina,2025,1
Faxe,Australia,2025,1
Faxe,Azerbaijan,2025,3
Faxe,Bulgaria,2025,14
Faxe,Chile,2025,1
Faxe,China,2025,1
Faxe,"Congo, Democratic Republic",2025,1
Faxe,Czech Republic,2025,1
Faxe,Denmark,2025,68
Faxe,France,2025,2
Faxe,"Gambia, The",2025,1
Faxe,Germany,2025,3
Faxe,Hungary,2025,2
Faxe,Iran,2025,1
Faxe,Italy,2025,3
Faxe,Japan,2025,1
Faxe,Latvia,2025,6
Faxe,Lithuania,2025,8
Faxe,Mozambique,2025,1
Faxe,Nepal,2025,14
Faxe,Netherlands,2025,4
Faxe,New Zealand,2025,1
Faxe,Norway,2025,2
Faxe,Pakistan,2025,1
Faxe,Philippines,2025,1
Faxe,Poland,2025,77
Faxe,Portugal,2025,4
Faxe,Romania,2025,36
Faxe,Russia,2025,2
Faxe,Serbia,2025,1
Faxe,Spain,2025,1
Faxe,Sweden,2025,9
Faxe,Syria,2025,2
Faxe,Tanzania,2025,1
Faxe,Thailand,2025,4
Faxe,Turkey,2025,13
Faxe,USA,2025,1
Faxe,Uganda,2025,2
Faxe,Ukraine,2025,80
Faxe,United Kingdom,2025,2
Faxe,Uzbekistan,2025,1
Faxe,Vietnam,2025,2
Fredensborg,Afghanistan,2025,1
Fredensborg,Argentina,2025,1
Fredensborg,Australia,2025,1
Fredensborg,Bangladesh,2025,4
Fredensborg,Bosnia and Herzegovina,2025,1
Fredensborg,Brazil,2025,4
Fredensborg,Bulgaria,2025,14
Fredensborg,Canada,2025,3
Fredensborg,Chile,2025,1
Fredensborg,China,2025,5
Fredensborg,Denmark,2025,159
Fredensborg,Eritrea,2025,1
Fredensborg,Ethiopia,2025,1
Fredensborg,France,2025,2
Fredensborg,Germany,2025,4
Fredensborg,Ghana,2025,1
Fredensborg,Guinea,2025,2
Fredensborg,Hungary,2025,1
Fredensborg,India,2025,8
Fredensborg,Iran,2025,4
Fredensborg,Ireland,2025,2
Fredensborg,Italy,2025,9
Fredensborg,Jordan,2025,1
Fredensborg,Kenya,2025,2
Fredensborg,Latvia,2025,8
Fredensborg,Lithuania,2025,18
Fredensborg,Madagascar,2025,1
Fredensborg,Nepal,2025,8
Fredensborg,Netherlands,2025,7
Fredensborg,Nigeria,2025,2
Fredensborg,Norway,2025,2
Fredensborg,Pakistan,2025,1
Fredensborg,Philippines,2025,18
Fredensborg,Poland,2025,26
Fredensborg,Portugal,2025,3
Fredensborg,Republic of North Macedonia,2025,4
Fredensborg,Romania,2025,29
Fredensborg,Russia,2025,4
Fredensborg,Serbia,2025,1
Fredensborg,Spain,2025,9
Fredensborg,Sri Lanka,2025,4
Fredensborg,Stateless,2025,2
Fredensborg,Sweden,2025,12
Fredensborg,Switzerland,2025,1
Fredensborg,Syria,2025,1
Fredensborg,Thailand,2025,3
Fredensborg,Turkey,2025,9
Fredensborg,USA,2025,6
Fredensborg,Ukraine,2025,86
Fredensborg,United Kingdom,2025,6
Fredensborg,Venezuela,2025,1
Fredensborg,Zambia,2025,1
Fredericia,Afghanistan,2025,3
Fredericia,Algeria,2025,1
Fredericia,Asia not stated,2025,1
Fredericia,Australia,2025,1
Fredericia,Austria,2025,3
Fredericia,Bangladesh,2025,4
Fredericia,Belgium,2025,1
Fredericia,Bosnia and Herzegovina,2025,1
Fredericia,Brazil,2025,2
Fredericia,Bulgaria,2025,13
Fredericia,Chile,2025,1
Fredericia,China,2025,3
Fredericia,Colombia,2025,2
Fredericia,Czech Republic,2025,2
Fredericia,Denmark,2025,136
Fredericia,Eritrea,2025,1
Fredericia,France,2025,3
Fredericia,Germany,2025,8
Fredericia,Ghana,2025,1
Fredericia,Greece,2025,1
Fredericia,Hungary,2025,10
Fredericia,Iceland,2025,3
Fredericia,India,2025,7
Fredericia,Indonesia,2025,4
Fredericia,Iran,2025,6
Fredericia,Iraq,2025,1
Fredericia,Ireland,2025,2
Fredericia,Italy,2025,6
Fredericia,Japan,2025,6
Fredericia,Kenya,2025,1
Fredericia,Kosovo,2025,2
Fredericia,Latvia,2025,5
Fredericia,Lithuania,2025,7
Fredericia,Mexico,2025,1
Fredericia,Montenegro,2025,1
Fredericia,Morocco,2025,2
Fredericia,Nepal,2025,1
Fredericia,Netherlands,2025,3
Fredericia,Norway,2025,3
Fredericia,Pakistan,2025,9
Fredericia,Philippines,2025,9
Fredericia,Poland,2025,43
Fredericia,Portugal,2025,2
Fredericia,Romania,2025,103
Fredericia,Serbia,2025,7
Fredericia,South Korea,2025,1
Fredericia,Spain,2025,4
Fredericia,Sri Lanka,2025,4
Fredericia,Sweden,2025,9
Fredericia,Syria,2025,4
Fredericia,Thailand,2025,4
Fredericia,Turkey,2025,7
Fredericia,USA,2025,3
Fredericia,Uganda,2025,4
Fredericia,Ukraine,2025,112
Fredericia,United Kingdom,2025,5
Fredericia,Vietnam,2025,6
Frederiksberg,Albania,2025,1
Frederiksberg,Algeria,2025,2
Frederiksberg,Argentina,2025,9
Frederiksberg,Armenia,2025,1
Frederiksberg,Australia,2025,124
Frederiksberg,Austria,2025,38
Frederiksberg,Azerbaijan,2025,1
Frederiksberg,Bangladesh,2025,10
Frederiksberg,Belarus,2025,2
Frederiksberg,Belgium,2025,27
Frederiksberg,Benin,2025,2
Frederiksberg,Brazil,2025,33
Frederiksberg,Bulgaria,2025,8
Frederiksberg,Burkina Faso,2025,2
Frederiksberg,Canada,2025,86
Frederiksberg,Chile,2025,14
Frederiksberg,China,2025,141
Frederiksberg,Colombia,2025,12
Frederiksberg,"Congo, Democratic Republic",2025,4
Frederiksberg,Croatia,2025,7
Frederiksberg,Cuba,2025,1
Frederiksberg,Cyprus,2025,3
Frederiksberg,Czech Republic,2025,16
Frederiksberg,Denmark,2025,491
Frederiksberg,Egypt,2025,6
Frederiksberg,Eritrea,2025,3
Frederiksberg,Estonia,2025,1
Frederiksberg,Ethiopia,2025,5
Frederiksberg,Finland,2025,29
Frederiksberg,France,2025,132
Frederiksberg,Gabon,2025,4
Frederiksberg,Georgia,2025,2
Frederiksberg,Germany,2025,259
Frederiksberg,Ghana,2025,3
Frederiksberg,Greece,2025,38
Frederiksberg,Guatemala,2025,1
Frederiksberg,Guinea,2025,1
Frederiksberg,Guyana,2025,1
Frederiksberg,Honduras,2025,1
Frederiksberg,Hungary,2025,9
Frederiksberg,Iceland,2025,25
Frederiksberg,India,2025,144
Frederiksberg,Indonesia,2025,13
Frederiksberg,Iran,2025,10
Frederiksberg,Ireland,2025,51
Frederiksberg,Israel,2025,1
Frederiksberg,Italy,2025,209
Frederiksberg,Japan,2025,14
Frederiksberg,Jordan,2025,1
Frederiksberg,Kazakhstan,2025,1
Frederiksberg,Latvia,2025,5
Frederiksberg,Lebanon,2025,7
Frederiksberg,Liechtenstein,2025,1
Frederiksberg,Lithuania,2025,11
Frederiksberg,Luxembourg,2025,3
Frederiksberg,Malawi,2025,2
Frederiksberg,Malaysia,2025,3
Frederiksberg,Mali,2025,1
Frederiksberg,Malta,2025,1
Frederiksberg,Mexico,2025,36
Frederiksberg,Moldova,2025,1
Frederiksberg,Montenegro,2025,1
Frederiksberg,Morocco,2025,4
Frederiksberg,Nepal,2025,2
Frederiksberg,Netherlands,2025,78
Frederiksberg,New Zealand,2025,9
Frederiksberg,Nigeria,2025,1
Frederiksberg,Norway,2025,124
Frederiksberg,Not stated,2025,4
Frederiksberg,Pakistan,2025,5
Frederiksberg,Panama,2025,1
Frederiksberg,Peru,2025,2
Frederiksberg,Philippines,2025,25
Frederiksberg,Poland,2025,38
Frederiksberg,Portugal,2025,46
Frederiksberg,Republic of North Macedonia,2025,1
Frederiksberg,Romania,2025,27
Frederiksberg,Russia,2025,10
Frederiksberg,Serbia,2025,5
Frederiksberg,Singapore,2025,52
Frederiksberg,Slovakia,2025,11
Frederiksberg,Slovenia,2025,7
Frederiksberg,South Africa,2025,4
Frederiksberg,South Korea,2025,15
Frederiksberg,Spain,2025,95
Frederiksberg,Sri Lanka,2025,1
Frederiksberg,Stateless,2025,6
Frederiksberg,Sudan,2025,1
Frederiksberg,Sweden,2025,156
Frederiksberg,Switzerland,2025,32
Frederiksberg,Syria,2025,3
Frederiksberg,Taiwan,2025,3
Frederiksberg,Tanzania,2025,8
Frederiksberg,Thailand,2025,13
Frederiksberg,Turkey,2025,26
Frederiksberg,USA,2025,419
Frederiksberg,Uganda,2025,3
Frederiksberg,Ukraine,2025,213
Frederiksberg,United Kingdom,2025,76
Frederiksberg,Uruguay,2025,1
Frederiksberg,Venezuela,2025,1
Frederiksberg,Vietnam,2025,13
Frederiksberg,Zimbabwe,2025,2
Frederikshavn,Afghanistan,2025,4
Frederikshavn,Algeria,2025,1
Frederikshavn,Argentina,2025,2
Frederikshavn,Australia,2025,1
Frederikshavn,Austria,2025,1
Frederikshavn,Belgium,2025,1
Frederikshavn,Bosnia and Herzegovina,2025,2
Frederikshavn,Brazil,2025,3
Frederikshavn,Bulgaria,2025,6
Frederikshavn,China,2025,4
Frederikshavn,"Congo, Democratic Republic",2025,1
Frederikshavn,Croatia,2025,2
Frederikshavn,Czech Republic,2025,3
Frederikshavn,Denmark,2025,151
Frederikshavn,Eritrea,2025,1
Frederikshavn,Finland,2025,2
Frederikshavn,France,2025,1
Frederikshavn,Germany,2025,20
Frederikshavn,Greece,2025,1
Frederikshavn,Hungary,2025,2
Frederikshavn,Iceland,2025,8
Frederikshavn,India,2025,3
Frederikshavn,Iran,2025,3
Frederikshavn,Iraq,2025,1
Frederikshavn,Italy,2025,11
Frederikshavn,Kenya,2025,7
Frederikshavn,Latvia,2025,6
Frederikshavn,Lithuania,2025,9
Frederikshavn,Maldives,2025,1
Frederikshavn,Mexico,2025,1
Frederikshavn,Morocco,2025,1
Frederikshavn,Myanmar,2025,4
Frederikshavn,Netherlands,2025,2
Frederikshavn,Norway,2025,9
Frederikshavn,Not stated,2025,4
Frederikshavn,Pakistan,2025,1
Frederikshavn,Philippines,2025,26
Frederikshavn,Poland,2025,61
Frederikshavn,Portugal,2025,1
Frederikshavn,Romania,2025,141
Frederikshavn,Slovakia,2025,2
Frederikshavn,South Africa,2025,3
Frederikshavn,South Korea,2025,1
Frederikshavn,Spain,2025,4
Frederikshavn,Sweden,2025,23
Frederikshavn,Syria,2025,3
Frederikshavn,Tanzania,2025,5
Frederikshavn,Thailand,2025,4
Frederikshavn,Turkey,2025,4
Frederikshavn,USA,2025,11
Frederikshavn,Uganda,2025,13
Frederikshavn,Ukraine,2025,122
Frederikshavn,United Kingdom,2025,2
Frederikshavn,Vietnam,2025,13
Frederikssund,Afghanistan,2025,2
Frederikssund,Australia,2025,4
Frederikssund,Bangladesh,2025,1
Frederikssund,Belgium,2025,2
Frederikssund,Brazil,2025,3
Frederikssund,Bulgaria,2025,10
Frederikssund,Cameroon,2025,4
Frederikssund,Canada,2025,1
Frederikssund,China,2025,2
Frederikssund,Costa Rica,2025,1
Frederikssund,Cyprus,2025,1
Frederikssund,Denmark,2025,85
Frederikssund,Eritrea,2025,3
Frederikssund,Finland,2025,1
Frederikssund,France,2025,1
Frederikssund,Germany,2025,10
Frederikssund,Hungary,2025,2
Frederikssund,India,2025,3
Frederikssund,Iran,2025,1
Frederikssund,Iraq,2025,2
Frederikssund,Ireland,2025,3
Frederikssund,Italy,2025,2
Frederikssund,Japan,2025,2
Frederikssund,Latvia,2025,4
Frederikssund,Lithuania,2025,3
Frederikssund,Moldova,2025,5
Frederikssund,Nepal,2025,4
Frederikssund,Norway,2025,2
Frederikssund,Philippines,2025,1
Frederikssund,Poland,2025,25
Frederikssund,Portugal,2025,1
Frederikssund,Romania,2025,29
Frederikssund,Serbia,2025,5
Frederikssund,Spain,2025,7
Frederikssund,Stateless,2025,5
Frederikssund,Sweden,2025,5
Frederikssund,Switzerland,2025,1
Frederikssund,Syria,2025,4
Frederikssund,Thailand,2025,4
Frederikssund,Turkey,2025,6
Frederikssund,USA,2025,4
Frederikssund,Uganda,2025,3
Frederikssund,Ukraine,2025,91
Frederikssund,United Kingdom,2025,2
Frederikssund,Vietnam,2025,4
Furesø,Afghanistan,2025,3
Furesø,Algeria,2025,1
Furesø,Australia,2025,1
Furesø,Austria,2025,2
Furesø,Bangladesh,2025,3
Furesø,Bulgaria,2025,12
Furesø,Cameroon,2025,3
Furesø,Canada,2025,2
Furesø,China,2025,14
Furesø,Croatia,2025,1
Furesø,Denmark,2025,71
Furesø,Egypt,2025,1
Furesø,Eritrea,2025,1
Furesø,Ethiopia,2025,1
Furesø,Finland,2025,1
Furesø,France,2025,1
Furesø,Germany,2025,7
Furesø,Ghana,2025,3
Furesø,Greece,2025,4
Furesø,Hungary,2025,2
Furesø,Iceland,2025,1
Furesø,India,2025,5
Furesø,Iran,2025,3
Furesø,Italy,2025,2
Furesø,Ivory Coast,2025,1
Furesø,Jordan,2025,1
Furesø,Lithuania,2025,4
Furesø,Moldova,2025,1
Furesø,Montenegro,2025,1
Furesø,Nepal,2025,21
Furesø,Netherlands,2025,2
Furesø,New Zealand,2025,1
Furesø,Nigeria,2025,4
Furesø,Norway,2025,8
Furesø,Pakistan,2025,11
Furesø,Philippines,2025,7
Furesø,Poland,2025,18
Furesø,Portugal,2025,2
Furesø,Republic of North Macedonia,2025,2
Furesø,Romania,2025,10
Furesø,Serbia,2025,1
Furesø,Slovakia,2025,1
Furesø,Slovenia,2025,1
Furesø,South Africa,2025,1
Furesø,South Korea,2025,1
Furesø,Spain,2025,9
Furesø,Sweden,2025,11
Furesø,Switzerland,2025,1
Furesø,Syria,2025,1
Furesø,Thailand,2025,1
Furesø,Turkey,2025,26
Furesø,USA,2025,2
Furesø,Ukraine,2025,97
Furesø,United Kingdom,2025,2
Gentofte,Afghanistan,2025,3
Gentofte,Albania,2025,6
Gentofte,Algeria,2025,1
Gentofte,Argentina,2025,8
Gentofte,Armenia,2025,1
Gentofte,Australia,2025,12
Gentofte,Austria,2025,7
Gentofte,Bangladesh,2025,27
Gentofte,Belgium,2025,8
Gentofte,Brazil,2025,5
Gentofte,Bulgaria,2025,2
Gentofte,Canada,2025,7
Gentofte,Chile,2025,5
Gentofte,China,2025,40
Gentofte,Colombia,2025,2
Gentofte,"Congo, Democratic Republic",2025,8
Gentofte,"Congo, Republic",2025,1
Gentofte,Costa Rica,2025,1
Gentofte,Croatia,2025,3
Gentofte,Czech Republic,2025,5
Gentofte,Denmark,2025,404
Gentofte,Egypt,2025,4
Gentofte,Eritrea,2025,1
Gentofte,Estonia,2025,4
Gentofte,Ethiopia,2025,2
Gentofte,Finland,2025,12
Gentofte,France,2025,29
Gentofte,Germany,2025,35
Gentofte,Ghana,2025,1
Gentofte,Greece,2025,7
Gentofte,Hungary,2025,10
Gentofte,Iceland,2025,14
Gentofte,India,2025,49
Gentofte,Indonesia,2025,6
Gentofte,Iran,2025,16
Gentofte,Iraq,2025,2
Gentofte,Ireland,2025,14
Gentofte,Israel,2025,3
Gentofte,Italy,2025,58
Gentofte,Japan,2025,15
Gentofte,Kenya,2025,3
Gentofte,Kosovo,2025,3
Gentofte,Latvia,2025,4
Gentofte,Lebanon,2025,3
Gentofte,Lithuania,2025,7
Gentofte,Mexico,2025,5
Gentofte,Morocco,2025,2
Gentofte,Nepal,2025,14
Gentofte,Netherlands,2025,9
Gentofte,New Zealand,2025,2
Gentofte,Nigeria,2025,2
Gentofte,Norway,2025,17
Gentofte,Pakistan,2025,7
Gentofte,Peru,2025,3
Gentofte,Philippines,2025,118
Gentofte,Poland,2025,18
Gentofte,Portugal,2025,17
Gentofte,Republic of North Macedonia,2025,3
Gentofte,Romania,2025,15
Gentofte,Russia,2025,5
Gentofte,Serbia,2025,2
Gentofte,Singapore,2025,2
Gentofte,Slovakia,2025,2
Gentofte,Slovenia,2025,2
Gentofte,South Africa,2025,5
Gentofte,South Korea,2025,1
Gentofte,Spain,2025,38
Gentofte,Sri Lanka,2025,3
Gentofte,Stateless,2025,5
Gentofte,Sweden,2025,29
Gentofte,Switzerland,2025,11
Gentofte,Syria,2025,7
Gentofte,Thailand,2025,6
Gentofte,Tunisia,2025,1
Gentofte,Turkey,2025,4
Gentofte,USA,2025,57
Gentofte,Uganda,2025,1
Gentofte,Ukraine,2025,170
Gentofte,United Kingdom,2025,32
Gentofte,Vietnam,2025,8
Gladsaxe,Afghanistan,2025,9
Gladsaxe,Albania,2025,2
Gladsaxe,Algeria,2025,6
Gladsaxe,Argentina,2025,4
Gladsaxe,Australia,2025,5
Gladsaxe,Austria,2025,8
Gladsaxe,Bangladesh,2025,75
Gladsaxe,Belarus,2025,2
Gladsaxe,Belgium,2025,3
Gladsaxe,Bolivia,2025,1
Gladsaxe,Bosnia and Herzegovina,2025,3
Gladsaxe,Brazil,2025,7
Gladsaxe,Bulgaria,2025,19
Gladsaxe,Cambodia,2025,1
Gladsaxe,Cameroon,2025,2
Gladsaxe,Canada,2025,3
Gladsaxe,Chile,2025,1
Gladsaxe,China,2025,40
Gladsaxe,Croatia,2025,3
Gladsaxe,Cuba,2025,1
Gladsaxe,Cyprus,2025,2
Gladsaxe,Czech Republic,2025,2
Gladsaxe,Denmark,2025,204
Gladsaxe,Egypt,2025,3
Gladsaxe,Ethiopia,2025,3
Gladsaxe,Finland,2025,4
Gladsaxe,France,2025,14
Gladsaxe,Germany,2025,24
Gladsaxe,Ghana,2025,4
Gladsaxe,Greece,2025,23
Gladsaxe,Hungary,2025,14
Gladsaxe,Iceland,2025,7
Gladsaxe,India,2025,78
Gladsaxe,Indonesia,2025,11
Gladsaxe,Iran,2025,70
Gladsaxe,Iraq,2025,2
Gladsaxe,Ireland,2025,21
Gladsaxe,Israel,2025,1
Gladsaxe,Italy,2025,52
Gladsaxe,Japan,2025,5
Gladsaxe,Kazakhstan,2025,1
Gladsaxe,Kenya,2025,1
Gladsaxe,Latvia,2025,4
Gladsaxe,Liechtenstein,2025,1
Gladsaxe,Lithuania,2025,13
Gladsaxe,Malaysia,2025,1
Gladsaxe,Mexico,2025,2
Gladsaxe,Moldova,2025,1
Gladsaxe,Montenegro,2025,1
Gladsaxe,Morocco,2025,1
Gladsaxe,Nepal,2025,77
Gladsaxe,Netherlands,2025,15
Gladsaxe,Nigeria,2025,2
Gladsaxe,Norway,2025,6
Gladsaxe,Not stated,2025,1
Gladsaxe,Pakistan,2025,79
Gladsaxe,Peru,2025,1
Gladsaxe,Philippines,2025,17
Gladsaxe,Poland,2025,22
Gladsaxe,Portugal,2025,26
Gladsaxe,Republic of North Macedonia,2025,18
Gladsaxe,Romania,2025,39
Gladsaxe,Russia,2025,2
Gladsaxe,Serbia,2025,2
Gladsaxe,Singapore,2025,2
Gladsaxe,Slovakia,2025,2
Gladsaxe,Slovenia,2025,1
Gladsaxe,South Korea,2025,6
Gladsaxe,Spain,2025,32
Gladsaxe,Sri Lanka,2025,4
Gladsaxe,Stateless,2025,2
Gladsaxe,Sweden,2025,28
Gladsaxe,Switzerland,2025,3
Gladsaxe,Thailand,2025,1
Gladsaxe,Tunisia,2025,1
Gladsaxe,Turkey,2025,22
Gladsaxe,USA,2025,21
Gladsaxe,Uganda,2025,1
Gladsaxe,Ukraine,2025,126
Gladsaxe,United Kingdom,2025,12
Gladsaxe,Vietnam,2025,7
Glostrup,Afghanistan,2025,4
Glostrup,Argentina,2025,2
Glostrup,Bangladesh,2025,34
Glostrup,Belgium,2025,2
Glostrup,Botswana,2025,2
Glostrup,Brazil,2025,4
Glostrup,Bulgaria,2025,26
Glostrup,Cameroon,2025,3
Glostrup,Canada,2025,1
Glostrup,China,2025,8
Glostrup,Croatia,2025,3
Glostrup,Cuba,2025,1
Glostrup,Denmark,2025,76
Glostrup,Egypt,2025,1
Glostrup,France,2025,5
Glostrup,Germany,2025,11
Glostrup,Greece,2025,4
Glostrup,Hungary,2025,10
Glostrup,Iceland,2025,4
Glostrup,India,2025,60
Glostrup,Indonesia,2025,1
Glostrup,Iran,2025,32
Glostrup,Iraq,2025,2
Glostrup,Ireland,2025,1
Glostrup,Italy,2025,11
Glostrup,Japan,2025,1
Glostrup,Jordan,2025,2
Glostrup,Kenya,2025,2
Glostrup,Latvia,2025,3
Glostrup,Lithuania,2025,7
Glostrup,Malawi,2025,4
Glostrup,Moldova,2025,1
Glostrup,Morocco,2025,3
Glostrup,Nepal,2025,205
Glostrup,Netherlands,2025,1
Glostrup,Nigeria,2025,4
Glostrup,Not stated,2025,1
Glostrup,Pakistan,2025,25
Glostrup,Philippines,2025,7
Glostrup,Poland,2025,5
Glostrup,Portugal,2025,34
Glostrup,Republic of North Macedonia,2025,3
Glostrup,Romania,2025,47
Glostrup,Serbia,2025,4
Glostrup,Slovakia,2025,1
Glostrup,Spain,2025,14
Glostrup,Sri Lanka,2025,4
Glostrup,Sweden,2025,24
Glostrup,Switzerland,2025,1
Glostrup,Syria,2025,4
Glostrup,Turkey,2025,17
Glostrup,USA,2025,10
Glostrup,Uganda,2025,1
Glostrup,Ukraine,2025,57
Glostrup,United Kingdom,2025,2
Glostrup,Vietnam,2025,2
Glostrup,Yugoslavia,2025,1
Greve,Afghanistan,2025,2
Greve,Albania,2025,6
Greve,Bangladesh,2025,38
Greve,Bosnia and Herzegovina,2025,1
Greve,Brazil,2025,2
Greve,Bulgaria,2025,18
Greve,Cameroon,2025,4
Greve,Chile,2025,1
Greve,China,2025,4
Greve,Croatia,2025,1
Greve,Czech Republic,2025,5
Greve,Denmark,2025,112
Greve,Eritrea,2025,5
Greve,France,2025,13
Greve,Germany,2025,12
Greve,Ghana,2025,3
Greve,Greece,2025,2
Greve,Hungary,2025,4
Greve,Iceland,2025,4
Greve,India,2025,12
Greve,Indonesia,2025,1
Greve,Iran,2025,3
Greve,Iraq,2025,1
Greve,Ireland,2025,3
Greve,Italy,2025,16
Greve,Japan,2025,1
Greve,Kazakhstan,2025,1
Greve,Kenya,2025,2
Greve,Kosovo,2025,1
Greve,Latvia,2025,2
Greve,Lebanon,2025,2
Greve,Lithuania,2025,9
Greve,Morocco,2025,1
Greve,Nepal,2025,49
Greve,Netherlands,2025,2
Greve,Nigeria,2025,1
Greve,Norway,2025,3
Greve,Pakistan,2025,29
Greve,Philippines,2025,9
Greve,Poland,2025,34
Greve,Portugal,2025,16
Greve,Romania,2025,26
Greve,Serbia,2025,4
Greve,Singapore,2025,2
Greve,Slovakia,2025,2
Greve,Spain,2025,13
Greve,Sri Lanka,2025,2
Greve,Stateless,2025,1
Greve,Sweden,2025,9
Greve,Syria,2025,1
Greve,Tanzania,2025,1
Greve,Thailand,2025,2
Greve,Turkey,2025,33
Greve,USA,2025,21
Greve,Uganda,2025,4
Greve,Ukraine,2025,98
Greve,United Kingdom,2025,3
Greve,Vietnam,2025,9
Gribskov,Afghanistan,2025,1
Gribskov,Brazil,2025,1
Gribskov,Bulgaria,2025,4
Gribskov,China,2025,4
Gribskov,Czech Republic,2025,2
Gribskov,Denmark,2025,138
Gribskov,Estonia,2025,1
Gribskov,Germany,2025,10
Gribskov,Hungary,2025,3
Gribskov,Iceland,2025,1
Gribskov,Ireland,2025,6
Gribskov,Israel,2025,1
Gribskov,Italy,2025,5
Gribskov,Latvia,2025,5
Gribskov,Lithuania,2025,10
Gribskov,Morocco,2025,2
Gribskov,Nepal,2025,19
Gribskov,Netherlands,2025,2
Gribskov,Norway,2025,6
Gribskov,Not stated,2025,1
Gribskov,Pakistan,2025,2
Gribskov,Peru,2025,1
Gribskov,Philippines,2025,3
Gribskov,Poland,2025,15
Gribskov,Portugal,2025,2
Gribskov,Romania,2025,45
Gribskov,Serbia,2025,6
Gribskov,Slovakia,2025,1
Gribskov,Spain,2025,1
Gribskov,Stateless,2025,1
Gribskov,Sweden,2025,11
Gribskov,Syria,2025,1
Gribskov,Thailand,2025,5
Gribskov,Turkey,2025,1
Gribskov,USA,2025,5
Gribskov,Ukraine,2025,84
Gribskov,United Kingdom,2025,4
Guldborgsund,Afghanistan,2025,5
Guldborgsund,Albania,2025,2
Guldborgsund,Australia,2025,1
Guldborgsund,Belgium,2025,9
Guldborgsund,Brazil,2025,1
Guldborgsund,Bulgaria,2025,6
Guldborgsund,Canada,2025,1
Guldborgsund,Chile,2025,1
Guldborgsund,China,2025,15
Guldborgsund,"Congo, Democratic Republic",2025,6
Guldborgsund,Croatia,2025,2
Guldborgsund,Denmark,2025,109
Guldborgsund,Ecuador,2025,1
Guldborgsund,Eritrea,2025,3
Guldborgsund,Ethiopia,2025,1
Guldborgsund,Finland,2025,2
Guldborgsund,France,2025,9
Guldborgsund,Germany,2025,10
Guldborgsund,Honduras,2025,1
Guldborgsund,Hungary,2025,3
Guldborgsund,Iceland,2025,1
Guldborgsund,India,2025,1
Guldborgsund,Indonesia,2025,1
Guldborgsund,Iran,2025,1
Guldborgsund,Italy,2025,9
Guldborgsund,Kenya,2025,2
Guldborgsund,Kosovo,2025,2
Guldborgsund,Kyrgyzstan,2025,7
Guldborgsund,Latvia,2025,2
Guldborgsund,Lebanon,2025,2
Guldborgsund,Lithuania,2025,9
Guldborgsund,Morocco,2025,1
Guldborgsund,Netherlands,2025,5
Guldborgsund,Norway,2025,5
Guldborgsund,Not stated,2025,1
Guldborgsund,Pakistan,2025,4
Guldborgsund,Philippines,2025,19
Guldborgsund,Poland,2025,21
Guldborgsund,Romania,2025,36
Guldborgsund,Russia,2025,3
Guldborgsund,Serbia,2025,4
Guldborgsund,Slovakia,2025,6
Guldborgsund,South Africa,2025,2
Guldborgsund,South Korea,2025,1
Guldborgsund,Spain,2025,5
Guldborgsund,Sri Lanka,2025,6
Guldborgsund,Stateless,2025,1
Guldborgsund,Sweden,2025,10
Guldborgsund,Syria,2025,3
Guldborgsund,Tanzania,2025,6
Guldborgsund,Thailand,2025,6
Guldborgsund,Tunisia,2025,1
Guldborgsund,Turkey,2025,12
Guldborgsund,USA,2025,5
Guldborgsund,Uganda,2025,9
Guldborgsund,Ukraine,2025,121
Guldborgsund,United Kingdom,2025,1
Guldborgsund,Uzbekistan,2025,1
Guldborgsund,Venezuela,2025,1
Guldborgsund,Vietnam,2025,7
Haderslev,Algeria,2025,1
Haderslev,Argentina,2025,1
Haderslev,Australia,2025,2
Haderslev,Austria,2025,3
Haderslev,Bangladesh,2025,1
Haderslev,Belgium,2025,4
Haderslev,Brazil,2025,7
Haderslev,Bulgaria,2025,2
Haderslev,Cambodia,2025,1
Haderslev,China,2025,13
Haderslev,Colombia,2025,2
Haderslev,"Congo, Democratic Republic",2025,3
Haderslev,Croatia,2025,1
Haderslev,Czech Republic,2025,8
Haderslev,Denmark,2025,101
Haderslev,Estonia,2025,1
Haderslev,Finland,2025,2
Haderslev,France,2025,4
Haderslev,Germany,2025,163
Haderslev,Hungary,2025,8
Haderslev,Iceland,2025,5
Haderslev,India,2025,9
Haderslev,Ireland,2025,3
Haderslev,Italy,2025,11
Haderslev,Japan,2025,9
Haderslev,Kenya,2025,6
Haderslev,Kosovo,2025,1
Haderslev,Latvia,2025,14
Haderslev,Lebanon,2025,2
Haderslev,Lithuania,2025,2
Haderslev,Mexico,2025,1
Haderslev,Morocco,2025,1
Haderslev,Netherlands,2025,12
Haderslev,New Zealand,2025,1
Haderslev,Norway,2025,4
Haderslev,Pakistan,2025,1
Haderslev,Peru,2025,2
Haderslev,Philippines,2025,3
Haderslev,Poland,2025,19
Haderslev,Republic of North Macedonia,2025,1
Haderslev,Romania,2025,123
Haderslev,Russia,2025,2
Haderslev,Serbia,2025,1
Haderslev,Slovakia,2025,1
Haderslev,South Africa,2025,1
Haderslev,South Korea,2025,1
Haderslev,Spain,2025,11
Haderslev,Stateless,2025,1
Haderslev,Sweden,2025,8
Haderslev,Switzerland,2025,4
Haderslev,Syria,2025,5
Haderslev,Tanzania,2025,3
Haderslev,Thailand,2025,7
Haderslev,Turkey,2025,5
Haderslev,USA,2025,5
Haderslev,Uganda,2025,23
Haderslev,Ukraine,2025,124
Haderslev,United Kingdom,2025,1
Haderslev,Uzbekistan,2025,2
Haderslev,Venezuela,2025,1
Haderslev,Vietnam,2025,23
Halsnæs,Afghanistan,2025,3
Halsnæs,Australia,2025,1
Halsnæs,Belgium,2025,1
Halsnæs,Benin,2025,1
Halsnæs,Bulgaria,2025,4
Halsnæs,Cambodia,2025,1
Halsnæs,Cameroon,2025,2
Halsnæs,China,2025,7
Halsnæs,Croatia,2025,2
Halsnæs,Denmark,2025,65
Halsnæs,Germany,2025,3
Halsnæs,Greece,2025,3
Halsnæs,Hungary,2025,2
Halsnæs,Iceland,2025,1
Halsnæs,India,2025,8
Halsnæs,Iran,2025,1
Halsnæs,Israel,2025,3
Halsnæs,Italy,2025,1
Halsnæs,Japan,2025,1
Halsnæs,Latvia,2025,4
Halsnæs,Lithuania,2025,4
Halsnæs,Moldova,2025,3
Halsnæs,Nepal,2025,1
Halsnæs,Pakistan,2025,1
Halsnæs,Philippines,2025,2
Halsnæs,Poland,2025,15
Halsnæs,Portugal,2025,3
Halsnæs,Romania,2025,60
Halsnæs,Russia,2025,5
Halsnæs,Serbia,2025,2
Halsnæs,South Africa,2025,4
Halsnæs,Spain,2025,2
Halsnæs,Sri Lanka,2025,4
Halsnæs,Stateless,2025,2
Halsnæs,Sweden,2025,2
Halsnæs,Syria,2025,4
Halsnæs,Ukraine,2025,68
Halsnæs,United Kingdom,2025,4
Hedensted,Afghanistan,2025,5
Hedensted,Australia,2025,3
Hedensted,Brazil,2025,4
Hedensted,Bulgaria,2025,2
Hedensted,China,2025,1
Hedensted,Croatia,2025,1
Hedensted,Denmark,2025,117
Hedensted,Ecuador,2025,1
Hedensted,Eritrea,2025,1
Hedensted,Germany,2025,7
Hedensted,Ghana,2025,1
Hedensted,Honduras,2025,1
Hedensted,Hungary,2025,9
Hedensted,Iceland,2025,6
Hedensted,Iran,2025,2
Hedensted,Ireland,2025,1
Hedensted,Italy,2025,2
Hedensted,Japan,2025,3
Hedensted,Latvia,2025,15
Hedensted,Lithuania,2025,13
Hedensted,Netherlands,2025,2
Hedensted,New Zealand,2025,1
Hedensted,Norway,2025,2
Hedensted,Not stated,2025,2
Hedensted,Peru,2025,2
Hedensted,Philippines,2025,2
Hedensted,Poland,2025,37
Hedensted,Portugal,2025,5
Hedensted,Romania,2025,109
Hedensted,Russia,2025,1
Hedensted,Slovakia,2025,3
Hedensted,Somalia,2025,4
Hedensted,Spain,2025,2
Hedensted,Sweden,2025,1
Hedensted,Syria,2025,4
Hedensted,Thailand,2025,3
Hedensted,Turkey,2025,2
Hedensted,USA,2025,6
Hedensted,Uganda,2025,3
Hedensted,Ukraine,2025,129
Hedensted,Vietnam,2025,1
Helsingør,Afghanistan,2025,5
Helsingør,Albania,2025,2
Helsingør,Algeria,2025,2
Helsingør,Australia,2025,1
Helsingør,Bangladesh,2025,4
Helsingør,Belarus,2025,1
Helsingør,Belgium,2025,24
Helsingør,Brazil,2025,2
Helsingør,Bulgaria,2025,4
Helsingør,Cambodia,2025,1
Helsingør,Cameroon,2025,2
Helsingør,Canada,2025,2
Helsingør,Chile,2025,1
Helsingør,China,2025,9
Helsingør,Czech Republic,2025,1
Helsingør,Denmark,2025,239
Helsingør,Finland,2025,1
Helsingør,France,2025,14
Helsingør,"Gambia, The",2025,2
Helsingør,Germany,2025,24
Helsingør,Ghana,2025,6
Helsingør,Greece,2025,5
Helsingør,Guatemala,2025,2
Helsingør,Iceland,2025,8
Helsingør,India,2025,6
Helsingør,Iran,2025,6
Helsingør,Iraq,2025,2
Helsingør,Ireland,2025,13
Helsingør,Israel,2025,1
Helsingør,Italy,2025,16
Helsingør,Ivory Coast,2025,1
Helsingør,Japan,2025,28
Helsingør,Kenya,2025,1
Helsingør,Latvia,2025,2
Helsingør,Lebanon,2025,2
Helsingør,Lithuania,2025,7
Helsingør,Luxembourg,2025,1
Helsingør,Malaysia,2025,1
Helsingør,Malta,2025,1
Helsingør,Mexico,2025,2
Helsingør,Nepal,2025,5
Helsingør,Netherlands,2025,9
Helsingør,New Zealand,2025,3
Helsingør,Nigeria,2025,4
Helsingør,Norway,2025,4
Helsingør,Not stated,2025,6
Helsingør,Pakistan,2025,5
Helsingør,Peru,2025,1
Helsingør,Philippines,2025,11
Helsingør,Poland,2025,9
Helsingør,Portugal,2025,7
Helsingør,Republic of North Macedonia,2025,2
Helsingør,Romania,2025,17
Helsingør,Russia,2025,2
Helsingør,Serbia,2025,2
Helsingør,Sierra Leone,2025,1
Helsingør,Singapore,2025,1
Helsingør,South Africa,2025,1
Helsingør,South Korea,2025,8
Helsingør,Spain,2025,11
Helsingør,Sri Lanka,2025,1
Helsingør,Stateless,2025,4
Helsingør,Sweden,2025,45
Helsingør,Switzerland,2025,4
Helsingør,Syria,2025,4
Helsingør,Thailand,2025,2
Helsingør,Turkey,2025,4
Helsingør,USA,2025,26
Helsingør,Uganda,2025,1
Helsingør,Ukraine,2025,139
Helsingør,Vietnam,2025,11
Herlev,Afghanistan,2025,3
Herlev,Albania,2025,1
Herlev,Austria,2025,1
Herlev,Azerbaijan,2025,4
Herlev,Bangladesh,2025,19
Herlev,Belgium,2025,1
Herlev,Brazil,2025,5
Herlev,Bulgaria,2025,3
Herlev,Cameroon,2025,1
Herlev,Canada,2025,2
Herlev,Chile,2025,1
Herlev,China,2025,12
Herlev,Colombia,2025,2
Herlev,Croatia,2025,5
Herlev,Cuba,2025,1
Herlev,Cyprus,2025,2
Herlev,Czech Republic,2025,6
Herlev,Denmark,2025,85
Herlev,Egypt,2025,1
Herlev,France,2025,10
Herlev,Gabon,2025,1
Herlev,Georgia,2025,1
Herlev,Germany,2025,9
Herlev,Ghana,2025,5
Herlev,Greece,2025,7
Herlev,Hungary,2025,1
Herlev,Iceland,2025,5
Herlev,India,2025,75
Herlev,Iran,2025,58
Herlev,Ireland,2025,5
Herlev,Israel,2025,1
Herlev,Italy,2025,22
Herlev,Japan,2025,2
Herlev,Kenya,2025,1
Herlev,Kosovo,2025,1
Herlev,Latvia,2025,2
Herlev,Lebanon,2025,1
Herlev,Lithuania,2025,2
Herlev,Montenegro,2025,1
Herlev,Nepal,2025,174
Herlev,Norway,2025,3
Herlev,Not stated,2025,3
Herlev,Pakistan,2025,17
Herlev,Peru,2025,1
Herlev,Philippines,2025,8
Herlev,Poland,2025,15
Herlev,Portugal,2025,18
Herlev,Republic of North Macedonia,2025,7
Herlev,Romania,2025,11
Herlev,Russia,2025,1
Herlev,Slovakia,2025,2
Herlev,Somalia,2025,2
Herlev,South Africa,2025,3
Herlev,South Korea,2025,3
Herlev,Spain,2025,12
Herlev,Suriname,2025,1
Herlev,Sweden,2025,18
Herlev,Switzerland,2025,3
Herlev,Syria,2025,1
Herlev,Thailand,2025,2
Herlev,Tunisia,2025,2
Herlev,Turkey,2025,8
Herlev,USA,2025,8
Herlev,Ukraine,2025,71
Herlev,United Kingdom,2025,8
Herlev,Venezuela,2025,1
Herlev,Vietnam,2025,2
Herning,Afghanistan,2025,10
Herning,Argentina,2025,1
Herning,Australia,2025,2
Herning,Austria,2025,7
Herning,Bahrain,2025,1
Herning,Bangladesh,2025,2
Herning,Belgium,2025,1
Herning,Brazil,2025,1
Herning,Bulgaria,2025,34
Herning,Canada,2025,6
Herning,China,2025,14
Herning,"Congo, Democratic Republic",2025,1
Herning,Croatia,2025,2
Herning,Czech Republic,2025,21
Herning,Denmark,2025,202
Herning,Eritrea,2025,3
Herning,Estonia,2025,1
Herning,Ethiopia,2025,2
Herning,Finland,2025,5
Herning,France,2025,5
Herning,Georgia,2025,2
Herning,Germany,2025,21
Herning,Ghana,2025,2
Herning,Guinea,2025,1
Herning,Hungary,2025,20
Herning,Iceland,2025,13
Herning,India,2025,13
Herning,Indonesia,2025,2
Herning,Iran,2025,8
Herning,Italy,2025,19
Herning,Japan,2025,2
Herning,Kenya,2025,6
Herning,Latvia,2025,19
Herning,Lebanon,2025,1
Herning,Lithuania,2025,21
Herning,Mexico,2025,1
Herning,Moldova,2025,1
Herning,Namibia,2025,2
Herning,Nepal,2025,7
Herning,Netherlands,2025,17
Herning,New Zealand,2025,2
Herning,Nigeria,2025,1
Herning,Norway,2025,11
Herning,Not stated,2025,2
Herning,Pakistan,2025,8
Herning,Philippines,2025,11
Herning,Poland,2025,70
Herning,Portugal,2025,8
Herning,Romania,2025,105
Herning,Russia,2025,9
Herning,Slovakia,2025,24
Herning,Slovenia,2025,1
Herning,Spain,2025,8
Herning,Sri Lanka,2025,44
Herning,Stateless,2025,1
Herning,Sudan,2025,2
Herning,Sweden,2025,2
Herning,Switzerland,2025,1
Herning,Syria,2025,17
Herning,Tajikistan,2025,1
Herning,Tanzania,2025,1
Herning,Thailand,2025,3
Herning,Tunisia,2025,1
Herning,Turkey,2025,10
Herning,USA,2025,9
Herning,Uganda,2025,21
Herning,Ukraine,2025,186
Herning,United Kingdom,2025,9
Herning,Uzbekistan,2025,4
Herning,Vietnam,2025,7
Hillerød,Afghanistan,2025,2
Hillerød,Albania,2025,1
Hillerød,Argentina,2025,1
Hillerød,Australia,2025,1
Hillerød,Austria,2025,4
Hillerød,Bangladesh,2025,3
Hillerød,Belarus,2025,1
Hillerød,Belgium,2025,1
Hillerød,Brazil,2025,4
Hillerød,Bulgaria,2025,7
Hillerød,China,2025,9
Hillerød,Colombia,2025,1
Hillerød,"Congo, Democratic Republic",2025,1
Hillerød,Croatia,2025,9
Hillerød,Czech Republic,2025,2
Hillerød,Denmark,2025,137
Hillerød,Ecuador,2025,1
Hillerød,Egypt,2025,2
Hillerød,Estonia,2025,1
Hillerød,Finland,2025,2
Hillerød,France,2025,1
Hillerød,Germany,2025,8
Hillerød,Greece,2025,2
Hillerød,Hungary,2025,6
Hillerød,India,2025,59
Hillerød,Iran,2025,8
Hillerød,Ireland,2025,82
Hillerød,Israel,2025,1
Hillerød,Italy,2025,8
Hillerød,Japan,2025,2
Hillerød,Jordan,2025,1
Hillerød,Latvia,2025,1
Hillerød,Lithuania,2025,20
Hillerød,Mexico,2025,1
Hillerød,Morocco,2025,1
Hillerød,Nepal,2025,6
Hillerød,Netherlands,2025,1
Hillerød,New Zealand,2025,2
Hillerød,North Korea,2025,1
Hillerød,Norway,2025,3
Hillerød,Pakistan,2025,9
Hillerød,Peru,2025,1
Hillerød,Philippines,2025,9
Hillerød,Poland,2025,32
Hillerød,Portugal,2025,7
Hillerød,Republic of North Macedonia,2025,3
Hillerød,Romania,2025,71
Hillerød,Russia,2025,2
Hillerød,Serbia,2025,5
Hillerød,Slovakia,2025,4
Hillerød,Slovenia,2025,2
Hillerød,South Korea,2025,1
Hillerød,Spain,2025,6
Hillerød,Sri Lanka,2025,3
Hillerød,Stateless,2025,1
Hillerød,Sweden,2025,9
Hillerød,Switzerland,2025,1
Hillerød,Syria,2025,6
Hillerød,Thailand,2025,4
Hillerød,Turkey,2025,5
Hillerød,USA,2025,6
Hillerød,Uganda,2025,1
Hillerød,Ukraine,2025,115
Hillerød,United Kingdom,2025,26
Hillerød,Venezuela,2025,1
Hillerød,Vietnam,2025,2
Hjørring,Afghanistan,2025,4
Hjørring,Australia,2025,2
Hjørring,Bangladesh,2025,2
Hjørring,Belgium,2025,8
Hjørring,Brazil,2025,2
Hjørring,Bulgaria,2025,4
Hjørring,Canada,2025,1
Hjørring,China,2025,5
Hjørring,Colombia,2025,1
Hjørring,"Congo, Democratic Republic",2025,5
Hjørring,"Congo, Republic",2025,1
Hjørring,Costa Rica,2025,2
Hjørring,Denmark,2025,168
Hjørring,Eritrea,2025,1
Hjørring,France,2025,3
Hjørring,Germany,2025,34
Hjørring,Greece,2025,5
Hjørring,Hungary,2025,5
Hjørring,Iceland,2025,5
Hjørring,India,2025,5
Hjørring,Iran,2025,3
Hjørring,Iraq,2025,1
Hjørring,Ireland,2025,5
Hjørring,Italy,2025,4
Hjørring,Japan,2025,28
Hjørring,Jordan,2025,1
Hjørring,Kenya,2025,4
Hjørring,Latvia,2025,2
Hjørring,Lithuania,2025,1
Hjørring,Moldova,2025,1
Hjørring,Nepal,2025,5
Hjørring,Netherlands,2025,10
Hjørring,New Zealand,2025,1
Hjørring,Nigeria,2025,1
Hjørring,Norway,2025,17
Hjørring,Pakistan,2025,1
Hjørring,Philippines,2025,11
Hjørring,Poland,2025,21
Hjørring,Portugal,2025,4
Hjørring,Romania,2025,35
Hjørring,Slovenia,2025,1
Hjørring,Spain,2025,7
Hjørring,Sri Lanka,2025,2
Hjørring,Stateless,2025,3
Hjørring,Sudan,2025,1
Hjørring,Sweden,2025,7
Hjørring,Switzerland,2025,1
Hjørring,Syria,2025,15
Hjørring,Tanzania,2025,15
Hjørring,Thailand,2025,4
Hjørring,Turkey,2025,1
Hjørring,USA,2025,4
Hjørring,Uganda,2025,15
Hjørring,Ukraine,2025,149
Hjørring,United Kingdom,2025,2
Hjørring,Vietnam,2025,5
Holbæk,Afghanistan,2025,12
Holbæk,Albania,2025,1
Holbæk,Bangladesh,2025,1
Holbæk,Belize,2025,1
Holbæk,Brazil,2025,2
Holbæk,Bulgaria,2025,20
Holbæk,Cameroon,2025,1
Holbæk,China,2025,6
Holbæk,Czech Republic,2025,9
Holbæk,Denmark,2025,163
Holbæk,Eritrea,2025,5
Holbæk,France,2025,1
Holbæk,Germany,2025,10
Holbæk,Greece,2025,2
Holbæk,Hungary,2025,4
Holbæk,Iceland,2025,6
Holbæk,India,2025,10
Holbæk,Iran,2025,3
Holbæk,Iraq,2025,1
Holbæk,Ireland,2025,5
Holbæk,Italy,2025,5
Holbæk,Japan,2025,1
Holbæk,Kenya,2025,1
Holbæk,Latvia,2025,10
Holbæk,Lithuania,2025,14
Holbæk,Mexico,2025,3
Holbæk,Mozambique,2025,1
Holbæk,Nepal,2025,3
Holbæk,Netherlands,2025,3
Holbæk,Nicaragua,2025,1
Holbæk,Norway,2025,8
Holbæk,Not stated,2025,3
Holbæk,Pakistan,2025,2
Holbæk,Philippines,2025,1
Holbæk,Poland,2025,30
Holbæk,Portugal,2025,6
Holbæk,Republic of North Macedonia,2025,1
Holbæk,Romania,2025,48
Holbæk,Russia,2025,1
Holbæk,Serbia,2025,3
Holbæk,Slovakia,2025,6
Holbæk,Spain,2025,8
Holbæk,Stateless,2025,2
Holbæk,Sweden,2025,18
Holbæk,Syria,2025,3
Holbæk,Tanzania,2025,1
Holbæk,Thailand,2025,6
Holbæk,Turkey,2025,20
Holbæk,USA,2025,6
Holbæk,Uganda,2025,3
Holbæk,Ukraine,2025,137
Holbæk,United Kingdom,2025,2
Holbæk,Uzbekistan,2025,1
Holbæk,Vietnam,2025,1
Holstebro,Australia,2025,1
Holstebro,Austria,2025,2
Holstebro,Belgium,2025,1
Holstebro,Brazil,2025,1
Holstebro,Bulgaria,2025,18
Holstebro,Cambodia,2025,2
Holstebro,Canada,2025,2
Holstebro,Chile,2025,1
Holstebro,China,2025,14
Holstebro,Costa Rica,2025,1
Holstebro,Denmark,2025,125
Holstebro,Eritrea,2025,3
Holstebro,Ethiopia,2025,1
Holstebro,Finland,2025,2
Holstebro,France,2025,4
Holstebro,Germany,2025,30
Holstebro,Greece,2025,1
Holstebro,Hungary,2025,3
Holstebro,Iceland,2025,2
Holstebro,India,2025,2
Holstebro,Iran,2025,1
Holstebro,Iraq,2025,2
Holstebro,Israel,2025,1
Holstebro,Italy,2025,3
Holstebro,Japan,2025,1
Holstebro,Kenya,2025,2
Holstebro,Latvia,2025,4
Holstebro,Lebanon,2025,2
Holstebro,Lithuania,2025,2
Holstebro,Moldova,2025,1
Holstebro,Morocco,2025,1
Holstebro,Nepal,2025,4
Holstebro,Netherlands,2025,4
Holstebro,Norway,2025,5
Holstebro,Not stated,2025,4
Holstebro,Pakistan,2025,10
Holstebro,Philippines,2025,6
Holstebro,Poland,2025,8
Holstebro,Portugal,2025,2
Holstebro,Romania,2025,46
Holstebro,Russia,2025,1
Holstebro,Serbia,2025,2
Holstebro,Spain,2025,1
Holstebro,Sri Lanka,2025,5
Holstebro,Sweden,2025,9
Holstebro,Syria,2025,10
Holstebro,Tanzania,2025,2
Holstebro,Thailand,2025,8
Holstebro,Turkey,2025,4
Holstebro,USA,2025,4
Holstebro,Uganda,2025,8
Holstebro,Ukraine,2025,128
Holstebro,United Kingdom,2025,1
Holstebro,Uzbekistan,2025,4
Holstebro,Vietnam,2025,8
Horsens,Afghanistan,2025,1
Horsens,Argentina,2025,2
Horsens,Australia,2025,1
Horsens,Austria,2025,3
Horsens,Bahamas,2025,1
Horsens,Bangladesh,2025,3
Horsens,Belgium,2025,2
Horsens,Bosnia and Herzegovina,2025,2
Horsens,Brazil,2025,1
Horsens,Bulgaria,2025,15
Horsens,Canada,2025,2
Horsens,China,2025,24
Horsens,Colombia,2025,1
Horsens,"Congo, Democratic Republic",2025,1
Horsens,Croatia,2025,8
Horsens,Czech Republic,2025,6
Horsens,Denmark,2025,196
Horsens,Ecuador,2025,1
Horsens,Egypt,2025,3
Horsens,Equatorial Guinea ,2025,2
Horsens,Eritrea,2025,7
Horsens,Estonia,2025,4
Horsens,Finland,2025,1
Horsens,France,2025,10
Horsens,"Gambia, The",2025,4
Horsens,Germany,2025,14
Horsens,Ghana,2025,6
Horsens,Hungary,2025,12
Horsens,Iceland,2025,25
Horsens,India,2025,14
Horsens,Iran,2025,13
Horsens,Iraq,2025,2
Horsens,Ireland,2025,2
Horsens,Italy,2025,21
Horsens,Ivory Coast,2025,2
Horsens,Japan,2025,3
Horsens,Kenya,2025,2
Horsens,Kosovo,2025,1
Horsens,Kyrgyzstan,2025,1
Horsens,Latvia,2025,16
Horsens,Lebanon,2025,1
Horsens,Lithuania,2025,32
Horsens,Malta,2025,4
Horsens,Mexico,2025,3
Horsens,Moldova,2025,6
Horsens,Morocco,2025,1
Horsens,Myanmar,2025,1
Horsens,Nepal,2025,14
Horsens,Netherlands,2025,11
Horsens,New Zealand,2025,1
Horsens,Nigeria,2025,2
Horsens,Norway,2025,4
Horsens,Not stated,2025,11
Horsens,Pakistan,2025,34
Horsens,Philippines,2025,12
Horsens,Poland,2025,149
Horsens,Portugal,2025,10
Horsens,Republic of North Macedonia,2025,1
Horsens,Romania,2025,160
Horsens,Russia,2025,3
Horsens,Senegal,2025,1
Horsens,Slovakia,2025,30
Horsens,South Africa,2025,1
Horsens,Spain,2025,17
Horsens,Sri Lanka,2025,152
Horsens,Sweden,2025,10
Horsens,Switzerland,2025,1
Horsens,Syria,2025,21
Horsens,Thailand,2025,2
Horsens,Tunisia,2025,1
Horsens,Turkey,2025,11
Horsens,USA,2025,11
Horsens,Uganda,2025,2
Horsens,Ukraine,2025,219
Horsens,United Kingdom,2025,7
Horsens,Vietnam,2025,16
Hvidovre,Afghanistan,2025,1
Hvidovre,Argentina,2025,3
Hvidovre,Australia,2025,1
Hvidovre,Bangladesh,2025,49
Hvidovre,Brazil,2025,2
Hvidovre,Bulgaria,2025,8
Hvidovre,Cameroon,2025,1
Hvidovre,Canada,2025,3
Hvidovre,China,2025,79
Hvidovre,Colombia,2025,2
Hvidovre,Costa Rica,2025,1
Hvidovre,Croatia,2025,2
Hvidovre,Czech Republic,2025,2
Hvidovre,Denmark,2025,134
Hvidovre,Egypt,2025,1
Hvidovre,Eritrea,2025,5
Hvidovre,Finland,2025,1
Hvidovre,France,2025,6
Hvidovre,Germany,2025,17
Hvidovre,Greece,2025,2
Hvidovre,Hungary,2025,6
Hvidovre,Iceland,2025,6
Hvidovre,India,2025,9
Hvidovre,Indonesia,2025,6
Hvidovre,Iran,2025,20
Hvidovre,Ireland,2025,2
Hvidovre,Italy,2025,17
Hvidovre,Japan,2025,2
Hvidovre,Lithuania,2025,1
Hvidovre,Morocco,2025,1
Hvidovre,Myanmar,2025,2
Hvidovre,Nepal,2025,91
Hvidovre,Netherlands,2025,5
Hvidovre,Nigeria,2025,1
Hvidovre,Norway,2025,8
Hvidovre,Pakistan,2025,49
Hvidovre,Philippines,2025,3
Hvidovre,Poland,2025,29
Hvidovre,Portugal,2025,15
Hvidovre,Republic of North Macedonia,2025,4
Hvidovre,Romania,2025,35
Hvidovre,Russia,2025,1
Hvidovre,Senegal,2025,1
Hvidovre,Serbia,2025,1
Hvidovre,Singapore,2025,1
Hvidovre,Slovenia,2025,1
Hvidovre,South Korea,2025,1
Hvidovre,Spain,2025,18
Hvidovre,Sri Lanka,2025,2
Hvidovre,Sweden,2025,18
Hvidovre,Switzerland,2025,1
Hvidovre,Thailand,2025,4
Hvidovre,Turkey,2025,11
Hvidovre,USA,2025,10
Hvidovre,Uganda,2025,2
Hvidovre,Ukraine,2025,117
Hvidovre,United Kingdom,2025,3
Hvidovre,Venezuela,2025,1
Hvidovre,Vietnam,2025,3
Høje-Taastrup,Afghanistan,2025,13
Høje-Taastrup,Albania,2025,4
Høje-Taastrup,Argentina,2025,3
Høje-Taastrup,Australia,2025,5
Høje-Taastrup,Austria,2025,5
Høje-Taastrup,Azerbaijan,2025,1
Høje-Taastrup,Bangladesh,2025,74
Høje-Taastrup,Belgium,2025,2
Høje-Taastrup,Benin,2025,1
Høje-Taastrup,Brazil,2025,5
Høje-Taastrup,Bulgaria,2025,95
Høje-Taastrup,Cameroon,2025,28
Høje-Taastrup,Canada,2025,3
Høje-Taastrup,Chile,2025,1
Høje-Taastrup,China,2025,17
Høje-Taastrup,Colombia,2025,2
Høje-Taastrup,Costa Rica,2025,1
Høje-Taastrup,Croatia,2025,7
Høje-Taastrup,Cuba,2025,1
Høje-Taastrup,Cyprus,2025,5
Høje-Taastrup,Denmark,2025,158
Høje-Taastrup,Egypt,2025,6
Høje-Taastrup,Estonia,2025,1
Høje-Taastrup,Finland,2025,3
Høje-Taastrup,France,2025,4
Høje-Taastrup,Germany,2025,7
Høje-Taastrup,Ghana,2025,4
Høje-Taastrup,Greece,2025,11
Høje-Taastrup,Guinea,2025,1
Høje-Taastrup,Guinea-Bissau,2025,1
Høje-Taastrup,Hungary,2025,10
Høje-Taastrup,Iceland,2025,5
Høje-Taastrup,India,2025,84
Høje-Taastrup,Indonesia,2025,3
Høje-Taastrup,Iran,2025,25
Høje-Taastrup,Iraq,2025,4
Høje-Taastrup,Ireland,2025,11
Høje-Taastrup,Italy,2025,35
Høje-Taastrup,Ivory Coast,2025,1
Høje-Taastrup,Japan,2025,2
Høje-Taastrup,Jordan,2025,3
Høje-Taastrup,Kazakhstan,2025,1
Høje-Taastrup,Kenya,2025,3
Høje-Taastrup,Kosovo,2025,1
Høje-Taastrup,Latvia,2025,4
Høje-Taastrup,Lebanon,2025,1
Høje-Taastrup,Lithuania,2025,12
Høje-Taastrup,Mexico,2025,2
Høje-Taastrup,Moldova,2025,4
Høje-Taastrup,Montenegro,2025,1
Høje-Taastrup,Morocco,2025,3
Høje-Taastrup,Nepal,2025,413
Høje-Taastrup,Netherlands,2025,6
Høje-Taastrup,New Zealand,2025,1
Høje-Taastrup,Nigeria,2025,3
Høje-Taastrup,Norway,2025,15
Høje-Taastrup,Pakistan,2025,117
Høje-Taastrup,Peru,2025,1
Høje-Taastrup,Philippines,2025,17
Høje-Taastrup,Poland,2025,43
Høje-Taastrup,Portugal,2025,44
Høje-Taastrup,Republic of North Macedonia,2025,2
Høje-Taastrup,Romania,2025,144
Høje-Taastrup,Russia,2025,4
Høje-Taastrup,Serbia,2025,8
Høje-Taastrup,Slovakia,2025,1
Høje-Taastrup,Somalia,2025,1
Høje-Taastrup,Spain,2025,12
Høje-Taastrup,Sri Lanka,2025,22
Høje-Taastrup,Sweden,2025,57
Høje-Taastrup,Switzerland,2025,1
Høje-Taastrup,Syria,2025,2
Høje-Taastrup,Thailand,2025,2
Høje-Taastrup,Tunisia,2025,1
Høje-Taastrup,Turkey,2025,87
Høje-Taastrup,USA,2025,10
Høje-Taastrup,Ukraine,2025,131
Høje-Taastrup,United Kingdom,2025,4
Høje-Taastrup,Vietnam,2025,17
Hørsholm,Afghanistan,2025,2
Hørsholm,Australia,2025,1
Hørsholm,Bangladesh,2025,5
Hørsholm,Brazil,2025,2
Hørsholm,Bulgaria,2025,1
Hørsholm,China,2025,6
Hørsholm,Costa Rica,2025,1
Hørsholm,Czech Republic,2025,1
Hørsholm,Denmark,2025,91
Hørsholm,Eritrea,2025,1
Hørsholm,France,2025,2
Hørsholm,"Gambia, The",2025,1
Hørsholm,Germany,2025,1
Hørsholm,Hungary,2025,1
Hørsholm,Iran,2025,9
Hørsholm,Italy,2025,4
Hørsholm,Jordan,2025,1
Hørsholm,Kazakhstan,2025,1
Hørsholm,Lithuania,2025,2
Hørsholm,Mexico,2025,1
Hørsholm,Netherlands,2025,1
Hørsholm,Norway,2025,1
Hørsholm,Pakistan,2025,3
Hørsholm,Philippines,2025,27
Hørsholm,Poland,2025,1
Hørsholm,Romania,2025,3
Hørsholm,Serbia,2025,1
Hørsholm,Slovakia,2025,3
Hørsholm,South Korea,2025,1
Hørsholm,Spain,2025,7
Hørsholm,Sri Lanka,2025,1
Hørsholm,Sweden,2025,5
Hørsholm,Syria,2025,6
Hørsholm,Tanzania,2025,1
Hørsholm,Thailand,2025,2
Hørsholm,USA,2025,10
Hørsholm,Ukraine,2025,61
Hørsholm,United Kingdom,2025,5
Hørsholm,Vietnam,2025,2
Ikast-Brande,Afghanistan,2025,2
Ikast-Brande,Argentina,2025,2
Ikast-Brande,Australia,2025,3
Ikast-Brande,Austria,2025,3
Ikast-Brande,Belgium,2025,1
Ikast-Brande,Bosnia and Herzegovina,2025,2
Ikast-Brande,Brazil,2025,3
Ikast-Brande,Bulgaria,2025,1
Ikast-Brande,Cambodia,2025,2
Ikast-Brande,Croatia,2025,1
Ikast-Brande,Czech Republic,2025,20
Ikast-Brande,Denmark,2025,129
Ikast-Brande,Eritrea,2025,6
Ikast-Brande,Estonia,2025,1
Ikast-Brande,Ethiopia,2025,1
Ikast-Brande,Finland,2025,2
Ikast-Brande,France,2025,3
Ikast-Brande,Germany,2025,15
Ikast-Brande,Ghana,2025,20
Ikast-Brande,Greece,2025,5
Ikast-Brande,Hungary,2025,6
Ikast-Brande,Iceland,2025,14
Ikast-Brande,India,2025,33
Ikast-Brande,Indonesia,2025,1
Ikast-Brande,Iran,2025,1
Ikast-Brande,Ireland,2025,1
Ikast-Brande,Italy,2025,4
Ikast-Brande,Ivory Coast,2025,2
Ikast-Brande,Japan,2025,2
Ikast-Brande,Kenya,2025,8
Ikast-Brande,Latvia,2025,13
Ikast-Brande,Lithuania,2025,34
Ikast-Brande,Mali,2025,5
Ikast-Brande,Moldova,2025,2
Ikast-Brande,Morocco,2025,1
Ikast-Brande,Nepal,2025,2
Ikast-Brande,Netherlands,2025,10
Ikast-Brande,New Zealand,2025,1
Ikast-Brande,Nigeria,2025,5
Ikast-Brande,Norway,2025,6
Ikast-Brande,Not stated,2025,3
Ikast-Brande,Philippines,2025,16
Ikast-Brande,Poland,2025,43
Ikast-Brande,Portugal,2025,12
Ikast-Brande,Romania,2025,52
Ikast-Brande,Rwanda,2025,2
Ikast-Brande,Senegal,2025,6
Ikast-Brande,Sierra Leone,2025,1
Ikast-Brande,Slovakia,2025,12
Ikast-Brande,Slovenia,2025,2
Ikast-Brande,South Africa,2025,1
Ikast-Brande,Spain,2025,19
Ikast-Brande,Sri Lanka,2025,5
Ikast-Brande,Sweden,2025,8
Ikast-Brande,Switzerland,2025,2
Ikast-Brande,Syria,2025,1
Ikast-Brande,Tanzania,2025,1
Ikast-Brande,Thailand,2025,5
Ikast-Brande,Turkey,2025,7
Ikast-Brande,USA,2025,4
Ikast-Brande,Uganda,2025,9
Ikast-Brande,Ukraine,2025,84
Ikast-Brande,United Kingdom,2025,5
Ikast-Brande,Vietnam,2025,55
Ikast-Brande,Zimbabwe,2025,1
Ishøj,Argentina,2025,2
Ishøj,Bangladesh,2025,60
Ishøj,Bulgaria,2025,14
Ishøj,Cameroon,2025,7
Ishøj,Chile,2025,2
Ishøj,China,2025,3
Ishøj,Denmark,2025,39
Ishøj,Egypt,2025,1
Ishøj,France,2025,1
Ishøj,Germany,2025,1
Ishøj,Hungary,2025,1
Ishøj,India,2025,18
Ishøj,Iran,2025,8
Ishøj,Iraq,2025,1
Ishøj,Ireland,2025,1
Ishøj,Italy,2025,11
Ishøj,Japan,2025,1
Ishøj,Latvia,2025,3
Ishøj,Lithuania,2025,5
Ishøj,Nepal,2025,256
Ishøj,Netherlands,2025,1
Ishøj,Norway,2025,2
Ishøj,Pakistan,2025,61
Ishøj,Philippines,2025,2
Ishøj,Poland,2025,14
Ishøj,Portugal,2025,35
Ishøj,Republic of North Macedonia,2025,2
Ishøj,Romania,2025,20
Ishøj,Russia,2025,1
Ishøj,Senegal,2025,1
Ishøj,Slovakia,2025,2
Ishøj,South Korea,2025,1
Ishøj,Spain,2025,4
Ishøj,Sweden,2025,18
Ishøj,Thailand,2025,1
Ishøj,Turkey,2025,25
Ishøj,USA,2025,1
Ishøj,Ukraine,2025,59
Ishøj,Vietnam,2025,6
Jammerbugt,Armenia,2025,2
Jammerbugt,Austria,2025,1
Jammerbugt,Brazil,2025,1
Jammerbugt,Bulgaria,2025,6
Jammerbugt,Cameroon,2025,1
Jammerbugt,China,2025,1
Jammerbugt,"Congo, Democratic Republic",2025,7
Jammerbugt,Croatia,2025,1
Jammerbugt,Denmark,2025,77
Jammerbugt,Eritrea,2025,2
Jammerbugt,Estonia,2025,1
Jammerbugt,Germany,2025,15
Jammerbugt,Iceland,2025,9
Jammerbugt,India,2025,1
Jammerbugt,Italy,2025,4
Jammerbugt,Kenya,2025,2
Jammerbugt,Latvia,2025,11
Jammerbugt,Lebanon,2025,1
Jammerbugt,Lithuania,2025,3
Jammerbugt,Mexico,2025,7
Jammerbugt,Netherlands,2025,4
Jammerbugt,Norway,2025,4
Jammerbugt,Philippines,2025,2
Jammerbugt,Poland,2025,8
Jammerbugt,Romania,2025,9
Jammerbugt,Rwanda,2025,2
Jammerbugt,Spain,2025,1
Jammerbugt,Sweden,2025,3
Jammerbugt,Syria,2025,2
Jammerbugt,Taiwan,2025,1
Jammerbugt,Tanzania,2025,3
Jammerbugt,Thailand,2025,1
Jammerbugt,Uganda,2025,13
Jammerbugt,Ukraine,2025,95
Jammerbugt,United Kingdom,2025,2
Jammerbugt,Venezuela,2025,1
Jammerbugt,Vietnam,2025,7
Kalundborg,Afghanistan,2025,3
Kalundborg,Argentina,2025,1
Kalundborg,Austria,2025,1
Kalundborg,Azerbaijan,2025,3
Kalundborg,Bangladesh,2025,14
Kalundborg,Belarus,2025,2
Kalundborg,Belgium,2025,2
Kalundborg,Bosnia and Herzegovina,2025,2
Kalundborg,Brazil,2025,14
Kalundborg,Bulgaria,2025,9
Kalundborg,Cameroon,2025,1
Kalundborg,Canada,2025,4
Kalundborg,Chile,2025,1
Kalundborg,China,2025,7
Kalundborg,Colombia,2025,5
Kalundborg,"Congo, Democratic Republic",2025,6
Kalundborg,Croatia,2025,9
Kalundborg,Czech Republic,2025,1
Kalundborg,Denmark,2025,116
Kalundborg,Egypt,2025,8
Kalundborg,Finland,2025,1
Kalundborg,France,2025,2
Kalundborg,Germany,2025,2
Kalundborg,Greece,2025,7
Kalundborg,Hungary,2025,5
Kalundborg,Iceland,2025,2
Kalundborg,India,2025,193
Kalundborg,Iran,2025,3
Kalundborg,Ireland,2025,7
Kalundborg,Italy,2025,7
Kalundborg,Ivory Coast,2025,2
Kalundborg,Kazakhstan,2025,12
Kalundborg,Kenya,2025,4
Kalundborg,Kyrgyzstan,2025,7
Kalundborg,Latvia,2025,4
Kalundborg,Lebanon,2025,1
Kalundborg,Lithuania,2025,20
Kalundborg,Mexico,2025,3
Kalundborg,Namibia,2025,1
Kalundborg,Nepal,2025,1
Kalundborg,Netherlands,2025,2
Kalundborg,New Zealand,2025,1
Kalundborg,Norway,2025,4
Kalundborg,Pakistan,2025,4
Kalundborg,Philippines,2025,7
Kalundborg,Poland,2025,48
Kalundborg,Portugal,2025,10
Kalundborg,Republic of North Macedonia,2025,1
Kalundborg,Romania,2025,45
Kalundborg,Russia,2025,3
Kalundborg,Serbia,2025,19
Kalundborg,Singapore,2025,1
Kalundborg,Slovakia,2025,6
Kalundborg,South Africa,2025,9
Kalundborg,Spain,2025,18
Kalundborg,Sweden,2025,8
Kalundborg,Switzerland,2025,1
Kalundborg,Thailand,2025,3
Kalundborg,Turkey,2025,7
Kalundborg,USA,2025,14
Kalundborg,Uganda,2025,6
Kalundborg,Ukraine,2025,115
Kalundborg,United Kingdom,2025,14
Kalundborg,Uzbekistan,2025,5
Kalundborg,Vietnam,2025,7
Kalundborg,Zambia,2025,1
Kerteminde,Afghanistan,2025,4
Kerteminde,Albania,2025,41
Kerteminde,Armenia,2025,1
Kerteminde,Austria,2025,2
Kerteminde,Bangladesh,2025,2
Kerteminde,Brazil,2025,2
Kerteminde,Czech Republic,2025,1
Kerteminde,Denmark,2025,39
Kerteminde,Eritrea,2025,2
Kerteminde,Finland,2025,1
Kerteminde,Germany,2025,3
Kerteminde,Ghana,2025,1
Kerteminde,Greece,2025,1
Kerteminde,Iceland,2025,1
Kerteminde,Iraq,2025,2
Kerteminde,Italy,2025,16
Kerteminde,Latvia,2025,2
Kerteminde,Lithuania,2025,2
Kerteminde,Netherlands,2025,3
Kerteminde,Norway,2025,1
Kerteminde,Pakistan,2025,3
Kerteminde,Philippines,2025,14
Kerteminde,Poland,2025,18
Kerteminde,Romania,2025,144
Kerteminde,South Africa,2025,3
Kerteminde,South Korea,2025,1
Kerteminde,Spain,2025,4
Kerteminde,Sri Lanka,2025,2
Kerteminde,Sweden,2025,2
Kerteminde,Syria,2025,13
Kerteminde,USA,2025,3
Kerteminde,Ukraine,2025,62
Kerteminde,Vietnam,2025,12
Kolding,Afghanistan,2025,5
Kolding,Africa not stated,2025,1
Kolding,Albania,2025,1
Kolding,Australia,2025,3
Kolding,Austria,2025,10
Kolding,Bangladesh,2025,188
Kolding,Belarus,2025,1
Kolding,Belgium,2025,3
Kolding,Bosnia and Herzegovina,2025,2
Kolding,Brazil,2025,5
Kolding,Bulgaria,2025,5
Kolding,Cameroon,2025,4
Kolding,Canada,2025,3
Kolding,China,2025,15
Kolding,Colombia,2025,1
Kolding,Croatia,2025,3
Kolding,Czech Republic,2025,8
Kolding,Denmark,2025,310
Kolding,Ecuador,2025,3
Kolding,Eritrea,2025,1
Kolding,Estonia,2025,2
Kolding,Finland,2025,4
Kolding,France,2025,16
Kolding,Germany,2025,37
Kolding,Ghana,2025,3
Kolding,Greece,2025,12
Kolding,Hungary,2025,18
Kolding,Iceland,2025,20
Kolding,India,2025,67
Kolding,Indonesia,2025,4
Kolding,Iran,2025,30
Kolding,Ireland,2025,7
Kolding,Israel,2025,1
Kolding,Italy,2025,43
Kolding,Japan,2025,2
Kolding,Kosovo,2025,3
Kolding,Latvia,2025,12
Kolding,Lithuania,2025,10
Kolding,Mexico,2025,1
Kolding,Moldova,2025,2
Kolding,Montenegro,2025,3
Kolding,Myanmar,2025,2
Kolding,Nepal,2025,130
Kolding,Netherlands,2025,17
Kolding,Nigeria,2025,7
Kolding,Norway,2025,18
Kolding,Not stated,2025,9
Kolding,Pakistan,2025,14
Kolding,Peru,2025,3
Kolding,Philippines,2025,20
Kolding,Poland,2025,69
Kolding,Portugal,2025,14
Kolding,Republic of North Macedonia,2025,1
Kolding,Romania,2025,78
Kolding,Russia,2025,7
Kolding,Serbia,2025,5
Kolding,Singapore,2025,1
Kolding,Slovakia,2025,12
Kolding,Slovenia,2025,2
Kolding,Spain,2025,29
Kolding,Sri Lanka,2025,31
Kolding,Sudan,2025,1
Kolding,Sweden,2025,12
Kolding,Switzerland,2025,2
Kolding,Syria,2025,16
Kolding,Tanzania,2025,6
Kolding,Thailand,2025,1
Kolding,Turkey,2025,4
Kolding,USA,2025,14
Kolding,Uganda,2025,13
Kolding,Ukraine,2025,179
Kolding,United Kingdom,2025,5
Kolding,Uzbekistan,2025,3
Kolding,Vietnam,2025,18
Kolding,Zambia,2025,1
Køge,Afghanistan,2025,10
Køge,Albania,2025,9
Køge,Argentina,2025,1
Køge,Bangladesh,2025,18
Køge,Bulgaria,2025,39
Køge,Cameroon,2025,9
Køge,China,2025,5
Køge,Colombia,2025,1
Køge,Croatia,2025,6
Køge,Cuba,2025,1
Køge,Cyprus,2025,1
Køge,Denmark,2025,124
Køge,Egypt,2025,7
Køge,Eritrea,2025,2
Køge,Estonia,2025,1
Køge,Finland,2025,3
Køge,Germany,2025,9
Køge,Ghana,2025,1
Køge,Greece,2025,4
Køge,Hungary,2025,1
Køge,Iceland,2025,1
Køge,India,2025,17
Køge,Iran,2025,3
Køge,Ireland,2025,1
Køge,Italy,2025,6
Køge,Japan,2025,1
Køge,Kenya,2025,4
Køge,Kosovo,2025,2
Køge,Latvia,2025,21
Køge,Lithuania,2025,8
Køge,Malaysia,2025,1
Køge,Morocco,2025,1
Køge,Nepal,2025,15
Køge,Netherlands,2025,3
Køge,Norway,2025,15
Køge,Not stated,2025,2
Køge,Pakistan,2025,35
Køge,Philippines,2025,3
Køge,Poland,2025,43
Køge,Portugal,2025,6
Køge,Republic of North Macedonia,2025,1
Køge,Romania,2025,171
Køge,Russia,2025,2
Køge,Serbia,2025,1
Køge,Slovakia,2025,1
Køge,Slovenia,2025,1
Køge,Spain,2025,6
Køge,Sri Lanka,2025,1
Køge,Stateless,2025,1
Køge,Sudan,2025,1
Køge,Sweden,2025,13
Køge,Syria,2025,5
Køge,Thailand,2025,2
Køge,Turkey,2025,25
Køge,USA,2025,13
Køge,Uganda,2025,2
Køge,Ukraine,2025,121
Køge,United Kingdom,2025,2
Langeland,Australia,2025,1
Langeland,China,2025,3
Langeland,Croatia,2025,2
Langeland,Denmark,2025,49
Langeland,Egypt,2025,1
Langeland,Estonia,2025,1
Langeland,Germany,2025,10
Langeland,Ghana,2025,2
Langeland,Iraq,2025,1
Langeland,Ireland,2025,1
Langeland,Italy,2025,1
Langeland,Japan,2025,1
Langeland,Kenya,2025,2
Langeland,Latvia,2025,1
Langeland,Lithuania,2025,3
Langeland,Netherlands,2025,4
Langeland,Philippines,2025,1
Langeland,Poland,2025,15
Langeland,Romania,2025,5
Langeland,South Africa,2025,2
Langeland,Spain,2025,1
Langeland,Sri Lanka,2025,2
Langeland,Sweden,2025,4
Langeland,Switzerland,2025,2
Langeland,Tanzania,2025,3
Langeland,USA,2025,3
Langeland,Uganda,2025,3
Langeland,Ukraine,2025,15
Langeland,Uzbekistan,2025,1
Langeland,Vietnam,2025,6
Lejre,Afghanistan,2025,5
Lejre,Bangladesh,2025,12
Lejre,Bulgaria,2025,4
Lejre,Chile,2025,1
Lejre,Croatia,2025,1
Lejre,Czech Republic,2025,1
Lejre,Denmark,2025,82
Lejre,Finland,2025,1
Lejre,France,2025,2
Lejre,Germany,2025,1
Lejre,Greece,2025,1
Lejre,India,2025,4
Lejre,Iran,2025,3
Lejre,Ireland,2025,2
Lejre,Italy,2025,1
Lejre,Kenya,2025,1
Lejre,Lebanon,2025,1
Lejre,Lithuania,2025,8
Lejre,Nepal,2025,4
Lejre,Netherlands,2025,1
Lejre,Norway,2025,3
Lejre,Pakistan,2025,4
Lejre,Philippines,2025,3
Lejre,Poland,2025,18
Lejre,Portugal,2025,7
Lejre,Romania,2025,48
Lejre,Slovakia,2025,1
Lejre,Somalia,2025,1
Lejre,Sweden,2025,4
Lejre,Syria,2025,1
Lejre,Turkey,2025,6
Lejre,USA,2025,2
Lejre,Uganda,2025,2
Lejre,Ukraine,2025,59
Lejre,United Kingdom,2025,1
Lemvig,Afghanistan,2025,2
Lemvig,Argentina,2025,1
Lemvig,Bulgaria,2025,2
Lemvig,Colombia,2025,1
Lemvig,Denmark,2025,34
Lemvig,Germany,2025,22
Lemvig,Hungary,2025,1
Lemvig,Iceland,2025,3
Lemvig,Iran,2025,4
Lemvig,Ireland,2025,1
Lemvig,Italy,2025,1
Lemvig,Japan,2025,2
Lemvig,Kenya,2025,11
Lemvig,Lithuania,2025,2
Lemvig,Myanmar,2025,2
Lemvig,Netherlands,2025,6
Lemvig,Norway,2025,1
Lemvig,Not stated,2025,6
Lemvig,Philippines,2025,2
Lemvig,Poland,2025,3
Lemvig,Portugal,2025,1
Lemvig,Romania,2025,33
Lemvig,Spain,2025,2
Lemvig,Sweden,2025,1
Lemvig,Tanzania,2025,1
Lemvig,Uganda,2025,13
Lemvig,Ukraine,2025,32
Lemvig,Uzbekistan,2025,2
Lemvig,Vietnam,2025,6
Lolland,Afghanistan,2025,2
Lolland,Argentina,2025,1
Lolland,Australia,2025,1
Lolland,Bangladesh,2025,8
Lolland,Belarus,2025,1
Lolland,Belgium,2025,3
Lolland,Brazil,2025,5
Lolland,Bulgaria,2025,10
Lolland,Cameroon,2025,1
Lolland,Chile,2025,2
Lolland,China,2025,8
Lolland,Colombia,2025,5
Lolland,"Congo, Democratic Republic",2025,3
Lolland,"Congo, Republic",2025,1
Lolland,Denmark,2025,58
Lolland,France,2025,44
Lolland,Georgia,2025,5
Lolland,Germany,2025,15
Lolland,Ghana,2025,1
Lolland,Guatemala,2025,1
Lolland,Honduras,2025,2
Lolland,Hungary,2025,10
Lolland,Iceland,2025,3
Lolland,India,2025,17
Lolland,Iraq,2025,1
Lolland,Italy,2025,5
Lolland,Japan,2025,1
Lolland,Kenya,2025,1
Lolland,Lithuania,2025,2
Lolland,Morocco,2025,5
Lolland,Netherlands,2025,4
Lolland,Not stated,2025,1
Lolland,Pakistan,2025,15
Lolland,Panama,2025,3
Lolland,Philippines,2025,27
Lolland,Poland,2025,65
Lolland,Portugal,2025,20
Lolland,Republic of North Macedonia,2025,2
Lolland,Romania,2025,33
Lolland,Serbia,2025,5
Lolland,Slovakia,2025,1
Lolland,Spain,2025,9
Lolland,Sri Lanka,2025,1
Lolland,Stateless,2025,1
Lolland,Sweden,2025,4
Lolland,Syria,2025,1
Lolland,Tanzania,2025,4
Lolland,Turkey,2025,9
Lolland,USA,2025,2
Lolland,Uganda,2025,12
Lolland,Ukraine,2025,88
Lolland,Venezuela,2025,3
Lolland,Zimbabwe,2025,1
Lyngby-Taarbæk,Afghanistan,2025,2
Lyngby-Taarbæk,Argentina,2025,1
Lyngby-Taarbæk,Australia,2025,39
Lyngby-Taarbæk,Austria,2025,11
Lyngby-Taarbæk,Bangladesh,2025,17
Lyngby-Taarbæk,Belgium,2025,24
Lyngby-Taarbæk,Brazil,2025,19
Lyngby-Taarbæk,Bulgaria,2025,9
Lyngby-Taarbæk,Canada,2025,18
Lyngby-Taarbæk,Chile,2025,10
Lyngby-Taarbæk,China,2025,82
Lyngby-Taarbæk,Colombia,2025,5
Lyngby-Taarbæk,Croatia,2025,8
Lyngby-Taarbæk,Cyprus,2025,4
Lyngby-Taarbæk,Czech Republic,2025,11
Lyngby-Taarbæk,Denmark,2025,238
Lyngby-Taarbæk,Egypt,2025,1
Lyngby-Taarbæk,El Salvador,2025,1
Lyngby-Taarbæk,Eritrea,2025,3
Lyngby-Taarbæk,Estonia,2025,8
Lyngby-Taarbæk,Ethiopia,2025,2
Lyngby-Taarbæk,Finland,2025,3
Lyngby-Taarbæk,France,2025,92
Lyngby-Taarbæk,Georgia,2025,1
Lyngby-Taarbæk,Germany,2025,107
Lyngby-Taarbæk,Ghana,2025,6
Lyngby-Taarbæk,Greece,2025,66
Lyngby-Taarbæk,Honduras,2025,1
Lyngby-Taarbæk,Hungary,2025,21
Lyngby-Taarbæk,Iceland,2025,42
Lyngby-Taarbæk,India,2025,84
Lyngby-Taarbæk,Indonesia,2025,14
Lyngby-Taarbæk,Iran,2025,44
Lyngby-Taarbæk,Iraq,2025,2
Lyngby-Taarbæk,Ireland,2025,11
Lyngby-Taarbæk,Israel,2025,1
Lyngby-Taarbæk,Italy,2025,158
Lyngby-Taarbæk,Japan,2025,8
Lyngby-Taarbæk,Kazakhstan,2025,1
Lyngby-Taarbæk,Kenya,2025,7
Lyngby-Taarbæk,Latvia,2025,2
Lyngby-Taarbæk,Lebanon,2025,2
Lyngby-Taarbæk,Lithuania,2025,6
Lyngby-Taarbæk,Luxembourg,2025,4
Lyngby-Taarbæk,Malaysia,2025,8
Lyngby-Taarbæk,Malta,2025,1
Lyngby-Taarbæk,Mexico,2025,28
Lyngby-Taarbæk,Morocco,2025,2
Lyngby-Taarbæk,Myanmar,2025,1
Lyngby-Taarbæk,Nepal,2025,8
Lyngby-Taarbæk,Netherlands,2025,29
Lyngby-Taarbæk,New Zealand,2025,1
Lyngby-Taarbæk,Norway,2025,16
Lyngby-Taarbæk,Not stated,2025,3
Lyngby-Taarbæk,Pakistan,2025,9
Lyngby-Taarbæk,Panama,2025,1
Lyngby-Taarbæk,Peru,2025,3
Lyngby-Taarbæk,Philippines,2025,17
Lyngby-Taarbæk,Poland,2025,43
Lyngby-Taarbæk,Portugal,2025,99
Lyngby-Taarbæk,Romania,2025,17
Lyngby-Taarbæk,Russia,2025,4
Lyngby-Taarbæk,Serbia,2025,2
Lyngby-Taarbæk,Singapore,2025,22
Lyngby-Taarbæk,Slovakia,2025,8
Lyngby-Taarbæk,Slovenia,2025,3
Lyngby-Taarbæk,South Africa,2025,3
Lyngby-Taarbæk,South Korea,2025,16
Lyngby-Taarbæk,Spain,2025,183
Lyngby-Taarbæk,Sri Lanka,2025,3
Lyngby-Taarbæk,Stateless,2025,1
Lyngby-Taarbæk,Sweden,2025,17
Lyngby-Taarbæk,Switzerland,2025,20
Lyngby-Taarbæk,Syria,2025,1
Lyngby-Taarbæk,Taiwan,2025,4
Lyngby-Taarbæk,Thailand,2025,2
Lyngby-Taarbæk,Tunisia,2025,3
Lyngby-Taarbæk,Turkey,2025,26
Lyngby-Taarbæk,USA,2025,212
Lyngby-Taarbæk,Ukraine,2025,128
Lyngby-Taarbæk,United Kingdom,2025,12
Lyngby-Taarbæk,Vietnam,2025,9
Lyngby-Taarbæk,Zimbabwe,2025,1
Læsø,Denmark,2025,5
Læsø,Germany,2025,2
Læsø,Netherlands,2025,1
Læsø,Sweden,2025,1
Læsø,Ukraine,2025,1
Mariagerfjord,Belgium,2025,1
Mariagerfjord,Bosnia and Herzegovina,2025,1
Mariagerfjord,Bulgaria,2025,5
Mariagerfjord,Cambodia,2025,1
Mariagerfjord,Cameroon,2025,1
Mariagerfjord,Chile,2025,1
Mariagerfjord,China,2025,2
Mariagerfjord,Colombia,2025,1
Mariagerfjord,"Congo, Democratic Republic",2025,7
Mariagerfjord,Czech Republic,2025,2
Mariagerfjord,Denmark,2025,102
Mariagerfjord,Finland,2025,3
Mariagerfjord,"Gambia, The",2025,1
Mariagerfjord,Germany,2025,9
Mariagerfjord,Ghana,2025,1
Mariagerfjord,Iceland,2025,2
Mariagerfjord,India,2025,5
Mariagerfjord,Iran,2025,1
Mariagerfjord,Italy,2025,6
Mariagerfjord,Kenya,2025,1
Mariagerfjord,Latvia,2025,1
Mariagerfjord,Lithuania,2025,2
Mariagerfjord,Netherlands,2025,7
Mariagerfjord,Nigeria,2025,1
Mariagerfjord,Norway,2025,3
Mariagerfjord,Not stated,2025,1
Mariagerfjord,Papua New Guinea,2025,1
Mariagerfjord,Peru,2025,1
Mariagerfjord,Philippines,2025,41
Mariagerfjord,Poland,2025,16
Mariagerfjord,Portugal,2025,1
Mariagerfjord,Romania,2025,21
Mariagerfjord,Sierra Leone,2025,2
Mariagerfjord,Slovakia,2025,3
Mariagerfjord,South Africa,2025,1
Mariagerfjord,South Korea,2025,1
Mariagerfjord,Spain,2025,1
Mariagerfjord,Sweden,2025,2
Mariagerfjord,Syria,2025,10
Mariagerfjord,Thailand,2025,1
Mariagerfjord,Turkey,2025,3
Mariagerfjord,USA,2025,2
Mariagerfjord,Uganda,2025,9
Mariagerfjord,Ukraine,2025,115
Mariagerfjord,United Kingdom,2025,2
Mariagerfjord,Uzbekistan,2025,6
Mariagerfjord,Vietnam,2025,9
Middelfart,Algeria,2025,1
Middelfart,Australia,2025,1
Middelfart,Belgium,2025,6
Middelfart,Brazil,2025,1
Middelfart,Canada,2025,2
Middelfart,Chile,2025,1
Middelfart,China,2025,4
Middelfart,"Congo, Democratic Republic",2025,6
Middelfart,Czech Republic,2025,1
Middelfart,Denmark,2025,89
Middelfart,Eritrea,2025,1
Middelfart,France,2025,5
Middelfart,Germany,2025,5
Middelfart,Hungary,2025,1
Middelfart,Iceland,2025,2
Middelfart,India,2025,1
Middelfart,Japan,2025,9
Middelfart,Latvia,2025,4
Middelfart,Lithuania,2025,5
Middelfart,Mexico,2025,1
Middelfart,Moldova,2025,1
Middelfart,Myanmar,2025,2
Middelfart,Nepal,2025,2
Middelfart,Netherlands,2025,1
Middelfart,Nigeria,2025,1
Middelfart,North Korea,2025,2
Middelfart,Norway,2025,3
Middelfart,Paraguay,2025,1
Middelfart,Philippines,2025,6
Middelfart,Poland,2025,11
Middelfart,Portugal,2025,2
Middelfart,Romania,2025,22
Middelfart,Russia,2025,3
Middelfart,Slovakia,2025,1
Middelfart,South Africa,2025,3
Middelfart,Spain,2025,2
Middelfart,Sweden,2025,3
Middelfart,Switzerland,2025,2
Middelfart,Syria,2025,12
Middelfart,Thailand,2025,2
Middelfart,Turkey,2025,2
Middelfart,USA,2025,9
Middelfart,Uganda,2025,7
Middelfart,Ukraine,2025,87
Middelfart,United Kingdom,2025,1
Middelfart,Uzbekistan,2025,1
Middelfart,Vietnam,2025,16
Morsø,Austria,2025,1
Morsø,Cambodia,2025,2
Morsø,"Congo, Democratic Republic",2025,1
Morsø,Denmark,2025,72
Morsø,Finland,2025,2
Morsø,France,2025,1
Morsø,Germany,2025,3
Morsø,Greece,2025,1
Morsø,Hungary,2025,1
Morsø,Iran,2025,6
Morsø,Ireland,2025,2
Morsø,Italy,2025,1
Morsø,Japan,2025,4
Morsø,Kenya,2025,3
Morsø,Myanmar,2025,1
Morsø,Netherlands,2025,3
Morsø,Norway,2025,2
Morsø,Not stated,2025,1
Morsø,Philippines,2025,6
Morsø,Poland,2025,6
Morsø,Portugal,2025,1
Morsø,Romania,2025,3
Morsø,South Africa,2025,1
Morsø,Spain,2025,1
Morsø,Sweden,2025,1
Morsø,USA,2025,1
Morsø,Uganda,2025,13
Morsø,Ukraine,2025,54
Morsø,United Kingdom,2025,1
Morsø,Vietnam,2025,2
Norddjurs,Afghanistan,2025,5
Norddjurs,Australia,2025,2
Norddjurs,Bangladesh,2025,2
Norddjurs,Bosnia and Herzegovina,2025,1
Norddjurs,Cameroon,2025,1
Norddjurs,Czech Republic,2025,24
Norddjurs,Denmark,2025,100
Norddjurs,Ecuador,2025,1
Norddjurs,Eritrea,2025,3
Norddjurs,Estonia,2025,1
Norddjurs,France,2025,3
Norddjurs,Germany,2025,16
Norddjurs,Greece,2025,1
Norddjurs,Hungary,2025,10
Norddjurs,Iran,2025,1
Norddjurs,Iraq,2025,1
Norddjurs,Ireland,2025,2
Norddjurs,Italy,2025,14
Norddjurs,Kenya,2025,1
Norddjurs,Kosovo,2025,1
Norddjurs,Latvia,2025,19
Norddjurs,Lithuania,2025,174
Norddjurs,Mexico,2025,2
Norddjurs,Myanmar,2025,2
Norddjurs,Netherlands,2025,1
Norddjurs,Norway,2025,1
Norddjurs,Not stated,2025,1
Norddjurs,Peru,2025,2
Norddjurs,Philippines,2025,6
Norddjurs,Poland,2025,11
Norddjurs,Portugal,2025,1
Norddjurs,Romania,2025,34
Norddjurs,Rwanda,2025,2
Norddjurs,Slovakia,2025,20
Norddjurs,Spain,2025,15
Norddjurs,Sweden,2025,2
Norddjurs,Syria,2025,7
Norddjurs,Tanzania,2025,6
Norddjurs,Thailand,2025,2
Norddjurs,Turkey,2025,4
Norddjurs,USA,2025,3
Norddjurs,Uganda,2025,5
Norddjurs,Ukraine,2025,73
Norddjurs,United Kingdom,2025,3
Norddjurs,Vietnam,2025,30
Nordfyns,Argentina,2025,1
Nordfyns,Bangladesh,2025,2
Nordfyns,Belgium,2025,3
Nordfyns,Brazil,2025,3
Nordfyns,Bulgaria,2025,2
Nordfyns,Cameroon,2025,2
Nordfyns,Canada,2025,1
Nordfyns,China,2025,3
Nordfyns,"Congo, Democratic Republic",2025,3
Nordfyns,Croatia,2025,1
Nordfyns,Denmark,2025,73
Nordfyns,Finland,2025,1
Nordfyns,Germany,2025,10
Nordfyns,Ghana,2025,2
Nordfyns,Iceland,2025,4
Nordfyns,India,2025,6
Nordfyns,Italy,2025,3
Nordfyns,Japan,2025,23
Nordfyns,Kenya,2025,1
Nordfyns,Latvia,2025,2
Nordfyns,Lithuania,2025,13
Nordfyns,Mexico,2025,2
Nordfyns,Netherlands,2025,12
Nordfyns,Norway,2025,5
Nordfyns,Not stated,2025,1
Nordfyns,Philippines,2025,17
Nordfyns,Poland,2025,10
Nordfyns,Romania,2025,76
Nordfyns,Russia,2025,1
Nordfyns,Serbia,2025,1
Nordfyns,Slovakia,2025,3
Nordfyns,Slovenia,2025,1
Nordfyns,Sweden,2025,3
Nordfyns,Tanzania,2025,1
Nordfyns,Turkey,2025,5
Nordfyns,USA,2025,3
Nordfyns,Uganda,2025,6
Nordfyns,Ukraine,2025,83
Nordfyns,Vietnam,2025,9
Nyborg,Albania,2025,13
Nyborg,Brazil,2025,1
Nyborg,Bulgaria,2025,2
Nyborg,Chile,2025,1
Nyborg,China,2025,3
Nyborg,Czech Republic,2025,2
Nyborg,Denmark,2025,74
Nyborg,Ecuador,2025,1
Nyborg,Eritrea,2025,2
Nyborg,Estonia,2025,3
Nyborg,France,2025,2
Nyborg,Germany,2025,12
Nyborg,Greece,2025,5
Nyborg,Hungary,2025,4
Nyborg,Iceland,2025,4
Nyborg,India,2025,1
Nyborg,Iraq,2025,3
Nyborg,Ireland,2025,1
Nyborg,Italy,2025,14
Nyborg,Latvia,2025,10
Nyborg,Lithuania,2025,20
Nyborg,Myanmar,2025,1
Nyborg,Netherlands,2025,2
Nyborg,Norway,2025,1
Nyborg,Pakistan,2025,6
Nyborg,Peru,2025,1
Nyborg,Poland,2025,6
Nyborg,Portugal,2025,4
Nyborg,Romania,2025,58
Nyborg,Slovakia,2025,2
Nyborg,Slovenia,2025,1
Nyborg,South Africa,2025,1
Nyborg,Spain,2025,5
Nyborg,Sri Lanka,2025,4
Nyborg,Sweden,2025,1
Nyborg,Syria,2025,1
Nyborg,USA,2025,6
Nyborg,Uganda,2025,5
Nyborg,Ukraine,2025,85
Nyborg,United Kingdom,2025,2
Nyborg,Vietnam,2025,3
Næstved,Afghanistan,2025,3
Næstved,Algeria,2025,1
Næstved,Australia,2025,2
Næstved,Bangladesh,2025,9
Næstved,Belgium,2025,1
Næstved,Brazil,2025,3
Næstved,Bulgaria,2025,19
Næstved,Cambodia,2025,4
Næstved,Cameroon,2025,4
Næstved,Canada,2025,3
Næstved,China,2025,23
Næstved,"Congo, Democratic Republic",2025,8
Næstved,Czech Republic,2025,2
Næstved,Denmark,2025,175
Næstved,Eritrea,2025,3
Næstved,Finland,2025,2
Næstved,Germany,2025,8
Næstved,Hungary,2025,1
Næstved,Iceland,2025,2
Næstved,India,2025,5
Næstved,Iran,2025,4
Næstved,Israel,2025,1
Næstved,Italy,2025,3
Næstved,Jordan,2025,1
Næstved,Kenya,2025,1
Næstved,Latvia,2025,1
Næstved,Lebanon,2025,2
Næstved,Lithuania,2025,19
Næstved,Maldives,2025,1
Næstved,Mexico,2025,1
Næstved,Namibia,2025,1
Næstved,Nepal,2025,3
Næstved,Netherlands,2025,11
Næstved,Norway,2025,4
Næstved,Not stated,2025,2
Næstved,Pakistan,2025,12
Næstved,Paraguay,2025,1
Næstved,Peru,2025,1
Næstved,Philippines,2025,5
Næstved,Poland,2025,28
Næstved,Portugal,2025,3
Næstved,Republic of North Macedonia,2025,1
Næstved,Romania,2025,68
Næstved,Russia,2025,1
Næstved,Rwanda,2025,1
Næstved,Serbia,2025,2
Næstved,Slovakia,2025,1
Næstved,Spain,2025,7
Næstved,Sri Lanka,2025,6
Næstved,Sweden,2025,14
Næstved,Switzerland,2025,1
Næstved,Syria,2025,12
Næstved,Tajikistan,2025,1
Næstved,Thailand,2025,3
Næstved,Turkey,2025,19
Næstved,USA,2025,13
Næstved,Uganda,2025,14
Næstved,Ukraine,2025,155
Næstved,United Kingdom,2025,3
Næstved,Uzbekistan,2025,1
Næstved,Vietnam,2025,6
Næstved,Zambia,2025,1
Odder,Afghanistan,2025,3
Odder,Argentina,2025,2
Odder,Australia,2025,1
Odder,Belgium,2025,1
Odder,Brazil,2025,3
Odder,Bulgaria,2025,4
Odder,Canada,2025,2
Odder,China,2025,1
Odder,Denmark,2025,61
Odder,Germany,2025,7
Odder,Ghana,2025,1
Odder,Hungary,2025,3
Odder,Iceland,2025,1
Odder,India,2025,3
Odder,Ireland,2025,1
Odder,Italy,2025,3
Odder,Japan,2025,23
Odder,Latvia,2025,1
Odder,Lithuania,2025,1
Odder,Mexico,2025,3
Odder,Netherlands,2025,1
Odder,North Korea,2025,1
Odder,Norway,2025,1
Odder,Poland,2025,2
Odder,Romania,2025,6
Odder,Serbia,2025,1
Odder,Singapore,2025,1
Odder,Spain,2025,1
Odder,Syria,2025,7
Odder,Turkey,2025,2
Odder,USA,2025,4
Odder,Uganda,2025,5
Odder,Ukraine,2025,73
Odder,United Kingdom,2025,1
Odder,Vietnam,2025,5
Odense,Afghanistan,2025,17
Odense,Albania,2025,136
Odense,Algeria,2025,2
Odense,Argentina,2025,3
Odense,Armenia,2025,3
Odense,Australia,2025,12
Odense,Austria,2025,15
Odense,Azerbaijan,2025,1
Odense,Bangladesh,2025,189
Odense,Belarus,2025,1
Odense,Belgium,2025,15
Odense,Bolivia,2025,1
Odense,Bosnia and Herzegovina,2025,2
Odense,Brazil,2025,23
Odense,Bulgaria,2025,27
Odense,Burkina Faso,2025,1
Odense,Cameroon,2025,11
Odense,Canada,2025,21
Odense,Chile,2025,3
Odense,China,2025,73
Odense,Colombia,2025,7
Odense,"Congo, Democratic Republic",2025,12
Odense,Croatia,2025,13
Odense,Cyprus,2025,5
Odense,Czech Republic,2025,35
Odense,Denmark,2025,637
Odense,Dominican Republic,2025,1
Odense,Ecuador,2025,3
Odense,Egypt,2025,3
Odense,El Salvador,2025,1
Odense,Eritrea,2025,5
Odense,Estonia,2025,4
Odense,Finland,2025,28
Odense,France,2025,76
Odense,Germany,2025,205
Odense,Ghana,2025,3
Odense,Greece,2025,42
Odense,Guatemala,2025,1
Odense,Hungary,2025,51
Odense,Iceland,2025,58
Odense,India,2025,81
Odense,Indonesia,2025,17
Odense,Iran,2025,122
Odense,Iraq,2025,16
Odense,Ireland,2025,14
Odense,Israel,2025,4
Odense,Italy,2025,263
Odense,Ivory Coast,2025,2
Odense,Japan,2025,11
Odense,Kazakhstan,2025,1
Odense,Kenya,2025,8
Odense,Kosovo,2025,3
Odense,Latvia,2025,10
Odense,Lebanon,2025,4
Odense,Lithuania,2025,30
Odense,Malaysia,2025,9
Odense,Mauritius,2025,1
Odense,Mexico,2025,14
Odense,Moldova,2025,1
Odense,Morocco,2025,8
Odense,Myanmar,2025,1
Odense,Nepal,2025,106
Odense,Netherlands,2025,50
Odense,New Zealand,2025,1
Odense,Nicaragua,2025,1
Odense,Nigeria,2025,11
Odense,North Korea,2025,1
Odense,Norway,2025,83
Odense,Not stated,2025,26
Odense,Pakistan,2025,121
Odense,Panama,2025,1
Odense,Peru,2025,2
Odense,Philippines,2025,10
Odense,Poland,2025,117
Odense,Portugal,2025,100
Odense,Qatar,2025,1
Odense,Romania,2025,401
Odense,Russia,2025,9
Odense,Serbia,2025,3
Odense,Singapore,2025,13
Odense,Slovakia,2025,20
Odense,Slovenia,2025,7
Odense,Somalia,2025,9
Odense,South Africa,2025,17
Odense,South Korea,2025,12
Odense,Spain,2025,82
Odense,Sri Lanka,2025,32
Odense,Stateless,2025,5
Odense,Sweden,2025,67
Odense,Switzerland,2025,12
Odense,Syria,2025,18
Odense,Taiwan,2025,2
Odense,Tanzania,2025,1
Odense,Thailand,2025,19
Odense,Togo,2025,1
Odense,Tunisia,2025,1
Odense,Turkey,2025,37
Odense,USA,2025,46
Odense,Uganda,2025,1
Odense,Ukraine,2025,459
Odense,United Kingdom,2025,28
Odense,Vietnam,2025,50
Odsherred,Afghanistan,2025,2
Odsherred,Australia,2025,1
Odsherred,Austria,2025,1
Odsherred,Bangladesh,2025,2
Odsherred,Belarus,2025,1
Odsherred,Brazil,2025,1
Odsherred,Bulgaria,2025,3
Odsherred,Canada,2025,1
Odsherred,China,2025,5
Odsherred,Colombia,2025,1
Odsherred,"Congo, Democratic Republic",2025,1
Odsherred,Denmark,2025,75
Odsherred,Egypt,2025,3
Odsherred,France,2025,3
Odsherred,Germany,2025,1
Odsherred,Ghana,2025,1
Odsherred,Greece,2025,2
Odsherred,India,2025,1
Odsherred,Italy,2025,2
Odsherred,Kenya,2025,1
Odsherred,Kosovo,2025,1
Odsherred,Latvia,2025,1
Odsherred,Lithuania,2025,6
Odsherred,Myanmar,2025,2
Odsherred,Philippines,2025,3
Odsherred,Poland,2025,3
Odsherred,Portugal,2025,3
Odsherred,Romania,2025,10
Odsherred,Sweden,2025,2
Odsherred,Syria,2025,2
Odsherred,Thailand,2025,4
Odsherred,Turkey,2025,7
Odsherred,USA,2025,5
Odsherred,Uganda,2025,2
Odsherred,Ukraine,2025,61
Randers,Afghanistan,2025,4
Randers,Algeria,2025,3
Randers,Argentina,2025,1
Randers,Australia,2025,2
Randers,Bangladesh,2025,21
Randers,Belgium,2025,1
Randers,Bosnia and Herzegovina,2025,2
Randers,Brazil,2025,3
Randers,Bulgaria,2025,4
Randers,Canada,2025,2
Randers,Chile,2025,1
Randers,China,2025,7
Randers,"Congo, Democratic Republic",2025,44
Randers,"Congo, Republic",2025,1
Randers,Czech Republic,2025,2
Randers,Denmark,2025,200
Randers,Egypt,2025,1
Randers,Eritrea,2025,2
Randers,Ethiopia,2025,1
Randers,Finland,2025,1
Randers,France,2025,4
Randers,Georgia,2025,1
Randers,Germany,2025,3
Randers,Ghana,2025,1
Randers,Hungary,2025,5
Randers,Iceland,2025,5
Randers,India,2025,6
Randers,Iran,2025,39
Randers,Ireland,2025,4
Randers,Italy,2025,9
Randers,Japan,2025,10
Randers,Kenya,2025,3
Randers,Kosovo,2025,2
Randers,Latvia,2025,5
Randers,Lithuania,2025,10
Randers,Moldova,2025,2
Randers,Morocco,2025,1
Randers,Nepal,2025,3
Randers,Netherlands,2025,4
Randers,Nigeria,2025,12
Randers,Norway,2025,4
Randers,Not stated,2025,2
Randers,Pakistan,2025,14
Randers,Philippines,2025,2
Randers,Poland,2025,43
Randers,Portugal,2025,3
Randers,Romania,2025,151
Randers,Russia,2025,1
Randers,Senegal,2025,1
Randers,Slovakia,2025,1
Randers,South Africa,2025,1
Randers,South Sudan,2025,1
Randers,Spain,2025,10
Randers,Sri Lanka,2025,59
Randers,Stateless,2025,2
Randers,Sweden,2025,10
Randers,Switzerland,2025,3
Randers,Syria,2025,8
Randers,Tanzania,2025,9
Randers,Thailand,2025,2
Randers,Turkey,2025,14
Randers,USA,2025,14
Randers,Uganda,2025,2
Randers,Ukraine,2025,229
Randers,United Kingdom,2025,2
Randers,Venezuela,2025,2
Randers,Vietnam,2025,1
Rebild,Afghanistan,2025,9
Rebild,Bulgaria,2025,2
Rebild,Croatia,2025,1
Rebild,Denmark,2025,45
Rebild,Germany,2025,1
Rebild,Hungary,2025,2
Rebild,Iceland,2025,1
Rebild,India,2025,4
Rebild,Italy,2025,2
Rebild,Kenya,2025,5
Rebild,Kyrgyzstan,2025,2
Rebild,Latvia,2025,3
Rebild,Lithuania,2025,1
Rebild,Malta,2025,1
Rebild,Mexico,2025,1
Rebild,Netherlands,2025,3
Rebild,Norway,2025,1
Rebild,Philippines,2025,3
Rebild,Poland,2025,19
Rebild,Portugal,2025,1
Rebild,Romania,2025,12
Rebild,Serbia,2025,1
Rebild,Spain,2025,1
Rebild,Sweden,2025,2
Rebild,Switzerland,2025,1
Rebild,Syria,2025,1
Rebild,Tanzania,2025,3
Rebild,Thailand,2025,1
Rebild,USA,2025,3
Rebild,Uganda,2025,15
Rebild,Ukraine,2025,65
Rebild,Uzbekistan,2025,3
Rebild,Vietnam,2025,10
Ringkøbing-Skjern,Afghanistan,2025,5
Ringkøbing-Skjern,Australia,2025,1
Ringkøbing-Skjern,Bangladesh,2025,13
Ringkøbing-Skjern,Belgium,2025,4
Ringkøbing-Skjern,Brazil,2025,1
Ringkøbing-Skjern,Bulgaria,2025,1
Ringkøbing-Skjern,Cambodia,2025,1
Ringkøbing-Skjern,Canada,2025,1
Ringkøbing-Skjern,China,2025,2
Ringkøbing-Skjern,Colombia,2025,7
Ringkøbing-Skjern,"Congo, Democratic Republic",2025,8
Ringkøbing-Skjern,Czech Republic,2025,1
Ringkøbing-Skjern,Denmark,2025,109
Ringkøbing-Skjern,Finland,2025,3
Ringkøbing-Skjern,France,2025,3
Ringkøbing-Skjern,"Gambia, The",2025,1
Ringkøbing-Skjern,Germany,2025,139
Ringkøbing-Skjern,Greece,2025,3
Ringkøbing-Skjern,Guinea,2025,1
Ringkøbing-Skjern,Hungary,2025,2
Ringkøbing-Skjern,Iceland,2025,5
Ringkøbing-Skjern,India,2025,7
Ringkøbing-Skjern,Iran,2025,1
Ringkøbing-Skjern,Ireland,2025,1
Ringkøbing-Skjern,Italy,2025,12
Ringkøbing-Skjern,Japan,2025,13
Ringkøbing-Skjern,Kazakhstan,2025,1
Ringkøbing-Skjern,Kenya,2025,1
Ringkøbing-Skjern,Kosovo,2025,1
Ringkøbing-Skjern,Latvia,2025,4
Ringkøbing-Skjern,Lithuania,2025,11
Ringkøbing-Skjern,Mexico,2025,2
Ringkøbing-Skjern,Moldova,2025,2
Ringkøbing-Skjern,Myanmar,2025,2
Ringkøbing-Skjern,Nepal,2025,2
Ringkøbing-Skjern,Netherlands,2025,8
Ringkøbing-Skjern,Nigeria,2025,1
Ringkøbing-Skjern,Norway,2025,4
Ringkøbing-Skjern,Not stated,2025,3
Ringkøbing-Skjern,Pakistan,2025,6
Ringkøbing-Skjern,Philippines,2025,22
Ringkøbing-Skjern,Poland,2025,18
Ringkøbing-Skjern,Portugal,2025,2
Ringkøbing-Skjern,Republic of North Macedonia,2025,1
Ringkøbing-Skjern,Romania,2025,145
Ringkøbing-Skjern,Russia,2025,1
Ringkøbing-Skjern,Slovakia,2025,1
Ringkøbing-Skjern,South Africa,2025,1
Ringkøbing-Skjern,South Korea,2025,1
Ringkøbing-Skjern,Spain,2025,4
Ringkøbing-Skjern,Sri Lanka,2025,9
Ringkøbing-Skjern,Stateless,2025,2
Ringkøbing-Skjern,Sweden,2025,9
Ringkøbing-Skjern,Switzerland,2025,1
Ringkøbing-Skjern,Syria,2025,2
Ringkøbing-Skjern,Tanzania,2025,12
Ringkøbing-Skjern,Thailand,2025,6
Ringkøbing-Skjern,USA,2025,6
Ringkøbing-Skjern,Uganda,2025,51
Ringkøbing-Skjern,Ukraine,2025,87
Ringkøbing-Skjern,United Kingdom,2025,1
Ringkøbing-Skjern,Vietnam,2025,36
Ringsted,Albania,2025,3
Ringsted,Armenia,2025,6
Ringsted,Australia,2025,1
Ringsted,Bangladesh,2025,7
Ringsted,Belarus,2025,1
Ringsted,Belgium,2025,1
Ringsted,Brazil,2025,1
Ringsted,Bulgaria,2025,19
Ringsted,Cameroon,2025,3
Ringsted,China,2025,6
Ringsted,Colombia,2025,1
Ringsted,Czech Republic,2025,1
Ringsted,Denmark,2025,61
Ringsted,Egypt,2025,1
Ringsted,Eritrea,2025,6
Ringsted,Finland,2025,1
Ringsted,France,2025,2
Ringsted,Germany,2025,8
Ringsted,Greece,2025,1
Ringsted,Iceland,2025,3
Ringsted,India,2025,7
Ringsted,Iraq,2025,1
Ringsted,Italy,2025,8
Ringsted,Kenya,2025,1
Ringsted,Latvia,2025,1
Ringsted,Lebanon,2025,1
Ringsted,Lithuania,2025,12
Ringsted,Namibia,2025,1
Ringsted,Nepal,2025,26
Ringsted,Netherlands,2025,1
Ringsted,Norway,2025,6
Ringsted,Not stated,2025,2
Ringsted,Pakistan,2025,13
Ringsted,Philippines,2025,4
Ringsted,Poland,2025,41
Ringsted,Portugal,2025,12
Ringsted,Republic of North Macedonia,2025,5
Ringsted,Romania,2025,43
Ringsted,Slovakia,2025,1
Ringsted,South Africa,2025,1
Ringsted,Spain,2025,2
Ringsted,Sri Lanka,2025,1
Ringsted,Sweden,2025,8
Ringsted,Thailand,2025,2
Ringsted,Turkey,2025,4
Ringsted,Uganda,2025,2
Ringsted,Ukraine,2025,80
Ringsted,United Kingdom,2025,3
Ringsted,Vietnam,2025,1
Roskilde,Afghanistan,2025,9
Roskilde,Albania,2025,2
Roskilde,Argentina,2025,2
Roskilde,Armenia,2025,4
Roskilde,Australia,2025,3
Roskilde,Austria,2025,4
Roskilde,Bangladesh,2025,55
Roskilde,Belgium,2025,10
Roskilde,Brazil,2025,9
Roskilde,Bulgaria,2025,23
Roskilde,Cambodia,2025,4
Roskilde,Cameroon,2025,3
Roskilde,Canada,2025,5
Roskilde,Chile,2025,3
Roskilde,China,2025,21
Roskilde,Colombia,2025,7
Roskilde,Costa Rica,2025,1
Roskilde,Croatia,2025,4
Roskilde,Cyprus,2025,2
Roskilde,Czech Republic,2025,26
Roskilde,Denmark,2025,213
Roskilde,Ecuador,2025,1
Roskilde,Finland,2025,9
Roskilde,France,2025,17
Roskilde,Germany,2025,55
Roskilde,Ghana,2025,1
Roskilde,Greece,2025,9
Roskilde,Hungary,2025,14
Roskilde,Iceland,2025,7
Roskilde,India,2025,24
Roskilde,Indonesia,2025,1
Roskilde,Iran,2025,6
Roskilde,Iraq,2025,4
Roskilde,Ireland,2025,18
Roskilde,Israel,2025,1
Roskilde,Italy,2025,35
Roskilde,Japan,2025,8
Roskilde,Kenya,2025,2
Roskilde,Kosovo,2025,1
Roskilde,Latvia,2025,8
Roskilde,Lithuania,2025,17
Roskilde,Mexico,2025,5
Roskilde,Moldova,2025,1
Roskilde,Morocco,2025,3
Roskilde,Nepal,2025,4
Roskilde,Netherlands,2025,12
Roskilde,New Zealand,2025,1
Roskilde,Nigeria,2025,2
Roskilde,North Korea,2025,1
Roskilde,Norway,2025,14
Roskilde,Not stated,2025,5
Roskilde,Pakistan,2025,17
Roskilde,Peru,2025,1
Roskilde,Philippines,2025,7
Roskilde,Poland,2025,34
Roskilde,Portugal,2025,22
Roskilde,Romania,2025,55
Roskilde,Russia,2025,1
Roskilde,Senegal,2025,1
Roskilde,Singapore,2025,1
Roskilde,Slovakia,2025,15
Roskilde,Slovenia,2025,1
Roskilde,South Africa,2025,4
Roskilde,South Korea,2025,7
Roskilde,Spain,2025,38
Roskilde,Stateless,2025,1
Roskilde,Sweden,2025,28
Roskilde,Switzerland,2025,6
Roskilde,Syria,2025,2
Roskilde,Taiwan,2025,2
Roskilde,Thailand,2025,3
Roskilde,Turkey,2025,23
Roskilde,USA,2025,38
Roskilde,Uganda,2025,6
Roskilde,Ukraine,2025,156
Roskilde,United Kingdom,2025,16
Roskilde,Venezuela,2025,4
Roskilde,Vietnam,2025,6
Rudersdal,Afghanistan,2025,7
Rudersdal,Albania,2025,1
Rudersdal,Argentina,2025,2
Rudersdal,Australia,2025,14
Rudersdal,Austria,2025,5
Rudersdal,Bangladesh,2025,21
Rudersdal,Belgium,2025,1
Rudersdal,Brazil,2025,10
Rudersdal,Bulgaria,2025,6
Rudersdal,Cameroon,2025,1
Rudersdal,Canada,2025,9
Rudersdal,Chile,2025,2
Rudersdal,China,2025,48
Rudersdal,Colombia,2025,2
Rudersdal,Croatia,2025,2
Rudersdal,Cyprus,2025,1
Rudersdal,Czech Republic,2025,3
Rudersdal,Denmark,2025,265
Rudersdal,Eritrea,2025,1
Rudersdal,Ethiopia,2025,3
Rudersdal,Finland,2025,7
Rudersdal,France,2025,17
Rudersdal,Germany,2025,41
Rudersdal,Ghana,2025,1
Rudersdal,Greece,2025,12
Rudersdal,Guatemala,2025,1
Rudersdal,Hungary,2025,10
Rudersdal,Iceland,2025,3
Rudersdal,India,2025,52
Rudersdal,Indonesia,2025,8
Rudersdal,Iran,2025,21
Rudersdal,Ireland,2025,11
Rudersdal,Italy,2025,52
Rudersdal,Japan,2025,11
Rudersdal,Kenya,2025,1
Rudersdal,Kosovo,2025,15
Rudersdal,Latvia,2025,4
Rudersdal,Lebanon,2025,2
Rudersdal,Lithuania,2025,3
Rudersdal,Mexico,2025,7
Rudersdal,Morocco,2025,1
Rudersdal,Nepal,2025,6
Rudersdal,Netherlands,2025,9
Rudersdal,New Zealand,2025,1
Rudersdal,Norway,2025,9
Rudersdal,Not stated,2025,1
Rudersdal,Pakistan,2025,12
Rudersdal,Philippines,2025,45
Rudersdal,Poland,2025,40
Rudersdal,Portugal,2025,25
Rudersdal,Republic of North Macedonia,2025,2
Rudersdal,Romania,2025,18
Rudersdal,Russia,2025,3
Rudersdal,Serbia,2025,1
Rudersdal,Singapore,2025,2
Rudersdal,Slovakia,2025,4
Rudersdal,Slovenia,2025,1
Rudersdal,Somalia,2025,1
Rudersdal,South Africa,2025,1
Rudersdal,South Korea,2025,8
Rudersdal,Spain,2025,33
Rudersdal,Sweden,2025,17
Rudersdal,Switzerland,2025,4
Rudersdal,Syria,2025,3
Rudersdal,Taiwan,2025,1
Rudersdal,Thailand,2025,3
Rudersdal,Turkey,2025,11
Rudersdal,USA,2025,47
Rudersdal,Ukraine,2025,109
Rudersdal,United Kingdom,2025,17
Rudersdal,Venezuela,2025,1
Rudersdal,Vietnam,2025,7
Rødovre,Afghanistan,2025,3
Rødovre,Albania,2025,2
Rødovre,Argentina,2025,7
Rødovre,Australia,2025,2
Rødovre,Bangladesh,2025,63
Rødovre,Belarus,2025,1
Rødovre,Belgium,2025,1
Rødovre,Bosnia and Herzegovina,2025,2
Rødovre,Brazil,2025,3
Rødovre,Bulgaria,2025,21
Rødovre,Canada,2025,5
Rødovre,Chile,2025,7
Rødovre,China,2025,20
Rødovre,Colombia,2025,1
Rødovre,Croatia,2025,6
Rødovre,Czech Republic,2025,2
Rødovre,Denmark,2025,100
Rødovre,Egypt,2025,1
Rødovre,Ethiopia,2025,2
Rødovre,Finland,2025,4
Rødovre,France,2025,6
Rødovre,Germany,2025,13
Rødovre,Ghana,2025,1
Rødovre,Greece,2025,7
Rødovre,Guatemala,2025,1
Rødovre,Hungary,2025,2
Rødovre,Iceland,2025,4
Rødovre,India,2025,90
Rødovre,Indonesia,2025,7
Rødovre,Iran,2025,34
Rødovre,Iraq,2025,2
Rødovre,Ireland,2025,4
Rødovre,Italy,2025,47
Rødovre,Japan,2025,1
Rødovre,Jordan,2025,1
Rødovre,Kazakhstan,2025,1
Rødovre,Kenya,2025,2
Rødovre,Lithuania,2025,10
Rødovre,Malta,2025,1
Rødovre,Mexico,2025,1
Rødovre,Montenegro,2025,1
Rødovre,Morocco,2025,1
Rødovre,Namibia,2025,1
Rødovre,Nepal,2025,148
Rødovre,Netherlands,2025,8
Rødovre,Nigeria,2025,3
Rødovre,Norway,2025,5
Rødovre,Pakistan,2025,69
Rødovre,Panama,2025,1
Rødovre,Philippines,2025,6
Rødovre,Poland,2025,13
Rødovre,Portugal,2025,27
Rødovre,Republic of North Macedonia,2025,8
Rødovre,Romania,2025,27
Rødovre,Russia,2025,4
Rødovre,Serbia,2025,7
Rødovre,Sierra Leone,2025,2
Rødovre,Spain,2025,23
Rødovre,Sri Lanka,2025,1
Rødovre,Stateless,2025,2
Rødovre,Sweden,2025,31
Rødovre,Switzerland,2025,3
Rødovre,Syria,2025,1
Rødovre,Tanzania,2025,1
Rødovre,Turkey,2025,15
Rødovre,USA,2025,10
Rødovre,Uganda,2025,1
Rødovre,Ukraine,2025,104
Rødovre,United Kingdom,2025,7
Rødovre,Venezuela,2025,1
Rødovre,Vietnam,2025,2
Samsø,Argentina,2025,3
Samsø,Bulgaria,2025,3
Samsø,Czech Republic,2025,1
Samsø,Denmark,2025,14
Samsø,Eritrea,2025,1
Samsø,France,2025,1
Samsø,Germany,2025,5
Samsø,Greece,2025,1
Samsø,Italy,2025,1
Samsø,Lithuania,2025,4
Samsø,Romania,2025,4
Samsø,Spain,2025,1
Samsø,Uganda,2025,1
Samsø,Ukraine,2025,1
Silkeborg,Afghanistan,2025,3
Silkeborg,Australia,2025,3
Silkeborg,Belgium,2025,1
Silkeborg,Brazil,2025,4
Silkeborg,Canada,2025,3
Silkeborg,China,2025,6
Silkeborg,"Congo, Democratic Republic",2025,5
Silkeborg,Croatia,2025,1
Silkeborg,Denmark,2025,232
Silkeborg,Eritrea,2025,1
Silkeborg,Estonia,2025,1
Silkeborg,Ethiopia,2025,2
Silkeborg,Finland,2025,1
Silkeborg,France,2025,1
Silkeborg,Germany,2025,13
Silkeborg,Hungary,2025,3
Silkeborg,Iceland,2025,8
Silkeborg,India,2025,3
Silkeborg,Iran,2025,11
Silkeborg,Iraq,2025,3
Silkeborg,Ireland,2025,1
Silkeborg,Italy,2025,6
Silkeborg,Japan,2025,14
Silkeborg,Kenya,2025,2
Silkeborg,Latvia,2025,8
Silkeborg,Lithuania,2025,9
Silkeborg,Mexico,2025,2
Silkeborg,Montenegro,2025,2
Silkeborg,Morocco,2025,1
Silkeborg,Namibia,2025,1
Silkeborg,Nepal,2025,5
Silkeborg,Netherlands,2025,14
Silkeborg,Norway,2025,1
Silkeborg,Not stated,2025,75
Silkeborg,Papua New Guinea,2025,1
Silkeborg,Philippines,2025,8
Silkeborg,Poland,2025,29
Silkeborg,Portugal,2025,1
Silkeborg,Romania,2025,84
Silkeborg,Rwanda,2025,3
Silkeborg,South Africa,2025,1
Silkeborg,South Korea,2025,1
Silkeborg,Sri Lanka,2025,1
Silkeborg,Stateless,2025,1
Silkeborg,Sweden,2025,9
Silkeborg,Syria,2025,7
Silkeborg,Tanzania,2025,4
Silkeborg,Thailand,2025,4
Silkeborg,Turkey,2025,1
Silkeborg,USA,2025,2
Silkeborg,Uganda,2025,10
Silkeborg,Ukraine,2025,231
Silkeborg,United Kingdom,2025,2
Silkeborg,Vietnam,2025,10
Silkeborg,Zambia,2025,2
Skanderborg,Afghanistan,2025,2
Skanderborg,Argentina,2025,2
Skanderborg,Australia,2025,1
Skanderborg,Bangladesh,2025,1
Skanderborg,Brazil,2025,3
Skanderborg,Bulgaria,2025,1
Skanderborg,Cameroon,2025,3
Skanderborg,Canada,2025,1
Skanderborg,Chile,2025,1
Skanderborg,China,2025,2
Skanderborg,"Congo, Democratic Republic",2025,12
Skanderborg,Czech Republic,2025,1
Skanderborg,Denmark,2025,136
Skanderborg,Estonia,2025,1
Skanderborg,France,2025,3
Skanderborg,Germany,2025,9
Skanderborg,Greece,2025,2
Skanderborg,Hungary,2025,2
Skanderborg,India,2025,2
Skanderborg,Iran,2025,2
Skanderborg,Ireland,2025,1
Skanderborg,Israel,2025,1
Skanderborg,Italy,2025,3
Skanderborg,Japan,2025,2
Skanderborg,Mexico,2025,1
Skanderborg,Nepal,2025,4
Skanderborg,Netherlands,2025,1
Skanderborg,New Zealand,2025,1
Skanderborg,Norway,2025,1
Skanderborg,Not stated,2025,1
Skanderborg,Pakistan,2025,4
Skanderborg,Philippines,2025,3
Skanderborg,Poland,2025,16
Skanderborg,Portugal,2025,1
Skanderborg,Romania,2025,23
Skanderborg,Russia,2025,2
Skanderborg,Slovakia,2025,3
Skanderborg,Sudan,2025,1
Skanderborg,Syria,2025,14
Skanderborg,Tanzania,2025,1
Skanderborg,Thailand,2025,5
Skanderborg,Turkey,2025,2
Skanderborg,USA,2025,1
Skanderborg,Uganda,2025,3
Skanderborg,Ukraine,2025,160
Skanderborg,United Kingdom,2025,1
Skanderborg,Vietnam,2025,1
Skanderborg,Zambia,2025,2
Skive,Afghanistan,2025,5
Skive,Bangladesh,2025,1
Skive,Cambodia,2025,1
Skive,Czech Republic,2025,1
Skive,Denmark,2025,74
Skive,Eritrea,2025,1
Skive,France,2025,2
Skive,Germany,2025,12
Skive,Ghana,2025,1
Skive,Iceland,2025,1
Skive,India,2025,1
Skive,Iran,2025,1
Skive,Ireland,2025,1
Skive,Japan,2025,8
Skive,Kenya,2025,5
Skive,Latvia,2025,13
Skive,Lithuania,2025,4
Skive,Morocco,2025,1
Skive,Nepal,2025,2
Skive,Netherlands,2025,9
Skive,Norway,2025,5
Skive,Philippines,2025,3
Skive,Poland,2025,24
Skive,Portugal,2025,1
Skive,Romania,2025,34
Skive,Slovenia,2025,1
Skive,South Korea,2025,1
Skive,Sri Lanka,2025,3
Skive,Sweden,2025,8
Skive,Syria,2025,1
Skive,Tanzania,2025,7
Skive,Thailand,2025,2
Skive,Tunisia,2025,1
Skive,Turkey,2025,2
Skive,USA,2025,2
Skive,Uganda,2025,13
Skive,Ukraine,2025,84
Skive,Uzbekistan,2025,1
Skive,Vietnam,2025,13
Slagelse,Afghanistan,2025,2
Slagelse,Albania,2025,2
Slagelse,Australia,2025,4
Slagelse,Bangladesh,2025,4
Slagelse,Belgium,2025,1
Slagelse,Brazil,2025,6
Slagelse,Bulgaria,2025,33
Slagelse,Cambodia,2025,3
Slagelse,Canada,2025,2
Slagelse,Chile,2025,2
Slagelse,China,2025,11
Slagelse,"Congo, Democratic Republic",2025,1
Slagelse,Czech Republic,2025,4
Slagelse,Denmark,2025,178
Slagelse,Egypt,2025,1
Slagelse,Eritrea,2025,5
Slagelse,Estonia,2025,1
Slagelse,France,2025,8
Slagelse,Germany,2025,12
Slagelse,Ghana,2025,7
Slagelse,Greece,2025,12
Slagelse,Hungary,2025,5
Slagelse,Iceland,2025,7
Slagelse,India,2025,32
Slagelse,Indonesia,2025,1
Slagelse,Iran,2025,8
Slagelse,Iraq,2025,1
Slagelse,Ireland,2025,20
Slagelse,Italy,2025,10
Slagelse,Ivory Coast,2025,1
Slagelse,Japan,2025,3
Slagelse,Kenya,2025,2
Slagelse,Laos,2025,1
Slagelse,Latvia,2025,2
Slagelse,Lithuania,2025,8
Slagelse,Mexico,2025,1
Slagelse,Morocco,2025,1
Slagelse,Nepal,2025,13
Slagelse,Netherlands,2025,6
Slagelse,Nigeria,2025,2
Slagelse,Norway,2025,4
Slagelse,Not stated,2025,2
Slagelse,Pakistan,2025,26
Slagelse,Papua New Guinea,2025,1
Slagelse,Peru,2025,1
Slagelse,Philippines,2025,17
Slagelse,Poland,2025,40
Slagelse,Romania,2025,37
Slagelse,Serbia,2025,4
Slagelse,Slovakia,2025,1
Slagelse,South Africa,2025,1
Slagelse,South Korea,2025,1
Slagelse,Spain,2025,9
Slagelse,Sri Lanka,2025,4
Slagelse,Stateless,2025,3
Slagelse,Sweden,2025,21
Slagelse,Syria,2025,6
Slagelse,Thailand,2025,5
Slagelse,Turkey,2025,28
Slagelse,USA,2025,8
Slagelse,Ukraine,2025,158
Slagelse,United Kingdom,2025,4
Slagelse,Vietnam,2025,3
Solrød,Afghanistan,2025,2
Solrød,Albania,2025,3
Solrød,Argentina,2025,1
Solrød,Australia,2025,1
Solrød,Bangladesh,2025,2
Solrød,Brazil,2025,2
Solrød,Bulgaria,2025,2
Solrød,Chile,2025,1
Solrød,China,2025,4
Solrød,"Congo, Democratic Republic",2025,1
Solrød,Denmark,2025,51
Solrød,Eritrea,2025,1
Solrød,France,2025,1
Solrød,Germany,2025,3
Solrød,Iceland,2025,1
Solrød,Iran,2025,3
Solrød,Iraq,2025,2
Solrød,Israel,2025,1
Solrød,Italy,2025,3
Solrød,Lithuania,2025,4
Solrød,Nepal,2025,8
Solrød,Netherlands,2025,1
Solrød,Peru,2025,1
Solrød,Philippines,2025,2
Solrød,Poland,2025,23
Solrød,Romania,2025,5
Solrød,Slovakia,2025,1
Solrød,South Africa,2025,1
Solrød,Spain,2025,3
Solrød,Syria,2025,1
Solrød,Turkey,2025,9
Solrød,USA,2025,5
Solrød,Ukraine,2025,61
Solrød,United Kingdom,2025,2
Sorø,Afghanistan,2025,3
Sorø,Belarus,2025,2
Sorø,Bulgaria,2025,6
Sorø,Canada,2025,2
Sorø,Chile,2025,1
Sorø,"Congo, Democratic Republic",2025,4
Sorø,Denmark,2025,90
Sorø,Ecuador,2025,1
Sorø,France,2025,1
Sorø,Ghana,2025,2
Sorø,Hungary,2025,1
Sorø,Iceland,2025,2
Sorø,Iran,2025,4
Sorø,Italy,2025,5
Sorø,Lithuania,2025,10
Sorø,Malaysia,2025,1
Sorø,Mexico,2025,1
Sorø,Morocco,2025,1
Sorø,Norway,2025,1
Sorø,Pakistan,2025,2
Sorø,Philippines,2025,1
Sorø,Poland,2025,12
Sorø,Portugal,2025,1
Sorø,Romania,2025,29
Sorø,Serbia,2025,1
Sorø,Slovakia,2025,8
Sorø,Spain,2025,1
Sorø,Sweden,2025,5
Sorø,Thailand,2025,1
Sorø,Turkey,2025,2
Sorø,USA,2025,1
Sorø,Uganda,2025,2
Sorø,Ukraine,2025,64
Sorø,Vietnam,2025,5
Stevns,Bulgaria,2025,9
Stevns,Chile,2025,1
Stevns,China,2025,2
Stevns,Denmark,2025,51
Stevns,Eritrea,2025,2
Stevns,Ethiopia,2025,1
Stevns,France,2025,1
Stevns,Germany,2025,7
Stevns,Greece,2025,1
Stevns,Hungary,2025,3
Stevns,India,2025,4
Stevns,Iran,2025,3
Stevns,Ireland,2025,1
Stevns,Italy,2025,2
Stevns,Latvia,2025,5
Stevns,Lithuania,2025,10
Stevns,Philippines,2025,1
Stevns,Poland,2025,17
Stevns,Portugal,2025,1
Stevns,Romania,2025,29
Stevns,Russia,2025,1
Stevns,Serbia,2025,1
Stevns,South Africa,2025,2
Stevns,Sudan,2025,2
Stevns,Sweden,2025,3
Stevns,Syria,2025,1
Stevns,Thailand,2025,1
Stevns,Turkey,2025,7
Stevns,USA,2025,2
Stevns,Uganda,2025,4
Stevns,Ukraine,2025,57
Stevns,United Kingdom,2025,1
Stevns,Vietnam,2025,2
Stevns,Zambia,2025,3
Struer,Afghanistan,2025,4
Struer,Australia,2025,1
Struer,Bulgaria,2025,9
Struer,China,2025,4
Struer,Cyprus,2025,1
Struer,Czech Republic,2025,18
Struer,Denmark,2025,34
Struer,Egypt,2025,1
Struer,France,2025,3
Struer,Germany,2025,11
Struer,Hungary,2025,3
Struer,India,2025,7
Struer,Indonesia,2025,1
Struer,Ireland,2025,1
Struer,Italy,2025,4
Struer,Latvia,2025,10
Struer,Lebanon,2025,1
Struer,Netherlands,2025,1
Struer,Norway,2025,1
Struer,Pakistan,2025,14
Struer,Philippines,2025,1
Struer,Poland,2025,15
Struer,Romania,2025,27
Struer,Slovakia,2025,11
Struer,Spain,2025,6
Struer,Stateless,2025,2
Struer,Sudan,2025,3
Struer,Syria,2025,1
Struer,Tanzania,2025,1
Struer,Thailand,2025,3
Struer,Uganda,2025,2
Struer,Ukraine,2025,35
Struer,United Kingdom,2025,3
Struer,Uzbekistan,2025,1
Struer,Vietnam,2025,4
Svendborg,Afghanistan,2025,6
Svendborg,Argentina,2025,4
Svendborg,Australia,2025,6
Svendborg,Bangladesh,2025,1
Svendborg,Belgium,2025,1
Svendborg,Brazil,2025,4
Svendborg,Bulgaria,2025,2
Svendborg,Canada,2025,3
Svendborg,China,2025,10
Svendborg,Colombia,2025,1
Svendborg,"Congo, Democratic Republic",2025,4
Svendborg,Czech Republic,2025,2
Svendborg,Denmark,2025,171
Svendborg,Egypt,2025,1
Svendborg,Eritrea,2025,2
Svendborg,Estonia,2025,1
Svendborg,Germany,2025,27
Svendborg,Ghana,2025,1
Svendborg,Greece,2025,1
Svendborg,Hungary,2025,1
Svendborg,Iceland,2025,7
Svendborg,India,2025,2
Svendborg,Iraq,2025,3
Svendborg,Italy,2025,2
Svendborg,Japan,2025,8
Svendborg,Jordan,2025,1
Svendborg,Kenya,2025,2
Svendborg,Lithuania,2025,3
Svendborg,Mexico,2025,3
Svendborg,Netherlands,2025,10
Svendborg,New Zealand,2025,3
Svendborg,Norway,2025,19
Svendborg,Not stated,2025,1
Svendborg,Pakistan,2025,7
Svendborg,Philippines,2025,3
Svendborg,Poland,2025,12
Svendborg,Romania,2025,12
Svendborg,Serbia,2025,2
Svendborg,South Africa,2025,4
Svendborg,Spain,2025,1
Svendborg,Sweden,2025,8
Svendborg,Tanzania,2025,2
Svendborg,Thailand,2025,1
Svendborg,Tunisia,2025,2
Svendborg,Turkey,2025,1
Svendborg,USA,2025,7
Svendborg,Uganda,2025,4
Svendborg,Ukraine,2025,102
Svendborg,United Kingdom,2025,6
Svendborg,Uzbekistan,2025,1
Svendborg,Vietnam,2025,24
Svendborg,Zambia,2025,1
Syddjurs,Afghanistan,2025,3
Syddjurs,Algeria,2025,1
Syddjurs,Australia,2025,2
Syddjurs,Austria,2025,3
Syddjurs,Belgium,2025,2
Syddjurs,Brazil,2025,2
Syddjurs,China,2025,2
Syddjurs,"Congo, Democratic Republic",2025,7
Syddjurs,Czech Republic,2025,1
Syddjurs,Denmark,2025,150
Syddjurs,Eritrea,2025,1
Syddjurs,France,2025,10
Syddjurs,Germany,2025,37
Syddjurs,Greece,2025,1
Syddjurs,Hungary,2025,6
Syddjurs,Iceland,2025,3
Syddjurs,India,2025,3
Syddjurs,Iran,2025,2
Syddjurs,Ireland,2025,2
Syddjurs,Italy,2025,16
Syddjurs,Japan,2025,35
Syddjurs,Kenya,2025,5
Syddjurs,Latvia,2025,1
Syddjurs,Lithuania,2025,13
Syddjurs,Madagascar,2025,1
Syddjurs,Nepal,2025,1
Syddjurs,Netherlands,2025,26
Syddjurs,Norway,2025,11
Syddjurs,Not stated,2025,2
Syddjurs,Pakistan,2025,1
Syddjurs,Peru,2025,1
Syddjurs,Philippines,2025,3
Syddjurs,Poland,2025,5
Syddjurs,Portugal,2025,3
Syddjurs,Romania,2025,11
Syddjurs,Russia,2025,1
Syddjurs,Rwanda,2025,1
Syddjurs,Slovakia,2025,1
Syddjurs,Slovenia,2025,1
Syddjurs,Spain,2025,8
Syddjurs,Sri Lanka,2025,5
Syddjurs,Sweden,2025,5
Syddjurs,Switzerland,2025,2
Syddjurs,Syria,2025,2
Syddjurs,Tanzania,2025,2
Syddjurs,Thailand,2025,4
Syddjurs,Turkey,2025,1
Syddjurs,USA,2025,4
Syddjurs,Uganda,2025,1
Syddjurs,Ukraine,2025,139
Syddjurs,United Kingdom,2025,5
Syddjurs,Vietnam,2025,7
Syddjurs,Zimbabwe,2025,1
Sønderborg,Afghanistan,2025,1
Sønderborg,Albania,2025,1
Sønderborg,Algeria,2025,7
Sønderborg,Argentina,2025,1
Sønderborg,Australia,2025,1
Sønderborg,Austria,2025,2
Sønderborg,Bangladesh,2025,64
Sønderborg,Belarus,2025,1
Sønderborg,Brazil,2025,13
Sønderborg,Bulgaria,2025,20
Sønderborg,Cambodia,2025,1
Sønderborg,Cameroon,2025,7
Sønderborg,Canada,2025,1
Sønderborg,China,2025,17
Sønderborg,Colombia,2025,7
Sønderborg,"Congo, Democratic Republic",2025,9
Sønderborg,Croatia,2025,21
Sønderborg,Cyprus,2025,5
Sønderborg,Czech Republic,2025,29
Sønderborg,Denmark,2025,192
Sønderborg,Ecuador,2025,1
Sønderborg,Egypt,2025,2
Sønderborg,Eritrea,2025,1
Sønderborg,Estonia,2025,2
Sønderborg,Ethiopia,2025,1
Sønderborg,Finland,2025,3
Sønderborg,France,2025,18
Sønderborg,Georgia,2025,1
Sønderborg,Germany,2025,332
Sønderborg,Greece,2025,5
Sønderborg,Hungary,2025,55
Sønderborg,Iceland,2025,14
Sønderborg,India,2025,40
Sønderborg,Indonesia,2025,1
Sønderborg,Iran,2025,16
Sønderborg,Iraq,2025,5
Sønderborg,Ireland,2025,5
Sønderborg,Italy,2025,47
Sønderborg,Kazakhstan,2025,1
Sønderborg,Kenya,2025,3
Sønderborg,Kosovo,2025,4
Sønderborg,Kyrgyzstan,2025,1
Sønderborg,Latvia,2025,18
Sønderborg,Lebanon,2025,1
Sønderborg,Lithuania,2025,28
Sønderborg,Luxembourg,2025,1
Sønderborg,Malaysia,2025,1
Sønderborg,Mexico,2025,5
Sønderborg,Moldova,2025,1
Sønderborg,Namibia,2025,1
Sønderborg,Nepal,2025,6
Sønderborg,Netherlands,2025,14
Sønderborg,Nigeria,2025,4
Sønderborg,Norway,2025,2
Sønderborg,Not stated,2025,7
Sønderborg,Pakistan,2025,26
Sønderborg,Philippines,2025,7
Sønderborg,Poland,2025,72
Sønderborg,Portugal,2025,33
Sønderborg,Republic of North Macedonia,2025,1
Sønderborg,Romania,2025,55
Sønderborg,Russia,2025,1
Sønderborg,Slovakia,2025,56
Sønderborg,Slovenia,2025,1
Sønderborg,Spain,2025,63
Sønderborg,Sri Lanka,2025,3
Sønderborg,Stateless,2025,3
Sønderborg,Sweden,2025,20
Sønderborg,Switzerland,2025,4
Sønderborg,Syria,2025,10
Sønderborg,Thailand,2025,3
Sønderborg,Tunisia,2025,3
Sønderborg,Turkey,2025,14
Sønderborg,USA,2025,20
Sønderborg,Ukraine,2025,164
Sønderborg,United Kingdom,2025,1
Sønderborg,Uzbekistan,2025,2
Sønderborg,Vietnam,2025,9
Thisted,Afghanistan,2025,3
Thisted,Algeria,2025,1
Thisted,Australia,2025,2
Thisted,Austria,2025,3
Thisted,Bangladesh,2025,3
Thisted,Bulgaria,2025,1
Thisted,China,2025,2
Thisted,Denmark,2025,78
Thisted,Dominican Republic,2025,3
Thisted,Eritrea,2025,5
Thisted,Estonia,2025,1
Thisted,Ethiopia,2025,6
Thisted,Finland,2025,1
Thisted,Germany,2025,36
Thisted,Iceland,2025,1
Thisted,India,2025,2
Thisted,Iran,2025,2
Thisted,Ireland,2025,2
Thisted,Italy,2025,3
Thisted,Lithuania,2025,2
Thisted,Mexico,2025,1
Thisted,Moldova,2025,1
Thisted,Netherlands,2025,3
Thisted,Norway,2025,5
Thisted,Philippines,2025,11
Thisted,Poland,2025,56
Thisted,Romania,2025,25
Thisted,Slovakia,2025,1
Thisted,Spain,2025,3
Thisted,Sweden,2025,3
Thisted,Syria,2025,1
Thisted,Tanzania,2025,6
Thisted,Tunisia,2025,1
Thisted,Turkey,2025,2
Thisted,USA,2025,1
Thisted,Uganda,2025,9
Thisted,Ukraine,2025,112
Thisted,United Kingdom,2025,2
Thisted,Uzbekistan,2025,2
Thisted,Vietnam,2025,4
Tårnby,Afghanistan,2025,8
Tårnby,Albania,2025,1
Tårnby,Argentina,2025,3
Tårnby,Australia,2025,1
Tårnby,Bangladesh,2025,31
Tårnby,Belgium,2025,6
Tårnby,Bosnia and Herzegovina,2025,3
Tårnby,Brazil,2025,1
Tårnby,Bulgaria,2025,6
Tårnby,Canada,2025,2
Tårnby,Chile,2025,2
Tårnby,China,2025,10
Tårnby,Croatia,2025,2
Tårnby,Czech Republic,2025,1
Tårnby,Denmark,2025,107
Tårnby,Estonia,2025,1
Tårnby,Finland,2025,1
Tårnby,France,2025,6
Tårnby,Germany,2025,11
Tårnby,Ghana,2025,1
Tårnby,Greece,2025,4
Tårnby,Hungary,2025,1
Tårnby,Iceland,2025,4
Tårnby,India,2025,4
Tårnby,Indonesia,2025,1
Tårnby,Iran,2025,9
Tårnby,Italy,2025,33
Tårnby,Japan,2025,3
Tårnby,Latvia,2025,2
Tårnby,Lithuania,2025,1
Tårnby,Moldova,2025,1
Tårnby,Nepal,2025,20
Tårnby,Netherlands,2025,2
Tårnby,Norway,2025,3
Tårnby,Pakistan,2025,13
Tårnby,Paraguay,2025,1
Tårnby,Philippines,2025,3
Tårnby,Poland,2025,6
Tårnby,Portugal,2025,6
Tårnby,Republic of North Macedonia,2025,1
Tårnby,Romania,2025,21
Tårnby,Russia,2025,3
Tårnby,Slovakia,2025,2
Tårnby,Spain,2025,11
Tårnby,Sri Lanka,2025,1
Tårnby,Stateless,2025,1
Tårnby,Sweden,2025,12
Tårnby,Syria,2025,1
Tårnby,Tajikistan,2025,1
Tårnby,Thailand,2025,1
Tårnby,Turkey,2025,5
Tårnby,USA,2025,11
Tårnby,Uganda,2025,2
Tårnby,Ukraine,2025,94
Tårnby,United Kingdom,2025,5
Tårnby,Vietnam,2025,2
Tønder,Afghanistan,2025,4
Tønder,Argentina,2025,3
Tønder,Bangladesh,2025,6
Tønder,Brazil,2025,12
Tønder,Bulgaria,2025,2
Tønder,Cameroon,2025,1
Tønder,China,2025,8
Tønder,Croatia,2025,1
Tønder,Denmark,2025,79
Tønder,Eritrea,2025,4
Tønder,France,2025,6
Tønder,Germany,2025,297
Tønder,Hungary,2025,3
Tønder,Iceland,2025,1
Tønder,India,2025,21
Tønder,Iran,2025,3
Tønder,Ireland,2025,1
Tønder,Israel,2025,1
Tønder,Italy,2025,5
Tønder,Japan,2025,25
Tønder,Kenya,2025,6
Tønder,Kosovo,2025,1
Tønder,Latvia,2025,4
Tønder,Lithuania,2025,4
Tønder,Mexico,2025,4
Tønder,Morocco,2025,1
Tønder,Netherlands,2025,23
Tønder,New Zealand,2025,1
Tønder,Nigeria,2025,1
Tønder,Norway,2025,3
Tønder,Not stated,2025,1
Tønder,Pakistan,2025,2
Tønder,Peru,2025,2
Tønder,Philippines,2025,15
Tønder,Poland,2025,13
Tønder,Romania,2025,53
Tønder,Russia,2025,1
Tønder,Slovakia,2025,1
Tønder,Slovenia,2025,1
Tønder,South Africa,2025,1
Tønder,Spain,2025,5
Tønder,Sri Lanka,2025,3
Tønder,Sweden,2025,2
Tønder,Syria,2025,14
Tønder,Tanzania,2025,6
Tønder,Thailand,2025,7
Tønder,USA,2025,3
Tønder,Uganda,2025,25
Tønder,Ukraine,2025,62
Tønder,United Kingdom,2025,1
Tønder,Uzbekistan,2025,9
Tønder,Vietnam,2025,13
Vallensbæk,Algeria,2025,1
Vallensbæk,Argentina,2025,1
Vallensbæk,Armenia,2025,1
Vallensbæk,Bangladesh,2025,35
Vallensbæk,Brazil,2025,1
Vallensbæk,Bulgaria,2025,32
Vallensbæk,Cameroon,2025,7
Vallensbæk,Chile,2025,2
Vallensbæk,China,2025,14
Vallensbæk,Czech Republic,2025,1
Vallensbæk,Denmark,2025,63
Vallensbæk,Ethiopia,2025,2
Vallensbæk,France,2025,2
Vallensbæk,"Gambia, The",2025,2
Vallensbæk,Germany,2025,3
Vallensbæk,Ghana,2025,5
Vallensbæk,Greece,2025,7
Vallensbæk,Hungary,2025,5
Vallensbæk,Iceland,2025,1
Vallensbæk,India,2025,32
Vallensbæk,Iran,2025,4
Vallensbæk,Iraq,2025,1
Vallensbæk,Ireland,2025,1
Vallensbæk,Italy,2025,11
Vallensbæk,Japan,2025,5
Vallensbæk,Kenya,2025,1
Vallensbæk,Lithuania,2025,5
Vallensbæk,Malaysia,2025,1
Vallensbæk,Morocco,2025,1
Vallensbæk,Nepal,2025,137
Vallensbæk,Netherlands,2025,2
Vallensbæk,Nigeria,2025,1
Vallensbæk,Norway,2025,4
Vallensbæk,Pakistan,2025,45
Vallensbæk,Poland,2025,6
Vallensbæk,Portugal,2025,23
Vallensbæk,Romania,2025,28
Vallensbæk,Slovakia,2025,1
Vallensbæk,Somalia,2025,3
Vallensbæk,South Africa,2025,1
Vallensbæk,Spain,2025,6
Vallensbæk,Sri Lanka,2025,35
Vallensbæk,Sweden,2025,8
Vallensbæk,Tanzania,2025,1
Vallensbæk,Turkey,2025,19
Vallensbæk,USA,2025,6
Vallensbæk,Ukraine,2025,46
Vallensbæk,United Kingdom,2025,2
Vallensbæk,Uruguay,2025,1
Vallensbæk,Vietnam,2025,1
Varde,Bangladesh,2025,7
Varde,Belgium,2025,4
Varde,Brazil,2025,2
Varde,Bulgaria,2025,4
Varde,Cambodia,2025,3
Varde,Canada,2025,3
Varde,Colombia,2025,1
Varde,"Congo, Democratic Republic",2025,4
Varde,Croatia,2025,1
Varde,Cyprus,2025,1
Varde,Denmark,2025,105
Varde,Eritrea,2025,2
Varde,Estonia,2025,1
Varde,France,2025,1
Varde,Germany,2025,41
Varde,Ghana,2025,4
Varde,Greece,2025,1
Varde,Hungary,2025,9
Varde,India,2025,8
Varde,Indonesia,2025,1
Varde,Iraq,2025,1
Varde,Ireland,2025,1
Varde,Italy,2025,7
Varde,Kenya,2025,10
Varde,Kyrgyzstan,2025,2
Varde,Latvia,2025,6
Varde,Lithuania,2025,6
Varde,Myanmar,2025,3
Varde,Netherlands,2025,26
Varde,Norway,2025,2
Varde,Not stated,2025,2
Varde,Pakistan,2025,1
Varde,Philippines,2025,16
Varde,Poland,2025,31
Varde,Romania,2025,94
Varde,Serbia,2025,1
Varde,Slovenia,2025,1
Varde,Spain,2025,3
Varde,Sweden,2025,2
Varde,Switzerland,2025,1
Varde,Syria,2025,7
Varde,Tanzania,2025,7
Varde,Thailand,2025,2
Varde,Turkey,2025,3
Varde,USA,2025,2
Varde,Uganda,2025,20
Varde,Ukraine,2025,119
Varde,United Kingdom,2025,4
Varde,Uzbekistan,2025,8
Varde,Vietnam,2025,46
Vejen,Afghanistan,2025,6
Vejen,Australia,2025,1
Vejen,Austria,2025,1
Vejen,Bangladesh,2025,5
Vejen,Belarus,2025,1
Vejen,Belgium,2025,1
Vejen,Brazil,2025,4
Vejen,Bulgaria,2025,1
Vejen,Cambodia,2025,1
Vejen,Croatia,2025,1
Vejen,Czech Republic,2025,2
Vejen,Denmark,2025,86
Vejen,Estonia,2025,1
Vejen,France,2025,1
Vejen,Germany,2025,29
Vejen,Ghana,2025,2
Vejen,Hungary,2025,13
Vejen,Iceland,2025,7
Vejen,India,2025,17
Vejen,Italy,2025,2
Vejen,Kenya,2025,4
Vejen,Kyrgyzstan,2025,1
Vejen,Latvia,2025,2
Vejen,Lithuania,2025,8
Vejen,Mexico,2025,2
Vejen,Nepal,2025,5
Vejen,Netherlands,2025,20
Vejen,Not stated,2025,2
Vejen,Philippines,2025,58
Vejen,Poland,2025,47
Vejen,Romania,2025,121
Vejen,Slovenia,2025,2
Vejen,South Africa,2025,4
Vejen,South Korea,2025,3
Vejen,Spain,2025,1
Vejen,Sudan,2025,1
Vejen,Sweden,2025,2
Vejen,Switzerland,2025,1
Vejen,Syria,2025,2
Vejen,Tanzania,2025,3
Vejen,Thailand,2025,2
Vejen,Tunisia,2025,1
Vejen,USA,2025,4
Vejen,Uganda,2025,6
Vejen,Ukraine,2025,84
Vejen,United Kingdom,2025,1
Vejen,Vietnam,2025,26
Vejle,Afghanistan,2025,8
Vejle,Albania,2025,1
Vejle,Algeria,2025,1
Vejle,Argentina,2025,3
Vejle,Australia,2025,2
Vejle,Austria,2025,3
Vejle,Bangladesh,2025,8
Vejle,Belgium,2025,7
Vejle,Bolivia,2025,2
Vejle,Bosnia and Herzegovina,2025,2
Vejle,Brazil,2025,10
Vejle,Bulgaria,2025,8
Vejle,Cambodia,2025,2
Vejle,Canada,2025,13
Vejle,China,2025,19
Vejle,"Congo, Democratic Republic",2025,2
Vejle,Costa Rica,2025,2
Vejle,Croatia,2025,6
Vejle,Cuba,2025,1
Vejle,Cyprus,2025,2
Vejle,Czech Republic,2025,6
Vejle,Denmark,2025,335
Vejle,Egypt,2025,2
Vejle,Eritrea,2025,4
Vejle,Estonia,2025,1
Vejle,Finland,2025,7
Vejle,France,2025,9
Vejle,Georgia,2025,1
Vejle,Germany,2025,41
Vejle,Ghana,2025,18
Vejle,Greece,2025,9
Vejle,Guinea,2025,1
Vejle,Hungary,2025,16
Vejle,Iceland,2025,31
Vejle,India,2025,14
Vejle,Iran,2025,17
Vejle,Iraq,2025,3
Vejle,Ireland,2025,3
Vejle,Italy,2025,40
Vejle,Japan,2025,29
Vejle,Kenya,2025,6
Vejle,Kosovo,2025,1
Vejle,Latvia,2025,12
Vejle,Lithuania,2025,20
Vejle,Malaysia,2025,4
Vejle,Mauritius,2025,1
Vejle,Mexico,2025,6
Vejle,Montenegro,2025,1
Vejle,Morocco,2025,3
Vejle,Nepal,2025,11
Vejle,Netherlands,2025,13
Vejle,Nigeria,2025,14
Vejle,North Korea,2025,1
Vejle,Norway,2025,23
Vejle,Not stated,2025,11
Vejle,Pakistan,2025,4
Vejle,Philippines,2025,147
Vejle,Poland,2025,132
Vejle,Portugal,2025,2
Vejle,Republic of North Macedonia,2025,2
Vejle,Romania,2025,147
Vejle,Russia,2025,2
Vejle,Serbia,2025,2
Vejle,Slovakia,2025,6
Vejle,Slovenia,2025,1
Vejle,South Africa,2025,4
Vejle,South Korea,2025,1
Vejle,Spain,2025,14
Vejle,Sri Lanka,2025,129
Vejle,Stateless,2025,1
Vejle,Sweden,2025,11
Vejle,Syria,2025,13
Vejle,Tanzania,2025,3
Vejle,Thailand,2025,6
Vejle,Togo,2025,1
Vejle,Turkey,2025,11
Vejle,USA,2025,22
Vejle,Uganda,2025,47
Vejle,Ukraine,2025,235
Vejle,United Kingdom,2025,12
Vejle,Uzbekistan,2025,1
Vejle,Vietnam,2025,36
Vesthimmerlands,Afghanistan,2025,6
Vesthimmerlands,Brazil,2025,1
Vesthimmerlands,Bulgaria,2025,14
Vesthimmerlands,China,2025,1
Vesthimmerlands,Denmark,2025,100
Vesthimmerlands,Eritrea,2025,2
Vesthimmerlands,France,2025,1
Vesthimmerlands,Germany,2025,23
Vesthimmerlands,Ghana,2025,3
Vesthimmerlands,Hungary,2025,4
Vesthimmerlands,India,2025,4
Vesthimmerlands,Italy,2025,3
Vesthimmerlands,Japan,2025,1
Vesthimmerlands,Kenya,2025,8
Vesthimmerlands,Kyrgyzstan,2025,4
Vesthimmerlands,Latvia,2025,5
Vesthimmerlands,Mexico,2025,29
Vesthimmerlands,Moldova,2025,3
Vesthimmerlands,Nepal,2025,4
Vesthimmerlands,Netherlands,2025,11
Vesthimmerlands,New Zealand,2025,1
Vesthimmerlands,Norway,2025,2
Vesthimmerlands,Not stated,2025,2
Vesthimmerlands,Philippines,2025,4
Vesthimmerlands,Poland,2025,41
Vesthimmerlands,Portugal,2025,5
Vesthimmerlands,Romania,2025,12
Vesthimmerlands,Slovakia,2025,1
Vesthimmerlands,South Africa,2025,4
Vesthimmerlands,South Korea,2025,1
Vesthimmerlands,Spain,2025,5
Vesthimmerlands,Sri Lanka,2025,5
Vesthimmerlands,Sudan,2025,1
Vesthimmerlands,Sweden,2025,1
Vesthimmerlands,Syria,2025,4
Vesthimmerlands,Tanzania,2025,7
Vesthimmerlands,Thailand,2025,10
Vesthimmerlands,Turkey,2025,1
Vesthimmerlands,USA,2025,3
Vesthimmerlands,Uganda,2025,24
Vesthimmerlands,Ukraine,2025,67
Vesthimmerlands,United Kingdom,2025,2
Vesthimmerlands,Uzbekistan,2025,3
Vesthimmerlands,Vietnam,2025,4
Viborg,Afghanistan,2025,8
Viborg,Albania,2025,1
Viborg,Algeria,2025,1
Viborg,Argentina,2025,1
Viborg,Australia,2025,11
Viborg,Austria,2025,2
Viborg,Bangladesh,2025,6
Viborg,Belgium,2025,6
Viborg,Brazil,2025,6
Viborg,Bulgaria,2025,8
Viborg,Cambodia,2025,1
Viborg,Chile,2025,1
Viborg,China,2025,15
Viborg,Colombia,2025,2
Viborg,"Congo, Democratic Republic",2025,7
Viborg,Cuba,2025,1
Viborg,Czech Republic,2025,9
Viborg,Denmark,2025,227
Viborg,Eritrea,2025,6
Viborg,Estonia,2025,1
Viborg,Ethiopia,2025,1
Viborg,Finland,2025,1
Viborg,France,2025,25
Viborg,Germany,2025,25
Viborg,Ghana,2025,1
Viborg,Greece,2025,5
Viborg,Hungary,2025,25
Viborg,Iceland,2025,3
Viborg,India,2025,16
Viborg,Iran,2025,14
Viborg,Ireland,2025,29
Viborg,Italy,2025,25
Viborg,Japan,2025,24
Viborg,Kenya,2025,8
Viborg,Latvia,2025,2
Viborg,Lithuania,2025,18
Viborg,Mexico,2025,1
Viborg,Moldova,2025,1
Viborg,Nepal,2025,1
Viborg,Netherlands,2025,13
Viborg,New Zealand,2025,1
Viborg,Nigeria,2025,1
Viborg,Norway,2025,11
Viborg,Not stated,2025,4
Viborg,Pakistan,2025,1
Viborg,Peru,2025,2
Viborg,Philippines,2025,9
Viborg,Poland,2025,29
Viborg,Portugal,2025,8
Viborg,Romania,2025,174
Viborg,Rwanda,2025,1
Viborg,Senegal,2025,1
Viborg,Singapore,2025,1
Viborg,Slovakia,2025,10
Viborg,Slovenia,2025,2
Viborg,South Africa,2025,1
Viborg,South Korea,2025,2
Viborg,Spain,2025,21
Viborg,Sri Lanka,2025,11
Viborg,Sweden,2025,15
Viborg,Switzerland,2025,3
Viborg,Syria,2025,11
Viborg,Tanzania,2025,9
Viborg,Thailand,2025,6
Viborg,Turkey,2025,2
Viborg,USA,2025,5
Viborg,Uganda,2025,20
Viborg,Ukraine,2025,236
Viborg,United Kingdom,2025,10
Viborg,Uzbekistan,2025,6
Viborg,Vietnam,2025,15
Viborg,Zambia,2025,1
Vordingborg,Albania,2025,1
Vordingborg,Argentina,2025,1
Vordingborg,Australia,2025,3
Vordingborg,Bangladesh,2025,6
Vordingborg,Belgium,2025,4
Vordingborg,Brazil,2025,1
Vordingborg,Bulgaria,2025,8
Vordingborg,Cameroon,2025,6
Vordingborg,China,2025,7
Vordingborg,Colombia,2025,1
Vordingborg,"Congo, Democratic Republic",2025,4
Vordingborg,Czech Republic,2025,1
Vordingborg,Denmark,2025,119
Vordingborg,Eritrea,2025,1
Vordingborg,Estonia,2025,3
Vordingborg,France,2025,5
Vordingborg,Germany,2025,21
Vordingborg,Greece,2025,1
Vordingborg,Hungary,2025,1
Vordingborg,Iceland,2025,12
Vordingborg,India,2025,4
Vordingborg,Iran,2025,3
Vordingborg,Ireland,2025,3
Vordingborg,Italy,2025,20
Vordingborg,Japan,2025,12
Vordingborg,Jordan,2025,1
Vordingborg,Kenya,2025,1
Vordingborg,Kyrgyzstan,2025,3
Vordingborg,Latvia,2025,2
Vordingborg,Lebanon,2025,1
Vordingborg,Lithuania,2025,17
Vordingborg,Luxembourg,2025,1
Vordingborg,Nepal,2025,2
Vordingborg,Netherlands,2025,7
Vordingborg,Nigeria,2025,1
Vordingborg,Pakistan,2025,5
Vordingborg,Philippines,2025,8
Vordingborg,Poland,2025,20
Vordingborg,Portugal,2025,3
Vordingborg,Romania,2025,28
Vordingborg,Slovakia,2025,7
Vordingborg,South Africa,2025,2
Vordingborg,South Korea,2025,2
Vordingborg,Spain,2025,13
Vordingborg,Stateless,2025,2
Vordingborg,Switzerland,2025,2
Vordingborg,Syria,2025,3
Vordingborg,Tanzania,2025,4
Vordingborg,Tunisia,2025,1
Vordingborg,Turkey,2025,5
Vordingborg,USA,2025,4
Vordingborg,Uganda,2025,8
Vordingborg,Ukraine,2025,98
Vordingborg,United Kingdom,2025,1
Vordingborg,Uzbekistan,2025,1
Vordingborg,Vietnam,2025,1
Ærø,Chile,2025,1
Ærø,Denmark,2025,37
Ærø,Estonia,2025,1
Ærø,France,2025,2
Ærø,Germany,2025,25
Ærø,Hungary,2025,2
Ærø,Italy,2025,3
Ærø,Lithuania,2025,2
Ærø,Netherlands,2025,4
Ærø,Norway,2025,1
Ærø,Philippines,2025,3
Ærø,Portugal,2025,1
Ærø,Romania,2025,8
Ærø,Spain,2025,5
Ærø,Tanzania,2025,2
Ærø,Ukraine,2025,8
