municipality,citizenship_status,year,working_age_population
Aabenraa,Danish citizen,2008,35727
Aabenraa,Danish citizen,2009,35602
Aabenraa,Danish citizen,2010,35108
Aabenraa,Danish citizen,2011,34577
Aabenraa,Danish citizen,2012,34106
Aabenraa,Danish citizen,2013,33583
Aabenraa,Danish citizen,2014,33093
Aabenraa,Danish citizen,2015,32770
Aabenraa,Danish citizen,2016,32434
Aabenraa,Danish citizen,2017,32083
Aabenraa,Danish citizen,2018,31811
Aabenraa,Danish citizen,2019,31368
Aabenraa,Danish citizen,2020,30992
Aabenraa,Danish citizen,2021,30695
Aabenraa,Danish citizen,2022,30179
Aabenraa,Danish citizen,2023,29617
Aabenraa,Danish citizen,2024,29054
Aabenraa,Danish citizen,2025,28673
Aabenraa,Danish citizen,2026,28201
Aabenraa,Foreign citizen,2008,3094
Aabenraa,Foreign citizen,2009,3246
Aabenraa,Foreign citizen,2010,3240
Aabenraa,Foreign citizen,2011,3306
Aabenraa,Foreign citizen,2012,3396
Aabenraa,Foreign citizen,2013,3431
Aabenraa,Foreign citizen,2014,3566
Aabenraa,Foreign citizen,2015,3696
Aabenraa,Foreign citizen,2016,3922
Aabenraa,Foreign citizen,2017,4126
Aabenraa,Foreign citizen,2018,4323
Aabenraa,Foreign citizen,2019,4506
Aabenraa,Foreign citizen,2020,4620
Aabenraa,Foreign citizen,2021,4632
Aabenraa,Foreign citizen,2022,4952
Aabenraa,Foreign citizen,2023,5554
Aabenraa,Foreign citizen,2024,5774
Aabenraa,Foreign citizen,2025,6051
Aabenraa,Foreign citizen,2026,6289
Aalborg,Danish citizen,2008,125197
Aalborg,Danish citizen,2009,125255
Aalborg,Danish citizen,2010,125552
Aalborg,Danish citizen,2011,125557
Aalborg,Danish citizen,2012,125924
Aalborg,Danish citizen,2013,126703
Aalborg,Danish citizen,2014,127699
Aalborg,Danish citizen,2015,128425
Aalborg,Danish citizen,2016,128935
Aalborg,Danish citizen,2017,129549
Aalborg,Danish citizen,2018,130129
Aalborg,Danish citizen,2019,131078
Aalborg,Danish citizen,2020,132316
Aalborg,Danish citizen,2021,133983
Aalborg,Danish citizen,2022,134650
Aalborg,Danish citizen,2023,134697
Aalborg,Danish citizen,2024,134760
Aalborg,Danish citizen,2025,135288
Aalborg,Danish citizen,2026,135470
Aalborg,Foreign citizen,2008,7330
Aalborg,Foreign citizen,2009,7887
Aalborg,Foreign citizen,2010,8029
Aalborg,Foreign citizen,2011,8849
Aalborg,Foreign citizen,2012,9521
Aalborg,Foreign citizen,2013,10074
Aalborg,Foreign citizen,2014,10785
Aalborg,Foreign citizen,2015,11383
Aalborg,Foreign citizen,2016,12680
Aalborg,Foreign citizen,2017,12857
Aalborg,Foreign citizen,2018,13083
Aalborg,Foreign citizen,2019,13297
Aalborg,Foreign citizen,2020,13078
Aalborg,Foreign citizen,2021,13113
Aalborg,Foreign citizen,2022,13370
Aalborg,Foreign citizen,2023,14133
Aalborg,Foreign citizen,2024,14162
Aalborg,Foreign citizen,2025,14615
Aalborg,Foreign citizen,2026,15308
Aarhus,Danish citizen,2008,193797
Aarhus,Danish citizen,2009,195545
Aarhus,Danish citizen,2010,198092
Aarhus,Danish citizen,2011,199782
Aarhus,Danish citizen,2012,200799
Aarhus,Danish citizen,2013,202499
Aarhus,Danish citizen,2014,204598
Aarhus,Danish citizen,2015,205880
Aarhus,Danish citizen,2016,207271
Aarhus,Danish citizen,2017,210051
Aarhus,Danish citizen,2018,211862
Aarhus,Danish citizen,2019,214028
Aarhus,Danish citizen,2020,215989
Aarhus,Danish citizen,2021,218851
Aarhus,Danish citizen,2022,219418
Aarhus,Danish citizen,2023,221124
Aarhus,Danish citizen,2024,224144
Aarhus,Danish citizen,2025,227446
Aarhus,Danish citizen,2026,229594
Aarhus,Foreign citizen,2008,16642
Aarhus,Foreign citizen,2009,18308
Aarhus,Foreign citizen,2010,18470
Aarhus,Foreign citizen,2011,19806
Aarhus,Foreign citizen,2012,20794
Aarhus,Foreign citizen,2013,22286
Aarhus,Foreign citizen,2014,23581
Aarhus,Foreign citizen,2015,23136
Aarhus,Foreign citizen,2016,24357
Aarhus,Foreign citizen,2017,24922
Aarhus,Foreign citizen,2018,26192
Aarhus,Foreign citizen,2019,27357
Aarhus,Foreign citizen,2020,28721
Aarhus,Foreign citizen,2021,27130
Aarhus,Foreign citizen,2022,28361
Aarhus,Foreign citizen,2023,31516
Aarhus,Foreign citizen,2024,32725
Aarhus,Foreign citizen,2025,34278
Aarhus,Foreign citizen,2026,35525
Albertslund,Danish citizen,2008,16018
Albertslund,Danish citizen,2009,15742
Albertslund,Danish citizen,2010,15649
Albertslund,Danish citizen,2011,15433
Albertslund,Danish citizen,2012,15333
Albertslund,Danish citizen,2013,15090
Albertslund,Danish citizen,2014,14881
Albertslund,Danish citizen,2015,14890
Albertslund,Danish citizen,2016,14918
Albertslund,Danish citizen,2017,14863
Albertslund,Danish citizen,2018,14764
Albertslund,Danish citizen,2019,14686
Albertslund,Danish citizen,2020,14594
Albertslund,Danish citizen,2021,14393
Albertslund,Danish citizen,2022,14324
Albertslund,Danish citizen,2023,14097
Albertslund,Danish citizen,2024,14087
Albertslund,Danish citizen,2025,14136
Albertslund,Danish citizen,2026,14454
Albertslund,Foreign citizen,2008,2754
Albertslund,Foreign citizen,2009,2873
Albertslund,Foreign citizen,2010,2878
Albertslund,Foreign citizen,2011,2939
Albertslund,Foreign citizen,2012,2939
Albertslund,Foreign citizen,2013,2986
Albertslund,Foreign citizen,2014,3062
Albertslund,Foreign citizen,2015,2992
Albertslund,Foreign citizen,2016,2992
Albertslund,Foreign citizen,2017,3056
Albertslund,Foreign citizen,2018,3003
Albertslund,Foreign citizen,2019,3162
Albertslund,Foreign citizen,2020,3137
Albertslund,Foreign citizen,2021,3054
Albertslund,Foreign citizen,2022,3264
Albertslund,Foreign citizen,2023,3484
Albertslund,Foreign citizen,2024,3642
Albertslund,Foreign citizen,2025,3960
Albertslund,Foreign citizen,2026,4533
Allerød,Danish citizen,2008,14037
Allerød,Danish citizen,2009,14066
Allerød,Danish citizen,2010,14129
Allerød,Danish citizen,2011,13938
Allerød,Danish citizen,2012,13773
Allerød,Danish citizen,2013,13706
Allerød,Danish citizen,2014,13627
Allerød,Danish citizen,2015,13719
Allerød,Danish citizen,2016,13773
Allerød,Danish citizen,2017,13817
Allerød,Danish citizen,2018,13957
Allerød,Danish citizen,2019,14152
Allerød,Danish citizen,2020,14122
Allerød,Danish citizen,2021,14170
Allerød,Danish citizen,2022,14000
Allerød,Danish citizen,2023,13946
Allerød,Danish citizen,2024,13907
Allerød,Danish citizen,2025,13972
Allerød,Danish citizen,2026,14077
Allerød,Foreign citizen,2008,717
Allerød,Foreign citizen,2009,753
Allerød,Foreign citizen,2010,761
Allerød,Foreign citizen,2011,788
Allerød,Foreign citizen,2012,801
Allerød,Foreign citizen,2013,811
Allerød,Foreign citizen,2014,862
Allerød,Foreign citizen,2015,922
Allerød,Foreign citizen,2016,1064
Allerød,Foreign citizen,2017,1140
Allerød,Foreign citizen,2018,1167
Allerød,Foreign citizen,2019,1199
Allerød,Foreign citizen,2020,1202
Allerød,Foreign citizen,2021,1235
Allerød,Foreign citizen,2022,1262
Allerød,Foreign citizen,2023,1418
Allerød,Foreign citizen,2024,1428
Allerød,Foreign citizen,2025,1443
Allerød,Foreign citizen,2026,1476
Assens,Danish citizen,2008,25861
Assens,Danish citizen,2009,25781
Assens,Danish citizen,2010,25646
Assens,Danish citizen,2011,25264
Assens,Danish citizen,2012,24917
Assens,Danish citizen,2013,24510
Assens,Danish citizen,2014,24039
Assens,Danish citizen,2015,23798
Assens,Danish citizen,2016,23672
Assens,Danish citizen,2017,23581
Assens,Danish citizen,2018,23433
Assens,Danish citizen,2019,23151
Assens,Danish citizen,2020,22970
Assens,Danish citizen,2021,22699
Assens,Danish citizen,2022,22649
Assens,Danish citizen,2023,22350
Assens,Danish citizen,2024,22092
Assens,Danish citizen,2025,21839
Assens,Danish citizen,2026,21537
Assens,Foreign citizen,2008,813
Assens,Foreign citizen,2009,907
Assens,Foreign citizen,2010,919
Assens,Foreign citizen,2011,927
Assens,Foreign citizen,2012,932
Assens,Foreign citizen,2013,1013
Assens,Foreign citizen,2014,1137
Assens,Foreign citizen,2015,1329
Assens,Foreign citizen,2016,1595
Assens,Foreign citizen,2017,1734
Assens,Foreign citizen,2018,1828
Assens,Foreign citizen,2019,1928
Assens,Foreign citizen,2020,1843
Assens,Foreign citizen,2021,1842
Assens,Foreign citizen,2022,1990
Assens,Foreign citizen,2023,2217
Assens,Foreign citizen,2024,2262
Assens,Foreign citizen,2025,2346
Assens,Foreign citizen,2026,2437
Ballerup,Danish citizen,2008,27522
Ballerup,Danish citizen,2009,27408
Ballerup,Danish citizen,2010,27292
Ballerup,Danish citizen,2011,27140
Ballerup,Danish citizen,2012,26960
Ballerup,Danish citizen,2013,27021
Ballerup,Danish citizen,2014,26992
Ballerup,Danish citizen,2015,26770
Ballerup,Danish citizen,2016,26593
Ballerup,Danish citizen,2017,26559
Ballerup,Danish citizen,2018,26474
Ballerup,Danish citizen,2019,26460
Ballerup,Danish citizen,2020,26393
Ballerup,Danish citizen,2021,26785
Ballerup,Danish citizen,2022,26506
Ballerup,Danish citizen,2023,26497
Ballerup,Danish citizen,2024,27015
Ballerup,Danish citizen,2025,27446
Ballerup,Danish citizen,2026,27527
Ballerup,Foreign citizen,2008,2310
Ballerup,Foreign citizen,2009,2495
Ballerup,Foreign citizen,2010,2659
Ballerup,Foreign citizen,2011,2856
Ballerup,Foreign citizen,2012,2894
Ballerup,Foreign citizen,2013,2884
Ballerup,Foreign citizen,2014,3061
Ballerup,Foreign citizen,2015,3051
Ballerup,Foreign citizen,2016,3140
Ballerup,Foreign citizen,2017,3163
Ballerup,Foreign citizen,2018,3289
Ballerup,Foreign citizen,2019,3492
Ballerup,Foreign citizen,2020,3604
Ballerup,Foreign citizen,2021,3776
Ballerup,Foreign citizen,2022,4035
Ballerup,Foreign citizen,2023,4634
Ballerup,Foreign citizen,2024,5218
Ballerup,Foreign citizen,2025,6019
Ballerup,Foreign citizen,2026,6673
Billund,Danish citizen,2008,15941
Billund,Danish citizen,2009,15886
Billund,Danish citizen,2010,15834
Billund,Danish citizen,2011,15631
Billund,Danish citizen,2012,15494
Billund,Danish citizen,2013,15374
Billund,Danish citizen,2014,15131
Billund,Danish citizen,2015,15006
Billund,Danish citizen,2016,14862
Billund,Danish citizen,2017,14715
Billund,Danish citizen,2018,14552
Billund,Danish citizen,2019,14405
Billund,Danish citizen,2020,14171
Billund,Danish citizen,2021,14045
Billund,Danish citizen,2022,13851
Billund,Danish citizen,2023,13750
Billund,Danish citizen,2024,13637
Billund,Danish citizen,2025,13469
Billund,Danish citizen,2026,13181
Billund,Foreign citizen,2008,786
Billund,Foreign citizen,2009,827
Billund,Foreign citizen,2010,831
Billund,Foreign citizen,2011,945
Billund,Foreign citizen,2012,1038
Billund,Foreign citizen,2013,1161
Billund,Foreign citizen,2014,1332
Billund,Foreign citizen,2015,1422
Billund,Foreign citizen,2016,1665
Billund,Foreign citizen,2017,1778
Billund,Foreign citizen,2018,1890
Billund,Foreign citizen,2019,2089
Billund,Foreign citizen,2020,2158
Billund,Foreign citizen,2021,2254
Billund,Foreign citizen,2022,2440
Billund,Foreign citizen,2023,2854
Billund,Foreign citizen,2024,3050
Billund,Foreign citizen,2025,3155
Billund,Foreign citizen,2026,3352
Bornholm,Danish citizen,2008,26175
Bornholm,Danish citizen,2009,25818
Bornholm,Danish citizen,2010,25317
Bornholm,Danish citizen,2011,24825
Bornholm,Danish citizen,2012,24306
Bornholm,Danish citizen,2013,23630
Bornholm,Danish citizen,2014,23055
Bornholm,Danish citizen,2015,22479
Bornholm,Danish citizen,2016,22015
Bornholm,Danish citizen,2017,21718
Bornholm,Danish citizen,2018,21338
Bornholm,Danish citizen,2019,21080
Bornholm,Danish citizen,2020,20774
Bornholm,Danish citizen,2021,20550
Bornholm,Danish citizen,2022,20335
Bornholm,Danish citizen,2023,20082
Bornholm,Danish citizen,2024,19773
Bornholm,Danish citizen,2025,19349
Bornholm,Danish citizen,2026,18960
Bornholm,Foreign citizen,2008,962
Bornholm,Foreign citizen,2009,1012
Bornholm,Foreign citizen,2010,1045
Bornholm,Foreign citizen,2011,1068
Bornholm,Foreign citizen,2012,1094
Bornholm,Foreign citizen,2013,1147
Bornholm,Foreign citizen,2014,1175
Bornholm,Foreign citizen,2015,1279
Bornholm,Foreign citizen,2016,1494
Bornholm,Foreign citizen,2017,1575
Bornholm,Foreign citizen,2018,1656
Bornholm,Foreign citizen,2019,1681
Bornholm,Foreign citizen,2020,1747
Bornholm,Foreign citizen,2021,1805
Bornholm,Foreign citizen,2022,1851
Bornholm,Foreign citizen,2023,2035
Bornholm,Foreign citizen,2024,2104
Bornholm,Foreign citizen,2025,2120
Bornholm,Foreign citizen,2026,2226
Brøndby,Danish citizen,2008,19499
Brøndby,Danish citizen,2009,19314
Brøndby,Danish citizen,2010,19120
Brøndby,Danish citizen,2011,19066
Brøndby,Danish citizen,2012,18880
Brøndby,Danish citizen,2013,18777
Brøndby,Danish citizen,2014,18702
Brøndby,Danish citizen,2015,18701
Brøndby,Danish citizen,2016,18531
Brøndby,Danish citizen,2017,18610
Brøndby,Danish citizen,2018,18397
Brøndby,Danish citizen,2019,18227
Brøndby,Danish citizen,2020,17981
Brøndby,Danish citizen,2021,17875
Brøndby,Danish citizen,2022,17940
Brøndby,Danish citizen,2023,18421
Brøndby,Danish citizen,2024,18801
Brøndby,Danish citizen,2025,19056
Brøndby,Danish citizen,2026,18919
Brøndby,Foreign citizen,2008,2448
Brøndby,Foreign citizen,2009,2517
Brøndby,Foreign citizen,2010,2640
Brøndby,Foreign citizen,2011,2835
Brøndby,Foreign citizen,2012,2962
Brøndby,Foreign citizen,2013,3116
Brøndby,Foreign citizen,2014,3386
Brøndby,Foreign citizen,2015,3689
Brøndby,Foreign citizen,2016,3976
Brøndby,Foreign citizen,2017,4032
Brøndby,Foreign citizen,2018,4175
Brøndby,Foreign citizen,2019,4199
Brøndby,Foreign citizen,2020,4193
Brøndby,Foreign citizen,2021,4378
Brøndby,Foreign citizen,2022,4638
Brøndby,Foreign citizen,2023,5367
Brøndby,Foreign citizen,2024,6588
Brøndby,Foreign citizen,2025,7344
Brøndby,Foreign citizen,2026,7921
Brønderslev,Danish citizen,2008,21819
Brønderslev,Danish citizen,2009,21795
Brønderslev,Danish citizen,2010,21735
Brønderslev,Danish citizen,2011,21544
Brønderslev,Danish citizen,2012,21299
Brønderslev,Danish citizen,2013,21029
Brønderslev,Danish citizen,2014,20817
Brønderslev,Danish citizen,2015,20661
Brønderslev,Danish citizen,2016,20565
Brønderslev,Danish citizen,2017,20553
Brønderslev,Danish citizen,2018,20561
Brønderslev,Danish citizen,2019,20379
Brønderslev,Danish citizen,2020,20261
Brønderslev,Danish citizen,2021,20165
Brønderslev,Danish citizen,2022,20101
Brønderslev,Danish citizen,2023,20115
Brønderslev,Danish citizen,2024,20151
Brønderslev,Danish citizen,2025,20050
Brønderslev,Danish citizen,2026,19848
Brønderslev,Foreign citizen,2008,648
Brønderslev,Foreign citizen,2009,732
Brønderslev,Foreign citizen,2010,730
Brønderslev,Foreign citizen,2011,762
Brønderslev,Foreign citizen,2012,824
Brønderslev,Foreign citizen,2013,853
Brønderslev,Foreign citizen,2014,994
Brønderslev,Foreign citizen,2015,1162
Brønderslev,Foreign citizen,2016,1316
Brønderslev,Foreign citizen,2017,1389
Brønderslev,Foreign citizen,2018,1460
Brønderslev,Foreign citizen,2019,1555
Brønderslev,Foreign citizen,2020,1552
Brønderslev,Foreign citizen,2021,1564
Brønderslev,Foreign citizen,2022,1525
Brønderslev,Foreign citizen,2023,1742
Brønderslev,Foreign citizen,2024,1786
Brønderslev,Foreign citizen,2025,1891
Brønderslev,Foreign citizen,2026,1977
Christiansø,Danish citizen,2008,64
Christiansø,Danish citizen,2009,59
Christiansø,Danish citizen,2010,63
Christiansø,Danish citizen,2011,58
Christiansø,Danish citizen,2012,58
Christiansø,Danish citizen,2013,52
Christiansø,Danish citizen,2014,47
Christiansø,Danish citizen,2015,44
Christiansø,Danish citizen,2016,44
Christiansø,Danish citizen,2017,42
Christiansø,Danish citizen,2018,43
Christiansø,Danish citizen,2019,48
Christiansø,Danish citizen,2020,46
Christiansø,Danish citizen,2021,49
Christiansø,Danish citizen,2022,48
Christiansø,Danish citizen,2023,51
Christiansø,Danish citizen,2024,50
Christiansø,Danish citizen,2025,48
Christiansø,Danish citizen,2026,42
Christiansø,Foreign citizen,2008,3
Christiansø,Foreign citizen,2009,3
Christiansø,Foreign citizen,2010,4
Christiansø,Foreign citizen,2011,4
Christiansø,Foreign citizen,2012,4
Christiansø,Foreign citizen,2013,4
Christiansø,Foreign citizen,2014,6
Christiansø,Foreign citizen,2015,6
Christiansø,Foreign citizen,2016,6
Christiansø,Foreign citizen,2017,3
Christiansø,Foreign citizen,2018,3
Christiansø,Foreign citizen,2019,3
Christiansø,Foreign citizen,2020,3
Christiansø,Foreign citizen,2021,2
Christiansø,Foreign citizen,2022,3
Christiansø,Foreign citizen,2023,3
Christiansø,Foreign citizen,2024,3
Christiansø,Foreign citizen,2025,3
Christiansø,Foreign citizen,2026,7
Copenhagen,Danish citizen,2008,326772
Copenhagen,Danish citizen,2009,329190
Copenhagen,Danish citizen,2010,333621
Copenhagen,Danish citizen,2011,337788
Copenhagen,Danish citizen,2012,342830
Copenhagen,Danish citizen,2013,347973
Copenhagen,Danish citizen,2014,352098
Copenhagen,Danish citizen,2015,356642
Copenhagen,Danish citizen,2016,360439
Copenhagen,Danish citizen,2017,365964
Copenhagen,Danish citizen,2018,370400
Copenhagen,Danish citizen,2019,374125
Copenhagen,Danish citizen,2020,377469
Copenhagen,Danish citizen,2021,381222
Copenhagen,Danish citizen,2022,383412
Copenhagen,Danish citizen,2023,383776
Copenhagen,Danish citizen,2024,383928
Copenhagen,Danish citizen,2025,385965
Copenhagen,Danish citizen,2026,386423
Copenhagen,Foreign citizen,2008,51986
Copenhagen,Foreign citizen,2009,56721
Copenhagen,Foreign citizen,2010,59691
Copenhagen,Foreign citizen,2011,63877
Copenhagen,Foreign citizen,2012,64966
Copenhagen,Foreign citizen,2013,67079
Copenhagen,Foreign citizen,2014,70639
Copenhagen,Foreign citizen,2015,74308
Copenhagen,Foreign citizen,2016,79517
Copenhagen,Foreign citizen,2017,82115
Copenhagen,Foreign citizen,2018,86023
Copenhagen,Foreign citizen,2019,89844
Copenhagen,Foreign citizen,2020,92951
Copenhagen,Foreign citizen,2021,93851
Copenhagen,Foreign citizen,2022,97705
Copenhagen,Foreign citizen,2023,105555
Copenhagen,Foreign citizen,2024,110749
Copenhagen,Foreign citizen,2025,115079
Copenhagen,Foreign citizen,2026,117908
Dragør,Danish citizen,2008,7662
Dragør,Danish citizen,2009,7664
Dragør,Danish citizen,2010,7704
Dragør,Danish citizen,2011,7670
Dragør,Danish citizen,2012,7550
Dragør,Danish citizen,2013,7569
Dragør,Danish citizen,2014,7553
Dragør,Danish citizen,2015,7499
Dragør,Danish citizen,2016,7436
Dragør,Danish citizen,2017,7445
Dragør,Danish citizen,2018,7415
Dragør,Danish citizen,2019,7398
Dragør,Danish citizen,2020,7516
Dragør,Danish citizen,2021,7532
Dragør,Danish citizen,2022,7496
Dragør,Danish citizen,2023,7419
Dragør,Danish citizen,2024,7421
Dragør,Danish citizen,2025,7334
Dragør,Danish citizen,2026,7332
Dragør,Foreign citizen,2008,508
Dragør,Foreign citizen,2009,529
Dragør,Foreign citizen,2010,514
Dragør,Foreign citizen,2011,548
Dragør,Foreign citizen,2012,551
Dragør,Foreign citizen,2013,579
Dragør,Foreign citizen,2014,623
Dragør,Foreign citizen,2015,640
Dragør,Foreign citizen,2016,688
Dragør,Foreign citizen,2017,726
Dragør,Foreign citizen,2018,703
Dragør,Foreign citizen,2019,700
Dragør,Foreign citizen,2020,709
Dragør,Foreign citizen,2021,709
Dragør,Foreign citizen,2022,708
Dragør,Foreign citizen,2023,727
Dragør,Foreign citizen,2024,740
Dragør,Foreign citizen,2025,701
Dragør,Foreign citizen,2026,728
Egedal,Danish citizen,2008,25297
Egedal,Danish citizen,2009,25234
Egedal,Danish citizen,2010,25246
Egedal,Danish citizen,2011,24982
Egedal,Danish citizen,2012,24794
Egedal,Danish citizen,2013,24709
Egedal,Danish citizen,2014,24624
Egedal,Danish citizen,2015,24713
Egedal,Danish citizen,2016,24591
Egedal,Danish citizen,2017,24686
Egedal,Danish citizen,2018,24581
Egedal,Danish citizen,2019,24767
Egedal,Danish citizen,2020,24787
Egedal,Danish citizen,2021,24952
Egedal,Danish citizen,2022,25212
Egedal,Danish citizen,2023,25576
Egedal,Danish citizen,2024,25541
Egedal,Danish citizen,2025,25477
Egedal,Danish citizen,2026,25621
Egedal,Foreign citizen,2008,1071
Egedal,Foreign citizen,2009,1124
Egedal,Foreign citizen,2010,1171
Egedal,Foreign citizen,2011,1203
Egedal,Foreign citizen,2012,1281
Egedal,Foreign citizen,2013,1334
Egedal,Foreign citizen,2014,1391
Egedal,Foreign citizen,2015,1539
Egedal,Foreign citizen,2016,1734
Egedal,Foreign citizen,2017,1893
Egedal,Foreign citizen,2018,1964
Egedal,Foreign citizen,2019,2043
Egedal,Foreign citizen,2020,2056
Egedal,Foreign citizen,2021,2125
Egedal,Foreign citizen,2022,2278
Egedal,Foreign citizen,2023,2527
Egedal,Foreign citizen,2024,2696
Egedal,Foreign citizen,2025,2783
Egedal,Foreign citizen,2026,2987
Esbjerg,Danish citizen,2008,71882
Esbjerg,Danish citizen,2009,71533
Esbjerg,Danish citizen,2010,71253
Esbjerg,Danish citizen,2011,70800
Esbjerg,Danish citizen,2012,70158
Esbjerg,Danish citizen,2013,69606
Esbjerg,Danish citizen,2014,69040
Esbjerg,Danish citizen,2015,68604
Esbjerg,Danish citizen,2016,68073
Esbjerg,Danish citizen,2017,67597
Esbjerg,Danish citizen,2018,67097
Esbjerg,Danish citizen,2019,66315
Esbjerg,Danish citizen,2020,65859
Esbjerg,Danish citizen,2021,65501
Esbjerg,Danish citizen,2022,64895
Esbjerg,Danish citizen,2023,64179
Esbjerg,Danish citizen,2024,63473
Esbjerg,Danish citizen,2025,62924
Esbjerg,Danish citizen,2026,62365
Esbjerg,Foreign citizen,2008,4071
Esbjerg,Foreign citizen,2009,4612
Esbjerg,Foreign citizen,2010,4983
Esbjerg,Foreign citizen,2011,5106
Esbjerg,Foreign citizen,2012,5312
Esbjerg,Foreign citizen,2013,5398
Esbjerg,Foreign citizen,2014,5609
Esbjerg,Foreign citizen,2015,6027
Esbjerg,Foreign citizen,2016,6393
Esbjerg,Foreign citizen,2017,6464
Esbjerg,Foreign citizen,2018,6741
Esbjerg,Foreign citizen,2019,6696
Esbjerg,Foreign citizen,2020,6691
Esbjerg,Foreign citizen,2021,6673
Esbjerg,Foreign citizen,2022,6881
Esbjerg,Foreign citizen,2023,7497
Esbjerg,Foreign citizen,2024,7807
Esbjerg,Foreign citizen,2025,7986
Esbjerg,Foreign citizen,2026,8235
Faaborg-Midtfyn,Danish citizen,2008,31579
Faaborg-Midtfyn,Danish citizen,2009,31482
Faaborg-Midtfyn,Danish citizen,2010,31335
Faaborg-Midtfyn,Danish citizen,2011,30890
Faaborg-Midtfyn,Danish citizen,2012,30482
Faaborg-Midtfyn,Danish citizen,2013,29936
Faaborg-Midtfyn,Danish citizen,2014,29401
Faaborg-Midtfyn,Danish citizen,2015,29071
Faaborg-Midtfyn,Danish citizen,2016,28940
Faaborg-Midtfyn,Danish citizen,2017,28881
Faaborg-Midtfyn,Danish citizen,2018,28764
Faaborg-Midtfyn,Danish citizen,2019,28752
Faaborg-Midtfyn,Danish citizen,2020,28508
Faaborg-Midtfyn,Danish citizen,2021,28382
Faaborg-Midtfyn,Danish citizen,2022,28263
Faaborg-Midtfyn,Danish citizen,2023,28287
Faaborg-Midtfyn,Danish citizen,2024,28190
Faaborg-Midtfyn,Danish citizen,2025,28014
Faaborg-Midtfyn,Danish citizen,2026,27866
Faaborg-Midtfyn,Foreign citizen,2008,1094
Faaborg-Midtfyn,Foreign citizen,2009,1244
Faaborg-Midtfyn,Foreign citizen,2010,1247
Faaborg-Midtfyn,Foreign citizen,2011,1279
Faaborg-Midtfyn,Foreign citizen,2012,1341
Faaborg-Midtfyn,Foreign citizen,2013,1462
Faaborg-Midtfyn,Foreign citizen,2014,1587
Faaborg-Midtfyn,Foreign citizen,2015,1707
Faaborg-Midtfyn,Foreign citizen,2016,1900
Faaborg-Midtfyn,Foreign citizen,2017,2008
Faaborg-Midtfyn,Foreign citizen,2018,2071
Faaborg-Midtfyn,Foreign citizen,2019,2186
Faaborg-Midtfyn,Foreign citizen,2020,2086
Faaborg-Midtfyn,Foreign citizen,2021,2102
Faaborg-Midtfyn,Foreign citizen,2022,2229
Faaborg-Midtfyn,Foreign citizen,2023,2576
Faaborg-Midtfyn,Foreign citizen,2024,2632
Faaborg-Midtfyn,Foreign citizen,2025,2688
Faaborg-Midtfyn,Foreign citizen,2026,2818
Fanø,Danish citizen,2008,1962
Fanø,Danish citizen,2009,1922
Fanø,Danish citizen,2010,1888
Fanø,Danish citizen,2011,1845
Fanø,Danish citizen,2012,1821
Fanø,Danish citizen,2013,1767
Fanø,Danish citizen,2014,1730
Fanø,Danish citizen,2015,1675
Fanø,Danish citizen,2016,1631
Fanø,Danish citizen,2017,1603
Fanø,Danish citizen,2018,1607
Fanø,Danish citizen,2019,1593
Fanø,Danish citizen,2020,1616
Fanø,Danish citizen,2021,1589
Fanø,Danish citizen,2022,1556
Fanø,Danish citizen,2023,1521
Fanø,Danish citizen,2024,1457
Fanø,Danish citizen,2025,1427
Fanø,Danish citizen,2026,1441
Fanø,Foreign citizen,2008,80
Fanø,Foreign citizen,2009,97
Fanø,Foreign citizen,2010,112
Fanø,Foreign citizen,2011,110
Fanø,Foreign citizen,2012,116
Fanø,Foreign citizen,2013,111
Fanø,Foreign citizen,2014,123
Fanø,Foreign citizen,2015,135
Fanø,Foreign citizen,2016,152
Fanø,Foreign citizen,2017,168
Fanø,Foreign citizen,2018,170
Fanø,Foreign citizen,2019,163
Fanø,Foreign citizen,2020,166
Fanø,Foreign citizen,2021,158
Fanø,Foreign citizen,2022,145
Fanø,Foreign citizen,2023,158
Fanø,Foreign citizen,2024,161
Fanø,Foreign citizen,2025,143
Fanø,Foreign citizen,2026,166
Favrskov,Danish citizen,2008,28364
Favrskov,Danish citizen,2009,28484
Favrskov,Danish citizen,2010,28524
Favrskov,Danish citizen,2011,28456
Favrskov,Danish citizen,2012,28387
Favrskov,Danish citizen,2013,28169
Favrskov,Danish citizen,2014,27964
Favrskov,Danish citizen,2015,27953
Favrskov,Danish citizen,2016,27647
Favrskov,Danish citizen,2017,27567
Favrskov,Danish citizen,2018,27578
Favrskov,Danish citizen,2019,27474
Favrskov,Danish citizen,2020,27518
Favrskov,Danish citizen,2021,27344
Favrskov,Danish citizen,2022,27557
Favrskov,Danish citizen,2023,27591
Favrskov,Danish citizen,2024,27564
Favrskov,Danish citizen,2025,27508
Favrskov,Danish citizen,2026,27603
Favrskov,Foreign citizen,2008,887
Favrskov,Foreign citizen,2009,1022
Favrskov,Foreign citizen,2010,1054
Favrskov,Foreign citizen,2011,1115
Favrskov,Foreign citizen,2012,1174
Favrskov,Foreign citizen,2013,1270
Favrskov,Foreign citizen,2014,1336
Favrskov,Foreign citizen,2015,1575
Favrskov,Foreign citizen,2016,1900
Favrskov,Foreign citizen,2017,2015
Favrskov,Foreign citizen,2018,2123
Favrskov,Foreign citizen,2019,2223
Favrskov,Foreign citizen,2020,2214
Favrskov,Foreign citizen,2021,2189
Favrskov,Foreign citizen,2022,2332
Favrskov,Foreign citizen,2023,2601
Favrskov,Foreign citizen,2024,2680
Favrskov,Foreign citizen,2025,2711
Favrskov,Foreign citizen,2026,2845
Faxe,Danish citizen,2008,22330
Faxe,Danish citizen,2009,22242
Faxe,Danish citizen,2010,21898
Faxe,Danish citizen,2011,21728
Faxe,Danish citizen,2012,21434
Faxe,Danish citizen,2013,21248
Faxe,Danish citizen,2014,20995
Faxe,Danish citizen,2015,20888
Faxe,Danish citizen,2016,20769
Faxe,Danish citizen,2017,20784
Faxe,Danish citizen,2018,20763
Faxe,Danish citizen,2019,20846
Faxe,Danish citizen,2020,20798
Faxe,Danish citizen,2021,20658
Faxe,Danish citizen,2022,20738
Faxe,Danish citizen,2023,20534
Faxe,Danish citizen,2024,20645
Faxe,Danish citizen,2025,20544
Faxe,Danish citizen,2026,20455
Faxe,Foreign citizen,2008,729
Faxe,Foreign citizen,2009,722
Faxe,Foreign citizen,2010,797
Faxe,Foreign citizen,2011,826
Faxe,Foreign citizen,2012,880
Faxe,Foreign citizen,2013,968
Faxe,Foreign citizen,2014,1099
Faxe,Foreign citizen,2015,1200
Faxe,Foreign citizen,2016,1584
Faxe,Foreign citizen,2017,1659
Faxe,Foreign citizen,2018,1757
Faxe,Foreign citizen,2019,1839
Faxe,Foreign citizen,2020,1907
Faxe,Foreign citizen,2021,2080
Faxe,Foreign citizen,2022,2257
Faxe,Foreign citizen,2023,2537
Faxe,Foreign citizen,2024,2715
Faxe,Foreign citizen,2025,2849
Faxe,Foreign citizen,2026,2967
Fredensborg,Danish citizen,2008,23245
Fredensborg,Danish citizen,2009,23047
Fredensborg,Danish citizen,2010,22760
Fredensborg,Danish citizen,2011,22596
Fredensborg,Danish citizen,2012,22347
Fredensborg,Danish citizen,2013,22005
Fredensborg,Danish citizen,2014,21745
Fredensborg,Danish citizen,2015,21545
Fredensborg,Danish citizen,2016,21305
Fredensborg,Danish citizen,2017,21329
Fredensborg,Danish citizen,2018,21177
Fredensborg,Danish citizen,2019,20945
Fredensborg,Danish citizen,2020,20589
Fredensborg,Danish citizen,2021,20514
Fredensborg,Danish citizen,2022,20512
Fredensborg,Danish citizen,2023,20532
Fredensborg,Danish citizen,2024,20620
Fredensborg,Danish citizen,2025,20469
Fredensborg,Danish citizen,2026,20381
Fredensborg,Foreign citizen,2008,2083
Fredensborg,Foreign citizen,2009,2173
Fredensborg,Foreign citizen,2010,2220
Fredensborg,Foreign citizen,2011,2272
Fredensborg,Foreign citizen,2012,2442
Fredensborg,Foreign citizen,2013,2467
Fredensborg,Foreign citizen,2014,2586
Fredensborg,Foreign citizen,2015,2704
Fredensborg,Foreign citizen,2016,2990
Fredensborg,Foreign citizen,2017,3193
Fredensborg,Foreign citizen,2018,3392
Fredensborg,Foreign citizen,2019,3542
Fredensborg,Foreign citizen,2020,3628
Fredensborg,Foreign citizen,2021,3627
Fredensborg,Foreign citizen,2022,3684
Fredensborg,Foreign citizen,2023,3891
Fredensborg,Foreign citizen,2024,4008
Fredensborg,Foreign citizen,2025,4172
Fredensborg,Foreign citizen,2026,4310
Fredericia,Danish citizen,2008,30693
Fredericia,Danish citizen,2009,30528
Fredericia,Danish citizen,2010,30346
Fredericia,Danish citizen,2011,30232
Fredericia,Danish citizen,2012,29998
Fredericia,Danish citizen,2013,29794
Fredericia,Danish citizen,2014,29517
Fredericia,Danish citizen,2015,29401
Fredericia,Danish citizen,2016,29316
Fredericia,Danish citizen,2017,29382
Fredericia,Danish citizen,2018,29481
Fredericia,Danish citizen,2019,29407
Fredericia,Danish citizen,2020,29273
Fredericia,Danish citizen,2021,29034
Fredericia,Danish citizen,2022,29027
Fredericia,Danish citizen,2023,29102
Fredericia,Danish citizen,2024,28995
Fredericia,Danish citizen,2025,28887
Fredericia,Danish citizen,2026,28792
Fredericia,Foreign citizen,2008,1532
Fredericia,Foreign citizen,2009,1650
Fredericia,Foreign citizen,2010,1784
Fredericia,Foreign citizen,2011,1868
Fredericia,Foreign citizen,2012,1998
Fredericia,Foreign citizen,2013,2122
Fredericia,Foreign citizen,2014,2245
Fredericia,Foreign citizen,2015,2371
Fredericia,Foreign citizen,2016,2583
Fredericia,Foreign citizen,2017,2589
Fredericia,Foreign citizen,2018,2739
Fredericia,Foreign citizen,2019,2842
Fredericia,Foreign citizen,2020,2943
Fredericia,Foreign citizen,2021,3018
Fredericia,Foreign citizen,2022,3208
Fredericia,Foreign citizen,2023,3587
Fredericia,Foreign citizen,2024,3840
Fredericia,Foreign citizen,2025,3989
Fredericia,Foreign citizen,2026,4241
Frederiksberg,Danish citizen,2008,57492
Frederiksberg,Danish citizen,2009,57754
Frederiksberg,Danish citizen,2010,58518
Frederiksberg,Danish citizen,2011,59241
Frederiksberg,Danish citizen,2012,59494
Frederiksberg,Danish citizen,2013,59894
Frederiksberg,Danish citizen,2014,60053
Frederiksberg,Danish citizen,2015,59972
Frederiksberg,Danish citizen,2016,60212
Frederiksberg,Danish citizen,2017,60066
Frederiksberg,Danish citizen,2018,59874
Frederiksberg,Danish citizen,2019,59619
Frederiksberg,Danish citizen,2020,59563
Frederiksberg,Danish citizen,2021,59493
Frederiksberg,Danish citizen,2022,59598
Frederiksberg,Danish citizen,2023,59992
Frederiksberg,Danish citizen,2024,60129
Frederiksberg,Danish citizen,2025,60591
Frederiksberg,Danish citizen,2026,60796
Frederiksberg,Foreign citizen,2008,7468
Frederiksberg,Foreign citizen,2009,8103
Frederiksberg,Foreign citizen,2010,8247
Frederiksberg,Foreign citizen,2011,8845
Frederiksberg,Foreign citizen,2012,9337
Frederiksberg,Foreign citizen,2013,10049
Frederiksberg,Foreign citizen,2014,10107
Frederiksberg,Foreign citizen,2015,10266
Frederiksberg,Foreign citizen,2016,10992
Frederiksberg,Foreign citizen,2017,11411
Frederiksberg,Foreign citizen,2018,10991
Frederiksberg,Foreign citizen,2019,10729
Frederiksberg,Foreign citizen,2020,10985
Frederiksberg,Foreign citizen,2021,10628
Frederiksberg,Foreign citizen,2022,10729
Frederiksberg,Foreign citizen,2023,11469
Frederiksberg,Foreign citizen,2024,11708
Frederiksberg,Foreign citizen,2025,12171
Frederiksberg,Foreign citizen,2026,12354
Frederikshavn,Danish citizen,2008,39045
Frederikshavn,Danish citizen,2009,38518
Frederikshavn,Danish citizen,2010,37788
Frederikshavn,Danish citizen,2011,37176
Frederikshavn,Danish citizen,2012,36491
Frederikshavn,Danish citizen,2013,35866
Frederikshavn,Danish citizen,2014,35189
Frederikshavn,Danish citizen,2015,34638
Frederikshavn,Danish citizen,2016,34121
Frederikshavn,Danish citizen,2017,33778
Frederikshavn,Danish citizen,2018,33286
Frederikshavn,Danish citizen,2019,32686
Frederikshavn,Danish citizen,2020,32124
Frederikshavn,Danish citizen,2021,31452
Frederikshavn,Danish citizen,2022,31113
Frederikshavn,Danish citizen,2023,30595
Frederikshavn,Danish citizen,2024,30107
Frederikshavn,Danish citizen,2025,29578
Frederikshavn,Danish citizen,2026,29099
Frederikshavn,Foreign citizen,2008,1375
Frederikshavn,Foreign citizen,2009,1439
Frederikshavn,Foreign citizen,2010,1487
Frederikshavn,Foreign citizen,2011,1532
Frederikshavn,Foreign citizen,2012,1605
Frederikshavn,Foreign citizen,2013,1791
Frederikshavn,Foreign citizen,2014,2027
Frederikshavn,Foreign citizen,2015,2255
Frederikshavn,Foreign citizen,2016,2484
Frederikshavn,Foreign citizen,2017,2734
Frederikshavn,Foreign citizen,2018,2854
Frederikshavn,Foreign citizen,2019,3086
Frederikshavn,Foreign citizen,2020,3135
Frederikshavn,Foreign citizen,2021,3071
Frederikshavn,Foreign citizen,2022,3205
Frederikshavn,Foreign citizen,2023,3600
Frederikshavn,Foreign citizen,2024,3649
Frederikshavn,Foreign citizen,2025,3731
Frederikshavn,Foreign citizen,2026,3846
Frederikssund,Danish citizen,2008,26971
Frederikssund,Danish citizen,2009,26759
Frederikssund,Danish citizen,2010,26436
Frederikssund,Danish citizen,2011,26224
Frederikssund,Danish citizen,2012,25939
Frederikssund,Danish citizen,2013,25773
Frederikssund,Danish citizen,2014,25640
Frederikssund,Danish citizen,2015,25547
Frederikssund,Danish citizen,2016,25513
Frederikssund,Danish citizen,2017,25607
Frederikssund,Danish citizen,2018,25580
Frederikssund,Danish citizen,2019,25455
Frederikssund,Danish citizen,2020,25384
Frederikssund,Danish citizen,2021,25418
Frederikssund,Danish citizen,2022,25493
Frederikssund,Danish citizen,2023,25457
Frederikssund,Danish citizen,2024,25333
Frederikssund,Danish citizen,2025,25519
Frederikssund,Danish citizen,2026,25500
Frederikssund,Foreign citizen,2008,1156
Frederikssund,Foreign citizen,2009,1201
Frederikssund,Foreign citizen,2010,1207
Frederikssund,Foreign citizen,2011,1299
Frederikssund,Foreign citizen,2012,1337
Frederikssund,Foreign citizen,2013,1373
Frederikssund,Foreign citizen,2014,1431
Frederikssund,Foreign citizen,2015,1490
Frederikssund,Foreign citizen,2016,1679
Frederikssund,Foreign citizen,2017,1793
Frederikssund,Foreign citizen,2018,1822
Frederikssund,Foreign citizen,2019,1906
Frederikssund,Foreign citizen,2020,1904
Frederikssund,Foreign citizen,2021,1927
Frederikssund,Foreign citizen,2022,2017
Frederikssund,Foreign citizen,2023,2241
Frederikssund,Foreign citizen,2024,2479
Frederikssund,Foreign citizen,2025,2710
Frederikssund,Foreign citizen,2026,2874
Furesø,Danish citizen,2008,21471
Furesø,Danish citizen,2009,21368
Furesø,Danish citizen,2010,21311
Furesø,Danish citizen,2011,21306
Furesø,Danish citizen,2012,21049
Furesø,Danish citizen,2013,20762
Furesø,Danish citizen,2014,20787
Furesø,Danish citizen,2015,20912
Furesø,Danish citizen,2016,21315
Furesø,Danish citizen,2017,21251
Furesø,Danish citizen,2018,21159
Furesø,Danish citizen,2019,20961
Furesø,Danish citizen,2020,20844
Furesø,Danish citizen,2021,20795
Furesø,Danish citizen,2022,20945
Furesø,Danish citizen,2023,21175
Furesø,Danish citizen,2024,21370
Furesø,Danish citizen,2025,21277
Furesø,Danish citizen,2026,21326
Furesø,Foreign citizen,2008,1802
Furesø,Foreign citizen,2009,1924
Furesø,Foreign citizen,2010,2072
Furesø,Foreign citizen,2011,2038
Furesø,Foreign citizen,2012,2080
Furesø,Foreign citizen,2013,2111
Furesø,Foreign citizen,2014,2166
Furesø,Foreign citizen,2015,2376
Furesø,Foreign citizen,2016,2743
Furesø,Foreign citizen,2017,3000
Furesø,Foreign citizen,2018,3134
Furesø,Foreign citizen,2019,3342
Furesø,Foreign citizen,2020,3241
Furesø,Foreign citizen,2021,3164
Furesø,Foreign citizen,2022,3210
Furesø,Foreign citizen,2023,3376
Furesø,Foreign citizen,2024,3540
Furesø,Foreign citizen,2025,3525
Furesø,Foreign citizen,2026,3690
Gentofte,Danish citizen,2008,39137
Gentofte,Danish citizen,2009,39208
Gentofte,Danish citizen,2010,39700
Gentofte,Danish citizen,2011,39628
Gentofte,Danish citizen,2012,39718
Gentofte,Danish citizen,2013,39775
Gentofte,Danish citizen,2014,39803
Gentofte,Danish citizen,2015,39731
Gentofte,Danish citizen,2016,39472
Gentofte,Danish citizen,2017,39354
Gentofte,Danish citizen,2018,39120
Gentofte,Danish citizen,2019,38789
Gentofte,Danish citizen,2020,38526
Gentofte,Danish citizen,2021,38545
Gentofte,Danish citizen,2022,38260
Gentofte,Danish citizen,2023,38426
Gentofte,Danish citizen,2024,38416
Gentofte,Danish citizen,2025,38430
Gentofte,Danish citizen,2026,38458
Gentofte,Foreign citizen,2008,4177
Gentofte,Foreign citizen,2009,4628
Gentofte,Foreign citizen,2010,5008
Gentofte,Foreign citizen,2011,5322
Gentofte,Foreign citizen,2012,5688
Gentofte,Foreign citizen,2013,5736
Gentofte,Foreign citizen,2014,6205
Gentofte,Foreign citizen,2015,6749
Gentofte,Foreign citizen,2016,7299
Gentofte,Foreign citizen,2017,7636
Gentofte,Foreign citizen,2018,7651
Gentofte,Foreign citizen,2019,7293
Gentofte,Foreign citizen,2020,7277
Gentofte,Foreign citizen,2021,6973
Gentofte,Foreign citizen,2022,6777
Gentofte,Foreign citizen,2023,7188
Gentofte,Foreign citizen,2024,7399
Gentofte,Foreign citizen,2025,7525
Gentofte,Foreign citizen,2026,7607
Gladsaxe,Danish citizen,2008,37155
Gladsaxe,Danish citizen,2009,37398
Gladsaxe,Danish citizen,2010,37682
Gladsaxe,Danish citizen,2011,37899
Gladsaxe,Danish citizen,2012,37712
Gladsaxe,Danish citizen,2013,37843
Gladsaxe,Danish citizen,2014,37782
Gladsaxe,Danish citizen,2015,37770
Gladsaxe,Danish citizen,2016,37724
Gladsaxe,Danish citizen,2017,38068
Gladsaxe,Danish citizen,2018,38162
Gladsaxe,Danish citizen,2019,37798
Gladsaxe,Danish citizen,2020,37284
Gladsaxe,Danish citizen,2021,37104
Gladsaxe,Danish citizen,2022,36841
Gladsaxe,Danish citizen,2023,36746
Gladsaxe,Danish citizen,2024,36730
Gladsaxe,Danish citizen,2025,36532
Gladsaxe,Danish citizen,2026,36296
Gladsaxe,Foreign citizen,2008,3383
Gladsaxe,Foreign citizen,2009,3653
Gladsaxe,Foreign citizen,2010,4004
Gladsaxe,Foreign citizen,2011,4297
Gladsaxe,Foreign citizen,2012,4583
Gladsaxe,Foreign citizen,2013,4846
Gladsaxe,Foreign citizen,2014,5294
Gladsaxe,Foreign citizen,2015,5735
Gladsaxe,Foreign citizen,2016,6323
Gladsaxe,Foreign citizen,2017,6661
Gladsaxe,Foreign citizen,2018,7055
Gladsaxe,Foreign citizen,2019,7445
Gladsaxe,Foreign citizen,2020,7320
Gladsaxe,Foreign citizen,2021,7318
Gladsaxe,Foreign citizen,2022,7606
Gladsaxe,Foreign citizen,2023,8385
Gladsaxe,Foreign citizen,2024,8949
Gladsaxe,Foreign citizen,2025,9527
Gladsaxe,Foreign citizen,2026,9903
Glostrup,Danish citizen,2008,12562
Glostrup,Danish citizen,2009,12658
Glostrup,Danish citizen,2010,12703
Glostrup,Danish citizen,2011,12677
Glostrup,Danish citizen,2012,12710
Glostrup,Danish citizen,2013,12737
Glostrup,Danish citizen,2014,12763
Glostrup,Danish citizen,2015,12743
Glostrup,Danish citizen,2016,12643
Glostrup,Danish citizen,2017,12572
Glostrup,Danish citizen,2018,12502
Glostrup,Danish citizen,2019,12451
Glostrup,Danish citizen,2020,12709
Glostrup,Danish citizen,2021,12871
Glostrup,Danish citizen,2022,12818
Glostrup,Danish citizen,2023,12734
Glostrup,Danish citizen,2024,12548
Glostrup,Danish citizen,2025,12887
Glostrup,Danish citizen,2026,13026
Glostrup,Foreign citizen,2008,941
Glostrup,Foreign citizen,2009,1076
Glostrup,Foreign citizen,2010,1156
Glostrup,Foreign citizen,2011,1166
Glostrup,Foreign citizen,2012,1239
Glostrup,Foreign citizen,2013,1320
Glostrup,Foreign citizen,2014,1417
Glostrup,Foreign citizen,2015,1600
Glostrup,Foreign citizen,2016,1791
Glostrup,Foreign citizen,2017,1898
Glostrup,Foreign citizen,2018,2046
Glostrup,Foreign citizen,2019,2094
Glostrup,Foreign citizen,2020,2189
Glostrup,Foreign citizen,2021,2241
Glostrup,Foreign citizen,2022,2420
Glostrup,Foreign citizen,2023,2645
Glostrup,Foreign citizen,2024,2824
Glostrup,Foreign citizen,2025,3480
Glostrup,Foreign citizen,2026,4092
Greve,Danish citizen,2008,29530
Greve,Danish citizen,2009,29137
Greve,Danish citizen,2010,28644
Greve,Danish citizen,2011,28337
Greve,Danish citizen,2012,27873
Greve,Danish citizen,2013,27609
Greve,Danish citizen,2014,27320
Greve,Danish citizen,2015,27343
Greve,Danish citizen,2016,27403
Greve,Danish citizen,2017,27380
Greve,Danish citizen,2018,27185
Greve,Danish citizen,2019,27155
Greve,Danish citizen,2020,27020
Greve,Danish citizen,2021,26778
Greve,Danish citizen,2022,26841
Greve,Danish citizen,2023,26956
Greve,Danish citizen,2024,27233
Greve,Danish citizen,2025,27854
Greve,Danish citizen,2026,27990
Greve,Foreign citizen,2008,1800
Greve,Foreign citizen,2009,1932
Greve,Foreign citizen,2010,1962
Greve,Foreign citizen,2011,2057
Greve,Foreign citizen,2012,2121
Greve,Foreign citizen,2013,2137
Greve,Foreign citizen,2014,2312
Greve,Foreign citizen,2015,2780
Greve,Foreign citizen,2016,3064
Greve,Foreign citizen,2017,3110
Greve,Foreign citizen,2018,3218
Greve,Foreign citizen,2019,3403
Greve,Foreign citizen,2020,3643
Greve,Foreign citizen,2021,3707
Greve,Foreign citizen,2022,3902
Greve,Foreign citizen,2023,4261
Greve,Foreign citizen,2024,4556
Greve,Foreign citizen,2025,4968
Greve,Foreign citizen,2026,5245
Gribskov,Danish citizen,2008,24973
Gribskov,Danish citizen,2009,24723
Gribskov,Danish citizen,2010,24453
Gribskov,Danish citizen,2011,24066
Gribskov,Danish citizen,2012,23591
Gribskov,Danish citizen,2013,23295
Gribskov,Danish citizen,2014,23102
Gribskov,Danish citizen,2015,22816
Gribskov,Danish citizen,2016,22704
Gribskov,Danish citizen,2017,22605
Gribskov,Danish citizen,2018,22457
Gribskov,Danish citizen,2019,22378
Gribskov,Danish citizen,2020,22095
Gribskov,Danish citizen,2021,21923
Gribskov,Danish citizen,2022,21838
Gribskov,Danish citizen,2023,21772
Gribskov,Danish citizen,2024,21744
Gribskov,Danish citizen,2025,21378
Gribskov,Danish citizen,2026,21199
Gribskov,Foreign citizen,2008,1025
Gribskov,Foreign citizen,2009,1160
Gribskov,Foreign citizen,2010,1140
Gribskov,Foreign citizen,2011,1175
Gribskov,Foreign citizen,2012,1243
Gribskov,Foreign citizen,2013,1329
Gribskov,Foreign citizen,2014,1380
Gribskov,Foreign citizen,2015,1520
Gribskov,Foreign citizen,2016,1744
Gribskov,Foreign citizen,2017,1804
Gribskov,Foreign citizen,2018,1857
Gribskov,Foreign citizen,2019,1918
Gribskov,Foreign citizen,2020,1891
Gribskov,Foreign citizen,2021,1920
Gribskov,Foreign citizen,2022,1989
Gribskov,Foreign citizen,2023,2240
Gribskov,Foreign citizen,2024,2372
Gribskov,Foreign citizen,2025,2434
Gribskov,Foreign citizen,2026,2442
Guldborgsund,Danish citizen,2008,38905
Guldborgsund,Danish citizen,2009,38488
Guldborgsund,Danish citizen,2010,37979
Guldborgsund,Danish citizen,2011,37479
Guldborgsund,Danish citizen,2012,36631
Guldborgsund,Danish citizen,2013,35761
Guldborgsund,Danish citizen,2014,35261
Guldborgsund,Danish citizen,2015,34834
Guldborgsund,Danish citizen,2016,34500
Guldborgsund,Danish citizen,2017,34319
Guldborgsund,Danish citizen,2018,34062
Guldborgsund,Danish citizen,2019,33613
Guldborgsund,Danish citizen,2020,33145
Guldborgsund,Danish citizen,2021,32813
Guldborgsund,Danish citizen,2022,32498
Guldborgsund,Danish citizen,2023,32134
Guldborgsund,Danish citizen,2024,31662
Guldborgsund,Danish citizen,2025,31230
Guldborgsund,Danish citizen,2026,30902
Guldborgsund,Foreign citizen,2008,1657
Guldborgsund,Foreign citizen,2009,1692
Guldborgsund,Foreign citizen,2010,1751
Guldborgsund,Foreign citizen,2011,1795
Guldborgsund,Foreign citizen,2012,1835
Guldborgsund,Foreign citizen,2013,1920
Guldborgsund,Foreign citizen,2014,2031
Guldborgsund,Foreign citizen,2015,2155
Guldborgsund,Foreign citizen,2016,2415
Guldborgsund,Foreign citizen,2017,2610
Guldborgsund,Foreign citizen,2018,2614
Guldborgsund,Foreign citizen,2019,2700
Guldborgsund,Foreign citizen,2020,2786
Guldborgsund,Foreign citizen,2021,2661
Guldborgsund,Foreign citizen,2022,2790
Guldborgsund,Foreign citizen,2023,3161
Guldborgsund,Foreign citizen,2024,3262
Guldborgsund,Foreign citizen,2025,3258
Guldborgsund,Foreign citizen,2026,3326
Haderslev,Danish citizen,2008,34615
Haderslev,Danish citizen,2009,34417
Haderslev,Danish citizen,2010,34160
Haderslev,Danish citizen,2011,33758
Haderslev,Danish citizen,2012,33427
Haderslev,Danish citizen,2013,33059
Haderslev,Danish citizen,2014,32769
Haderslev,Danish citizen,2015,32410
Haderslev,Danish citizen,2016,32077
Haderslev,Danish citizen,2017,31801
Haderslev,Danish citizen,2018,31562
Haderslev,Danish citizen,2019,31097
Haderslev,Danish citizen,2020,30730
Haderslev,Danish citizen,2021,30433
Haderslev,Danish citizen,2022,30055
Haderslev,Danish citizen,2023,29461
Haderslev,Danish citizen,2024,29146
Haderslev,Danish citizen,2025,28879
Haderslev,Danish citizen,2026,28539
Haderslev,Foreign citizen,2008,1648
Haderslev,Foreign citizen,2009,1848
Haderslev,Foreign citizen,2010,1914
Haderslev,Foreign citizen,2011,2011
Haderslev,Foreign citizen,2012,2125
Haderslev,Foreign citizen,2013,2286
Haderslev,Foreign citizen,2014,2338
Haderslev,Foreign citizen,2015,2589
Haderslev,Foreign citizen,2016,2837
Haderslev,Foreign citizen,2017,2937
Haderslev,Foreign citizen,2018,3034
Haderslev,Foreign citizen,2019,3187
Haderslev,Foreign citizen,2020,3332
Haderslev,Foreign citizen,2021,3337
Haderslev,Foreign citizen,2022,3609
Haderslev,Foreign citizen,2023,4094
Haderslev,Foreign citizen,2024,4376
Haderslev,Foreign citizen,2025,4581
Haderslev,Foreign citizen,2026,4718
Halsnæs,Danish citizen,2008,18811
Halsnæs,Danish citizen,2009,18709
Halsnæs,Danish citizen,2010,18482
Halsnæs,Danish citizen,2011,18257
Halsnæs,Danish citizen,2012,17964
Halsnæs,Danish citizen,2013,17597
Halsnæs,Danish citizen,2014,17332
Halsnæs,Danish citizen,2015,17181
Halsnæs,Danish citizen,2016,17185
Halsnæs,Danish citizen,2017,17108
Halsnæs,Danish citizen,2018,16927
Halsnæs,Danish citizen,2019,16784
Halsnæs,Danish citizen,2020,16766
Halsnæs,Danish citizen,2021,16594
Halsnæs,Danish citizen,2022,16381
Halsnæs,Danish citizen,2023,16152
Halsnæs,Danish citizen,2024,16009
Halsnæs,Danish citizen,2025,15891
Halsnæs,Danish citizen,2026,15736
Halsnæs,Foreign citizen,2008,1095
Halsnæs,Foreign citizen,2009,1162
Halsnæs,Foreign citizen,2010,1151
Halsnæs,Foreign citizen,2011,1167
Halsnæs,Foreign citizen,2012,1216
Halsnæs,Foreign citizen,2013,1262
Halsnæs,Foreign citizen,2014,1315
Halsnæs,Foreign citizen,2015,1443
Halsnæs,Foreign citizen,2016,1586
Halsnæs,Foreign citizen,2017,1700
Halsnæs,Foreign citizen,2018,1729
Halsnæs,Foreign citizen,2019,1818
Halsnæs,Foreign citizen,2020,1864
Halsnæs,Foreign citizen,2021,1897
Halsnæs,Foreign citizen,2022,1929
Halsnæs,Foreign citizen,2023,2159
Halsnæs,Foreign citizen,2024,2264
Halsnæs,Foreign citizen,2025,2410
Halsnæs,Foreign citizen,2026,2568
Hedensted,Danish citizen,2008,27868
Hedensted,Danish citizen,2009,27900
Hedensted,Danish citizen,2010,27846
Hedensted,Danish citizen,2011,27680
Hedensted,Danish citizen,2012,27472
Hedensted,Danish citizen,2013,27266
Hedensted,Danish citizen,2014,26955
Hedensted,Danish citizen,2015,27039
Hedensted,Danish citizen,2016,26902
Hedensted,Danish citizen,2017,26910
Hedensted,Danish citizen,2018,26753
Hedensted,Danish citizen,2019,26670
Hedensted,Danish citizen,2020,26657
Hedensted,Danish citizen,2021,26593
Hedensted,Danish citizen,2022,26513
Hedensted,Danish citizen,2023,26538
Hedensted,Danish citizen,2024,26391
Hedensted,Danish citizen,2025,26461
Hedensted,Danish citizen,2026,26410
Hedensted,Foreign citizen,2008,1041
Hedensted,Foreign citizen,2009,1205
Hedensted,Foreign citizen,2010,1209
Hedensted,Foreign citizen,2011,1242
Hedensted,Foreign citizen,2012,1323
Hedensted,Foreign citizen,2013,1355
Hedensted,Foreign citizen,2014,1442
Hedensted,Foreign citizen,2015,1602
Hedensted,Foreign citizen,2016,1815
Hedensted,Foreign citizen,2017,1998
Hedensted,Foreign citizen,2018,2105
Hedensted,Foreign citizen,2019,2272
Hedensted,Foreign citizen,2020,2335
Hedensted,Foreign citizen,2021,2436
Hedensted,Foreign citizen,2022,2664
Hedensted,Foreign citizen,2023,2989
Hedensted,Foreign citizen,2024,3107
Hedensted,Foreign citizen,2025,3280
Hedensted,Foreign citizen,2026,3582
Helsingør,Danish citizen,2008,35990
Helsingør,Danish citizen,2009,35714
Helsingør,Danish citizen,2010,35540
Helsingør,Danish citizen,2011,35348
Helsingør,Danish citizen,2012,35091
Helsingør,Danish citizen,2013,34792
Helsingør,Danish citizen,2014,34662
Helsingør,Danish citizen,2015,34500
Helsingør,Danish citizen,2016,34488
Helsingør,Danish citizen,2017,34396
Helsingør,Danish citizen,2018,34338
Helsingør,Danish citizen,2019,34293
Helsingør,Danish citizen,2020,34120
Helsingør,Danish citizen,2021,34070
Helsingør,Danish citizen,2022,33768
Helsingør,Danish citizen,2023,33736
Helsingør,Danish citizen,2024,33906
Helsingør,Danish citizen,2025,33760
Helsingør,Danish citizen,2026,33468
Helsingør,Foreign citizen,2008,2653
Helsingør,Foreign citizen,2009,2841
Helsingør,Foreign citizen,2010,2807
Helsingør,Foreign citizen,2011,2842
Helsingør,Foreign citizen,2012,2953
Helsingør,Foreign citizen,2013,3066
Helsingør,Foreign citizen,2014,3115
Helsingør,Foreign citizen,2015,3233
Helsingør,Foreign citizen,2016,3509
Helsingør,Foreign citizen,2017,3673
Helsingør,Foreign citizen,2018,3701
Helsingør,Foreign citizen,2019,3636
Helsingør,Foreign citizen,2020,3705
Helsingør,Foreign citizen,2021,3684
Helsingør,Foreign citizen,2022,3618
Helsingør,Foreign citizen,2023,3859
Helsingør,Foreign citizen,2024,3934
Helsingør,Foreign citizen,2025,4054
Helsingør,Foreign citizen,2026,4197
Herlev,Danish citizen,2008,15603
Herlev,Danish citizen,2009,15615
Herlev,Danish citizen,2010,15472
Herlev,Danish citizen,2011,15429
Herlev,Danish citizen,2012,15358
Herlev,Danish citizen,2013,15418
Herlev,Danish citizen,2014,15696
Herlev,Danish citizen,2015,15800
Herlev,Danish citizen,2016,15810
Herlev,Danish citizen,2017,15740
Herlev,Danish citizen,2018,15653
Herlev,Danish citizen,2019,15740
Herlev,Danish citizen,2020,15802
Herlev,Danish citizen,2021,15732
Herlev,Danish citizen,2022,15613
Herlev,Danish citizen,2023,15559
Herlev,Danish citizen,2024,15685
Herlev,Danish citizen,2025,15995
Herlev,Danish citizen,2026,16135
Herlev,Foreign citizen,2008,1376
Herlev,Foreign citizen,2009,1406
Herlev,Foreign citizen,2010,1448
Herlev,Foreign citizen,2011,1469
Herlev,Foreign citizen,2012,1519
Herlev,Foreign citizen,2013,1614
Herlev,Foreign citizen,2014,1820
Herlev,Foreign citizen,2015,2027
Herlev,Foreign citizen,2016,2100
Herlev,Foreign citizen,2017,2081
Herlev,Foreign citizen,2018,2150
Herlev,Foreign citizen,2019,2202
Herlev,Foreign citizen,2020,2223
Herlev,Foreign citizen,2021,2284
Herlev,Foreign citizen,2022,2371
Herlev,Foreign citizen,2023,2675
Herlev,Foreign citizen,2024,3079
Herlev,Foreign citizen,2025,3607
Herlev,Foreign citizen,2026,4477
Herning,Danish citizen,2008,52431
Herning,Danish citizen,2009,52436
Herning,Danish citizen,2010,52291
Herning,Danish citizen,2011,51947
Herning,Danish citizen,2012,51756
Herning,Danish citizen,2013,51470
Herning,Danish citizen,2014,51214
Herning,Danish citizen,2015,50846
Herning,Danish citizen,2016,50870
Herning,Danish citizen,2017,51016
Herning,Danish citizen,2018,50845
Herning,Danish citizen,2019,50458
Herning,Danish citizen,2020,50429
Herning,Danish citizen,2021,50323
Herning,Danish citizen,2022,50012
Herning,Danish citizen,2023,49776
Herning,Danish citizen,2024,49218
Herning,Danish citizen,2025,48879
Herning,Danish citizen,2026,48812
Herning,Foreign citizen,2008,2748
Herning,Foreign citizen,2009,3328
Herning,Foreign citizen,2010,3563
Herning,Foreign citizen,2011,3812
Herning,Foreign citizen,2012,4076
Herning,Foreign citizen,2013,4280
Herning,Foreign citizen,2014,4491
Herning,Foreign citizen,2015,4627
Herning,Foreign citizen,2016,5057
Herning,Foreign citizen,2017,5355
Herning,Foreign citizen,2018,5526
Herning,Foreign citizen,2019,5731
Herning,Foreign citizen,2020,5659
Herning,Foreign citizen,2021,5684
Herning,Foreign citizen,2022,5824
Herning,Foreign citizen,2023,6386
Herning,Foreign citizen,2024,6669
Herning,Foreign citizen,2025,6945
Herning,Foreign citizen,2026,7298
Hillerød,Danish citizen,2008,28011
Hillerød,Danish citizen,2009,28047
Hillerød,Danish citizen,2010,28130
Hillerød,Danish citizen,2011,28264
Hillerød,Danish citizen,2012,28221
Hillerød,Danish citizen,2013,28136
Hillerød,Danish citizen,2014,28293
Hillerød,Danish citizen,2015,28428
Hillerød,Danish citizen,2016,28522
Hillerød,Danish citizen,2017,28628
Hillerød,Danish citizen,2018,28914
Hillerød,Danish citizen,2019,29018
Hillerød,Danish citizen,2020,29224
Hillerød,Danish citizen,2021,29457
Hillerød,Danish citizen,2022,30489
Hillerød,Danish citizen,2023,30563
Hillerød,Danish citizen,2024,30453
Hillerød,Danish citizen,2025,30329
Hillerød,Danish citizen,2026,30091
Hillerød,Foreign citizen,2008,1725
Hillerød,Foreign citizen,2009,1876
Hillerød,Foreign citizen,2010,1934
Hillerød,Foreign citizen,2011,2065
Hillerød,Foreign citizen,2012,2146
Hillerød,Foreign citizen,2013,2191
Hillerød,Foreign citizen,2014,2353
Hillerød,Foreign citizen,2015,2548
Hillerød,Foreign citizen,2016,2808
Hillerød,Foreign citizen,2017,3006
Hillerød,Foreign citizen,2018,3144
Hillerød,Foreign citizen,2019,3281
Hillerød,Foreign citizen,2020,3218
Hillerød,Foreign citizen,2021,3236
Hillerød,Foreign citizen,2022,3480
Hillerød,Foreign citizen,2023,4006
Hillerød,Foreign citizen,2024,4265
Hillerød,Foreign citizen,2025,4627
Hillerød,Foreign citizen,2026,4849
Hjørring,Danish citizen,2008,41447
Hjørring,Danish citizen,2009,41323
Hjørring,Danish citizen,2010,40982
Hjørring,Danish citizen,2011,40471
Hjørring,Danish citizen,2012,39985
Hjørring,Danish citizen,2013,39388
Hjørring,Danish citizen,2014,38715
Hjørring,Danish citizen,2015,38259
Hjørring,Danish citizen,2016,37822
Hjørring,Danish citizen,2017,37396
Hjørring,Danish citizen,2018,37082
Hjørring,Danish citizen,2019,36537
Hjørring,Danish citizen,2020,36102
Hjørring,Danish citizen,2021,35738
Hjørring,Danish citizen,2022,35174
Hjørring,Danish citizen,2023,34840
Hjørring,Danish citizen,2024,34425
Hjørring,Danish citizen,2025,34021
Hjørring,Danish citizen,2026,33487
Hjørring,Foreign citizen,2008,1556
Hjørring,Foreign citizen,2009,1646
Hjørring,Foreign citizen,2010,1695
Hjørring,Foreign citizen,2011,1752
Hjørring,Foreign citizen,2012,1857
Hjørring,Foreign citizen,2013,1943
Hjørring,Foreign citizen,2014,2182
Hjørring,Foreign citizen,2015,2368
Hjørring,Foreign citizen,2016,2686
Hjørring,Foreign citizen,2017,2886
Hjørring,Foreign citizen,2018,3038
Hjørring,Foreign citizen,2019,2930
Hjørring,Foreign citizen,2020,2995
Hjørring,Foreign citizen,2021,2971
Hjørring,Foreign citizen,2022,3019
Hjørring,Foreign citizen,2023,3353
Hjørring,Foreign citizen,2024,3317
Hjørring,Foreign citizen,2025,3386
Hjørring,Foreign citizen,2026,3537
Holbæk,Danish citizen,2008,43250
Holbæk,Danish citizen,2009,43249
Holbæk,Danish citizen,2010,43041
Holbæk,Danish citizen,2011,42633
Holbæk,Danish citizen,2012,42168
Holbæk,Danish citizen,2013,41749
Holbæk,Danish citizen,2014,41140
Holbæk,Danish citizen,2015,40893
Holbæk,Danish citizen,2016,40980
Holbæk,Danish citizen,2017,41348
Holbæk,Danish citizen,2018,41163
Holbæk,Danish citizen,2019,40982
Holbæk,Danish citizen,2020,41029
Holbæk,Danish citizen,2021,41087
Holbæk,Danish citizen,2022,41367
Holbæk,Danish citizen,2023,41281
Holbæk,Danish citizen,2024,41555
Holbæk,Danish citizen,2025,41467
Holbæk,Danish citizen,2026,41461
Holbæk,Foreign citizen,2008,2179
Holbæk,Foreign citizen,2009,2309
Holbæk,Foreign citizen,2010,2311
Holbæk,Foreign citizen,2011,2395
Holbæk,Foreign citizen,2012,2404
Holbæk,Foreign citizen,2013,2470
Holbæk,Foreign citizen,2014,2557
Holbæk,Foreign citizen,2015,2654
Holbæk,Foreign citizen,2016,2979
Holbæk,Foreign citizen,2017,3204
Holbæk,Foreign citizen,2018,3336
Holbæk,Foreign citizen,2019,3489
Holbæk,Foreign citizen,2020,3530
Holbæk,Foreign citizen,2021,3547
Holbæk,Foreign citizen,2022,3774
Holbæk,Foreign citizen,2023,4104
Holbæk,Foreign citizen,2024,4251
Holbæk,Foreign citizen,2025,4416
Holbæk,Foreign citizen,2026,4638
Holstebro,Danish citizen,2008,35684
Holstebro,Danish citizen,2009,35625
Holstebro,Danish citizen,2010,35338
Holstebro,Danish citizen,2011,35059
Holstebro,Danish citizen,2012,34644
Holstebro,Danish citizen,2013,34487
Holstebro,Danish citizen,2014,34256
Holstebro,Danish citizen,2015,34048
Holstebro,Danish citizen,2016,33807
Holstebro,Danish citizen,2017,33693
Holstebro,Danish citizen,2018,33567
Holstebro,Danish citizen,2019,33305
Holstebro,Danish citizen,2020,33111
Holstebro,Danish citizen,2021,33055
Holstebro,Danish citizen,2022,32852
Holstebro,Danish citizen,2023,32794
Holstebro,Danish citizen,2024,32696
Holstebro,Danish citizen,2025,32599
Holstebro,Danish citizen,2026,32385
Holstebro,Foreign citizen,2008,1613
Holstebro,Foreign citizen,2009,1723
Holstebro,Foreign citizen,2010,1721
Holstebro,Foreign citizen,2011,1801
Holstebro,Foreign citizen,2012,1925
Holstebro,Foreign citizen,2013,1967
Holstebro,Foreign citizen,2014,2099
Holstebro,Foreign citizen,2015,2257
Holstebro,Foreign citizen,2016,2460
Holstebro,Foreign citizen,2017,2651
Holstebro,Foreign citizen,2018,2767
Holstebro,Foreign citizen,2019,2857
Holstebro,Foreign citizen,2020,2940
Holstebro,Foreign citizen,2021,2919
Holstebro,Foreign citizen,2022,2989
Holstebro,Foreign citizen,2023,3254
Holstebro,Foreign citizen,2024,3369
Holstebro,Foreign citizen,2025,3567
Holstebro,Foreign citizen,2026,3730
Horsens,Danish citizen,2008,49451
Horsens,Danish citizen,2009,49704
Horsens,Danish citizen,2010,49595
Horsens,Danish citizen,2011,49634
Horsens,Danish citizen,2012,49541
Horsens,Danish citizen,2013,49649
Horsens,Danish citizen,2014,49692
Horsens,Danish citizen,2015,49623
Horsens,Danish citizen,2016,49766
Horsens,Danish citizen,2017,49893
Horsens,Danish citizen,2018,49833
Horsens,Danish citizen,2019,49977
Horsens,Danish citizen,2020,50227
Horsens,Danish citizen,2021,50791
Horsens,Danish citizen,2022,51512
Horsens,Danish citizen,2023,51932
Horsens,Danish citizen,2024,52092
Horsens,Danish citizen,2025,52189
Horsens,Danish citizen,2026,52343
Horsens,Foreign citizen,2008,3861
Horsens,Foreign citizen,2009,4453
Horsens,Foreign citizen,2010,4474
Horsens,Foreign citizen,2011,4754
Horsens,Foreign citizen,2012,5122
Horsens,Foreign citizen,2013,5588
Horsens,Foreign citizen,2014,5867
Horsens,Foreign citizen,2015,6145
Horsens,Foreign citizen,2016,6849
Horsens,Foreign citizen,2017,7403
Horsens,Foreign citizen,2018,7596
Horsens,Foreign citizen,2019,7855
Horsens,Foreign citizen,2020,7702
Horsens,Foreign citizen,2021,7819
Horsens,Foreign citizen,2022,8674
Horsens,Foreign citizen,2023,9587
Horsens,Foreign citizen,2024,9918
Horsens,Foreign citizen,2025,10163
Horsens,Foreign citizen,2026,10534
Hvidovre,Danish citizen,2008,29528
Hvidovre,Danish citizen,2009,29435
Hvidovre,Danish citizen,2010,29508
Hvidovre,Danish citizen,2011,29588
Hvidovre,Danish citizen,2012,29631
Hvidovre,Danish citizen,2013,29877
Hvidovre,Danish citizen,2014,29899
Hvidovre,Danish citizen,2015,29965
Hvidovre,Danish citizen,2016,29857
Hvidovre,Danish citizen,2017,29877
Hvidovre,Danish citizen,2018,29809
Hvidovre,Danish citizen,2019,29622
Hvidovre,Danish citizen,2020,29546
Hvidovre,Danish citizen,2021,29465
Hvidovre,Danish citizen,2022,29027
Hvidovre,Danish citizen,2023,28869
Hvidovre,Danish citizen,2024,28773
Hvidovre,Danish citizen,2025,28674
Hvidovre,Danish citizen,2026,28822
Hvidovre,Foreign citizen,2008,2668
Hvidovre,Foreign citizen,2009,2699
Hvidovre,Foreign citizen,2010,2857
Hvidovre,Foreign citizen,2011,2989
Hvidovre,Foreign citizen,2012,3193
Hvidovre,Foreign citizen,2013,3452
Hvidovre,Foreign citizen,2014,3724
Hvidovre,Foreign citizen,2015,4012
Hvidovre,Foreign citizen,2016,4300
Hvidovre,Foreign citizen,2017,4420
Hvidovre,Foreign citizen,2018,4587
Hvidovre,Foreign citizen,2019,4796
Hvidovre,Foreign citizen,2020,4817
Hvidovre,Foreign citizen,2021,4780
Hvidovre,Foreign citizen,2022,4895
Hvidovre,Foreign citizen,2023,5163
Hvidovre,Foreign citizen,2024,5427
Hvidovre,Foreign citizen,2025,5549
Hvidovre,Foreign citizen,2026,5863
Høje-Taastrup,Danish citizen,2008,28187
Høje-Taastrup,Danish citizen,2009,27887
Høje-Taastrup,Danish citizen,2010,27612
Høje-Taastrup,Danish citizen,2011,27217
Høje-Taastrup,Danish citizen,2012,26974
Høje-Taastrup,Danish citizen,2013,26735
Høje-Taastrup,Danish citizen,2014,26562
Høje-Taastrup,Danish citizen,2015,26411
Høje-Taastrup,Danish citizen,2016,26346
Høje-Taastrup,Danish citizen,2017,26284
Høje-Taastrup,Danish citizen,2018,26107
Høje-Taastrup,Danish citizen,2019,25802
Høje-Taastrup,Danish citizen,2020,25700
Høje-Taastrup,Danish citizen,2021,25972
Høje-Taastrup,Danish citizen,2022,26298
Høje-Taastrup,Danish citizen,2023,26829
Høje-Taastrup,Danish citizen,2024,27311
Høje-Taastrup,Danish citizen,2025,27522
Høje-Taastrup,Danish citizen,2026,27622
Høje-Taastrup,Foreign citizen,2008,3430
Høje-Taastrup,Foreign citizen,2009,3631
Høje-Taastrup,Foreign citizen,2010,3771
Høje-Taastrup,Foreign citizen,2011,3947
Høje-Taastrup,Foreign citizen,2012,4185
Høje-Taastrup,Foreign citizen,2013,4442
Høje-Taastrup,Foreign citizen,2014,4791
Høje-Taastrup,Foreign citizen,2015,5214
Høje-Taastrup,Foreign citizen,2016,5750
Høje-Taastrup,Foreign citizen,2017,6077
Høje-Taastrup,Foreign citizen,2018,6580
Høje-Taastrup,Foreign citizen,2019,6944
Høje-Taastrup,Foreign citizen,2020,6986
Høje-Taastrup,Foreign citizen,2021,7340
Høje-Taastrup,Foreign citizen,2022,8025
Høje-Taastrup,Foreign citizen,2023,9307
Høje-Taastrup,Foreign citizen,2024,10774
Høje-Taastrup,Foreign citizen,2025,11661
Høje-Taastrup,Foreign citizen,2026,12661
Hørsholm,Danish citizen,2008,13419
Hørsholm,Danish citizen,2009,13306
Hørsholm,Danish citizen,2010,13199
Hørsholm,Danish citizen,2011,13061
Hørsholm,Danish citizen,2012,12825
Hørsholm,Danish citizen,2013,12767
Hørsholm,Danish citizen,2014,12744
Hørsholm,Danish citizen,2015,12728
Hørsholm,Danish citizen,2016,12637
Hørsholm,Danish citizen,2017,12586
Hørsholm,Danish citizen,2018,12569
Hørsholm,Danish citizen,2019,12510
Hørsholm,Danish citizen,2020,12435
Hørsholm,Danish citizen,2021,12395
Hørsholm,Danish citizen,2022,12286
Hørsholm,Danish citizen,2023,12184
Hørsholm,Danish citizen,2024,12177
Hørsholm,Danish citizen,2025,12258
Hørsholm,Danish citizen,2026,12301
Hørsholm,Foreign citizen,2008,1025
Hørsholm,Foreign citizen,2009,1091
Hørsholm,Foreign citizen,2010,1112
Hørsholm,Foreign citizen,2011,1113
Hørsholm,Foreign citizen,2012,1132
Hørsholm,Foreign citizen,2013,1182
Hørsholm,Foreign citizen,2014,1305
Hørsholm,Foreign citizen,2015,1297
Hørsholm,Foreign citizen,2016,1403
Hørsholm,Foreign citizen,2017,1447
Hørsholm,Foreign citizen,2018,1451
Hørsholm,Foreign citizen,2019,1462
Hørsholm,Foreign citizen,2020,1348
Hørsholm,Foreign citizen,2021,1308
Hørsholm,Foreign citizen,2022,1330
Hørsholm,Foreign citizen,2023,1462
Hørsholm,Foreign citizen,2024,1552
Hørsholm,Foreign citizen,2025,1671
Hørsholm,Foreign citizen,2026,1701
Ikast-Brande,Danish citizen,2008,24435
Ikast-Brande,Danish citizen,2009,24377
Ikast-Brande,Danish citizen,2010,24273
Ikast-Brande,Danish citizen,2011,24215
Ikast-Brande,Danish citizen,2012,23932
Ikast-Brande,Danish citizen,2013,23625
Ikast-Brande,Danish citizen,2014,23426
Ikast-Brande,Danish citizen,2015,23270
Ikast-Brande,Danish citizen,2016,23048
Ikast-Brande,Danish citizen,2017,22895
Ikast-Brande,Danish citizen,2018,22820
Ikast-Brande,Danish citizen,2019,22617
Ikast-Brande,Danish citizen,2020,22503
Ikast-Brande,Danish citizen,2021,22382
Ikast-Brande,Danish citizen,2022,22253
Ikast-Brande,Danish citizen,2023,22128
Ikast-Brande,Danish citizen,2024,22010
Ikast-Brande,Danish citizen,2025,21968
Ikast-Brande,Danish citizen,2026,21899
Ikast-Brande,Foreign citizen,2008,1375
Ikast-Brande,Foreign citizen,2009,1557
Ikast-Brande,Foreign citizen,2010,1638
Ikast-Brande,Foreign citizen,2011,1756
Ikast-Brande,Foreign citizen,2012,1902
Ikast-Brande,Foreign citizen,2013,1914
Ikast-Brande,Foreign citizen,2014,2091
Ikast-Brande,Foreign citizen,2015,2205
Ikast-Brande,Foreign citizen,2016,2438
Ikast-Brande,Foreign citizen,2017,2639
Ikast-Brande,Foreign citizen,2018,2773
Ikast-Brande,Foreign citizen,2019,2978
Ikast-Brande,Foreign citizen,2020,3090
Ikast-Brande,Foreign citizen,2021,3229
Ikast-Brande,Foreign citizen,2022,3572
Ikast-Brande,Foreign citizen,2023,4117
Ikast-Brande,Foreign citizen,2024,4407
Ikast-Brande,Foreign citizen,2025,4588
Ikast-Brande,Foreign citizen,2026,4853
Ishøj,Danish citizen,2008,11953
Ishøj,Danish citizen,2009,11708
Ishøj,Danish citizen,2010,11500
Ishøj,Danish citizen,2011,11379
Ishøj,Danish citizen,2012,11285
Ishøj,Danish citizen,2013,11106
Ishøj,Danish citizen,2014,11102
Ishøj,Danish citizen,2015,11142
Ishøj,Danish citizen,2016,11135
Ishøj,Danish citizen,2017,11234
Ishøj,Danish citizen,2018,11211
Ishøj,Danish citizen,2019,11009
Ishøj,Danish citizen,2020,10894
Ishøj,Danish citizen,2021,10958
Ishøj,Danish citizen,2022,10869
Ishøj,Danish citizen,2023,10867
Ishøj,Danish citizen,2024,10743
Ishøj,Danish citizen,2025,10832
Ishøj,Danish citizen,2026,10755
Ishøj,Foreign citizen,2008,2394
Ishøj,Foreign citizen,2009,2553
Ishøj,Foreign citizen,2010,2517
Ishøj,Foreign citizen,2011,2621
Ishøj,Foreign citizen,2012,2764
Ishøj,Foreign citizen,2013,2873
Ishøj,Foreign citizen,2014,3146
Ishøj,Foreign citizen,2015,3342
Ishøj,Foreign citizen,2016,3504
Ishøj,Foreign citizen,2017,3599
Ishøj,Foreign citizen,2018,3793
Ishøj,Foreign citizen,2019,3936
Ishøj,Foreign citizen,2020,4048
Ishøj,Foreign citizen,2021,4080
Ishøj,Foreign citizen,2022,4297
Ishøj,Foreign citizen,2023,4533
Ishøj,Foreign citizen,2024,4828
Ishøj,Foreign citizen,2025,5326
Ishøj,Foreign citizen,2026,5692
Jammerbugt,Danish citizen,2008,24271
Jammerbugt,Danish citizen,2009,24053
Jammerbugt,Danish citizen,2010,23843
Jammerbugt,Danish citizen,2011,23481
Jammerbugt,Danish citizen,2012,23142
Jammerbugt,Danish citizen,2013,22817
Jammerbugt,Danish citizen,2014,22394
Jammerbugt,Danish citizen,2015,22235
Jammerbugt,Danish citizen,2016,22093
Jammerbugt,Danish citizen,2017,21873
Jammerbugt,Danish citizen,2018,21673
Jammerbugt,Danish citizen,2019,21399
Jammerbugt,Danish citizen,2020,21253
Jammerbugt,Danish citizen,2021,21083
Jammerbugt,Danish citizen,2022,20986
Jammerbugt,Danish citizen,2023,20820
Jammerbugt,Danish citizen,2024,20643
Jammerbugt,Danish citizen,2025,20407
Jammerbugt,Danish citizen,2026,20230
Jammerbugt,Foreign citizen,2008,658
Jammerbugt,Foreign citizen,2009,735
Jammerbugt,Foreign citizen,2010,794
Jammerbugt,Foreign citizen,2011,846
Jammerbugt,Foreign citizen,2012,892
Jammerbugt,Foreign citizen,2013,976
Jammerbugt,Foreign citizen,2014,1031
Jammerbugt,Foreign citizen,2015,1116
Jammerbugt,Foreign citizen,2016,1281
Jammerbugt,Foreign citizen,2017,1411
Jammerbugt,Foreign citizen,2018,1436
Jammerbugt,Foreign citizen,2019,1459
Jammerbugt,Foreign citizen,2020,1427
Jammerbugt,Foreign citizen,2021,1355
Jammerbugt,Foreign citizen,2022,1397
Jammerbugt,Foreign citizen,2023,1587
Jammerbugt,Foreign citizen,2024,1628
Jammerbugt,Foreign citizen,2025,1689
Jammerbugt,Foreign citizen,2026,1752
Kalundborg,Danish citizen,2008,30989
Kalundborg,Danish citizen,2009,30756
Kalundborg,Danish citizen,2010,30407
Kalundborg,Danish citizen,2011,30050
Kalundborg,Danish citizen,2012,29351
Kalundborg,Danish citizen,2013,28870
Kalundborg,Danish citizen,2014,28696
Kalundborg,Danish citizen,2015,28486
Kalundborg,Danish citizen,2016,28284
Kalundborg,Danish citizen,2017,28111
Kalundborg,Danish citizen,2018,28021
Kalundborg,Danish citizen,2019,27719
Kalundborg,Danish citizen,2020,27386
Kalundborg,Danish citizen,2021,27321
Kalundborg,Danish citizen,2022,27101
Kalundborg,Danish citizen,2023,26965
Kalundborg,Danish citizen,2024,26578
Kalundborg,Danish citizen,2025,26112
Kalundborg,Danish citizen,2026,25698
Kalundborg,Foreign citizen,2008,1073
Kalundborg,Foreign citizen,2009,1145
Kalundborg,Foreign citizen,2010,1119
Kalundborg,Foreign citizen,2011,1132
Kalundborg,Foreign citizen,2012,1153
Kalundborg,Foreign citizen,2013,1159
Kalundborg,Foreign citizen,2014,1271
Kalundborg,Foreign citizen,2015,1387
Kalundborg,Foreign citizen,2016,1554
Kalundborg,Foreign citizen,2017,1701
Kalundborg,Foreign citizen,2018,1794
Kalundborg,Foreign citizen,2019,1807
Kalundborg,Foreign citizen,2020,1849
Kalundborg,Foreign citizen,2021,1833
Kalundborg,Foreign citizen,2022,1937
Kalundborg,Foreign citizen,2023,2222
Kalundborg,Foreign citizen,2024,2467
Kalundborg,Foreign citizen,2025,2855
Kalundborg,Foreign citizen,2026,3192
Kerteminde,Danish citizen,2008,14269
Kerteminde,Danish citizen,2009,14274
Kerteminde,Danish citizen,2010,14162
Kerteminde,Danish citizen,2011,14015
Kerteminde,Danish citizen,2012,13935
Kerteminde,Danish citizen,2013,13852
Kerteminde,Danish citizen,2014,13669
Kerteminde,Danish citizen,2015,13532
Kerteminde,Danish citizen,2016,13377
Kerteminde,Danish citizen,2017,13174
Kerteminde,Danish citizen,2018,13061
Kerteminde,Danish citizen,2019,12930
Kerteminde,Danish citizen,2020,12937
Kerteminde,Danish citizen,2021,12926
Kerteminde,Danish citizen,2022,12919
Kerteminde,Danish citizen,2023,12707
Kerteminde,Danish citizen,2024,12628
Kerteminde,Danish citizen,2025,12581
Kerteminde,Danish citizen,2026,12589
Kerteminde,Foreign citizen,2008,562
Kerteminde,Foreign citizen,2009,569
Kerteminde,Foreign citizen,2010,592
Kerteminde,Foreign citizen,2011,630
Kerteminde,Foreign citizen,2012,657
Kerteminde,Foreign citizen,2013,711
Kerteminde,Foreign citizen,2014,738
Kerteminde,Foreign citizen,2015,852
Kerteminde,Foreign citizen,2016,1012
Kerteminde,Foreign citizen,2017,1033
Kerteminde,Foreign citizen,2018,1045
Kerteminde,Foreign citizen,2019,1112
Kerteminde,Foreign citizen,2020,1112
Kerteminde,Foreign citizen,2021,1116
Kerteminde,Foreign citizen,2022,1165
Kerteminde,Foreign citizen,2023,1294
Kerteminde,Foreign citizen,2024,1313
Kerteminde,Foreign citizen,2025,1372
Kerteminde,Foreign citizen,2026,1600
Kolding,Danish citizen,2008,54514
Kolding,Danish citizen,2009,54540
Kolding,Danish citizen,2010,54404
Kolding,Danish citizen,2011,54038
Kolding,Danish citizen,2012,53681
Kolding,Danish citizen,2013,53400
Kolding,Danish citizen,2014,53107
Kolding,Danish citizen,2015,53096
Kolding,Danish citizen,2016,53012
Kolding,Danish citizen,2017,53244
Kolding,Danish citizen,2018,53044
Kolding,Danish citizen,2019,53034
Kolding,Danish citizen,2020,53124
Kolding,Danish citizen,2021,52714
Kolding,Danish citizen,2022,52695
Kolding,Danish citizen,2023,52672
Kolding,Danish citizen,2024,52770
Kolding,Danish citizen,2025,52736
Kolding,Danish citizen,2026,52662
Kolding,Foreign citizen,2008,3347
Kolding,Foreign citizen,2009,3667
Kolding,Foreign citizen,2010,3843
Kolding,Foreign citizen,2011,3943
Kolding,Foreign citizen,2012,4133
Kolding,Foreign citizen,2013,4327
Kolding,Foreign citizen,2014,4702
Kolding,Foreign citizen,2015,5120
Kolding,Foreign citizen,2016,5706
Kolding,Foreign citizen,2017,5795
Kolding,Foreign citizen,2018,5851
Kolding,Foreign citizen,2019,6072
Kolding,Foreign citizen,2020,6067
Kolding,Foreign citizen,2021,6148
Kolding,Foreign citizen,2022,6408
Kolding,Foreign citizen,2023,6982
Kolding,Foreign citizen,2024,7311
Kolding,Foreign citizen,2025,8079
Kolding,Foreign citizen,2026,8358
Køge,Danish citizen,2008,34993
Køge,Danish citizen,2009,34640
Køge,Danish citizen,2010,34570
Køge,Danish citizen,2011,34298
Køge,Danish citizen,2012,33968
Køge,Danish citizen,2013,34001
Køge,Danish citizen,2014,34141
Køge,Danish citizen,2015,34435
Køge,Danish citizen,2016,34402
Køge,Danish citizen,2017,34400
Køge,Danish citizen,2018,34404
Køge,Danish citizen,2019,34606
Køge,Danish citizen,2020,34698
Køge,Danish citizen,2021,34817
Køge,Danish citizen,2022,34870
Køge,Danish citizen,2023,34925
Køge,Danish citizen,2024,34949
Køge,Danish citizen,2025,34936
Køge,Danish citizen,2026,35035
Køge,Foreign citizen,2008,1909
Køge,Foreign citizen,2009,2045
Køge,Foreign citizen,2010,2097
Køge,Foreign citizen,2011,2191
Køge,Foreign citizen,2012,2276
Køge,Foreign citizen,2013,2383
Køge,Foreign citizen,2014,2583
Køge,Foreign citizen,2015,2857
Køge,Foreign citizen,2016,3275
Køge,Foreign citizen,2017,3409
Køge,Foreign citizen,2018,3558
Køge,Foreign citizen,2019,3605
Køge,Foreign citizen,2020,3751
Køge,Foreign citizen,2021,3932
Køge,Foreign citizen,2022,4104
Køge,Foreign citizen,2023,4582
Køge,Foreign citizen,2024,4771
Køge,Foreign citizen,2025,5068
Køge,Foreign citizen,2026,5418
Langeland,Danish citizen,2008,8113
Langeland,Danish citizen,2009,7940
Langeland,Danish citizen,2010,7883
Langeland,Danish citizen,2011,7679
Langeland,Danish citizen,2012,7458
Langeland,Danish citizen,2013,7221
Langeland,Danish citizen,2014,6990
Langeland,Danish citizen,2015,6840
Langeland,Danish citizen,2016,6677
Langeland,Danish citizen,2017,6602
Langeland,Danish citizen,2018,6531
Langeland,Danish citizen,2019,6368
Langeland,Danish citizen,2020,6264
Langeland,Danish citizen,2021,6068
Langeland,Danish citizen,2022,5950
Langeland,Danish citizen,2023,5837
Langeland,Danish citizen,2024,5707
Langeland,Danish citizen,2025,5531
Langeland,Danish citizen,2026,5387
Langeland,Foreign citizen,2008,274
Langeland,Foreign citizen,2009,287
Langeland,Foreign citizen,2010,278
Langeland,Foreign citizen,2011,287
Langeland,Foreign citizen,2012,283
Langeland,Foreign citizen,2013,295
Langeland,Foreign citizen,2014,315
Langeland,Foreign citizen,2015,354
Langeland,Foreign citizen,2016,425
Langeland,Foreign citizen,2017,460
Langeland,Foreign citizen,2018,505
Langeland,Foreign citizen,2019,572
Langeland,Foreign citizen,2020,565
Langeland,Foreign citizen,2021,570
Langeland,Foreign citizen,2022,597
Langeland,Foreign citizen,2023,682
Langeland,Foreign citizen,2024,718
Langeland,Foreign citizen,2025,670
Langeland,Foreign citizen,2026,673
Lejre,Danish citizen,2008,16568
Lejre,Danish citizen,2009,16422
Lejre,Danish citizen,2010,16296
Lejre,Danish citizen,2011,16071
Lejre,Danish citizen,2012,15929
Lejre,Danish citizen,2013,15717
Lejre,Danish citizen,2014,15657
Lejre,Danish citizen,2015,15616
Lejre,Danish citizen,2016,15552
Lejre,Danish citizen,2017,15474
Lejre,Danish citizen,2018,15458
Lejre,Danish citizen,2019,15550
Lejre,Danish citizen,2020,15611
Lejre,Danish citizen,2021,15579
Lejre,Danish citizen,2022,15762
Lejre,Danish citizen,2023,15777
Lejre,Danish citizen,2024,16025
Lejre,Danish citizen,2025,16041
Lejre,Danish citizen,2026,16070
Lejre,Foreign citizen,2008,606
Lejre,Foreign citizen,2009,655
Lejre,Foreign citizen,2010,635
Lejre,Foreign citizen,2011,639
Lejre,Foreign citizen,2012,686
Lejre,Foreign citizen,2013,716
Lejre,Foreign citizen,2014,762
Lejre,Foreign citizen,2015,902
Lejre,Foreign citizen,2016,1015
Lejre,Foreign citizen,2017,1073
Lejre,Foreign citizen,2018,1105
Lejre,Foreign citizen,2019,1144
Lejre,Foreign citizen,2020,1139
Lejre,Foreign citizen,2021,1147
Lejre,Foreign citizen,2022,1243
Lejre,Foreign citizen,2023,1435
Lejre,Foreign citizen,2024,1530
Lejre,Foreign citizen,2025,1589
Lejre,Foreign citizen,2026,1609
Lemvig,Danish citizen,2008,13390
Lemvig,Danish citizen,2009,13192
Lemvig,Danish citizen,2010,13081
Lemvig,Danish citizen,2011,12849
Lemvig,Danish citizen,2012,12604
Lemvig,Danish citizen,2013,12407
Lemvig,Danish citizen,2014,12141
Lemvig,Danish citizen,2015,11845
Lemvig,Danish citizen,2016,11562
Lemvig,Danish citizen,2017,11405
Lemvig,Danish citizen,2018,11218
Lemvig,Danish citizen,2019,11014
Lemvig,Danish citizen,2020,10711
Lemvig,Danish citizen,2021,10540
Lemvig,Danish citizen,2022,10233
Lemvig,Danish citizen,2023,9973
Lemvig,Danish citizen,2024,9766
Lemvig,Danish citizen,2025,9504
Lemvig,Danish citizen,2026,9313
Lemvig,Foreign citizen,2008,459
Lemvig,Foreign citizen,2009,539
Lemvig,Foreign citizen,2010,580
Lemvig,Foreign citizen,2011,586
Lemvig,Foreign citizen,2012,645
Lemvig,Foreign citizen,2013,695
Lemvig,Foreign citizen,2014,720
Lemvig,Foreign citizen,2015,771
Lemvig,Foreign citizen,2016,846
Lemvig,Foreign citizen,2017,926
Lemvig,Foreign citizen,2018,983
Lemvig,Foreign citizen,2019,982
Lemvig,Foreign citizen,2020,1012
Lemvig,Foreign citizen,2021,1010
Lemvig,Foreign citizen,2022,1091
Lemvig,Foreign citizen,2023,1273
Lemvig,Foreign citizen,2024,1282
Lemvig,Foreign citizen,2025,1293
Lemvig,Foreign citizen,2026,1294
Lolland,Danish citizen,2008,29046
Lolland,Danish citizen,2009,28553
Lolland,Danish citizen,2010,27852
Lolland,Danish citizen,2011,27107
Lolland,Danish citizen,2012,26283
Lolland,Danish citizen,2013,25432
Lolland,Danish citizen,2014,24549
Lolland,Danish citizen,2015,23943
Lolland,Danish citizen,2016,23425
Lolland,Danish citizen,2017,23000
Lolland,Danish citizen,2018,22539
Lolland,Danish citizen,2019,22133
Lolland,Danish citizen,2020,21706
Lolland,Danish citizen,2021,21241
Lolland,Danish citizen,2022,20724
Lolland,Danish citizen,2023,20353
Lolland,Danish citizen,2024,19957
Lolland,Danish citizen,2025,19298
Lolland,Danish citizen,2026,18676
Lolland,Foreign citizen,2008,1370
Lolland,Foreign citizen,2009,1402
Lolland,Foreign citizen,2010,1412
Lolland,Foreign citizen,2011,1408
Lolland,Foreign citizen,2012,1392
Lolland,Foreign citizen,2013,1388
Lolland,Foreign citizen,2014,1494
Lolland,Foreign citizen,2015,1630
Lolland,Foreign citizen,2016,1765
Lolland,Foreign citizen,2017,1835
Lolland,Foreign citizen,2018,1863
Lolland,Foreign citizen,2019,1920
Lolland,Foreign citizen,2020,1907
Lolland,Foreign citizen,2021,1909
Lolland,Foreign citizen,2022,2018
Lolland,Foreign citizen,2023,2265
Lolland,Foreign citizen,2024,2422
Lolland,Foreign citizen,2025,2679
Lolland,Foreign citizen,2026,2906
Lyngby-Taarbæk,Danish citizen,2008,29416
Lyngby-Taarbæk,Danish citizen,2009,29477
Lyngby-Taarbæk,Danish citizen,2010,29732
Lyngby-Taarbæk,Danish citizen,2011,29761
Lyngby-Taarbæk,Danish citizen,2012,29882
Lyngby-Taarbæk,Danish citizen,2013,29919
Lyngby-Taarbæk,Danish citizen,2014,29974
Lyngby-Taarbæk,Danish citizen,2015,30025
Lyngby-Taarbæk,Danish citizen,2016,30058
Lyngby-Taarbæk,Danish citizen,2017,30010
Lyngby-Taarbæk,Danish citizen,2018,30132
Lyngby-Taarbæk,Danish citizen,2019,30260
Lyngby-Taarbæk,Danish citizen,2020,30390
Lyngby-Taarbæk,Danish citizen,2021,30544
Lyngby-Taarbæk,Danish citizen,2022,30775
Lyngby-Taarbæk,Danish citizen,2023,30657
Lyngby-Taarbæk,Danish citizen,2024,30392
Lyngby-Taarbæk,Danish citizen,2025,30353
Lyngby-Taarbæk,Danish citizen,2026,30265
Lyngby-Taarbæk,Foreign citizen,2008,2882
Lyngby-Taarbæk,Foreign citizen,2009,2968
Lyngby-Taarbæk,Foreign citizen,2010,3265
Lyngby-Taarbæk,Foreign citizen,2011,3347
Lyngby-Taarbæk,Foreign citizen,2012,3476
Lyngby-Taarbæk,Foreign citizen,2013,3719
Lyngby-Taarbæk,Foreign citizen,2014,3875
Lyngby-Taarbæk,Foreign citizen,2015,4176
Lyngby-Taarbæk,Foreign citizen,2016,4409
Lyngby-Taarbæk,Foreign citizen,2017,4574
Lyngby-Taarbæk,Foreign citizen,2018,4654
Lyngby-Taarbæk,Foreign citizen,2019,4724
Lyngby-Taarbæk,Foreign citizen,2020,4819
Lyngby-Taarbæk,Foreign citizen,2021,4997
Lyngby-Taarbæk,Foreign citizen,2022,5846
Lyngby-Taarbæk,Foreign citizen,2023,6447
Lyngby-Taarbæk,Foreign citizen,2024,6846
Lyngby-Taarbæk,Foreign citizen,2025,7116
Lyngby-Taarbæk,Foreign citizen,2026,7113
Læsø,Danish citizen,2008,1166
Læsø,Danish citizen,2009,1147
Læsø,Danish citizen,2010,1128
Læsø,Danish citizen,2011,1107
Læsø,Danish citizen,2012,1047
Læsø,Danish citizen,2013,995
Læsø,Danish citizen,2014,953
Læsø,Danish citizen,2015,939
Læsø,Danish citizen,2016,921
Læsø,Danish citizen,2017,893
Læsø,Danish citizen,2018,881
Læsø,Danish citizen,2019,865
Læsø,Danish citizen,2020,840
Læsø,Danish citizen,2021,829
Læsø,Danish citizen,2022,817
Læsø,Danish citizen,2023,819
Læsø,Danish citizen,2024,787
Læsø,Danish citizen,2025,767
Læsø,Danish citizen,2026,740
Læsø,Foreign citizen,2008,31
Læsø,Foreign citizen,2009,33
Læsø,Foreign citizen,2010,30
Læsø,Foreign citizen,2011,37
Læsø,Foreign citizen,2012,36
Læsø,Foreign citizen,2013,31
Læsø,Foreign citizen,2014,36
Læsø,Foreign citizen,2015,41
Læsø,Foreign citizen,2016,51
Læsø,Foreign citizen,2017,50
Læsø,Foreign citizen,2018,49
Læsø,Foreign citizen,2019,49
Læsø,Foreign citizen,2020,52
Læsø,Foreign citizen,2021,47
Læsø,Foreign citizen,2022,53
Læsø,Foreign citizen,2023,61
Læsø,Foreign citizen,2024,57
Læsø,Foreign citizen,2025,52
Læsø,Foreign citizen,2026,49
Mariagerfjord,Danish citizen,2008,26440
Mariagerfjord,Danish citizen,2009,26365
Mariagerfjord,Danish citizen,2010,26152
Mariagerfjord,Danish citizen,2011,25893
Mariagerfjord,Danish citizen,2012,25699
Mariagerfjord,Danish citizen,2013,25301
Mariagerfjord,Danish citizen,2014,25125
Mariagerfjord,Danish citizen,2015,24926
Mariagerfjord,Danish citizen,2016,24667
Mariagerfjord,Danish citizen,2017,24443
Mariagerfjord,Danish citizen,2018,24243
Mariagerfjord,Danish citizen,2019,23958
Mariagerfjord,Danish citizen,2020,23577
Mariagerfjord,Danish citizen,2021,23281
Mariagerfjord,Danish citizen,2022,23144
Mariagerfjord,Danish citizen,2023,22935
Mariagerfjord,Danish citizen,2024,22658
Mariagerfjord,Danish citizen,2025,22404
Mariagerfjord,Danish citizen,2026,22175
Mariagerfjord,Foreign citizen,2008,1012
Mariagerfjord,Foreign citizen,2009,1154
Mariagerfjord,Foreign citizen,2010,1163
Mariagerfjord,Foreign citizen,2011,1251
Mariagerfjord,Foreign citizen,2012,1296
Mariagerfjord,Foreign citizen,2013,1295
Mariagerfjord,Foreign citizen,2014,1453
Mariagerfjord,Foreign citizen,2015,1610
Mariagerfjord,Foreign citizen,2016,1756
Mariagerfjord,Foreign citizen,2017,1814
Mariagerfjord,Foreign citizen,2018,1935
Mariagerfjord,Foreign citizen,2019,1959
Mariagerfjord,Foreign citizen,2020,1973
Mariagerfjord,Foreign citizen,2021,1939
Mariagerfjord,Foreign citizen,2022,2036
Mariagerfjord,Foreign citizen,2023,2289
Mariagerfjord,Foreign citizen,2024,2320
Mariagerfjord,Foreign citizen,2025,2436
Mariagerfjord,Foreign citizen,2026,2462
Middelfart,Danish citizen,2008,22859
Middelfart,Danish citizen,2009,22909
Middelfart,Danish citizen,2010,22778
Middelfart,Danish citizen,2011,22584
Middelfart,Danish citizen,2012,22335
Middelfart,Danish citizen,2013,22161
Middelfart,Danish citizen,2014,22029
Middelfart,Danish citizen,2015,21925
Middelfart,Danish citizen,2016,21721
Middelfart,Danish citizen,2017,21850
Middelfart,Danish citizen,2018,21700
Middelfart,Danish citizen,2019,21756
Middelfart,Danish citizen,2020,21962
Middelfart,Danish citizen,2021,21977
Middelfart,Danish citizen,2022,22204
Middelfart,Danish citizen,2023,22195
Middelfart,Danish citizen,2024,22257
Middelfart,Danish citizen,2025,22208
Middelfart,Danish citizen,2026,22154
Middelfart,Foreign citizen,2008,830
Middelfart,Foreign citizen,2009,883
Middelfart,Foreign citizen,2010,880
Middelfart,Foreign citizen,2011,928
Middelfart,Foreign citizen,2012,976
Middelfart,Foreign citizen,2013,1041
Middelfart,Foreign citizen,2014,1150
Middelfart,Foreign citizen,2015,1298
Middelfart,Foreign citizen,2016,1452
Middelfart,Foreign citizen,2017,1447
Middelfart,Foreign citizen,2018,1469
Middelfart,Foreign citizen,2019,1584
Middelfart,Foreign citizen,2020,1541
Middelfart,Foreign citizen,2021,1596
Middelfart,Foreign citizen,2022,1639
Middelfart,Foreign citizen,2023,1806
Middelfart,Foreign citizen,2024,1861
Middelfart,Foreign citizen,2025,1895
Middelfart,Foreign citizen,2026,1982
Morsø,Danish citizen,2008,13475
Morsø,Danish citizen,2009,13449
Morsø,Danish citizen,2010,13211
Morsø,Danish citizen,2011,12964
Morsø,Danish citizen,2012,12709
Morsø,Danish citizen,2013,12478
Morsø,Danish citizen,2014,12239
Morsø,Danish citizen,2015,12087
Morsø,Danish citizen,2016,11749
Morsø,Danish citizen,2017,11596
Morsø,Danish citizen,2018,11431
Morsø,Danish citizen,2019,11314
Morsø,Danish citizen,2020,11086
Morsø,Danish citizen,2021,10936
Morsø,Danish citizen,2022,10817
Morsø,Danish citizen,2023,10634
Morsø,Danish citizen,2024,10492
Morsø,Danish citizen,2025,10311
Morsø,Danish citizen,2026,10119
Morsø,Foreign citizen,2008,428
Morsø,Foreign citizen,2009,499
Morsø,Foreign citizen,2010,526
Morsø,Foreign citizen,2011,543
Morsø,Foreign citizen,2012,579
Morsø,Foreign citizen,2013,568
Morsø,Foreign citizen,2014,571
Morsø,Foreign citizen,2015,597
Morsø,Foreign citizen,2016,701
Morsø,Foreign citizen,2017,764
Morsø,Foreign citizen,2018,784
Morsø,Foreign citizen,2019,791
Morsø,Foreign citizen,2020,824
Morsø,Foreign citizen,2021,804
Morsø,Foreign citizen,2022,865
Morsø,Foreign citizen,2023,933
Morsø,Foreign citizen,2024,901
Morsø,Foreign citizen,2025,893
Morsø,Foreign citizen,2026,935
Norddjurs,Danish citizen,2008,23800
Norddjurs,Danish citizen,2009,23618
Norddjurs,Danish citizen,2010,23333
Norddjurs,Danish citizen,2011,23237
Norddjurs,Danish citizen,2012,22910
Norddjurs,Danish citizen,2013,22846
Norddjurs,Danish citizen,2014,22601
Norddjurs,Danish citizen,2015,22365
Norddjurs,Danish citizen,2016,22229
Norddjurs,Danish citizen,2017,21929
Norddjurs,Danish citizen,2018,21637
Norddjurs,Danish citizen,2019,21111
Norddjurs,Danish citizen,2020,20665
Norddjurs,Danish citizen,2021,20463
Norddjurs,Danish citizen,2022,20166
Norddjurs,Danish citizen,2023,19817
Norddjurs,Danish citizen,2024,19466
Norddjurs,Danish citizen,2025,19217
Norddjurs,Danish citizen,2026,18863
Norddjurs,Foreign citizen,2008,1022
Norddjurs,Foreign citizen,2009,1043
Norddjurs,Foreign citizen,2010,1107
Norddjurs,Foreign citizen,2011,1101
Norddjurs,Foreign citizen,2012,1173
Norddjurs,Foreign citizen,2013,1292
Norddjurs,Foreign citizen,2014,1374
Norddjurs,Foreign citizen,2015,1445
Norddjurs,Foreign citizen,2016,1674
Norddjurs,Foreign citizen,2017,1796
Norddjurs,Foreign citizen,2018,2064
Norddjurs,Foreign citizen,2019,2067
Norddjurs,Foreign citizen,2020,1946
Norddjurs,Foreign citizen,2021,1929
Norddjurs,Foreign citizen,2022,2064
Norddjurs,Foreign citizen,2023,2321
Norddjurs,Foreign citizen,2024,2320
Norddjurs,Foreign citizen,2025,2386
Norddjurs,Foreign citizen,2026,2549
Nordfyns,Danish citizen,2008,18213
Nordfyns,Danish citizen,2009,18129
Nordfyns,Danish citizen,2010,18016
Nordfyns,Danish citizen,2011,17878
Nordfyns,Danish citizen,2012,17576
Nordfyns,Danish citizen,2013,17333
Nordfyns,Danish citizen,2014,17101
Nordfyns,Danish citizen,2015,16931
Nordfyns,Danish citizen,2016,16851
Nordfyns,Danish citizen,2017,16781
Nordfyns,Danish citizen,2018,16636
Nordfyns,Danish citizen,2019,16607
Nordfyns,Danish citizen,2020,16383
Nordfyns,Danish citizen,2021,16183
Nordfyns,Danish citizen,2022,16215
Nordfyns,Danish citizen,2023,16081
Nordfyns,Danish citizen,2024,15894
Nordfyns,Danish citizen,2025,15636
Nordfyns,Danish citizen,2026,15345
Nordfyns,Foreign citizen,2008,627
Nordfyns,Foreign citizen,2009,688
Nordfyns,Foreign citizen,2010,727
Nordfyns,Foreign citizen,2011,735
Nordfyns,Foreign citizen,2012,774
Nordfyns,Foreign citizen,2013,871
Nordfyns,Foreign citizen,2014,933
Nordfyns,Foreign citizen,2015,1067
Nordfyns,Foreign citizen,2016,1261
Nordfyns,Foreign citizen,2017,1307
Nordfyns,Foreign citizen,2018,1461
Nordfyns,Foreign citizen,2019,1559
Nordfyns,Foreign citizen,2020,1636
Nordfyns,Foreign citizen,2021,1659
Nordfyns,Foreign citizen,2022,1731
Nordfyns,Foreign citizen,2023,1838
Nordfyns,Foreign citizen,2024,1911
Nordfyns,Foreign citizen,2025,1966
Nordfyns,Foreign citizen,2026,2079
Nyborg,Danish citizen,2008,19423
Nyborg,Danish citizen,2009,19292
Nyborg,Danish citizen,2010,19079
Nyborg,Danish citizen,2011,18864
Nyborg,Danish citizen,2012,18691
Nyborg,Danish citizen,2013,18463
Nyborg,Danish citizen,2014,18282
Nyborg,Danish citizen,2015,18296
Nyborg,Danish citizen,2016,18281
Nyborg,Danish citizen,2017,18281
Nyborg,Danish citizen,2018,18039
Nyborg,Danish citizen,2019,17979
Nyborg,Danish citizen,2020,17888
Nyborg,Danish citizen,2021,17755
Nyborg,Danish citizen,2022,17792
Nyborg,Danish citizen,2023,17783
Nyborg,Danish citizen,2024,17657
Nyborg,Danish citizen,2025,17601
Nyborg,Danish citizen,2026,17522
Nyborg,Foreign citizen,2008,672
Nyborg,Foreign citizen,2009,738
Nyborg,Foreign citizen,2010,753
Nyborg,Foreign citizen,2011,775
Nyborg,Foreign citizen,2012,805
Nyborg,Foreign citizen,2013,839
Nyborg,Foreign citizen,2014,880
Nyborg,Foreign citizen,2015,1016
Nyborg,Foreign citizen,2016,1187
Nyborg,Foreign citizen,2017,1233
Nyborg,Foreign citizen,2018,1260
Nyborg,Foreign citizen,2019,1328
Nyborg,Foreign citizen,2020,1306
Nyborg,Foreign citizen,2021,1305
Nyborg,Foreign citizen,2022,1359
Nyborg,Foreign citizen,2023,1495
Nyborg,Foreign citizen,2024,1485
Nyborg,Foreign citizen,2025,1597
Nyborg,Foreign citizen,2026,1709
Næstved,Danish citizen,2008,50942
Næstved,Danish citizen,2009,50721
Næstved,Danish citizen,2010,50522
Næstved,Danish citizen,2011,50004
Næstved,Danish citizen,2012,49573
Næstved,Danish citizen,2013,49215
Næstved,Danish citizen,2014,49027
Næstved,Danish citizen,2015,48857
Næstved,Danish citizen,2016,48786
Næstved,Danish citizen,2017,48533
Næstved,Danish citizen,2018,48380
Næstved,Danish citizen,2019,48205
Næstved,Danish citizen,2020,48131
Næstved,Danish citizen,2021,47876
Næstved,Danish citizen,2022,48024
Næstved,Danish citizen,2023,47997
Næstved,Danish citizen,2024,47825
Næstved,Danish citizen,2025,47619
Næstved,Danish citizen,2026,47577
Næstved,Foreign citizen,2008,2043
Næstved,Foreign citizen,2009,2166
Næstved,Foreign citizen,2010,2250
Næstved,Foreign citizen,2011,2350
Næstved,Foreign citizen,2012,2402
Næstved,Foreign citizen,2013,2538
Næstved,Foreign citizen,2014,2735
Næstved,Foreign citizen,2015,2963
Næstved,Foreign citizen,2016,3365
Næstved,Foreign citizen,2017,3576
Næstved,Foreign citizen,2018,3799
Næstved,Foreign citizen,2019,3846
Næstved,Foreign citizen,2020,3894
Næstved,Foreign citizen,2021,3863
Næstved,Foreign citizen,2022,4031
Næstved,Foreign citizen,2023,4452
Næstved,Foreign citizen,2024,4622
Næstved,Foreign citizen,2025,4891
Næstved,Foreign citizen,2026,5103
Odder,Danish citizen,2008,13154
Odder,Danish citizen,2009,13097
Odder,Danish citizen,2010,13098
Odder,Danish citizen,2011,13103
Odder,Danish citizen,2012,12867
Odder,Danish citizen,2013,12788
Odder,Danish citizen,2014,12628
Odder,Danish citizen,2015,12586
Odder,Danish citizen,2016,12539
Odder,Danish citizen,2017,12424
Odder,Danish citizen,2018,12559
Odder,Danish citizen,2019,12549
Odder,Danish citizen,2020,12570
Odder,Danish citizen,2021,12564
Odder,Danish citizen,2022,12672
Odder,Danish citizen,2023,12680
Odder,Danish citizen,2024,12805
Odder,Danish citizen,2025,12836
Odder,Danish citizen,2026,12785
Odder,Foreign citizen,2008,554
Odder,Foreign citizen,2009,621
Odder,Foreign citizen,2010,663
Odder,Foreign citizen,2011,654
Odder,Foreign citizen,2012,671
Odder,Foreign citizen,2013,673
Odder,Foreign citizen,2014,755
Odder,Foreign citizen,2015,855
Odder,Foreign citizen,2016,966
Odder,Foreign citizen,2017,1048
Odder,Foreign citizen,2018,1095
Odder,Foreign citizen,2019,1075
Odder,Foreign citizen,2020,1041
Odder,Foreign citizen,2021,1037
Odder,Foreign citizen,2022,1026
Odder,Foreign citizen,2023,1161
Odder,Foreign citizen,2024,1174
Odder,Foreign citizen,2025,1199
Odder,Foreign citizen,2026,1278
Odense,Danish citizen,2008,117635
Odense,Danish citizen,2009,117599
Odense,Danish citizen,2010,117611
Odense,Danish citizen,2011,117828
Odense,Danish citizen,2012,118161
Odense,Danish citizen,2013,118805
Odense,Danish citizen,2014,119639
Odense,Danish citizen,2015,120220
Odense,Danish citizen,2016,120525
Odense,Danish citizen,2017,121473
Odense,Danish citizen,2018,122124
Odense,Danish citizen,2019,122405
Odense,Danish citizen,2020,122929
Odense,Danish citizen,2021,123795
Odense,Danish citizen,2022,123554
Odense,Danish citizen,2023,123701
Odense,Danish citizen,2024,124026
Odense,Danish citizen,2025,124548
Odense,Danish citizen,2026,125107
Odense,Foreign citizen,2008,9354
Odense,Foreign citizen,2009,9782
Odense,Foreign citizen,2010,10007
Odense,Foreign citizen,2011,10501
Odense,Foreign citizen,2012,10805
Odense,Foreign citizen,2013,11286
Odense,Foreign citizen,2014,12138
Odense,Foreign citizen,2015,12704
Odense,Foreign citizen,2016,13427
Odense,Foreign citizen,2017,13495
Odense,Foreign citizen,2018,14217
Odense,Foreign citizen,2019,15237
Odense,Foreign citizen,2020,15056
Odense,Foreign citizen,2021,14222
Odense,Foreign citizen,2022,14753
Odense,Foreign citizen,2023,15924
Odense,Foreign citizen,2024,16587
Odense,Foreign citizen,2025,17099
Odense,Foreign citizen,2026,18130
Odsherred,Danish citizen,2008,20269
Odsherred,Danish citizen,2009,20051
Odsherred,Danish citizen,2010,19702
Odsherred,Danish citizen,2011,19435
Odsherred,Danish citizen,2012,19027
Odsherred,Danish citizen,2013,18609
Odsherred,Danish citizen,2014,18375
Odsherred,Danish citizen,2015,18152
Odsherred,Danish citizen,2016,17961
Odsherred,Danish citizen,2017,17822
Odsherred,Danish citizen,2018,17638
Odsherred,Danish citizen,2019,17490
Odsherred,Danish citizen,2020,17262
Odsherred,Danish citizen,2021,17217
Odsherred,Danish citizen,2022,16970
Odsherred,Danish citizen,2023,16758
Odsherred,Danish citizen,2024,16409
Odsherred,Danish citizen,2025,16115
Odsherred,Danish citizen,2026,15810
Odsherred,Foreign citizen,2008,676
Odsherred,Foreign citizen,2009,720
Odsherred,Foreign citizen,2010,736
Odsherred,Foreign citizen,2011,716
Odsherred,Foreign citizen,2012,744
Odsherred,Foreign citizen,2013,765
Odsherred,Foreign citizen,2014,834
Odsherred,Foreign citizen,2015,955
Odsherred,Foreign citizen,2016,1115
Odsherred,Foreign citizen,2017,1198
Odsherred,Foreign citizen,2018,1219
Odsherred,Foreign citizen,2019,1253
Odsherred,Foreign citizen,2020,1212
Odsherred,Foreign citizen,2021,1233
Odsherred,Foreign citizen,2022,1316
Odsherred,Foreign citizen,2023,1472
Odsherred,Foreign citizen,2024,1477
Odsherred,Foreign citizen,2025,1477
Odsherred,Foreign citizen,2026,1503
Randers,Danish citizen,2008,58642
Randers,Danish citizen,2009,58625
Randers,Danish citizen,2010,58650
Randers,Danish citizen,2011,58683
Randers,Danish citizen,2012,58469
Randers,Danish citizen,2013,58223
Randers,Danish citizen,2014,58000
Randers,Danish citizen,2015,57869
Randers,Danish citizen,2016,57673
Randers,Danish citizen,2017,57745
Randers,Danish citizen,2018,57522
Randers,Danish citizen,2019,57084
Randers,Danish citizen,2020,56858
Randers,Danish citizen,2021,56830
Randers,Danish citizen,2022,56967
Randers,Danish citizen,2023,57068
Randers,Danish citizen,2024,57040
Randers,Danish citizen,2025,56963
Randers,Danish citizen,2026,56775
Randers,Foreign citizen,2008,2414
Randers,Foreign citizen,2009,2622
Randers,Foreign citizen,2010,2693
Randers,Foreign citizen,2011,2857
Randers,Foreign citizen,2012,3051
Randers,Foreign citizen,2013,3238
Randers,Foreign citizen,2014,3548
Randers,Foreign citizen,2015,3876
Randers,Foreign citizen,2016,4479
Randers,Foreign citizen,2017,4670
Randers,Foreign citizen,2018,4795
Randers,Foreign citizen,2019,4865
Randers,Foreign citizen,2020,4725
Randers,Foreign citizen,2021,4912
Randers,Foreign citizen,2022,5259
Randers,Foreign citizen,2023,5812
Randers,Foreign citizen,2024,5790
Randers,Foreign citizen,2025,6037
Randers,Foreign citizen,2026,6238
Rebild,Danish citizen,2008,17832
Rebild,Danish citizen,2009,17789
Rebild,Danish citizen,2010,17633
Rebild,Danish citizen,2011,17519
Rebild,Danish citizen,2012,17408
Rebild,Danish citizen,2013,17180
Rebild,Danish citizen,2014,17064
Rebild,Danish citizen,2015,16918
Rebild,Danish citizen,2016,16963
Rebild,Danish citizen,2017,16979
Rebild,Danish citizen,2018,17143
Rebild,Danish citizen,2019,17097
Rebild,Danish citizen,2020,17167
Rebild,Danish citizen,2021,17322
Rebild,Danish citizen,2022,17264
Rebild,Danish citizen,2023,17193
Rebild,Danish citizen,2024,17232
Rebild,Danish citizen,2025,17179
Rebild,Danish citizen,2026,17323
Rebild,Foreign citizen,2008,626
Rebild,Foreign citizen,2009,697
Rebild,Foreign citizen,2010,716
Rebild,Foreign citizen,2011,756
Rebild,Foreign citizen,2012,771
Rebild,Foreign citizen,2013,831
Rebild,Foreign citizen,2014,829
Rebild,Foreign citizen,2015,875
Rebild,Foreign citizen,2016,1001
Rebild,Foreign citizen,2017,1041
Rebild,Foreign citizen,2018,1108
Rebild,Foreign citizen,2019,1110
Rebild,Foreign citizen,2020,1113
Rebild,Foreign citizen,2021,1130
Rebild,Foreign citizen,2022,1161
Rebild,Foreign citizen,2023,1291
Rebild,Foreign citizen,2024,1266
Rebild,Foreign citizen,2025,1267
Rebild,Foreign citizen,2026,1343
Ringkøbing-Skjern,Danish citizen,2008,35042
Ringkøbing-Skjern,Danish citizen,2009,35075
Ringkøbing-Skjern,Danish citizen,2010,34638
Ringkøbing-Skjern,Danish citizen,2011,34095
Ringkøbing-Skjern,Danish citizen,2012,33609
Ringkøbing-Skjern,Danish citizen,2013,33122
Ringkøbing-Skjern,Danish citizen,2014,32581
Ringkøbing-Skjern,Danish citizen,2015,32229
Ringkøbing-Skjern,Danish citizen,2016,31792
Ringkøbing-Skjern,Danish citizen,2017,31431
Ringkøbing-Skjern,Danish citizen,2018,31033
Ringkøbing-Skjern,Danish citizen,2019,30768
Ringkøbing-Skjern,Danish citizen,2020,30399
Ringkøbing-Skjern,Danish citizen,2021,30010
Ringkøbing-Skjern,Danish citizen,2022,29711
Ringkøbing-Skjern,Danish citizen,2023,29281
Ringkøbing-Skjern,Danish citizen,2024,28889
Ringkøbing-Skjern,Danish citizen,2025,28327
Ringkøbing-Skjern,Danish citizen,2026,27874
Ringkøbing-Skjern,Foreign citizen,2008,1912
Ringkøbing-Skjern,Foreign citizen,2009,2291
Ringkøbing-Skjern,Foreign citizen,2010,2330
Ringkøbing-Skjern,Foreign citizen,2011,2387
Ringkøbing-Skjern,Foreign citizen,2012,2478
Ringkøbing-Skjern,Foreign citizen,2013,2581
Ringkøbing-Skjern,Foreign citizen,2014,2642
Ringkøbing-Skjern,Foreign citizen,2015,2884
Ringkøbing-Skjern,Foreign citizen,2016,3263
Ringkøbing-Skjern,Foreign citizen,2017,3427
Ringkøbing-Skjern,Foreign citizen,2018,3687
Ringkøbing-Skjern,Foreign citizen,2019,3859
Ringkøbing-Skjern,Foreign citizen,2020,3921
Ringkøbing-Skjern,Foreign citizen,2021,3917
Ringkøbing-Skjern,Foreign citizen,2022,4207
Ringkøbing-Skjern,Foreign citizen,2023,4594
Ringkøbing-Skjern,Foreign citizen,2024,4808
Ringkøbing-Skjern,Foreign citizen,2025,4853
Ringkøbing-Skjern,Foreign citizen,2026,5069
Ringsted,Danish citizen,2008,19968
Ringsted,Danish citizen,2009,20020
Ringsted,Danish citizen,2010,20005
Ringsted,Danish citizen,2011,20005
Ringsted,Danish citizen,2012,20057
Ringsted,Danish citizen,2013,19971
Ringsted,Danish citizen,2014,19851
Ringsted,Danish citizen,2015,19858
Ringsted,Danish citizen,2016,19952
Ringsted,Danish citizen,2017,20018
Ringsted,Danish citizen,2018,20112
Ringsted,Danish citizen,2019,20126
Ringsted,Danish citizen,2020,20097
Ringsted,Danish citizen,2021,19943
Ringsted,Danish citizen,2022,20014
Ringsted,Danish citizen,2023,20160
Ringsted,Danish citizen,2024,20161
Ringsted,Danish citizen,2025,19941
Ringsted,Danish citizen,2026,19730
Ringsted,Foreign citizen,2008,1176
Ringsted,Foreign citizen,2009,1319
Ringsted,Foreign citizen,2010,1406
Ringsted,Foreign citizen,2011,1471
Ringsted,Foreign citizen,2012,1520
Ringsted,Foreign citizen,2013,1577
Ringsted,Foreign citizen,2014,1694
Ringsted,Foreign citizen,2015,1833
Ringsted,Foreign citizen,2016,2140
Ringsted,Foreign citizen,2017,2250
Ringsted,Foreign citizen,2018,2198
Ringsted,Foreign citizen,2019,2376
Ringsted,Foreign citizen,2020,2502
Ringsted,Foreign citizen,2021,2605
Ringsted,Foreign citizen,2022,2722
Ringsted,Foreign citizen,2023,3130
Ringsted,Foreign citizen,2024,3458
Ringsted,Foreign citizen,2025,3601
Ringsted,Foreign citizen,2026,3554
Roskilde,Danish citizen,2008,49571
Roskilde,Danish citizen,2009,49446
Roskilde,Danish citizen,2010,49541
Roskilde,Danish citizen,2011,49540
Roskilde,Danish citizen,2012,49510
Roskilde,Danish citizen,2013,49455
Roskilde,Danish citizen,2014,49557
Roskilde,Danish citizen,2015,49648
Roskilde,Danish citizen,2016,50022
Roskilde,Danish citizen,2017,50338
Roskilde,Danish citizen,2018,50664
Roskilde,Danish citizen,2019,50628
Roskilde,Danish citizen,2020,50807
Roskilde,Danish citizen,2021,51386
Roskilde,Danish citizen,2022,51584
Roskilde,Danish citizen,2023,51836
Roskilde,Danish citizen,2024,51892
Roskilde,Danish citizen,2025,52173
Roskilde,Danish citizen,2026,52563
Roskilde,Foreign citizen,2008,3237
Roskilde,Foreign citizen,2009,3590
Roskilde,Foreign citizen,2010,3719
Roskilde,Foreign citizen,2011,3758
Roskilde,Foreign citizen,2012,3984
Roskilde,Foreign citizen,2013,4067
Roskilde,Foreign citizen,2014,4338
Roskilde,Foreign citizen,2015,4623
Roskilde,Foreign citizen,2016,5007
Roskilde,Foreign citizen,2017,5040
Roskilde,Foreign citizen,2018,4814
Roskilde,Foreign citizen,2019,4847
Roskilde,Foreign citizen,2020,4829
Roskilde,Foreign citizen,2021,4859
Roskilde,Foreign citizen,2022,5039
Roskilde,Foreign citizen,2023,5430
Roskilde,Foreign citizen,2024,5647
Roskilde,Foreign citizen,2025,5875
Roskilde,Foreign citizen,2026,6188
Rudersdal,Danish citizen,2008,29745
Rudersdal,Danish citizen,2009,29539
Rudersdal,Danish citizen,2010,29596
Rudersdal,Danish citizen,2011,29478
Rudersdal,Danish citizen,2012,29220
Rudersdal,Danish citizen,2013,29113
Rudersdal,Danish citizen,2014,28976
Rudersdal,Danish citizen,2015,29117
Rudersdal,Danish citizen,2016,29273
Rudersdal,Danish citizen,2017,29397
Rudersdal,Danish citizen,2018,29216
Rudersdal,Danish citizen,2019,29228
Rudersdal,Danish citizen,2020,29223
Rudersdal,Danish citizen,2021,29489
Rudersdal,Danish citizen,2022,29496
Rudersdal,Danish citizen,2023,29245
Rudersdal,Danish citizen,2024,29171
Rudersdal,Danish citizen,2025,29067
Rudersdal,Danish citizen,2026,29195
Rudersdal,Foreign citizen,2008,2767
Rudersdal,Foreign citizen,2009,2939
Rudersdal,Foreign citizen,2010,3058
Rudersdal,Foreign citizen,2011,3089
Rudersdal,Foreign citizen,2012,3038
Rudersdal,Foreign citizen,2013,3132
Rudersdal,Foreign citizen,2014,3281
Rudersdal,Foreign citizen,2015,3397
Rudersdal,Foreign citizen,2016,3533
Rudersdal,Foreign citizen,2017,3646
Rudersdal,Foreign citizen,2018,3637
Rudersdal,Foreign citizen,2019,3978
Rudersdal,Foreign citizen,2020,4004
Rudersdal,Foreign citizen,2021,3889
Rudersdal,Foreign citizen,2022,3838
Rudersdal,Foreign citizen,2023,4042
Rudersdal,Foreign citizen,2024,4207
Rudersdal,Foreign citizen,2025,4356
Rudersdal,Foreign citizen,2026,4666
Rødovre,Danish citizen,2008,21199
Rødovre,Danish citizen,2009,21204
Rødovre,Danish citizen,2010,21166
Rødovre,Danish citizen,2011,21200
Rødovre,Danish citizen,2012,21319
Rødovre,Danish citizen,2013,21396
Rødovre,Danish citizen,2014,21379
Rødovre,Danish citizen,2015,21348
Rødovre,Danish citizen,2016,21394
Rødovre,Danish citizen,2017,21615
Rødovre,Danish citizen,2018,21877
Rødovre,Danish citizen,2019,22109
Rødovre,Danish citizen,2020,22289
Rødovre,Danish citizen,2021,22347
Rødovre,Danish citizen,2022,22269
Rødovre,Danish citizen,2023,22553
Rødovre,Danish citizen,2024,23038
Rødovre,Danish citizen,2025,22999
Rødovre,Danish citizen,2026,22977
Rødovre,Foreign citizen,2008,1797
Rødovre,Foreign citizen,2009,1868
Rødovre,Foreign citizen,2010,1905
Rødovre,Foreign citizen,2011,2073
Rødovre,Foreign citizen,2012,2211
Rødovre,Foreign citizen,2013,2359
Rødovre,Foreign citizen,2014,2527
Rødovre,Foreign citizen,2015,2652
Rødovre,Foreign citizen,2016,2836
Rødovre,Foreign citizen,2017,2973
Rødovre,Foreign citizen,2018,3239
Rødovre,Foreign citizen,2019,3412
Rødovre,Foreign citizen,2020,3582
Rødovre,Foreign citizen,2021,3781
Rødovre,Foreign citizen,2022,3987
Rødovre,Foreign citizen,2023,4669
Rødovre,Foreign citizen,2024,5575
Rødovre,Foreign citizen,2025,5937
Rødovre,Foreign citizen,2026,6190
Samsø,Danish citizen,2008,2357
Samsø,Danish citizen,2009,2276
Samsø,Danish citizen,2010,2272
Samsø,Danish citizen,2011,2159
Samsø,Danish citizen,2012,2115
Samsø,Danish citizen,2013,2017
Samsø,Danish citizen,2014,1973
Samsø,Danish citizen,2015,1925
Samsø,Danish citizen,2016,1881
Samsø,Danish citizen,2017,1827
Samsø,Danish citizen,2018,1792
Samsø,Danish citizen,2019,1769
Samsø,Danish citizen,2020,1728
Samsø,Danish citizen,2021,1722
Samsø,Danish citizen,2022,1735
Samsø,Danish citizen,2023,1719
Samsø,Danish citizen,2024,1653
Samsø,Danish citizen,2025,1600
Samsø,Danish citizen,2026,1551
Samsø,Foreign citizen,2008,111
Samsø,Foreign citizen,2009,116
Samsø,Foreign citizen,2010,123
Samsø,Foreign citizen,2011,125
Samsø,Foreign citizen,2012,127
Samsø,Foreign citizen,2013,127
Samsø,Foreign citizen,2014,146
Samsø,Foreign citizen,2015,161
Samsø,Foreign citizen,2016,184
Samsø,Foreign citizen,2017,211
Samsø,Foreign citizen,2018,215
Samsø,Foreign citizen,2019,202
Samsø,Foreign citizen,2020,194
Samsø,Foreign citizen,2021,218
Samsø,Foreign citizen,2022,223
Samsø,Foreign citizen,2023,240
Samsø,Foreign citizen,2024,239
Samsø,Foreign citizen,2025,239
Samsø,Foreign citizen,2026,262
Silkeborg,Danish citizen,2008,54694
Silkeborg,Danish citizen,2009,54708
Silkeborg,Danish citizen,2010,54642
Silkeborg,Danish citizen,2011,54467
Silkeborg,Danish citizen,2012,54241
Silkeborg,Danish citizen,2013,53744
Silkeborg,Danish citizen,2014,53454
Silkeborg,Danish citizen,2015,53215
Silkeborg,Danish citizen,2016,53156
Silkeborg,Danish citizen,2017,53081
Silkeborg,Danish citizen,2018,53280
Silkeborg,Danish citizen,2019,53749
Silkeborg,Danish citizen,2020,53983
Silkeborg,Danish citizen,2021,54642
Silkeborg,Danish citizen,2022,55475
Silkeborg,Danish citizen,2023,56175
Silkeborg,Danish citizen,2024,56697
Silkeborg,Danish citizen,2025,56962
Silkeborg,Danish citizen,2026,57151
Silkeborg,Foreign citizen,2008,2196
Silkeborg,Foreign citizen,2009,2397
Silkeborg,Foreign citizen,2010,2508
Silkeborg,Foreign citizen,2011,2682
Silkeborg,Foreign citizen,2012,2852
Silkeborg,Foreign citizen,2013,2878
Silkeborg,Foreign citizen,2014,3170
Silkeborg,Foreign citizen,2015,3434
Silkeborg,Foreign citizen,2016,3785
Silkeborg,Foreign citizen,2017,3975
Silkeborg,Foreign citizen,2018,4115
Silkeborg,Foreign citizen,2019,4245
Silkeborg,Foreign citizen,2020,4364
Silkeborg,Foreign citizen,2021,4485
Silkeborg,Foreign citizen,2022,4703
Silkeborg,Foreign citizen,2023,5259
Silkeborg,Foreign citizen,2024,5475
Silkeborg,Foreign citizen,2025,5534
Silkeborg,Foreign citizen,2026,5786
Skanderborg,Danish citizen,2008,35149
Skanderborg,Danish citizen,2009,35276
Skanderborg,Danish citizen,2010,35406
Skanderborg,Danish citizen,2011,35239
Skanderborg,Danish citizen,2012,35103
Skanderborg,Danish citizen,2013,34785
Skanderborg,Danish citizen,2014,34588
Skanderborg,Danish citizen,2015,34709
Skanderborg,Danish citizen,2016,34781
Skanderborg,Danish citizen,2017,35147
Skanderborg,Danish citizen,2018,35318
Skanderborg,Danish citizen,2019,35528
Skanderborg,Danish citizen,2020,35821
Skanderborg,Danish citizen,2021,36126
Skanderborg,Danish citizen,2022,36415
Skanderborg,Danish citizen,2023,36503
Skanderborg,Danish citizen,2024,36454
Skanderborg,Danish citizen,2025,36695
Skanderborg,Danish citizen,2026,36884
Skanderborg,Foreign citizen,2008,1269
Skanderborg,Foreign citizen,2009,1362
Skanderborg,Foreign citizen,2010,1439
Skanderborg,Foreign citizen,2011,1516
Skanderborg,Foreign citizen,2012,1570
Skanderborg,Foreign citizen,2013,1678
Skanderborg,Foreign citizen,2014,1709
Skanderborg,Foreign citizen,2015,1844
Skanderborg,Foreign citizen,2016,2095
Skanderborg,Foreign citizen,2017,2272
Skanderborg,Foreign citizen,2018,2358
Skanderborg,Foreign citizen,2019,2460
Skanderborg,Foreign citizen,2020,2437
Skanderborg,Foreign citizen,2021,2395
Skanderborg,Foreign citizen,2022,2469
Skanderborg,Foreign citizen,2023,2734
Skanderborg,Foreign citizen,2024,2694
Skanderborg,Foreign citizen,2025,2672
Skanderborg,Foreign citizen,2026,2753
Skive,Danish citizen,2008,29873
Skive,Danish citizen,2009,29715
Skive,Danish citizen,2010,29491
Skive,Danish citizen,2011,29233
Skive,Danish citizen,2012,28860
Skive,Danish citizen,2013,28391
Skive,Danish citizen,2014,27967
Skive,Danish citizen,2015,27654
Skive,Danish citizen,2016,27335
Skive,Danish citizen,2017,26987
Skive,Danish citizen,2018,26746
Skive,Danish citizen,2019,26262
Skive,Danish citizen,2020,25878
Skive,Danish citizen,2021,25379
Skive,Danish citizen,2022,24992
Skive,Danish citizen,2023,24645
Skive,Danish citizen,2024,24281
Skive,Danish citizen,2025,23932
Skive,Danish citizen,2026,23579
Skive,Foreign citizen,2008,1037
Skive,Foreign citizen,2009,1126
Skive,Foreign citizen,2010,1139
Skive,Foreign citizen,2011,1170
Skive,Foreign citizen,2012,1142
Skive,Foreign citizen,2013,1202
Skive,Foreign citizen,2014,1260
Skive,Foreign citizen,2015,1360
Skive,Foreign citizen,2016,1580
Skive,Foreign citizen,2017,1692
Skive,Foreign citizen,2018,1822
Skive,Foreign citizen,2019,1927
Skive,Foreign citizen,2020,1954
Skive,Foreign citizen,2021,1938
Skive,Foreign citizen,2022,2030
Skive,Foreign citizen,2023,2291
Skive,Foreign citizen,2024,2317
Skive,Foreign citizen,2025,2317
Skive,Foreign citizen,2026,2439
Slagelse,Danish citizen,2008,47941
Slagelse,Danish citizen,2009,47802
Slagelse,Danish citizen,2010,47479
Slagelse,Danish citizen,2011,47190
Slagelse,Danish citizen,2012,46732
Slagelse,Danish citizen,2013,46381
Slagelse,Danish citizen,2014,45910
Slagelse,Danish citizen,2015,45685
Slagelse,Danish citizen,2016,45860
Slagelse,Danish citizen,2017,46072
Slagelse,Danish citizen,2018,45850
Slagelse,Danish citizen,2019,45663
Slagelse,Danish citizen,2020,45369
Slagelse,Danish citizen,2021,45295
Slagelse,Danish citizen,2022,45449
Slagelse,Danish citizen,2023,45069
Slagelse,Danish citizen,2024,44959
Slagelse,Danish citizen,2025,45022
Slagelse,Danish citizen,2026,44831
Slagelse,Foreign citizen,2008,2556
Slagelse,Foreign citizen,2009,2615
Slagelse,Foreign citizen,2010,2665
Slagelse,Foreign citizen,2011,2748
Slagelse,Foreign citizen,2012,2826
Slagelse,Foreign citizen,2013,2935
Slagelse,Foreign citizen,2014,3078
Slagelse,Foreign citizen,2015,3385
Slagelse,Foreign citizen,2016,3659
Slagelse,Foreign citizen,2017,3871
Slagelse,Foreign citizen,2018,4007
Slagelse,Foreign citizen,2019,4149
Slagelse,Foreign citizen,2020,4280
Slagelse,Foreign citizen,2021,4223
Slagelse,Foreign citizen,2022,4365
Slagelse,Foreign citizen,2023,4679
Slagelse,Foreign citizen,2024,4935
Slagelse,Foreign citizen,2025,5232
Slagelse,Foreign citizen,2026,5564
Solrød,Danish citizen,2008,12966
Solrød,Danish citizen,2009,12835
Solrød,Danish citizen,2010,12790
Solrød,Danish citizen,2011,12692
Solrød,Danish citizen,2012,12645
Solrød,Danish citizen,2013,12526
Solrød,Danish citizen,2014,12507
Solrød,Danish citizen,2015,12550
Solrød,Danish citizen,2016,12508
Solrød,Danish citizen,2017,12624
Solrød,Danish citizen,2018,12774
Solrød,Danish citizen,2019,13011
Solrød,Danish citizen,2020,13106
Solrød,Danish citizen,2021,13189
Solrød,Danish citizen,2022,13291
Solrød,Danish citizen,2023,13380
Solrød,Danish citizen,2024,13534
Solrød,Danish citizen,2025,13553
Solrød,Danish citizen,2026,13696
Solrød,Foreign citizen,2008,567
Solrød,Foreign citizen,2009,607
Solrød,Foreign citizen,2010,617
Solrød,Foreign citizen,2011,645
Solrød,Foreign citizen,2012,670
Solrød,Foreign citizen,2013,686
Solrød,Foreign citizen,2014,746
Solrød,Foreign citizen,2015,825
Solrød,Foreign citizen,2016,908
Solrød,Foreign citizen,2017,963
Solrød,Foreign citizen,2018,980
Solrød,Foreign citizen,2019,1036
Solrød,Foreign citizen,2020,1020
Solrød,Foreign citizen,2021,1064
Solrød,Foreign citizen,2022,1114
Solrød,Foreign citizen,2023,1272
Solrød,Foreign citizen,2024,1426
Solrød,Foreign citizen,2025,1487
Solrød,Foreign citizen,2026,1564
Sorø,Danish citizen,2008,18214
Sorø,Danish citizen,2009,18308
Sorø,Danish citizen,2010,18297
Sorø,Danish citizen,2011,18164
Sorø,Danish citizen,2012,18009
Sorø,Danish citizen,2013,17881
Sorø,Danish citizen,2014,17724
Sorø,Danish citizen,2015,17571
Sorø,Danish citizen,2016,17512
Sorø,Danish citizen,2017,17414
Sorø,Danish citizen,2018,17346
Sorø,Danish citizen,2019,17411
Sorø,Danish citizen,2020,17424
Sorø,Danish citizen,2021,17374
Sorø,Danish citizen,2022,17313
Sorø,Danish citizen,2023,17354
Sorø,Danish citizen,2024,17231
Sorø,Danish citizen,2025,17209
Sorø,Danish citizen,2026,17172
Sorø,Foreign citizen,2008,593
Sorø,Foreign citizen,2009,586
Sorø,Foreign citizen,2010,609
Sorø,Foreign citizen,2011,627
Sorø,Foreign citizen,2012,622
Sorø,Foreign citizen,2013,628
Sorø,Foreign citizen,2014,680
Sorø,Foreign citizen,2015,791
Sorø,Foreign citizen,2016,980
Sorø,Foreign citizen,2017,1045
Sorø,Foreign citizen,2018,1070
Sorø,Foreign citizen,2019,1098
Sorø,Foreign citizen,2020,1090
Sorø,Foreign citizen,2021,1179
Sorø,Foreign citizen,2022,1175
Sorø,Foreign citizen,2023,1349
Sorø,Foreign citizen,2024,1386
Sorø,Foreign citizen,2025,1439
Sorø,Foreign citizen,2026,1531
Stevns,Danish citizen,2008,13665
Stevns,Danish citizen,2009,13523
Stevns,Danish citizen,2010,13411
Stevns,Danish citizen,2011,13244
Stevns,Danish citizen,2012,13024
Stevns,Danish citizen,2013,12808
Stevns,Danish citizen,2014,12675
Stevns,Danish citizen,2015,12634
Stevns,Danish citizen,2016,12624
Stevns,Danish citizen,2017,12649
Stevns,Danish citizen,2018,12631
Stevns,Danish citizen,2019,12532
Stevns,Danish citizen,2020,12547
Stevns,Danish citizen,2021,12676
Stevns,Danish citizen,2022,12785
Stevns,Danish citizen,2023,12718
Stevns,Danish citizen,2024,12541
Stevns,Danish citizen,2025,12478
Stevns,Danish citizen,2026,12492
Stevns,Foreign citizen,2008,459
Stevns,Foreign citizen,2009,495
Stevns,Foreign citizen,2010,504
Stevns,Foreign citizen,2011,512
Stevns,Foreign citizen,2012,553
Stevns,Foreign citizen,2013,589
Stevns,Foreign citizen,2014,656
Stevns,Foreign citizen,2015,758
Stevns,Foreign citizen,2016,903
Stevns,Foreign citizen,2017,972
Stevns,Foreign citizen,2018,1080
Stevns,Foreign citizen,2019,1139
Stevns,Foreign citizen,2020,1026
Stevns,Foreign citizen,2021,1051
Stevns,Foreign citizen,2022,1156
Stevns,Foreign citizen,2023,1283
Stevns,Foreign citizen,2024,1335
Stevns,Foreign citizen,2025,1316
Stevns,Foreign citizen,2026,1413
Struer,Danish citizen,2008,13926
Struer,Danish citizen,2009,13782
Struer,Danish citizen,2010,13576
Struer,Danish citizen,2011,13223
Struer,Danish citizen,2012,12945
Struer,Danish citizen,2013,12671
Struer,Danish citizen,2014,12399
Struer,Danish citizen,2015,12219
Struer,Danish citizen,2016,11994
Struer,Danish citizen,2017,11750
Struer,Danish citizen,2018,11597
Struer,Danish citizen,2019,11413
Struer,Danish citizen,2020,11277
Struer,Danish citizen,2021,11014
Struer,Danish citizen,2022,10902
Struer,Danish citizen,2023,10727
Struer,Danish citizen,2024,10498
Struer,Danish citizen,2025,10179
Struer,Danish citizen,2026,10100
Struer,Foreign citizen,2008,639
Struer,Foreign citizen,2009,702
Struer,Foreign citizen,2010,691
Struer,Foreign citizen,2011,703
Struer,Foreign citizen,2012,730
Struer,Foreign citizen,2013,759
Struer,Foreign citizen,2014,768
Struer,Foreign citizen,2015,851
Struer,Foreign citizen,2016,996
Struer,Foreign citizen,2017,1081
Struer,Foreign citizen,2018,1087
Struer,Foreign citizen,2019,1137
Struer,Foreign citizen,2020,1168
Struer,Foreign citizen,2021,1146
Struer,Foreign citizen,2022,1232
Struer,Foreign citizen,2023,1383
Struer,Foreign citizen,2024,1426
Struer,Foreign citizen,2025,1413
Struer,Foreign citizen,2026,1442
Svendborg,Danish citizen,2008,36890
Svendborg,Danish citizen,2009,36805
Svendborg,Danish citizen,2010,36445
Svendborg,Danish citizen,2011,35912
Svendborg,Danish citizen,2012,35379
Svendborg,Danish citizen,2013,34846
Svendborg,Danish citizen,2014,34354
Svendborg,Danish citizen,2015,34089
Svendborg,Danish citizen,2016,33948
Svendborg,Danish citizen,2017,33905
Svendborg,Danish citizen,2018,33709
Svendborg,Danish citizen,2019,33286
Svendborg,Danish citizen,2020,32921
Svendborg,Danish citizen,2021,32918
Svendborg,Danish citizen,2022,32932
Svendborg,Danish citizen,2023,32870
Svendborg,Danish citizen,2024,32655
Svendborg,Danish citizen,2025,32596
Svendborg,Danish citizen,2026,32234
Svendborg,Foreign citizen,2008,1653
Svendborg,Foreign citizen,2009,1719
Svendborg,Foreign citizen,2010,1762
Svendborg,Foreign citizen,2011,1774
Svendborg,Foreign citizen,2012,1798
Svendborg,Foreign citizen,2013,1858
Svendborg,Foreign citizen,2014,1920
Svendborg,Foreign citizen,2015,2075
Svendborg,Foreign citizen,2016,2201
Svendborg,Foreign citizen,2017,2323
Svendborg,Foreign citizen,2018,2441
Svendborg,Foreign citizen,2019,2456
Svendborg,Foreign citizen,2020,2238
Svendborg,Foreign citizen,2021,2262
Svendborg,Foreign citizen,2022,2277
Svendborg,Foreign citizen,2023,2451
Svendborg,Foreign citizen,2024,2539
Svendborg,Foreign citizen,2025,2572
Svendborg,Foreign citizen,2026,2663
Syddjurs,Danish citizen,2008,25137
Syddjurs,Danish citizen,2009,24909
Syddjurs,Danish citizen,2010,24767
Syddjurs,Danish citizen,2011,24765
Syddjurs,Danish citizen,2012,24500
Syddjurs,Danish citizen,2013,24143
Syddjurs,Danish citizen,2014,23944
Syddjurs,Danish citizen,2015,23663
Syddjurs,Danish citizen,2016,23506
Syddjurs,Danish citizen,2017,23303
Syddjurs,Danish citizen,2018,23312
Syddjurs,Danish citizen,2019,23243
Syddjurs,Danish citizen,2020,23176
Syddjurs,Danish citizen,2021,23216
Syddjurs,Danish citizen,2022,23243
Syddjurs,Danish citizen,2023,23343
Syddjurs,Danish citizen,2024,23072
Syddjurs,Danish citizen,2025,22989
Syddjurs,Danish citizen,2026,22981
Syddjurs,Foreign citizen,2008,1058
Syddjurs,Foreign citizen,2009,1140
Syddjurs,Foreign citizen,2010,1152
Syddjurs,Foreign citizen,2011,1198
Syddjurs,Foreign citizen,2012,1279
Syddjurs,Foreign citizen,2013,1489
Syddjurs,Foreign citizen,2014,1381
Syddjurs,Foreign citizen,2015,1524
Syddjurs,Foreign citizen,2016,1719
Syddjurs,Foreign citizen,2017,1802
Syddjurs,Foreign citizen,2018,1967
Syddjurs,Foreign citizen,2019,1983
Syddjurs,Foreign citizen,2020,2000
Syddjurs,Foreign citizen,2021,1889
Syddjurs,Foreign citizen,2022,1909
Syddjurs,Foreign citizen,2023,2110
Syddjurs,Foreign citizen,2024,2099
Syddjurs,Foreign citizen,2025,2155
Syddjurs,Foreign citizen,2026,2326
Sønderborg,Danish citizen,2008,44861
Sønderborg,Danish citizen,2009,44344
Sønderborg,Danish citizen,2010,43846
Sønderborg,Danish citizen,2011,43169
Sønderborg,Danish citizen,2012,42598
Sønderborg,Danish citizen,2013,42137
Sønderborg,Danish citizen,2014,41574
Sønderborg,Danish citizen,2015,41127
Sønderborg,Danish citizen,2016,40711
Sønderborg,Danish citizen,2017,40551
Sønderborg,Danish citizen,2018,40289
Sønderborg,Danish citizen,2019,39902
Sønderborg,Danish citizen,2020,39410
Sønderborg,Danish citizen,2021,38849
Sønderborg,Danish citizen,2022,38378
Sønderborg,Danish citizen,2023,37934
Sønderborg,Danish citizen,2024,37281
Sønderborg,Danish citizen,2025,36651
Sønderborg,Danish citizen,2026,36095
Sønderborg,Foreign citizen,2008,3539
Sønderborg,Foreign citizen,2009,3735
Sønderborg,Foreign citizen,2010,3772
Sønderborg,Foreign citizen,2011,4011
Sønderborg,Foreign citizen,2012,4269
Sønderborg,Foreign citizen,2013,4338
Sønderborg,Foreign citizen,2014,4408
Sønderborg,Foreign citizen,2015,4495
Sønderborg,Foreign citizen,2016,4757
Sønderborg,Foreign citizen,2017,4828
Sønderborg,Foreign citizen,2018,4940
Sønderborg,Foreign citizen,2019,5179
Sønderborg,Foreign citizen,2020,5326
Sønderborg,Foreign citizen,2021,5417
Sønderborg,Foreign citizen,2022,5696
Sønderborg,Foreign citizen,2023,6529
Sønderborg,Foreign citizen,2024,7078
Sønderborg,Foreign citizen,2025,7603
Sønderborg,Foreign citizen,2026,8226
Thisted,Danish citizen,2008,27934
Thisted,Danish citizen,2009,27705
Thisted,Danish citizen,2010,27348
Thisted,Danish citizen,2011,27029
Thisted,Danish citizen,2012,26663
Thisted,Danish citizen,2013,26161
Thisted,Danish citizen,2014,25809
Thisted,Danish citizen,2015,25416
Thisted,Danish citizen,2016,25011
Thisted,Danish citizen,2017,24677
Thisted,Danish citizen,2018,24342
Thisted,Danish citizen,2019,24001
Thisted,Danish citizen,2020,23686
Thisted,Danish citizen,2021,23331
Thisted,Danish citizen,2022,23109
Thisted,Danish citizen,2023,22915
Thisted,Danish citizen,2024,22592
Thisted,Danish citizen,2025,22216
Thisted,Danish citizen,2026,21879
Thisted,Foreign citizen,2008,1261
Thisted,Foreign citizen,2009,1517
Thisted,Foreign citizen,2010,1499
Thisted,Foreign citizen,2011,1574
Thisted,Foreign citizen,2012,1661
Thisted,Foreign citizen,2013,1685
Thisted,Foreign citizen,2014,1816
Thisted,Foreign citizen,2015,1934
Thisted,Foreign citizen,2016,2118
Thisted,Foreign citizen,2017,2150
Thisted,Foreign citizen,2018,2220
Thisted,Foreign citizen,2019,2293
Thisted,Foreign citizen,2020,2310
Thisted,Foreign citizen,2021,2359
Thisted,Foreign citizen,2022,2451
Thisted,Foreign citizen,2023,2704
Thisted,Foreign citizen,2024,2623
Thisted,Foreign citizen,2025,2667
Thisted,Foreign citizen,2026,2803
Tårnby,Danish citizen,2008,24188
Tårnby,Danish citizen,2009,24199
Tårnby,Danish citizen,2010,24255
Tårnby,Danish citizen,2011,24339
Tårnby,Danish citizen,2012,24288
Tårnby,Danish citizen,2013,24286
Tårnby,Danish citizen,2014,24341
Tårnby,Danish citizen,2015,24521
Tårnby,Danish citizen,2016,24438
Tårnby,Danish citizen,2017,24427
Tårnby,Danish citizen,2018,24306
Tårnby,Danish citizen,2019,24079
Tårnby,Danish citizen,2020,23921
Tårnby,Danish citizen,2021,23722
Tårnby,Danish citizen,2022,23596
Tårnby,Danish citizen,2023,23706
Tårnby,Danish citizen,2024,24075
Tårnby,Danish citizen,2025,24113
Tårnby,Danish citizen,2026,24097
Tårnby,Foreign citizen,2008,1642
Tårnby,Foreign citizen,2009,1667
Tårnby,Foreign citizen,2010,1718
Tårnby,Foreign citizen,2011,1812
Tårnby,Foreign citizen,2012,1974
Tårnby,Foreign citizen,2013,2060
Tårnby,Foreign citizen,2014,2269
Tårnby,Foreign citizen,2015,2459
Tårnby,Foreign citizen,2016,2683
Tårnby,Foreign citizen,2017,2675
Tårnby,Foreign citizen,2018,2817
Tårnby,Foreign citizen,2019,2844
Tårnby,Foreign citizen,2020,2891
Tårnby,Foreign citizen,2021,2735
Tårnby,Foreign citizen,2022,2878
Tårnby,Foreign citizen,2023,3059
Tårnby,Foreign citizen,2024,3350
Tårnby,Foreign citizen,2025,3450
Tårnby,Foreign citizen,2026,3612
Tønder,Danish citizen,2008,24166
Tønder,Danish citizen,2009,23988
Tønder,Danish citizen,2010,23628
Tønder,Danish citizen,2011,23280
Tønder,Danish citizen,2012,22810
Tønder,Danish citizen,2013,22339
Tønder,Danish citizen,2014,21887
Tønder,Danish citizen,2015,21473
Tønder,Danish citizen,2016,21133
Tønder,Danish citizen,2017,20882
Tønder,Danish citizen,2018,20580
Tønder,Danish citizen,2019,20156
Tønder,Danish citizen,2020,19638
Tønder,Danish citizen,2021,19248
Tønder,Danish citizen,2022,18678
Tønder,Danish citizen,2023,18114
Tønder,Danish citizen,2024,17680
Tønder,Danish citizen,2025,17259
Tønder,Danish citizen,2026,16901
Tønder,Foreign citizen,2008,1532
Tønder,Foreign citizen,2009,1620
Tønder,Foreign citizen,2010,1631
Tønder,Foreign citizen,2011,1691
Tønder,Foreign citizen,2012,1763
Tønder,Foreign citizen,2013,1843
Tønder,Foreign citizen,2014,1860
Tønder,Foreign citizen,2015,1968
Tønder,Foreign citizen,2016,2207
Tønder,Foreign citizen,2017,2338
Tønder,Foreign citizen,2018,2450
Tønder,Foreign citizen,2019,2577
Tønder,Foreign citizen,2020,2703
Tønder,Foreign citizen,2021,2763
Tønder,Foreign citizen,2022,2959
Tønder,Foreign citizen,2023,3312
Tønder,Foreign citizen,2024,3462
Tønder,Foreign citizen,2025,3646
Tønder,Foreign citizen,2026,3820
Vallensbæk,Danish citizen,2008,7537
Vallensbæk,Danish citizen,2009,7966
Vallensbæk,Danish citizen,2010,8113
Vallensbæk,Danish citizen,2011,8175
Vallensbæk,Danish citizen,2012,8056
Vallensbæk,Danish citizen,2013,8084
Vallensbæk,Danish citizen,2014,8141
Vallensbæk,Danish citizen,2015,8112
Vallensbæk,Danish citizen,2016,8052
Vallensbæk,Danish citizen,2017,8042
Vallensbæk,Danish citizen,2018,8155
Vallensbæk,Danish citizen,2019,8264
Vallensbæk,Danish citizen,2020,8141
Vallensbæk,Danish citizen,2021,7976
Vallensbæk,Danish citizen,2022,7893
Vallensbæk,Danish citizen,2023,8082
Vallensbæk,Danish citizen,2024,8265
Vallensbæk,Danish citizen,2025,8378
Vallensbæk,Danish citizen,2026,8440
Vallensbæk,Foreign citizen,2008,620
Vallensbæk,Foreign citizen,2009,769
Vallensbæk,Foreign citizen,2010,896
Vallensbæk,Foreign citizen,2011,980
Vallensbæk,Foreign citizen,2012,1018
Vallensbæk,Foreign citizen,2013,1043
Vallensbæk,Foreign citizen,2014,1109
Vallensbæk,Foreign citizen,2015,1161
Vallensbæk,Foreign citizen,2016,1363
Vallensbæk,Foreign citizen,2017,1529
Vallensbæk,Foreign citizen,2018,1761
Vallensbæk,Foreign citizen,2019,1866
Vallensbæk,Foreign citizen,2020,1988
Vallensbæk,Foreign citizen,2021,1954
Vallensbæk,Foreign citizen,2022,2016
Vallensbæk,Foreign citizen,2023,2273
Vallensbæk,Foreign citizen,2024,2764
Vallensbæk,Foreign citizen,2025,3137
Vallensbæk,Foreign citizen,2026,3375
Varde,Danish citizen,2008,30229
Varde,Danish citizen,2009,30288
Varde,Danish citizen,2010,30148
Varde,Danish citizen,2011,29889
Varde,Danish citizen,2012,29463
Varde,Danish citizen,2013,29173
Varde,Danish citizen,2014,28939
Varde,Danish citizen,2015,28681
Varde,Danish citizen,2016,28474
Varde,Danish citizen,2017,28192
Varde,Danish citizen,2018,27799
Varde,Danish citizen,2019,27446
Varde,Danish citizen,2020,26975
Varde,Danish citizen,2021,26452
Varde,Danish citizen,2022,26255
Varde,Danish citizen,2023,25937
Varde,Danish citizen,2024,25657
Varde,Danish citizen,2025,25354
Varde,Danish citizen,2026,25181
Varde,Foreign citizen,2008,1490
Varde,Foreign citizen,2009,1688
Varde,Foreign citizen,2010,1746
Varde,Foreign citizen,2011,1885
Varde,Foreign citizen,2012,2001
Varde,Foreign citizen,2013,2080
Varde,Foreign citizen,2014,2261
Varde,Foreign citizen,2015,2526
Varde,Foreign citizen,2016,2829
Varde,Foreign citizen,2017,3047
Varde,Foreign citizen,2018,3131
Varde,Foreign citizen,2019,3200
Varde,Foreign citizen,2020,3216
Varde,Foreign citizen,2021,3307
Varde,Foreign citizen,2022,3488
Varde,Foreign citizen,2023,3895
Varde,Foreign citizen,2024,4000
Varde,Foreign citizen,2025,3952
Varde,Foreign citizen,2026,4167
Vejen,Danish citizen,2008,25579
Vejen,Danish citizen,2009,25589
Vejen,Danish citizen,2010,25485
Vejen,Danish citizen,2011,25214
Vejen,Danish citizen,2012,25005
Vejen,Danish citizen,2013,24724
Vejen,Danish citizen,2014,24546
Vejen,Danish citizen,2015,24196
Vejen,Danish citizen,2016,24081
Vejen,Danish citizen,2017,23846
Vejen,Danish citizen,2018,23657
Vejen,Danish citizen,2019,23571
Vejen,Danish citizen,2020,23296
Vejen,Danish citizen,2021,23088
Vejen,Danish citizen,2022,22788
Vejen,Danish citizen,2023,22609
Vejen,Danish citizen,2024,22524
Vejen,Danish citizen,2025,22295
Vejen,Danish citizen,2026,22131
Vejen,Foreign citizen,2008,1156
Vejen,Foreign citizen,2009,1367
Vejen,Foreign citizen,2010,1421
Vejen,Foreign citizen,2011,1467
Vejen,Foreign citizen,2012,1624
Vejen,Foreign citizen,2013,1751
Vejen,Foreign citizen,2014,1943
Vejen,Foreign citizen,2015,2214
Vejen,Foreign citizen,2016,2506
Vejen,Foreign citizen,2017,2721
Vejen,Foreign citizen,2018,2839
Vejen,Foreign citizen,2019,2936
Vejen,Foreign citizen,2020,3038
Vejen,Foreign citizen,2021,3155
Vejen,Foreign citizen,2022,3214
Vejen,Foreign citizen,2023,3585
Vejen,Foreign citizen,2024,3681
Vejen,Foreign citizen,2025,3788
Vejen,Foreign citizen,2026,3972
Vejle,Danish citizen,2008,64620
Vejle,Danish citizen,2009,64583
Vejle,Danish citizen,2010,64387
Vejle,Danish citizen,2011,64376
Vejle,Danish citizen,2012,64356
Vejle,Danish citizen,2013,64056
Vejle,Danish citizen,2014,63921
Vejle,Danish citizen,2015,63972
Vejle,Danish citizen,2016,64182
Vejle,Danish citizen,2017,64390
Vejle,Danish citizen,2018,64628
Vejle,Danish citizen,2019,64582
Vejle,Danish citizen,2020,64673
Vejle,Danish citizen,2021,65262
Vejle,Danish citizen,2022,65877
Vejle,Danish citizen,2023,66192
Vejle,Danish citizen,2024,66080
Vejle,Danish citizen,2025,65953
Vejle,Danish citizen,2026,65758
Vejle,Foreign citizen,2008,3448
Vejle,Foreign citizen,2009,3911
Vejle,Foreign citizen,2010,4184
Vejle,Foreign citizen,2011,4448
Vejle,Foreign citizen,2012,4718
Vejle,Foreign citizen,2013,5102
Vejle,Foreign citizen,2014,5485
Vejle,Foreign citizen,2015,5974
Vejle,Foreign citizen,2016,6662
Vejle,Foreign citizen,2017,7327
Vejle,Foreign citizen,2018,7617
Vejle,Foreign citizen,2019,7991
Vejle,Foreign citizen,2020,8440
Vejle,Foreign citizen,2021,8571
Vejle,Foreign citizen,2022,9150
Vejle,Foreign citizen,2023,10152
Vejle,Foreign citizen,2024,10708
Vejle,Foreign citizen,2025,11207
Vejle,Foreign citizen,2026,11720
Vesthimmerlands,Danish citizen,2008,23162
Vesthimmerlands,Danish citizen,2009,23120
Vesthimmerlands,Danish citizen,2010,22852
Vesthimmerlands,Danish citizen,2011,22570
Vesthimmerlands,Danish citizen,2012,22210
Vesthimmerlands,Danish citizen,2013,22032
Vesthimmerlands,Danish citizen,2014,21656
Vesthimmerlands,Danish citizen,2015,21271
Vesthimmerlands,Danish citizen,2016,20990
Vesthimmerlands,Danish citizen,2017,20749
Vesthimmerlands,Danish citizen,2018,20475
Vesthimmerlands,Danish citizen,2019,20217
Vesthimmerlands,Danish citizen,2020,19873
Vesthimmerlands,Danish citizen,2021,19557
Vesthimmerlands,Danish citizen,2022,19346
Vesthimmerlands,Danish citizen,2023,19114
Vesthimmerlands,Danish citizen,2024,18830
Vesthimmerlands,Danish citizen,2025,18553
Vesthimmerlands,Danish citizen,2026,18316
Vesthimmerlands,Foreign citizen,2008,1120
Vesthimmerlands,Foreign citizen,2009,1334
Vesthimmerlands,Foreign citizen,2010,1191
Vesthimmerlands,Foreign citizen,2011,1229
Vesthimmerlands,Foreign citizen,2012,1273
Vesthimmerlands,Foreign citizen,2013,1429
Vesthimmerlands,Foreign citizen,2014,1619
Vesthimmerlands,Foreign citizen,2015,1795
Vesthimmerlands,Foreign citizen,2016,1953
Vesthimmerlands,Foreign citizen,2017,2014
Vesthimmerlands,Foreign citizen,2018,2213
Vesthimmerlands,Foreign citizen,2019,2287
Vesthimmerlands,Foreign citizen,2020,2246
Vesthimmerlands,Foreign citizen,2021,2170
Vesthimmerlands,Foreign citizen,2022,2257
Vesthimmerlands,Foreign citizen,2023,2507
Vesthimmerlands,Foreign citizen,2024,2505
Vesthimmerlands,Foreign citizen,2025,2569
Vesthimmerlands,Foreign citizen,2026,2599
Viborg,Danish citizen,2008,57602
Viborg,Danish citizen,2009,57598
Viborg,Danish citizen,2010,57446
Viborg,Danish citizen,2011,57137
Viborg,Danish citizen,2012,56890
Viborg,Danish citizen,2013,56569
Viborg,Danish citizen,2014,56100
Viborg,Danish citizen,2015,55955
Viborg,Danish citizen,2016,55763
Viborg,Danish citizen,2017,55625
Viborg,Danish citizen,2018,55398
Viborg,Danish citizen,2019,55063
Viborg,Danish citizen,2020,54664
Viborg,Danish citizen,2021,54295
Viborg,Danish citizen,2022,54295
Viborg,Danish citizen,2023,54172
Viborg,Danish citizen,2024,54002
Viborg,Danish citizen,2025,53935
Viborg,Danish citizen,2026,53882
Viborg,Foreign citizen,2008,2320
Viborg,Foreign citizen,2009,2597
Viborg,Foreign citizen,2010,2751
Viborg,Foreign citizen,2011,2916
Viborg,Foreign citizen,2012,3037
Viborg,Foreign citizen,2013,3325
Viborg,Foreign citizen,2014,3600
Viborg,Foreign citizen,2015,3945
Viborg,Foreign citizen,2016,4442
Viborg,Foreign citizen,2017,4810
Viborg,Foreign citizen,2018,5149
Viborg,Foreign citizen,2019,5363
Viborg,Foreign citizen,2020,5377
Viborg,Foreign citizen,2021,5277
Viborg,Foreign citizen,2022,5431
Viborg,Foreign citizen,2023,6048
Viborg,Foreign citizen,2024,6037
Viborg,Foreign citizen,2025,6163
Viborg,Foreign citizen,2026,6389
Vordingborg,Danish citizen,2008,28440
Vordingborg,Danish citizen,2009,28185
Vordingborg,Danish citizen,2010,27799
Vordingborg,Danish citizen,2011,27451
Vordingborg,Danish citizen,2012,26942
Vordingborg,Danish citizen,2013,26456
Vordingborg,Danish citizen,2014,26121
Vordingborg,Danish citizen,2015,25994
Vordingborg,Danish citizen,2016,25827
Vordingborg,Danish citizen,2017,25677
Vordingborg,Danish citizen,2018,25514
Vordingborg,Danish citizen,2019,25255
Vordingborg,Danish citizen,2020,24889
Vordingborg,Danish citizen,2021,24587
Vordingborg,Danish citizen,2022,24276
Vordingborg,Danish citizen,2023,23900
Vordingborg,Danish citizen,2024,23681
Vordingborg,Danish citizen,2025,23243
Vordingborg,Danish citizen,2026,23016
Vordingborg,Foreign citizen,2008,1086
Vordingborg,Foreign citizen,2009,1094
Vordingborg,Foreign citizen,2010,1109
Vordingborg,Foreign citizen,2011,1153
Vordingborg,Foreign citizen,2012,1183
Vordingborg,Foreign citizen,2013,1184
Vordingborg,Foreign citizen,2014,1243
Vordingborg,Foreign citizen,2015,1432
Vordingborg,Foreign citizen,2016,1687
Vordingborg,Foreign citizen,2017,1862
Vordingborg,Foreign citizen,2018,1909
Vordingborg,Foreign citizen,2019,1858
Vordingborg,Foreign citizen,2020,1929
Vordingborg,Foreign citizen,2021,1918
Vordingborg,Foreign citizen,2022,2196
Vordingborg,Foreign citizen,2023,2566
Vordingborg,Foreign citizen,2024,3084
Vordingborg,Foreign citizen,2025,2775
Vordingborg,Foreign citizen,2026,2577
Ærø,Danish citizen,2008,3848
Ærø,Danish citizen,2009,3771
Ærø,Danish citizen,2010,3748
Ærø,Danish citizen,2011,3667
Ærø,Danish citizen,2012,3608
Ærø,Danish citizen,2013,3472
Ærø,Danish citizen,2014,3340
Ærø,Danish citizen,2015,3266
Ærø,Danish citizen,2016,3221
Ærø,Danish citizen,2017,3113
Ærø,Danish citizen,2018,3064
Ærø,Danish citizen,2019,2938
Ærø,Danish citizen,2020,2870
Ærø,Danish citizen,2021,2840
Ærø,Danish citizen,2022,2826
Ærø,Danish citizen,2023,2719
Ærø,Danish citizen,2024,2622
Ærø,Danish citizen,2025,2590
Ærø,Danish citizen,2026,2465
Ærø,Foreign citizen,2008,155
Ærø,Foreign citizen,2009,193
Ærø,Foreign citizen,2010,200
Ærø,Foreign citizen,2011,227
Ærø,Foreign citizen,2012,213
Ærø,Foreign citizen,2013,198
Ærø,Foreign citizen,2014,204
Ærø,Foreign citizen,2015,205
Ærø,Foreign citizen,2016,225
Ærø,Foreign citizen,2017,236
Ærø,Foreign citizen,2018,239
Ærø,Foreign citizen,2019,251
Ærø,Foreign citizen,2020,252
Ærø,Foreign citizen,2021,272
Ærø,Foreign citizen,2022,332
Ærø,Foreign citizen,2023,391
Ærø,Foreign citizen,2024,420
Ærø,Foreign citizen,2025,426
Ærø,Foreign citizen,2026,446
